fecha,descripcion,area,agente_afectado,cat,de_hrs,a_hrs,mw_desc,causa
2005-08-27,Desconexión Manual de Carga,Cochabamba,ELFEC,D,07:51,10:07,5.0,Restricciones en el suministro de gas natural a C. VHE y C. KEN
2005-08-27,Desconexión Manual de Carga,La Paz,ELECTROPAZ,D,07:52,10:10,7.8,Restricciones en el suministro de gas natural a C. VHE y C. KEN
2005-08-27,Desconexión Manual de Carga,Oruro,C.M. Vinto,CNR,08:00,10:08,0.4,Restricciones en el suministro de gas natural a C. VHE y C. KEN
2005-08-27,Desconexión Manual de Carga,Potosí,SEPSA,D,08:05,10:06,1.2,Restricciones en el suministro de gas natural a C. VHE y C. KEN
2005-08-27,Desconexión Manual de Carga,Cochabamba,COBOCE,CNR,08:05,10:27,1.2,Restricciones en el suministro de gas natural a C. VHE y C. KEN
2005-08-27,Desconexión Manual de Carga,Oruro,ELFEO,D,08:10,10:33,1.3,Restricciones en el suministro de gas natural a C. VHE y C. KEN
2005-08-27,Desconexión Manual de Carga,La Paz,ELECTROPAZ,D,14:29,18:06,19.7,Restricciones en el suministro de gas natural a C. VHE y C. KEN
2005-08-27,Desconexión Manual de Carga,Cochabamba,ELFEC,D,14:30,18:06,11.3,Restricciones en el suministro de gas natural a C. VHE y C. KEN
2005-08-27,Desconexión Manual de Carga,Potosí,SEPSA,D,14:31,18:05,3.3,Restricciones en el suministro de gas natural a C. VHE y C. KEN
2005-08-27,Desconexión Manual de Carga,Oruro,ELFEO,D,14:31,18:08,4.3,Restricciones en el suministro de gas natural a C. VHE y C. KEN
2005-08-27,Desconexión Manual de Carga,Oruro,C.M. Vinto,CNR,14:35,18:04,0.6,Restricciones en el suministro de gas natural a C. VHE y C. KEN
2005-08-27,Desconexión Manual de Carga,Oruro,EMIRSA,CNR,14:43,18:34,0.3,Restricciones en el suministro de gas natural a C. VHE y C. KEN
2005-08-27,Desconexión Manual de Carga,Cochabamba,COBOCE,CNR,14:48,18:01,0.6,Restricciones en el suministro de gas natural a C. VHE y C. KEN
2005-08-29,Desconexión manual de carga,Cochabamba,ELFEC,D,09:28,12:02,5.6,Restricciones en el suministro de gas natural a C. VHE
2005-08-29,Desconexión manual de carga,La Paz,ELECTROPAZ,D,09:28,12:05,9.0,Restricciones en el suministro de gas natural a C. VHE
2005-08-29,Desconexión manual de carga,Oruro,C.M. Vinto,CNR,09:30,12:15,0.3,Restricciones en el suministro de gas natural a C. VHE
2005-08-29,Desconexión manual de carga,Oruro,ELFEO,D,09:31,12:03,2.4,Restricciones en el suministro de gas natural a C. VHE
2005-08-29,Desconexión manual de carga,Potosi,SEPSA,D,09:32,12:02,1.3,Restricciones en el suministro de gas natural a C. VHE
2005-08-29,Desconexión manual de carga,Cochabamba,COBOCE,CNR,09:40,12:13,0.6,Restricciones en el suministro de gas natural a C. VHE
2005-08-29,Desconexión manual de carga,Oruro,EMIRSA,CNR,10:00,13:02,0.3,Restricciones en el suministro de gas natural a C. VHE
2005-09-10,Desconexión de Carga,Cochabamba,COBOCE,CNR,11:35,11:37,5.1,Falla en línea CAT-SAC115
2005-09-10,Desconexión de Carga,Potosí,SEPSA,D,11:35,11:42,3.92,"Falla en líneas CAT-SAC115, POT-PUN069."
2005-09-10,Desconexión de Carga,Oruro,C. M. VINTO,CNR,11:35,11:45,2.6,"Falla en líneas CAT-SAC115, SEN-MAZ115."
2005-09-10,Desconexión de Carga,Oruro,ELFEO,D,11:35,12:12,6.1,"Falla en líneas CAT-SAC115, SEN-MAZ115"
2005-09-10,Desconexión de Carga,Sucre,CESSA,D,11:35,12:27,14.4,"Falla en líneas CAT-SAC115, POT-PUN069."
2005-09-10,Colapso total,La Paz,ELECTROPAZ,D,11:35,12:32,145.6,"Falla en líneas CAT-SAC115, SEN-MAZ115"
2005-09-10,Desconexión de Carga,Oruro,EMIRSA,CNR,11:35,13:01,2.0,"Falla en líneas CAT-SAC115, SEN-MAZ115."
2005-09-10,Desconexión de Carga,Cochabamba,COBOCE,CNR,12:21,12:23,5.1,Falla en línea VHE-VIN115.
2005-09-10,Desconexión de Carga,Oruro,ELFEO,D,12:21,12:28,1.1,Falla en línea VHE-VIN115.
2005-09-10,Desconexión de Carga,Cochabamba,COBOCE,CNR,12:34,12:34,5.1,"Falla en líneas CAT-SAC115, MAZ-VIC230, POT-PUN069 CAT-OCU115 y TES-VIN069."
2005-09-10,Desconexión de Carga,Sucre,CESSA,D,12:34,12:50,2.3,"Falla en líneas CAT-SAC115, MAZ-VIC230, POT-PUN069 CAT-OCU115 y TES-VIN069."
2005-09-10,Colapso total,Oruro,ELFEO,D,12:34,12:55,24.0,"Falla en líneas CAT-SAC115, MAZ-VIC230, POT-PUN069 CAT-OCU115 y TES-VIN069."
2005-09-10,Desconexión de Carga,Potosí,SEPSA,D,12:34,12:59,2.8,"Falla en líneas CAT-SAC115, MAZ-VIC230, POT-PUN069 CAT-OCU115 y TES-VIN069."
2005-09-10,Desconexión de Carga,Oruro,C. M. VINTO,CNR,12:34,13:20,2.6,"Falla en líneas CAT-SAC115, MAZ-VIC230, POT-PUN069 CAT-OCU115 y TES-VIN069."
2005-09-10,Desconexión de Carga,La Paz,ELECTROPAZ,D,12:34,14:45,57.2,"Falla en líneas CAT-SAC115, MAZ-VIC230, POT-PUN069 CAT-OCU115 y TES-VIN069."
2005-09-10,Desconexión Manual de Carga,Potosí,SEPSA,D,14:08,14:50,2.0,Limitación en la transferencia en la línea VHE - CAT
2005-09-10,Desconexión Manual de Carga,Cochabamba,COBOCE,CNR,14:15,16:50,0.6,Limitación en la transferencia en la línea VHE - CAT
2005-09-10,Desconexión Manual de Carga,Sucre,CESSA,D,14:23,14:26,1.0,Limitación en la transferencia en la línea VHE - CAT
2005-09-10,Desconexión Manual de Carga,Potosí,SEPSA,D,14:50,16:48,1.0,Limitación en la transferencia en la línea VHE - CAT
2005-09-10,Desconexión Manual de Carga,La Paz,ELECTROPAZ,D,14:57,16:51,0.8,Limitación en la transferencia en la línea VHE - CAT
2005-09-10,Desconexión Manual de Carga,La Paz,ELECTROPAZ,D,14:57,16:51,0.6,Limitación en la transferencia en la línea VHE - CAT
2005-09-10,Desconexión Manual de Carga,La Paz,ELECTROPAZ,D,14:57,16:51,0.6,Limitación en la transferencia en la línea VHE - CAT
2005-09-10,Desconexión Manual de Carga,Oruro,ELFEO,D,15:00,16:51,1.0,Limitación en la transferencia en la línea VHE - CAT
2005-09-13,Desconexión Manual de Carga,Sucre,CESSA,D,05:59,06:29,2.0,Déficit de generación en área Sud aislado.
2005-09-13,Desconexión Manual de Carga,Sucre,CESSA,D,06:29,06:52,2.0,Déficit de generación en área Sud aislado.
2005-09-30,Desconexión de carga,Potosí,SEPSA,D,14:10,14:15,0.47,Falla en las unidades BUL01 y BUL02
2005-09-30,Desconexión de carga,La Paz,ELECTROPAZ,D,14:10,14:17,4.22,Falla en las unidades BUL01 y BUL02
2005-09-30,Desconexión de carga,Cochabamba,ELFEC,D,14:10,14:20,1.6,Falla en las unidades BUL01 y BUL02
2005-09-30,Desconexión de carga,Oruro,C. M. Vinto,CNR,14:10,14:20,2.1,Falla en las unidades BUL01 y BUL02
2005-09-30,Desconexión de carga,Sucre,CESSA,D,14:10,14:21,1.7,Falla en las unidades BUL01 y BUL02
2005-09-30,Desconexión de carga,Oruro,ELFEO,D,14:10,14:24,3.6,Falla en las unidades BUL01 y BUL02
2005-09-30,Desconexión de carga,Oruro,EMIRSA,CNR,14:10,14:40,0.4,Falla en las unidades BUL01 y BUL02
2005-09-30,Desconexión de carga,Oriental,CRE,D,14:10,16:48,5.7,Falla en las unidades BUL01 y BUL02
2005-10-02,Colapso total,Oriental,CRE,D,13:58,15:39,131.5,"Falla en la línea CAR-GCH230 y unidades GCH09,GCH10"
2005-10-02,Desconexión de carga,Sucre,CESSA,D,20:15,20:17,3.9,Falla en la unidad GCH10
2005-10-02,Desconexión de carga,Potosí,SEPSA,D,20:15,20:18,2.44,Falla en la unidad GCH10
2005-10-02,Desconexión de carga,Oriental,CRE,D,20:15,20:20,10.2,Falla en la unidad GCH10
2005-10-02,Desconexión de carga,La Paz,ELECTROPAZ,D,20:15,20:21,4.25,Falla en la unidad GCH10
2005-10-02,Desconexión de carga,Cochabamba,ELFEC,D,20:15,20:21,4.2,Falla en la unidad GCH10
2005-10-02,Desconexión de carga,Oruro,ELFEO,D,20:15,20:22,3.8,Falla en la unidad GCH10
2005-10-02,Desconexión de carga,Oruro,C. M. Vinto,CNR,20:15,20:30,2.0,Falla en la unidad GCH10
2005-10-02,Desconexión de carga,Oruro,EMIRSA,CNR,20:15,20:45,0.6,Falla en la unidad GCH10
2005-10-03,Desconexión de carga,Potosí,SEPSA,D,06:58,07:04,1.95,Falla en la unidad GCH10
2005-10-03,Desconexión de carga,Cochambamba,ELFEC,D,06:58,07:06,2.3,Falla en la unidad GCH10
2005-10-03,Desconexión de carga,La Paz,ELECTROPAZ,D,06:58,07:06,3.4,Falla en la unidad GCH10
2005-10-03,Desconexión de carga,Oruro,ELFEO,D,06:58,07:18,1.8,Falla en la unidad GCH10
2005-10-03,Regulación de voltaje,La Paz,ELECTROPAZ,D,14:04,19:42,0.0,"Indisponibilidad de unidades GCH10, CAR02 y GCH02 y Restricciones en el suministro de gas en VHE y KEN"
2005-10-03,Regulación de voltaje,Cochabamba,ELFEC,D,14:05,19:27,0.0,"Indisponibilidad de unidades GCH10, CAR02 y GCH02 y Restricciones en el suministro de gas en VHE y KEN"
2005-10-03,Regulación de voltaje,Oruro,ELFEO,D,14:05,19:27,0.0,"Indisponibilidad de unidades GCH10, CAR02 y GCH02 y Restricciones en el suministro de gas en VHE y KEN"
2005-10-03,Regulación de voltaje,Santa Cruz,CRE,D,14:09,19:28,0.0,"Indisponibilidad de unidades GCH10, CAR02 y GCH02 y Restricciones en el suministro de gas en VHE y KEN"
2005-10-03,Desconexión manual de carga,Cochabamba,ELFEC,D,14:48,16:14,2.0,"Indisponibilidad de unidades GCH10, CAR02 y GCH02 y Restricciones en el suministro de gas en VHE y KEN"
2005-10-03,Desconexión manual de carga,Santa Cruz,CRE,D,14:49,16:09,4.4,"Indisponibilidad de unidades GCH10, CAR02 y GCH02 y Restricciones en el suministro de gas en VHE y KEN"
2005-10-03,Desconexión manual de carga,Sucre,CESSA,D,14:49,16:15,1.0,"Indisponibilidad de unidades GCH10, CAR02 y GCH02 y Restricciones en el suministro de gas en VHE y KEN"
2005-10-03,Desconexión manual de carga,La Paz,ELECTROPAZ,D,14:59,16:05,3.0,"Indisponibilidad de unidades GCH10, CAR02 y GCH02 y Restricciones en el suministro de gas en VHE y KEN"
2005-10-03,Desconexión manual de carga,Potosí,SEPSA,D,14:59,16:15,1.0,"Indisponibilidad de unidades GCH10, CAR02 y GCH02 y Restricciones en el suministro de gas en VHE y KEN"
2005-10-03,Desconexión manual de carga,Oruro,ELFEO,D,15:45,16:20,1.0,"Indisponibilidad de unidades GCH10, CAR02 y GCH02 y Restricciones en el suministro de gas en VHE y KEN"
2005-10-03,Desconexión de carga,Sucre,CESSA,D,17:13,17:21,2.8,Falla en la línea CAR a SJO
2005-10-03,Desconexión de carga,La Paz,ELECTROPAZ,D,17:13,17:25,10.0,Falla en la línea CAR a SJO
2005-10-03,Desconexión de carga,Potosí,SEPSA,D,17:13,17:26,1.8,Falla en la línea CAR a SJO
2005-10-03,Desconexión de carga,Oruro,EMIRSA,D,17:13,17:29,0.3,Falla en la línea CAR a SJO
2005-10-03,Desconexión de carga,Cochabamba,ELFEC,D,17:13,17:30,10.9,Falla en la línea CAR a SJO
2005-10-03,Desconexión de carga,Oruro,ELFEO,D,17:13,17:30,3.4,Falla en la línea CAR a SJO
2005-10-03,Desconexión de carga,Oruro,CM Vinto,D,17:13,17:31,2.0,Falla en la línea CAR a SJO
2005-10-03,Desconexión de carga,Cochabamba,COBOCE,D,17:13,17:31,1.1,Falla en la línea CAR a SJO
2005-10-07,Desconexión de carga,Cochabamba,ELFEC,D,00:00,16:59,14.6,"Falla en las líneas ARO-SIS115, SJO-VHE230, disparo SIS05 y activación del DAG/DAC en S/E SJO."
2005-10-07,Desconexión de carga,Potosí,SEPSA,D,16:34,16:40,3.2,"Falla en las líneas ARO-SIS115, SJO-VHE230, disparo SIS05 y activación del DAG/DAC en S/E SJO."
2005-10-07,Desconexión de carga,La Paz,ELECTROPAZ,D,16:34,16:46,23.0,"Falla en las líneas ARO-SIS115, SJO-VHE230, disparo SIS05 y activación del DAG/DAC en S/E SJO."
2005-10-07,Desconexión de carga,Oruro,ELFEO,D,16:34,16:46,4.6,"Falla en las líneas ARO-SIS115, SJO-VHE230, disparo SIS05 y activación del DAG/DAC en S/E SJO."
2005-10-07,Desconexión de carga,Oruro,EMIRSA,CNR,16:34,16:55,0.7,"Falla en las líneas ARO-SIS115, SJO-VHE230, disparo SIS05 y activación del DAG/DAC en S/E SJO."
2005-10-07,Desconexión de carga,Sucre,CESSA,D,16:34,16:55,6.5,"Falla en las líneas ARO-SIS115, SJO-VHE230, disparo SIS05 y activación del DAG/DAC en S/E SJO."
2005-10-07,Desconexión de carga,Oruro,C. M. VINTO (*),CNR,16:34,17:24,4.5,"Falla en las líneas ARO-SIS115, SJO-VHE230, disparo SIS05 y activación del DAG/DAC en S/E SJO."
2005-10-07,Desconexión de carga,Cochabamba,COBOCE (*),CNR,16:34,21:02,2.0,"Falla en las líneas ARO-SIS115, SJO-VHE230, disparo SIS05 y activación del DAG/DAC en S/E SJO."
2005-10-09,Desconexión de carga,Santa Cruz,CRE,D,13:10,13:37,23.0,Desconexión línea BUL-CAR230
2005-10-09,Desconexión de carga,Cochabamba,ELFEC,D,13:10,13:40,2.1,Desconexión línea BUL-CAR230
2005-10-19,Deconexión de carga,Cochabamba,COBOCE,CNR,03:52,04:06,0.83,Desconexión de CAR02 y CAR01
2005-10-19,Deconexión de carga,La Paz,ELECTROPAZ,D,03:52,04:11,19.4,Desconexión de CAR02 y CAR01
2005-10-19,Deconexión de carga,Oruro,CM. VINTO,CNR,03:52,04:12,2.0,Desconexión de CAR02 y CAR01
2005-10-19,Deconexión de carga,Potosí,SEPSA,D,03:52,04:12,1.8,Desconexión de CAR02 y CAR01
2005-10-19,Deconexión de carga,Cochabamba,ELFEC,D,03:52,04:15,10.25,Desconexión de CAR02 y CAR01
2005-10-19,Deconexión de carga,Oruro,EMIRSA,CNR,03:52,04:20,0.6,Desconexión de CAR02 y CAR01
2005-10-19,Deconexión de carga,Santa Cruz,CRE,D,03:52,04:21,25.13,Desconexión de CAR02 y CAR01
2005-10-19,Deconexión de carga,Sucre,CESSA,D,03:52,04:30,5.3,Desconexión de CAR02 y CAR01
2005-10-25,Desconexión de carga,Santa Cruz,CRE,D,04:55,05:05,7.5,Falla en la línea CAR a SJO
2005-10-25,Desconexión de carga,Cochabamba,ELFEC,D,04:55,05:16,2.2,Falla en la línea CAR a SJO
2005-10-27,Desconexión de carga,Santa Cruz,CRE,D,02:56,03:06,7.6,Falla en la línea AAC-HUR069
2005-10-27,Desconexión de carga,Cochabamba,ELFEC,D,02:56,03:07,3.4,Falla en la línea AAC-HUR069
2005-10-27,Desconexión de carga,Cochabamba,COBOCE,CNR,02:56,03:08,1.0,Falla en la línea AAC-HUR069
2005-10-27,Desconexión de carga,La Paz,ELECTROPAZ,D,02:56,04:16,3.4,Falla en la línea AAC-HUR069
2005-10-28,Desconexión de carga,Cochabamba,COBOCE,CNR,02:44,02:50,3.3,Falla en la línea SIS-SJO115
2005-10-28,Desconexión de carga,Sucre,CESSA,D,02:44,03:15,4.8,Falla en la línea SIS-SJO115
2005-10-28,Desconexión de carga,Oruro,EMIRSA,CNR,02:44,03:15,0.2,Falla en la línea SIS-SJO115
2005-11-04,Desconexión de carga,La Paz,ELECTROPAZ,D,15:09,15:23,23.1,Falla en la línea COT-KEN115
2005-11-04,Desconexión de carga,La Paz,ELECTROPAZ,D,15:23,16:18,23.1,Falla en la línea COT-KEN115
2005-11-06,Desconexión de carga,Norte,ELECTROPAZ,D,14:12,14:18,2.6,Desconexión de BUL01
2005-11-06,Desconexión de carga,SUR,CESSA,D,14:12,14:18,1.3,Desconexión de BUL01
2005-11-06,Desconexión de carga,Oriental,CRE,D,14:12,14:20,5.0,Desconexión de BUL01
2005-11-06,Desconexión de carga,SUR,SEPSA,D,14:12,14:20,0.47,Desconexión de BUL01
2005-11-06,Desconexión de carga,Central,ELFEC,D,14:12,14:28,1.7,Desconexión de BUL01
2005-11-06,Desconexión de carga,Central,C.M. Vinto,D,14:12,14:42,4.9,Desconexión de BUL01
2005-11-06,Desconexión de carga,Central,EMIRSA,D,14:12,15:13,0.15,Desconexión de BUL01
2005-11-06,Desconexión de carga,Central,ELFEO,D,14:12,15:16,2.6,Desconexión de BUL01
2005-11-22,Desconexión de carga,La Paz,ELECTROPAZ,D,14:59,15:13,13.4,Falla en la línea en 69 kV de Alto Achachicala a Tembladerani
2005-11-29,Desconexión de carga,La Paz,ELECTROPAZ,D,11:16,11:59,20.4,Falla en la línea en 69 kV de Achachicala - Avenida Arce
2005-11-29,Desconexión de carga,Oruro,ELFEO,D,13:40,13:53,19.1,"Falla en las líneas en 69 kV de CSI-SUD-VIN,HUY-TAB"
2005-12-04,Desconexión de carga,Potosi,SEPSA,D,14:11,14:20,1.9,Desconexión de la línea CHS-TCH115 y las unidades generadoras CHJ y YAN
2005-12-04,Desconexión de carga,Sucre,CESSA,D,14:11,14:21,1.5,Desconexión de la línea CHS-TCH115 y las unidades generadoras CHJ y YAN
2005-12-04,Desconexión de carga,Oruro,EMIRSA,CNR,14:11,14:21,0.26,Desconexión de la línea CHS-TCH115 y las unidades generadoras CHJ y YAN
2005-12-04,Desconexión de carga,Oruro,C.M. Vinto,CNR,14:11,14:25,0.54,Desconexión de la línea CHS-TCH115 y las unidades generadoras CHJ y YAN
2005-12-04,Desconexión de carga,La Paz,ELECTROPAZ,D,14:11,14:29,3.4,Desconexión de la línea CHS-TCH115 y las unidades generadoras CHJ y YAN
2005-12-04,Desconexión de carga,Santa Cruz,CRE,D,14:11,14:29,12.3,Desconexión de la línea CHS-TCH115 y las unidades generadoras CHJ y YAN
2005-12-04,Desconexión de carga,Cochabamba,ELFEC,D,14:11,14:32,7.4,Desconexión de la línea CHS-TCH115 y las unidades generadoras CHJ y YAN
2005-12-04,Desconexión de carga,La Paz,ELECTROPAZ,D,14:11,14:33,19.5,Desconexión de la línea de Kenko a Chuquiaguillo
2005-12-04,Desconexión de carga,Oruro,ELFEO,D,14:11,14:34,2.5,Desconexión de la línea CHS-TCH115 y las unidades generadoras CHJ y YAN
2005-12-04,Desconexión de carga,Cochabamba,COBOCE,CNR,14:11,15:00,1.0,Desconexión de la línea CHS-TCH115 y las unidades generadoras CHJ y YAN
2005-12-17,Desconexión de carga,Santa Cruz,CRE,D,23:23,23:38,20.0,Falla en la línea Carrasco a Urubo
2005-12-18,Desconexión de carga,Potosí,SEPSA,D,02:53,02:58,1.8,"Disparo de las unidades BUL01, CAR02 y GCH08."
2005-12-18,Desconexión de carga,Sucre,CESSA,D,02:53,03:01,1.0,"Disparo de las unidades BUL01, CAR02 y GCH08."
2005-12-18,Desconexión de carga,La Paz,ELECTROPAZ,D,02:53,03:02,5.4,"Disparo de las unidades BUL01, CAR02 y GCH08."
2005-12-18,Desconexión de carga,Cochabamba,ELFEC,D,02:53,03:06,4.2,"Disparo de las unidades BUL01, CAR02 y GCH08."
2005-12-18,Desconexión de carga,Cochabamba,COBOCE,CNR,02:53,03:08,1.6,"Disparo de las unidades BUL01, CAR02 y GCH08."
2005-12-18,Desconexión de carga,Oruro,C.M. Vinto,CNR,02:53,03:08,2.1,"Disparo de las unidades BUL01, CAR02 y GCH08."
2005-12-18,Desconexión de carga,Santa Cruz,CRE,D,02:53,03:11,8.7,"Disparo de las unidades BUL01, CAR02 y GCH08."
2005-12-18,Desconexión de carga,Oruro,EMIRSA,CNR,02:53,03:15,0.2,"Disparo de las unidades BUL01, CAR02 y GCH08."
2005-12-18,Desconexión de carga,Oruro,ELFEO,D,02:53,03:58,2.8,"Disparo de las unidades BUL01, CAR02 y GCH08."
2005-12-18,Desconexión de carga,Potosí,SEPSA,D,05:18,05:23,1.8,Disparo de las unidades BUL01.
2006-01-30,Desconexión de carga,Sucre,CESSA,D,01:04,01:05,1.0,Disparo de la unidad BUL02.
2006-01-30,Desconexión de carga,La Paz,ELECTROPAZ,D,01:04,01:06,3.8,Disparo de la unidad BUL02.
2006-01-30,Desconexión de carga,Potosí,SEPSA,D,01:04,01:07,1.54,Disparo de la unidad BUL02.
2006-01-30,Desconexión de carga,Cochabamba,ELFEC,D,01:04,01:08,1.4,Disparo de la unidad BUL02.
2006-01-30,Desconexión de carga,Santa Cruz,CRE,D,01:04,01:13,7.62,Disparo de la unidad BUL02.
2006-01-30,Desconexión de carga,Oruro,CMVINTO,D,01:04,01:14,2.5,Disparo de la unidad BUL02.
2006-01-30,Desconexión de carga,Oruro,EMIRSA,D,01:04,01:15,0.6,Disparo de la unidad BUL02.
2006-01-30,Desconexión de carga,Oruro,ELFEO,D,01:04,05:00,1.5,Disparo de la unidad BUL02.
2006-02-04,Desconexión de carga,Sucre,CESSA,D,01:39,01:40,1.0,Disparo de la unidad BUL01.
2006-02-04,Desconexión de carga,Potosí,SEPSA,D,01:39,01:41,1.8,Disparo de la unidad BUL01.
2006-02-04,Desconexión de carga,Santa Cruz,CRE,D,01:39,01:42,1.1,Disparo de la unidad BUL01.
2006-02-04,Desconexión de carga,La Paz,ELECTROPAZ,D,01:39,01:42,3.4,Disparo de la unidad BUL01.
2006-02-04,Desconexión de carga,Cochabamba,ELFEC,D,01:39,01:45,2.2,Disparo de la unidad BUL01.
2006-02-04,Desconexión de carga,Oruro,ELFEO,D,01:39,01:50,1.3,Disparo de la unidad BUL01.
2006-02-09,Colapso total,Santa Cruz,CRE,D,02:18,02:41,145.4,"Desconexión línea CAR-CHI230 y disparo unidades CAR01,BUL02 y GCH09"
2006-02-24,Desconexión de carga,Cochabamba,ELFEC,D,08:52,08:54,2.1,Desconexión de las líneas CAR-CHI230 y CHI-SJO230.
2006-02-24,Desconexión de carga,Potosí,SEPSA,D,08:52,08:59,2.05,Desconexión de las líneas CAR-CHI230 y CHI-SJO230.
2006-02-24,Desconexión de carga,Cochabamba,COBOCE,CNR,08:52,09:02,1.0,Desconexión de las líneas CAR-CHI230 y CHI-SJO230.
2006-02-24,Desconexión de carga,Oruro,C.M. VINTO,CNR,08:52,09:02,2.5,Desconexión de las líneas CAR-CHI230 y CHI-SJO230.
2006-02-24,Desconexión de carga,Oruro,ELFEO,D,08:52,09:04,1.7,Desconexión de las líneas CAR-CHI230 y CHI-SJO230.
2006-02-24,Desconexión de carga,La Paz,ELECTROPAZ,D,08:52,09:13,4.8,Desconexión de las líneas CAR-CHI230 y CHI-SJO230.
2006-02-24,Desconexión de carga,Oruro,EMIRSA,CNR,08:52,09:13,0.6,Desconexión de las líneas CAR-CHI230 y CHI-SJO230.
2006-03-10,Desconexión de carga,Oruro,C.M. Vinto,CNR,15:09,15:12,2.0,Disparo de GCH10
2006-03-10,Desconexión de carga,Sucre,CESSA,D,15:09,15:15,1.9,Disparo de GCH10
2006-03-10,Desconexión de carga,Oruro,ELFEO,D,15:09,15:18,1.7,Disparo de GCH10
2006-03-10,Desconexión de carga,Cochabamba,ELFEC,D,15:09,15:20,4.4,Disparo de GCH10
2006-03-10,Desconexión de carga,Oruro,EMIRSA,CNR,15:09,15:20,1.0,Disparo de GCH10
2006-03-10,Desconexión de carga,Potosí,SEPSA,D,15:09,15:21,1.8,Disparo de GCH10
2006-03-10,Desconexión de carga,Santa Cruz,CRE,D,15:09,15:27,16.3,Disparo de GCH10
2006-03-10,Desconexión de carga,La Paz,ELECTROPAZ,D,15:09,15:30,9.4,Disparo de GCH10
2006-03-29,Retiro manual de carga,Sucre,CESSA,D,19:10,19:12,2.8,Sobrecarga en el E540 de S/E ARJ de 10 kV
2006-04-09,Desconexión de carga,La Paz,ELECTROPAZ,D,17:43,18:38,13.0,Desconexión de la línea en 69 kV Alto Achachicala a Tembladerani
2006-04-19,Retiro Manual de carga,Central,ELFEC,D,19:27,20:29,17.1,Sobre carga en la línea ARO-VHE115
2006-04-22,Desconcexión de carga,La Paz,ELECTROPAZ,D,12:22,12:59,10.1,Desconcexión de la línea en 69 kV Alto Achachicala - Avenida Arce
2006-05-13,Activación del EDAC,Potosí,SEPSA,G,11:06,11:14,1.85,Falla en CAR02
2006-05-16,Desconexión de carga,La Paz,ELECTROPAZ,D,09:16,09:43,6.7,Desconexión de la línea en 69 kV Kenko-Tembladerani
2006-05-17,Desconexión de carga.,Potosí,SEPSA,D,18:46,19:06,7.04,Apertura del interruptor B448
2006-05-18,Activación del EDAC.,Potosí,SEPSA,D,12:56,13:05,4.08,Desconexión de la línea en 230 kV Carrasco a San José
2006-05-18,Desconexión de carga,Cochabamba,ELFEC,D,12:56,13:09,1.0,Desconexión de la línea en 230 kV Carrasco a San José
2006-05-18,Activación del EDAC.,Sucre,CESSA,D,12:56,13:10,5.1,Desconexión de la línea en 230 kV Carrasco a San José
2006-05-18,Activación del EDAC.,Oruro,CM.VINTO,CNR,12:56,13:11,2.5,Desconexión de la línea en 230 kV Carrasco a San José
2006-05-18,Activación del EDAC.,Oruro,ELFEO,D,12:56,13:20,12.8,Desconexión de la línea en 230 kV Carrasco a San José
2006-05-18,Activación del EDAC.,La Paz,ELECTROPAZ,D,12:56,13:22,53.02,Desconexión de la línea en 230 kV Carrasco a San José
2006-05-18,Activación del EDAC.,Oruro,EMIRSA,CNR,12:56,13:30,0.33,Desconexión de la línea en 230 kV Carrasco a San José
2006-05-18,Activación del EDAC.,Cochabamba,COBOCE,CNR,12:56,13:30,1.6,Desconexión de la línea en 230 kV Carrasco a San José
2006-05-18,Activación del EDAC.,Cochabamba,ELFEC,D,12:56,13:42,29.25,Desconexión de la línea en 230 kV Carrasco a San José
2006-05-30,Desconexión de carga,Santa Cruz,CRE,D,07:40,08:47,14.3,Falla en el transformador TRWAR06902 en S/E Warnes
2006-07-07,Desconexión de carga.,Central,ELFEC,D,00:36,02:16,10.31,Desconexión de la línea CEN-QUI115 por terceros.
2006-07-16,Desconexión de carga,Santa cruz,CRE,D,21:22,21:46,40.0,Desconexión de las líneas FER-TRO069 y FER-ZOO069
2006-07-18,Regulación de voltaje,La Paz,ELECTROPAZ,D,21:45,22:57,2.0,Debido a alta transferencia en la línea de 230 kV VIN-MAZ y menores disponibilidades de generación en el área Norte
2006-08-08,Desconexión de carga,Santa Cruz,CRE,D,15:49,16:10,25.0,Sobrecarga del transformador TRCAÑ06901.
2006-08-09,Desconexión de carga,Cochabamba,ELFEC,D,11:28,11:42,2.26,Falla en la línea en 230 kV CAR-SJO
2006-08-15,Desconexión de carga,La Paz,ELECTROPAZ,D,12:32,13:23,11.1,Desconexión de la linea en 69 kV Alto Achachicala - Tembladerani
2006-08-15,Desconexión de carga,Sucre,CESSA,D,15:31,15:40,7.3,Desconexión alimentador CESSA3 y sobrecarga alimentadores CESSA1 y CESSA2.
2006-08-20,Desconexión manual de carga,Oriental,CRE,D,04:51,05:50,12.7,Conexión de la barra alta de by pass con un polo del seccionador de barra principal y un polo de seccionador de by pass en 69 kV S/E GCH. Ampliación GCH11
2006-08-20,Esquema de Alivio de carga,Oriental,CRE,D,17:49,18:00,6.7,Extensión en trabajos programados en S/E GCH a cargo de EGSA. ( Bajo Voltaje)
2006-08-20,Esquema de Alivio de carga,Oriental,CRE,D,17:49,18:11,4.0,Extensión en trabajos programados en S/E GCH a cargo de EGSA. ( Bajo Voltaje)
2006-09-06,Desconexión de carga,Norte,ELECTROPAZ,D,17:17,17:44,14.0,Terceros (Contacto de cable telefónico con línea de AT).
2006-09-17,Desconexión de carga.,Sucre,CESSA,D,17:15,17:59,8.5,Rotura de estructura en línea de M.T.
2006-09-18,Desconexión de carga,Potosí,SEPSA,D,16:09,16:15,1.8,Desconexión de la unidad generadora de CAR02
2006-09-18,Desconexión de carga,Oruro,ELFEO,D,16:09,16:49,3.6,Desconexión de la unidad generadora de CAR02
2006-09-27,Actuación del EDAC,Oruro,ELFEO,D,14:18,14:28,4.0,Perturbación en el área aislada
2006-10-18,Desconexión de carga,La Paz,ELECTROPAZ,D,16:27,16:53,25.0,Incendio en las cercanias de la línea en 115 kV Kenko - Cota Cota.
2006-10-30,Activación del Esquema de Alivio de Carga,Oriental,CRE,D,11:37,11:41,1.4,Desconexióm de las unidades CHJ y YAN.
2006-10-30,Activación del Esquema de Alivio de Carga,La Paz,ELECTROPAZ,D,11:37,11:41,5.0,Desconexióm de las unidades CHJ y YAN.
2006-10-30,Activación del Esquema de Alivio de Carga,Potosí,SEPSA,D,11:37,11:42,1.9,Desconexióm de las unidades CHJ y YAN.
2006-10-30,Activación del Esquema de Alivio de Carga,Cochabamba,ELFEC,D,11:37,13:45,2.5,Desconexióm de las unidades CHJ y YAN.
2006-10-30,Activación del Esquema de Alivio de Carga,Oruro,ELFEO,D,11:37,13:45,1.7,Desconexióm de las unidades CHJ y YAN.
2006-10-30,Activación del Esquema de Alivio de Carga,Oruro,CM.VINTO,D,11:37,13:45,2.5,Desconexióm de las unidades CHJ y YAN.
2006-10-30,Activación del Esquema de Alivio de Carga,Oruro,EMIRSA,D,11:37,13:45,0.6,Desconexióm de las unidades CHJ y YAN.
2006-10-30,Activación del Esquema de Alivio de Carga,Sucre,CESSA,D,11:37,13:47,8.5,Desconexióm de las unidades CHJ y YAN.
2006-11-16,Desconexión de carga,Cochabamba,ELFEC,D,03:06,04:01,35.4,Desconexión de la línea en 115 kV Arocagua - Central
2006-11-17,Esquema de Alivio de Carga,Santa Cruz,CRE,D,03:43,03:46,1.0,Desconexión de la unidad de BUL02
2006-11-17,Esquema de Alivio de Carga,Cochabamba,COBOCE,D,03:43,04:18,0.5,Desconexión de la unidad de BUL02
2006-11-19,Esquema de Alivio de Carga,Potosí,SPSA,D,16:22,16:23,1.75,"Desconexión de la unidad de BUL02, reducción de carga en CAR01 y CAR02"
2006-11-19,Esquema de Alivio de Carga,Santa Cruz,CRE,D,16:22,16:27,1.4,"Desconexión de la unidad de BUL02, reducción de carga en CAR01 y CAR02"
2006-11-19,Esquema de Alivio de Carga,La Paz,ELECTROPAZ,D,16:22,16:27,3.7,"Desconexión de la unidad de BUL02, reducción de carga en CAR01 y CAR02"
2006-11-19,Esquema de Alivio de Carga,Cochabamba,ELFEC,D,16:22,16:32,1.5,"Desconexión de la unidad de BUL02, reducción de carga en CAR01 y CAR02"
2006-11-19,Esquema de Alivio de Carga,Oruro,ELFEO,D,16:22,17:00,1.4,"Desconexión de la unidad de BUL02, reducción de carga en CAR01 y CAR02"
2006-11-19,Esquema de Alivio de Carga,Oruro,EMIRSA,D,16:22,17:00,0.5,"Desconexión de la unidad de BUL02, reducción de carga en CAR01 y CAR02"
2006-11-19,Esquema de Alivio de Carga,Oruro,CM VINTO,D,16:22,17:00,2.6,"Desconexión de la unidad de BUL02, reducción de carga en CAR01 y CAR02"
2006-11-23,Colapso Total,Potosí,SEPSA,D,14:25,14:42,28.5,Desconexión de la línea SAN-SUC230.
2006-11-23,Colapso Total,Sucre,CESSA,D,14:25,14:54,18.4,Desconexión de la línea SAN-SUC230.
2006-11-24,Desconexión de carga.,Oruro,ELFEO,D,13:13,13:20,9.7,Desconexión de la línea en 69 kV SUD-HUY.
2006-11-28,Esquema de alivio de carga,Potosí,SEPSA,D,01:30,01:34,1.79,Disparo de BUL02
2006-12-05,Desconexión de carga,Oruro,C.M. Vinto,CNR,13:15,13:35,3.5,Perturbación en el área
2006-12-05,Desconexión de carga,Cochabamba,COBOCE,CNR,14:48,14:51,0.3,Perturbación en el área
2006-12-05,Desconexión de carga,Cochabamba,ELFEC,D,14:48,15:30,6.9,Desconexíon de la línea en 115 kV Alalay-Rafael Urquidi
2006-12-20,Desconexión de carga.,Sucre,CESSA,D,15:40,15:46,8.6,Descargas atmosféricas.
2006-12-20,Desconexión de carga.,Sucre,FANCESA,D,15:40,19:05,7.8,Descargas atmosféricas.
2007-01-09,Actuación del EDAC,Potosí,SEPSA,D,22:19,22:24,1.0,Falla en la unidad de BUL02
2007-01-16,Esquema de alivio de carga,Cochabamba,COBOCE,CNR,16:14,16:17,1.01,"Desconexión de las unidades CHJ, YAN y CAR01."
2007-01-16,Esquema de alivio de carga,Potosí,SEPSA,D,16:14,16:19,5.7,"Desconexión de las unidades CHJ, YAN y CAR01."
2007-01-16,Esquema de alivio de carga,Sucre,CESSA,D,16:14,16:21,1.6,"Desconexión de las unidades CHJ, YAN y CAR01."
2007-01-16,Esquema de alivio de carga,La Paz,ELECTROPAZ,D,16:14,16:29,19.2,"Desconexión de las unidades CHJ, YAN y CAR01."
2007-01-16,Esquema de alivio de carga,Santa Cruz,CRE,D,16:14,16:34,16.33,"Desconexión de las unidades CHJ, YAN y CAR01."
2007-01-16,Esquema de alivio de carga,Oruro,ELFEO,D,16:14,16:34,3.8,"Desconexión de las unidades CHJ, YAN y CAR01."
2007-01-16,Esquema de alivio de carga,Cochabamba,ELFEC,D,16:14,16:41,8.32,"Desconexión de las unidades CHJ, YAN y CAR01."
2007-01-16,Esquema de alivio de carga,Oruro,EMIRSA,CNR,16:14,16:41,0.5,"Desconexión de las unidades CHJ, YAN y CAR01."
2007-01-16,Esquema de alivio de carga,Oruro,CMVINTO,CNR,16:14,16:41,2.0,"Desconexión de las unidades CHJ, YAN y CAR01."
2007-01-19,Desconexión de carga,Cochabamba,ELFEC,D,11:00,11:15,49.1,Desconexión de la línea en 115 kV ARO-CEN
2007-01-21,Esquema de Alivio de Carga,Cochabamba,COBOCE,CNR,09:55,10:05,1.5,Desconexión de las unidades GCH08 y CAR02.
2007-01-21,Esquema de Alivio de Carga,Oruro,EMIRSA,CNR,09:55,10:06,0.5,Desconexión de las unidades GCH08 y CAR02.
2007-01-21,Esquema de Alivio de Carga,Sucre,CESSA,D,09:55,10:10,1.9,Desconexión de las unidades GCH08 y CAR02.
2007-01-21,Esquema de Alivio de Carga,Santa Cruz,CRE,D,09:55,10:24,20.8,Desconexión de las unidades GCH08 y CAR02.
2007-01-21,Esquema de Alivio de Carga,Oruro,CM VINTO,CNR,09:55,10:24,2.0,Desconexión de las unidades GCH08 y CAR02.
2007-01-21,Esquema de Alivio de Carga,Oruro,ELFEO,D,09:55,10:25,4.4,Desconexión de las unidades GCH08 y CAR02.
2007-01-21,Esquema de Alivio de Carga,Cochabamba,ELFEC,D,09:55,12:30,7.5,Desconexión de las unidades GCH08 y CAR02.
2007-01-21,Esquema de Alivio de Carga,Potosí,SEPSA,D,09:56,10:07,1.9,Desconexión de las unidades GCH08 y CAR02.
2007-01-23,Esquema de alivio de carga,Potosí,SEPSA,D,13:34,13:52,3.42,"Desbalance de oferta - demanda por falla en unidades CHJ, YAN y ZON."
2007-01-23,Esquema de alivio de carga,Potosí,SEPSA,D,13:34,13:52,3.42,"Desbalance de oferta - demanda por falla en unidades CHJ, YAN y ZON."
2007-01-23,Esquema de alivio de carga,La Paz,ELECTROPAZ,D,13:47,13:53,4.2,"Desbalance de oferta - demanda por falla en unidades CHJ, YAN y ZON."
2007-01-23,Esquema de alivio de carga,Cochabamba,ELFEC,D,13:47,13:53,1.6,"Desbalance de oferta - demanda por falla en unidades CHJ, YAN y ZON."
2007-01-23,Esquema de alivio de carga,La Paz,ELECTROPAZ,D,13:47,13:53,4.2,"Desbalance de oferta - demanda por falla en unidades CHJ, YAN y ZON."
2007-01-23,Esquema de alivio de carga,Cochabamba,ELFEC,D,13:47,13:53,1.6,"Desbalance de oferta - demanda por falla en unidades CHJ, YAN y ZON."
2007-01-23,Esquema de alivio de carga,Santa Cruz,CRE,D,13:47,13:55,1.41,"Desbalance de oferta - demanda por falla en unidades CHJ, YAN y ZON."
2007-01-23,Esquema de alivio de carga,Santa Cruz,CRE,D,13:47,13:55,1.41,"Desbalance de oferta - demanda por falla en unidades CHJ, YAN y ZON."
2007-01-27,Desconexión de carga,Central,ELFEC,D,03:32,03:49,1.2,Desconexión de la línea en 230 kV SJO - CAR.
2007-01-27,Activación del EDAC,Oriental,CRE,D,03:32,04:03,14.6,Desconexión de la línea en 230 kV SJO - CAR.
2007-01-28,Activación del EDAC,Oriental,CRE,D,16:45,17:22,23.0,Desconexión de la línea en 230 kV SJO - CAR.
2007-01-30,Desconexión de carga.,La Paz,ELECTROPAZ,D,13:06,13:12,11.3,Desconexión de la línea en 69 kV Alto Achachicala-Avenida Arce.
2007-01-30,Desconexión de carga.,La Paz,ELECTROPAZ,D,13:33,13:41,10.2,Desconexión de la línea en 69 kV Alto Achachicala-Avenida Arce.
2007-01-31,Desconexión de carga.,Cochabamba,ELFEC,D,09:13,09:30,2.5,Desconexión de la línea en 230 kV Carrasco-San José
2007-01-31,Desconexión de carga.,La Paz,ELECTROPAZ,D,22:41,23:06,8.5,Desconexión de la línea en 69 kV Alto Achachicala-Avenida Arce
2007-02-01,Esquema de alivio de carga.,Potosí,SEPSA,D,09:03,09:05,2.03,Desconexión de la unidad generadoraGCH10.
2007-02-01,Esquema de alivio de carga.,Oruro,EMIRSA,CNR,09:03,09:13,0.5,Desconexión de la unidad generadoraGCH10.
2007-02-01,Esquema de alivio de carga.,La Paz,ELECTROPAZ,D,09:03,09:15,11.49,Desconexión de la unidad generadoraGCH10.
2007-02-01,Esquema de alivio de carga.,Cochabamba,ELFEC,D,09:03,09:15,4.0,Desconexión de la unidad generadoraGCH10.
2007-02-01,Esquema de alivio de carga.,Cochabamba,COBOCE,CNR,09:03,09:15,0.67,Desconexión de la unidad generadoraGCH10.
2007-02-01,Esquema de alivio de carga.,Oruro,ELFEO,D,09:03,09:19,2.5,Desconexión de la unidad generadoraGCH10.
2007-02-01,Esquema de alivio de carga.,Santa Cruz,CRE,D,09:03,09:22,11.3,Desconexión de la unidad generadoraGCH10.
2007-02-01,Esquema de alivio de carga.,Oruro,C.M. Vinto,CNR,09:03,09:28,1.5,Desconexión de la unidad generadoraGCH10.
2007-02-01,Esquema de alivio de carga.,Potosí,MSCR,CNR,09:03,10:30,0.19,Desconexión de la unidad generadoraGCH10.
2007-02-07,Esquema de alivio de carga,Potosí,SEPSA,D,05:56,05:59,1.89,Desconexión de la línea en 230 kV San José - Carrasco.
2007-02-07,Esquema de alivio de carga,Oruro,ELFEO,D,05:56,06:00,3.1,Desconexión de la línea en 230 kV San José - Carrasco.
2007-02-07,Esquema de alivio de carga,Oruro,CM.VINTO,CNR,05:56,06:05,0.5,Desconexión de la línea en 230 kV San José - Carrasco.
2007-02-07,Esquema de alivio de carga,Oruro,EMIRSA,CNR,05:56,06:11,0.6,Desconexión de la línea en 230 kV San José - Carrasco.
2007-02-07,Esquema de alivio de carga,La Paz,ELECTROPAZ,D,05:56,06:15,9.9,Desconexión de la línea en 230 kV San José - Carrasco.
2007-02-07,Esquema de alivio de carga,Cochabamba,ELFEC,D,05:56,06:15,6.9,Desconexión de la línea en 230 kV San José - Carrasco.
2007-02-07,Desconexión de carga,Potosí,M. SanCristobal,CNR,05:56,06:17,1.25,Desconexión de la línea en 230 kV Punutuma - San Cristobal.
2007-02-07,Esquema de alivio de carga,Cochabamba,COBOCE,CNR,05:57,06:13,4.2,Desconexión de la línea en 230 kV San José - Carrasco.
2007-02-09,Activación del EDAC,Sucre,CESSA,D,02:03,02:10,1.2,Desconexión de la línea en 230 San José - Carrasco.
2007-02-09,Activación del EDAC,Potosí,SEPSA,D,02:03,02:14,4.77,Desconexión de la línea en 230 San José - Carrasco.
2007-02-09,Activación del EDAC,Oruro,ELFEO,D,02:03,02:18,4.0,Desconexión de la línea en 230 San José - Carrasco.
2007-02-09,Activación del EDAC,Oruro,EMIRSA,CNR,02:03,02:20,0.5,Desconexión de la línea en 230 San José - Carrasco.
2007-02-09,Activación del EDAC,Oruro,CM.VINTO,CNR,02:03,02:20,0.5,Desconexión de la línea en 230 San José - Carrasco.
2007-02-09,Activación del EDAC,La Paz,ELECTROPAZ,D,02:03,02:23,17.2,Desconexión de la línea en 230 San José - Carrasco.
2007-02-09,Activación del EDAC,Cochabamba,COBOCE,CNR,02:03,02:38,2.25,Desconexión de la línea en 230 San José - Carrasco.
2007-02-09,Activación del EDAC,Cochabamba,ELFEC,D,02:03,02:40,14.19,Desconexión de la línea en 230 San José - Carrasco.
2007-02-09,Activación del EDAC,Potosí,SEPSA,D,06:32,06:38,3.8,Desconexión de la línea en 230 San José - Carrasco.
2007-02-09,Activación del EDAC,Sucre,CESSA,D,06:32,06:39,1.5,Desconexión de la línea en 230 San José - Carrasco.
2007-02-09,Activación del EDAC,Oruro,ELFEO,D,06:32,06:44,2.9,Desconexión de la línea en 230 San José - Carrasco.
2007-02-09,Activación del EDAC,Cochabamba,COBOCE,CNR,06:32,06:50,2.25,Desconexión de la línea en 230 San José - Carrasco.
2007-02-09,Activación del EDAC,Oruro,CM.VINTO,CNR,06:32,06:50,0.5,Desconexión de la línea en 230 San José - Carrasco.
2007-02-09,Activación del EDAC,La Paz,ELECTROPAZ,D,06:32,06:52,20.9,Desconexión de la línea en 230 San José - Carrasco.
2007-02-09,Activación del EDAC,Cochabamba,ELFEC,D,06:32,07:05,13.37,Desconexión de la línea en 230 San José - Carrasco.
2007-02-09,Activación del EDAC,Oruro,EMIRSA,CNR,06:32,07:05,0.5,Desconexión de la línea en 230 San José - Carrasco.
2007-02-09,Activación del EDAC,Santa Cruz,CRE,D,11:35,11:48,21.1,Desconexión de la unidad GCH09.
2007-02-09,Activación del EDAC,Santa Cruz,CRE,D,11:41,11:49,13.6,Desconexión de la unidad GCH09.
2007-02-09,Activación del EDAC,Santa Cruz,CRE,D,11:45,11:54,9.2,Desconexión de la unidad GCH09.
2007-02-16,Activación del EDAC,Cochabamba,ELFEC,D,12:15,12:20,1.6,Disparo unidad GCH10
2007-02-16,Activación del EDAC,Potosí,SEPSA,D,12:15,12:21,1.83,Disparo unidad GCH10
2007-02-16,Activación del EDAC,Cochabamba,COBOCE,CNR,12:15,12:22,0.5,Disparo unidad GCH10
2007-02-16,Activación del EDAC,Oruro,ELFEO,D,12:15,12:22,3.0,Disparo unidad GCH10
2007-02-16,Activación del EDAC,La Paz,ELECTROPAZ,D,12:15,12:22,4.6,Disparo unidad GCH10
2007-02-16,Activación del EDAC,Santa Cruz,CRE,D,12:15,12:24,5.3,Disparo unidad GCH10
2007-02-16,Activación del EDAC,Oruro,CM.VINTO,CNR,12:15,12:27,2.0,Disparo unidad GCH10
2007-02-16,Activación del EDAC,Oruro,EMIRSA,CNR,12:15,12:34,0.6,Disparo unidad GCH10
2007-02-16,Activación del EDAC,Potosí,MSCR,CNR,12:15,12:36,0.19,Disparo unidad GCH10
2007-02-23,Activación del EDAC,Cochabamba,COBOCE,CNR,12:08,12:29,1.0,Desconexión de la línea en 230 kV CAR-SJO.
2007-02-24,Activación del EDAC,Oruro,ELFEO,D,14:19,14:25,3.3,Deficit de potencia en el SIN
2007-02-24,Activación del EDAC,Potosí,SEPSA,D,14:19,14:26,0.47,Deficit de potencia en el SIN
2007-02-24,Activación del EDAC,Cochabamba,COBOCE,CNR,14:19,14:34,0.5,Deficit de potencia en el SIN
2007-02-24,Activación del EDAC,La Paz,ELECTROPAZ,D,14:19,14:35,16.7,Deficit de potencia en el SIN
2007-02-24,Activación del EDAC,Oruro,C.M. Vinto,CNR,14:19,14:35,5.0,Deficit de potencia en el SIN
2007-02-24,Activación del EDAC,Santa Cruz,CRE,D,14:19,14:36,22.6,Deficit de potencia en el SIN
2007-02-24,Activación del EDAC,Cochabamba,ELFEC,D,14:19,14:37,7.5,Deficit de potencia en el SIN
2007-02-24,Activación del EDAC,Potosí,Minera San Cristobal,CNR,14:19,14:39,0.19,Deficit de potencia en el SIN
2007-02-24,Activación del EDAC,Oruro,EMIRSA,CNR,14:19,14:55,0.6,Deficit de potencia en el SIN
2007-03-06,Desconexión de carga,Santa Cruz,CRE,D,10:52,11:08,34.0,Desconexión de la línea en 69 kV Guaracachi-Montero
2007-03-17,Esquema de Alivio de Carga,Potosí,SEPSA,D,07:15,07:20,1.7,"Desconexión de las unidades ARJ08, ARJ09, ARJ10, ARJ11, ARJ12 y YAN."
2007-03-17,Esquema de Alivio de Carga,Oruro,ELFEO,D,07:15,07:24,2.3,"Desconexión de las unidades ARJ08, ARJ09, ARJ10, ARJ11, ARJ12 y YAN."
2007-03-17,Esquema de Alivio de Carga,Cochabamba,COBOCE,CNR,07:15,07:31,1.2,"Desconexión de las unidades ARJ08, ARJ09, ARJ10, ARJ11, ARJ12 y YAN."
2007-03-17,Esquema de Alivio de Carga,Potosí,MSCR,CNR,07:15,07:38,0.96,"Desconexión de las unidades ARJ08, ARJ09, ARJ10, ARJ11, ARJ12 y YAN."
2007-03-17,Esquema de Alivio de Carga,Cochabamba,ELFEC,D,07:15,07:41,1.9,"Desconexión de las unidades ARJ08, ARJ09, ARJ10, ARJ11, ARJ12 y YAN."
2007-03-17,Esquema de Alivio de Carga,Oruro,EMIRSA,CNR,07:15,07:42,0.6,"Desconexión de las unidades ARJ08, ARJ09, ARJ10, ARJ11, ARJ12 y YAN."
2007-03-17,Esquema de Alivio de Carga,La Paz,ELECTROPAZ,D,07:15,07:43,3.8,"Desconexión de las unidades ARJ08, ARJ09, ARJ10, ARJ11, ARJ12 y YAN."
2007-03-17,Colapso total,Santa Cruz,CRE,D,07:15,09:15,142.0,Actuación del DAC/DAG (por descuido del CDC no se deshabilita el sistema DAC/DAG ante trabajos en la línea SJO-VHE)
2007-03-24,Desconexión de carga manual,Cochabamba,ELFEC,D,18:45,19:30,10.5,Extensión de trabajos en ARO-SIS115 y sobrecarga en la línea ARO-VHE115
2007-03-27,Activación del Esquema de Alivio de Carga.,Oruro,ELFEO,D,01:04,01:07,1.0,Desconexión de la unidad GCH09.
2007-03-27,Activación del Esquema de Alivio de Carga.,Potosí,MSCR,CNR,01:04,01:07,1.39,Desconexión de la unidad GCH09.
2007-03-27,Activación del Esquema de Alivio de Carga.,Potosí,SEPSA,D,01:04,01:08,1.53,Desconexión de la unidad GCH09.
2007-03-27,Activación del Esquema de Alivio de Carga.,Cochabamba,ELFEC,D,01:04,01:09,3.4,Desconexión de la unidad GCH09.
2007-03-27,Activación del Esquema de Alivio de Carga.,La Paz,ELECTROPAZ,D,01:04,01:09,2.4,Desconexión de la unidad GCH09.
2007-03-27,Activación del Esquema de Alivio de Carga.,Santa Cruz,CRE,D,01:04,01:10,4.7,Desconexión de la unidad GCH09.
2007-03-27,Activación del Esquema de Alivio de Carga.,Cochabamba,COBOCE,CNR,01:04,01:14,0.5,Desconexión de la unidad GCH09.
2007-03-27,Activación del Esquema de Alivio de Carga.,Oruro,EMIRSA,CNR,01:04,01:36,0.6,Desconexión de la unidad GCH09.
2007-03-27,Activación del Esquema de Alivio de Carga.,Oruro,EMVINTO,CNR,01:04,01:50,1.8,Desconexión de la unidad GCH09.
2007-03-29,Desconexión de carga manual,Oruro,ELFEO,D,20:57,22:43,4.5,"Desconexión de las líneas en 69 kV CAT-CSG, VIN-ORU y bajo voltaje en S/E Sud"
2007-03-30,Desconexión de carga manual,Oruro,ELFEO,D,08:48,08:56,5.7,"Desconexión de las líneas en 69 kV CAT-CSG, VIN-ORU y bajo voltaje en S/E Sud"
2007-04-05,Colapso total,Potosí,SEPSA,D,14:45,14:51,8.08,Desconexión de la línea POT-VEL069 por descargas atmosféricas
2007-04-07,Activación del Esquema de Alivio de Carga,Oruro,EMIRSA,CNR,11:55,12:10,0.6,Desconexión de la línea en 115 kV MAZ-KEN
2007-04-07,Activación del Esquema de Alivio de Carga,Oruro,CMVINTO,CNR,11:55,12:10,2.2,Desconexión de la línea en 115 kV MAZ-KEN
2007-04-07,Activación del Esquema de Alivio de Carga,Potosí,MSCR,CNR,11:55,12:10,0.3,Desconexión de la línea en 115 kV MAZ-KEN
2007-04-07,Activación del Esquema de Alivio de Carga,Potosí,SEPSA,D,11:55,12:15,5.12,Desconexión de la línea en 115 kV MAZ-KEN
2007-04-07,Activación del Esquema de Alivio de Carga,Sucre,CESSA,D,11:55,12:18,1.9,Desconexión de la línea en 115 kV MAZ-KEN
2007-04-07,Activación del Esquema de Alivio de Carga,Cochabamba,ELFEC,D,11:55,12:48,24.5,Desconexión de la línea en 115 kV MAZ-KEN
2007-04-07,Activación del Esquema de Alivio de Carga,Oruro,ELFEO,D,11:55,12:53,6.4,Desconexión de la línea en 115 kV MAZ-KEN
2007-04-07,Activación del Esquema de Alivio de Carga,Santa Cruz,CRE,D,11:55,12:56,57.2,Desconexión de la línea en 115 kV MAZ-KEN
2007-04-07,Activación del Esquema de Alivio de Carga,Cochabamba,COBOCE,CNR,11:55,12:58,0.5,Desconexión de la línea en 115 kV MAZ-KEN
2007-04-07,Colapso del área Norte,La Paz,ELECTROPAZ,D,11:55,16:20,144.0,Desconexión de la línea en 115 kV MAZ-KEN
2007-04-24,Activación del EDAC,Oriental,CRE,D,15:56,16:01,1.81,Falla en la unidad de GCH11
2007-04-24,Activación del EDAC,Potosí,Minera San Cristobal,CNR,15:56,16:02,0.2,Falla en la unidad de GCH11
2007-04-24,Activación del EDAC,Potosí,SEPSA,D,15:56,16:11,1.3,Falla en la unidad de GCH11
2007-05-05,Desconexión de carga,Santa Cruz,CRE,D,09:42,09:48,33.6,Desconexión de la línea en 69 kV Guaracachi-Montero.
2007-05-07,Activación del EDAC,Santa Cruz,CRE,D,08:31,08:37,36.82,Desconexión de la unidad GCH11
2007-05-16,Activación del EDAC,Cochabamba,COBOCE,CNR,08:39,08:41,0.5,Desconexión de las unidades GCH09 y CAR01.
2007-05-16,Activación del EDAC,Oruro,EMVINTO,CNR,08:39,08:44,1.0,Desconexión de las unidades GCH09 y CAR01.
2007-05-16,Activación del EDAC,Potosí,MSCR,CNR,08:39,08:45,2.25,Desconexión de las unidades GCH09 y CAR01.
2007-05-16,Activación del EDAC,Santa Cruz,CRE,D,08:39,08:46,11.5,Desconexión de las unidades GCH09 y CAR01.
2007-05-16,Activación del EDAC,La Paz,ELECTROPAZ,D,08:39,08:48,8.0,Desconexión de las unidades GCH09 y CAR01.
2007-05-16,Activación del EDAC,Potosí,SEPSA,D,08:39,08:49,2.02,Desconexión de las unidades GCH09 y CAR01.
2007-05-16,Activación del EDAC,Cochabamba,ELFEC,D,08:39,08:50,4.4,Desconexión de las unidades GCH09 y CAR01.
2007-05-16,Activación del EDAC,Oruro,EMIRSA,CNR,08:39,08:53,0.5,Desconexión de las unidades GCH09 y CAR01.
2007-05-16,Activación del EDAC,Oruro,ELFEO,D,08:39,09:01,2.0,Desconexión de las unidades GCH09 y CAR01.
2007-05-19,Activación del EDAC,Potosí,MSCR,CNR,23:31,23:33,0.47,Desconexión de la unidad GCH11.
2007-05-19,Activación del EDAC,Santa Cruz,CRE,D,23:31,23:35,3.5,Desconexión de la unidad GCH11.
2007-05-19,Activación del EDAC,Cochabamba,ELFEC,D,23:31,23:36,1.7,Desconexión de la unidad GCH11.
2007-05-19,Activación del EDAC,La Paz,ELECTROPAZ,D,23:31,23:36,4.84,Desconexión de la unidad GCH11.
2007-05-19,Activación del EDAC,Potosí,SEPSA,D,23:31,23:36,1.71,Desconexión de la unidad GCH11.
2007-05-19,Activación del EDAC,Cochabamba,COBOCE,CNR,23:31,23:39,0.5,Desconexión de la unidad GCH11.
2007-05-19,Activación del EDAC,Oruro,EMVINTO,CNR,23:31,23:39,1.0,Desconexión de la unidad GCH11.
2007-05-19,Activación del EDAC,Oruro,ELFEO,D,23:31,23:42,2.5,Desconexión de la unidad GCH11.
2007-05-19,Activación del EDAC,Oruro,EMIRSA,CNR,23:31,24:00,0.5,Desconexión de la unidad GCH11.
2007-05-20,Activación del EDAC,Oruro,EMIRSA,CNR,00:00,00:07,0.5,Desconexión de la unidad GCH11 en fecha 19/05/07 a hora 23:31.
2007-05-23,Activación del EDAC,Cochabamba,COBOCE,CNR,14:48,14:51,1.2,Desconexión de la línea en 230 kV SJO - CAR.
2007-05-23,Activación del EDAC,Potosí,SEPSA,D,14:48,14:51,2.21,Desconexión de la línea en 230 kV SJO - CAR.
2007-05-23,Activación del EDAC,Potosí,MSCR,CNR,14:48,14:53,0.78,Desconexión de la línea en 230 kV SJO - CAR.
2007-05-23,Activación del EDAC,Sucre,CESSA,D,14:48,14:55,2.2,Desconexión de la línea en 230 kV SJO - CAR.
2007-05-23,Activación del EDAC,La Paz,ELECTROPAZ,D,14:48,14:58,23.5,Desconexión de la línea en 230 kV SJO - CAR.
2007-05-23,Activación del EDAC,Cochabamba,ELFEC,D,14:48,14:58,15.6,Desconexión de la línea en 230 kV SJO - CAR.
2007-05-23,Activación del EDAC,Oruro,E.M. Vinto,CNR,14:48,15:00,0.6,Desconexión de la línea en 230 kV SJO - CAR.
2007-05-23,Activación del EDAC,Oruro,ELFEO,D,14:48,15:07,5.4,Desconexión de la línea en 230 kV SJO - CAR.
2007-05-23,Activación del EDAC,Oruro,EMIRSA,CNR,14:48,15:20,0.6,Desconexión de la línea en 230 kV SJO - CAR.
2007-05-28,Activación del EDAC,La Paz,ELECTROPAZ,D,04:18,04:20,1.7,Disparo de la unidad CAR01.
2007-05-28,Activación del EDAC,Santa Cruz,CRE,D,04:18,04:21,7.5,Disparo de la unidad CAR01.
2007-05-28,Activación del EDAC,Cochabamba,ELFEC,D,04:18,04:21,1.7,Disparo de la unidad CAR01.
2007-05-28,Activación del EDAC,Potosí,SEPSA,D,04:18,04:21,4.32,Disparo de la unidad CAR01.
2007-05-28,Activación del EDAC,Potosí,MSCR,CNR,04:18,04:25,0.45,Disparo de la unidad CAR01.
2007-05-28,Activación del EDAC,Oruro,E. M. Vinto,CNR,04:18,04:28,0.6,Disparo de la unidad CAR01.
2007-05-28,Activación del EDAC,Oruro,ELFEO,D,04:18,04:34,1.8,Disparo de la unidad CAR01.
2007-05-28,Activación del EDAC,Cochabamba,COBOCE,CNR,04:18,04:39,0.5,Disparo de la unidad CAR01.
2007-05-28,Activación del EDAC,Oruro,EMIRSA,CNR,04:18,05:05,0.6,Disparo de la unidad CAR01.
2007-06-13,Colapso del Área Norte,La Paz,ELECTROPAZ,D,06:31,07:37,125.7,Desconexión de la línea en 230 kV Vinto - Mazocruz.
2007-06-19,Activación del Esquema de Alivio de Carga,Potosí,SEPSA,D,00:36,00:40,2.8,Disparo de la unidad GCH11 con 52.7 MW.
2007-06-19,Activación del Esquema de Alivio de Carga,Cochabamba,COBOCE,CNR,00:36,00:40,1.0,Disparo de la unidad GCH11 con 52.7 MW.
2007-07-09,Activación del Esquema de Alivio de Carga,La Paz,ELECTROPAZ,D,09:48,12:00,63.5,Desconexión de la línea en 115 kV Kenko - Mazocruz.
2007-08-02,Activación del esquema de alivio de carga,Oruro,E.M.VINTO,CNR,12:09,12:15,1.0,Desconexión de la línea en 230 kV SJO - CAR.
2007-08-02,Activación del esquema de alivio de carga,Sucre,CESSA,D,12:09,12:19,3.6,Desconexión de la línea en 230 kV SJO - CAR.
2007-08-02,Activación del esquema de alivio de carga,Cochabamba,ELFEC,D,12:09,12:22,8.8,Desconexión de la línea en 230 kV SJO - CAR.
2007-08-02,Activación del esquema de alivio de carga,La Paz,ELECTROPAZ,D,12:09,12:26,14.3,Desconexión de la línea en 230 kV SJO - CAR.
2007-08-02,Activación del esquema de alivio de carga,Potosi,SEPSA,D,12:09,12:26,3.51,Desconexión de la línea en 230 kV SJO - CAR.
2007-08-02,Activación del esquema de alivio de carga,Oruro,ELFEO,D,12:09,12:32,1.8,Desconexión de la línea en 230 kV SJO - CAR.
2007-08-02,Activación del esquema de alivio de carga,Cochabamba,COBOCE,CNR,12:09,12:32,1.5,Desconexión de la línea en 230 kV SJO - CAR.
2007-08-02,Activación del esquema de alivio de carga,Oruro,EMIRSA,CNR,12:09,12:45,0.5,Desconexión de la línea en 230 kV SJO - CAR.
2007-08-02,Activación del esquema de alivio de carga,Potosi,MSCR,CNR,12:09,12:52,17.0,Desconexión de la línea en 230 kV SJO - CAR.
2007-08-09,Desconexión de carga,Oruro,ELFEO,D,09:25,10:27,10.3,"Desconexión de líneas en 69 kV CAT-CSG, SUD-CSG y SUD-VIN"
2007-08-10,Activación del Esquema de Alivio de Carga,Oruro,ELFEO,D,11:28,11:31,2.1,Desconexión de la línea en 230 kV SJO-VHE y operación del sistema DAC/DAG en S/E SJO.
2007-08-10,Activación del Esquema de Alivio de Carga,Potosí,SEPSA,D,11:28,11:38,1.97,Desconexión de la línea en 230 kV SJO-VHE y operación del sistema DAC/DAG en S/E SJO.
2007-08-10,Activación del Esquema de Alivio de Carga,Oruro,CMVINTO,CNR,11:28,11:40,0.9,Desconexión de la línea en 230 kV SJO-VHE y operación del sistema DAC/DAG en S/E SJO.
2007-08-10,Activación del Esquema de Alivio de Carga,Oruro,EMIRSA,CNR,11:28,11:40,0.6,Desconexión de la línea en 230 kV SJO-VHE y operación del sistema DAC/DAG en S/E SJO.
2007-08-10,Activación del Esquema de Alivio de Carga,Sucre,CESSA,D,11:28,11:40,4.0,Desconexión de la línea en 230 kV SJO-VHE y operación del sistema DAC/DAG en S/E SJO.
2007-08-10,Activación del Esquema de Alivio de Carga,Cochabamba,COBOCE,D,11:28,11:43,0.7,Desconexión de la línea en 230 kV SJO-VHE y operación del sistema DAC/DAG en S/E SJO.
2007-08-10,Activación del Esquema de Alivio de Carga,La Paz,ELECTROPAZ,D,11:28,11:43,24.0,Desconexión de la línea en 230 kV SJO-VHE y operación del sistema DAC/DAG en S/E SJO.
2007-08-10,Activación del Esquema de Alivio de Carga,Potosí,MSCR,CNR,11:28,11:43,2.0,Desconexión de la línea en 230 kV SJO-VHE y operación del sistema DAC/DAG en S/E SJO.
2007-08-10,Activación del Esquema de Alivio de Carga,Cochabamba,ELFEC,D,11:28,11:45,10.6,Desconexión de la línea en 230 kV SJO-VHE y operación del sistema DAC/DAG en S/E SJO.
2007-08-13,Desconexión manual de carga,Oruro,ELFEO,D,19:24,19:40,11.5,Desconexión de las líneas en 69 kV CAT-CSI y VIN-SUD
2007-09-04,Desconexión manual de carga.,Oruro,ELFEO,D,06:42,06:45,1.2,Regulación de voltaje por apertura de la línea TES-VIN069.
2007-10-15,Activación EDAC,Potosí,SEPSA,D,19:28,19:31,3.98,Desconexión de la unidad GCH11
2007-10-15,Activación EDAC,Potosí,MSCR,D,19:28,19:32,0.68,Desconexión de la unidad GCH11
2007-10-15,Activación EDAC,Santa Cruz,CRE,D,19:28,19:33,6.0,Desconexión de la unidad GCH11
2007-10-21,Desconexión de carga,Potosi,MSCR,T,16:14,00:00,42.5,Desconexión de la línea PUN-SCR230
2007-10-27,Desconexión de carga,Potosí,MSCR,CNR,03:20,03:35,45.9,Desconexión de la línea en 230 kV PUN-SCR
2007-10-29,Desconexión de carga,Potosí,MSCR,CNR,15:26,15:34,43.6,Desconexión de la línea en 230 kV Carrasco-Santivañez
2007-10-29,Desconexión de carga,Cochabamba,COBOCE,D,15:26,15:37,1.0,Perturbación de tensión y frecuencia en el SIN
2007-10-29,Desconexión de carga,Sucre,CESSA,D,15:26,15:39,5.5,Perturbación de tensión y frecuencia en el SIN
2007-10-31,Activación del Esquema de Alivio de Carga,Potosí,SEPSA,D,23:07,23:12,2.47,Disparo de CAR01 con 46.0 MW.
2007-11-15,Desconexión manual de carga,Oruro,ELFEO,D,15:59,16:07,6.0,"Desconexión de líneas en 69 kV CAT-CSG, HUY-VIN y TES-VIN."
2007-11-17,Activación del EDAC,Potosí,SEPSA,D,21:34,21:37,3.3,Desconexión de la unidad de GCH11
2007-11-18,Desconexión de carga.,Potosí,MSCR,CNR,07:43,09:23,40.0,Desconexión de la línea en 230 kV PUN-SCR.
2007-11-19,Desconexión de carga,Potosí,Minera San Cristobal,CNR,13:32,13:36,43.0,Perturbación en el área
2007-11-19,Desconexión de carga,Cochabamba,ELFEC,D,15:59,16:18,10.35,Desconexión de la línea en 115 kV RUR-YPF
2007-11-20,Desconexión de carga,Cochabamba,ELFEC,D,04:08,04:15,1.68,Desconexión línea en 230 kV CAR-CHI.
2007-11-20,Desconexión de carga,Potosí,Minera San Cristobal,CNR,04:08,04:17,50.0,Desconexión línea en 230 kV PUN-SCR.
2007-11-22,Desconexión de carga,Potosí,SEPSA,D,09:44,09:50,2.0,Desconexión de la unidad GCH11.
2007-11-22,Desconexión de carga,Cochabamba,ELFEC,D,18:24,18:27,0.7,Reconexión automática de la línea CAT-VHE115
2007-11-22,Desconexión de carga,Cochabamba,COBOCE,D,18:24,20:20,3.4,Reconexión automática de la línea CAT-VHE115
2007-11-23,Desconexión de carga,La Paz,ELECTROPAZ,D,15:08,15:14,24.7,Desconexión de la línea en 115 kV Alto Achachicala-Challapampa.
2007-11-25,Desconexión de carga,Cochabamba,ELFEC,D,13:15,14:05,35.0,Desconexión de la línea en 115 kV Arocagua - Central.
2007-12-01,Desconexión de Carga,Oriental,CRE,D,12:46,13:02,21.0,Desconexión línea GCH-WAR069
2007-12-19,Desconexión automática de carga,Potosí,MSCR,CNR,12:08,14:57,25.0,Desconexión de la línea en 230 kV SUC-PUN.
2007-12-19,Desconexión manual de carga,Potosí,MSCR,CNR,12:14,12:25,19.0,Regulación de voltaje en el Area Sur y reposición de la línea en 230 kV SUC-PUN.
2007-12-19,Desconexión automática de carga,Potosí,MSCR,CNR,15:32,17:00,13.6,Desconexión de la línea en 230 kV SUC-PUN.
2007-12-19,Desconexión manual de carga,Potosí,MSCR,CNR,15:34,15:42,11.2,Regulación de voltaje en el Area Sur y reposición de la línea en 230 kV SUC-PUN.
2007-12-27,Desconexión de carga,Potosí,MSCR,CNR,03:57,04:04,47.7,Desconexiòn linéa en 230 kV PUN-SCR230.
2007-12-27,Desconexión de carga,La Paz,ELECTROPAZ,D,10:19,10:37,32.2,Desconexión de las líneas en 115 kV Kenko - Chuquiaguillo - Tiquimani.
2008-01-04,Desconexión de carga,Sucre,CESSA,D,12:51,12:55,3.5,Desconexión de la línea SAN-SUC230
2008-01-04,Desconexión de carga,Potosí,MSCR,CNR,12:51,13:12,48.16,Esquema interdisparos
2008-01-17,Activación del Esquema de Alivio de carga,Potosí,Minera San Cristobal,CNR,02:28,02:38,6.7,"Desconexión de la línea de transmisión en 115 kV TCH-PCH y las unidades de CHJ, YAN y CJL01."
2008-01-17,Activación del Esquema de Alivio de carga,Cochabamba,COBOCE,CNR,02:28,02:47,1.0,"Desconexión de la línea de transmisión en 115 kV TCH-PCH y las unidades de CHJ, YAN y CJL01."
2008-01-18,Desconexión de carga,Potosí,Minera San Cristobal,CNR,22:17,22:38,21.4,Desconexión de la linea de transmisión en 230 kV Sucre - Punutuma
2008-01-20,Desconexión manual de carga,Cochabamba,ELFEC,D,19:03,21:14,7.5,Para evitar sobrecarga en subestaciones Arocagua y Cala Cala.
2008-01-20,Desconexión automática de carga,Cochabamba,ELFEC,D,19:51,20:27,51.4,Activación protección de sobrecorriente de la línea RUR-VHE115.
2008-01-23,Desconexión de carga,La Paz,ELECTROPAZ,D,17:54,18:02,29.8,Desconexión de la línea en 115 kV KEN-TCH y TCH-PIC.
2008-01-25,Desconnexión de carga,La Paz,ELECTROPAZ,0.825,20:03,00:00,10.8,Desconexión de la linea en 69 kV Kenko -Tembladerani
2008-02-07,Activación del EDAC,Potosí,MSCR,CNR,04:14,04:16,1.0,Desconexión de la unidad generadora YAN
2008-02-07,Activación del EDAC,Potosí,SEPSA,D,04:14,04:18,1.5,Desconexión de la unidad generadora YAN
2008-02-08,Activación del EDAC,Potosí,SEPSA,D,07:33,07:47,1.8,Desconexión de la unidad generadora YAN
2008-02-10,Desconexión de carga,Potosí,MSCR,CNR,14:33,14:40,40.0,Desconexión de la línea de transmisión en 230 kV PUN-SCR
2008-03-01,Activación del EDAC.,La Paz,ELECROPAZ,D,15:13,15:16,4.0,Desconexióno de la unidad generadora GCH11.
2008-03-01,Activación del EDAC.,Potosí,MSCR,CNR,15:13,15:16,0.5,Desconexióno de la unidad generadora GCH11.
2008-03-01,Activación del EDAC.,Oruro,C. M. Vinto,CNR,15:13,15:20,1.2,Desconexióno de la unidad generadora GCH11.
2008-03-01,Activación del EDAC.,Cochabamba,COBOCE,CNR,15:13,15:22,0.67,Desconexióno de la unidad generadora GCH11.
2008-03-01,Activación del EDAC.,Oruro,ELFEO,D,15:13,15:28,2.2,Desconexióno de la unidad generadora GCH11.
2008-03-01,Activación del EDAC.,Sucre,CESSA,D,15:13,15:30,8.3,Desconexióno de la unidad generadora GCH11.
2008-03-01,Activación del EDAC.,Santa Cruz,CRE,D,15:13,15:36,13.18,Desconexióno de la unidad generadora GCH11.
2008-03-01,Activación del EDAC.,Potosí,SEPSA,D,15:13,15:45,5.1,Desconexióno de la unidad generadora GCH11.
2008-03-01,Activación del EDAC.,Oruro,EMIRSA,CNR,15:13,15:45,0.6,Desconexióno de la unidad generadora GCH11.
2008-03-01,Activación del EDAC.,Cochabamba,ELFEC,D,15:13,15:54,2.0,Desconexióno de la unidad generadora GCH11.
2008-03-24,Desconexión manual de carga,Oruro,ELFEO,D,19:08,19:15,18.0,Desconexión líneas en 69 kV Vinto - Tesa y Catavi - Cuadro Siglo.
2008-03-26,Desconexión de carga,Santa Cruz,CRE,D,11:36,11:59,38.6,Desconexión de la línea en 69 kV Guaracachi - Montero
2008-03-27,Descconexión de carga,Ccochabamba,ELFEC,D,14:20,14:53,12.7,Desconexión de la línea en 115 kV Arocagua - Cala Cala
2008-03-29,Activación del EDAC,Santa Cruz,CRE,D,01:12,01:13,1.17,Desconexión de la línea en 115 kV Tiquimani-Huaji y unidades de generación del Valle de Zongo
2008-03-29,Activación del EDAC,Cochabamba,ELFEC,D,01:12,01:19,3.9,Desconexión de la línea en 115 kV Tiquimani-Huaji y unidades de generación del Valle de Zongo
2008-03-29,Activación del EDAC,Oruro,ELFEO,D,01:12,01:23,2.5,Desconexión de la línea en 115 kV Tiquimani-Huaji y unidades de generación del Valle de Zongo
2008-03-29,Activación del EDAC,Potosí,SEPSA,D,01:12,01:25,1.75,Desconexión de la línea en 115 kV Tiquimani-Huaji y unidades de generación del Valle de Zongo
2008-03-29,Activación del EDAC,Oruro,EMIRSA,CNR,01:12,01:29,0.4,Desconexión de la línea en 115 kV Tiquimani-Huaji y unidades de generación del Valle de Zongo
2008-04-05,Activación del EDAC,Potosí,SEPSA,D,02:22,02:24,1.5,Desconexión de la unidad generadora YAN
2008-04-20,Desconexión de carga,La Paz,ELECTROPAZ,D,12:51,13:12,5.0,Desconexión línea en 69 kV Kenko - Tarapaca -Tembladerani
2008-04-29,Colapso de la ciudad de Oruro,Oruro,ELFEO,D,03:30,08:10,30.0,"Desconexión de las líneas en 69 kV Vinto-Huayñacota, Vinto-Sud y Cuadro Siglo - Sud."
2008-04-29,Activación del EDAC.,Potosí,SEPSA,D,16:26,16:33,3.4,Desconexión de las líneas en 230 kV Carrasco - Santivañez y Carrasco - San José.
2008-04-29,Activación del EDAC.,Sucre,CESSA,D,16:26,16:35,5.3,Desconexión de las líneas en 230 kV Carrasco - Santivañez y Carrasco - San José.
2008-04-29,Activación del EDAC.,Cochabamba,ELFEC,D,16:26,16:35,24.4,Desconexión de las líneas en 230 kV Carrasco - Santivañez y Carrasco - San José.
2008-04-29,Activación del EDAC.,Oruro,ELFEO,D,16:26,16:37,6.6,Desconexión de las líneas en 230 kV Carrasco - Santivañez y Carrasco - San José.
2008-04-29,Activación del EDAC.,Oruro,C. M. Vinto,CNR,16:26,16:40,0.6,Desconexión de las líneas en 230 kV Carrasco - Santivañez y Carrasco - San José.
2008-04-29,Activación del EDAC.,La Paz,ELECTROPAZ,D,16:26,16:49,49.9,Desconexión de las líneas en 230 kV Carrasco - Santivañez y Carrasco - San José.
2008-04-29,Activación del EDAC.,Potosí,MSCR,CNR,16:26,16:52,33.0,Desconexión de las líneas en 230 kV Carrasco - Santivañez y Carrasco - San José.
2008-04-29,Activación del EDAC.,Cochabamba,COBOCE,CNR,16:26,17:06,1.5,Desconexión de las líneas en 230 kV Carrasco - Santivañez y Carrasco - San José.
2008-04-29,Activación del EDAC.,Oruro,EMIRSA,CNR,16:26,17:30,0.9,Desconexión de las líneas en 230 kV Carrasco - Santivañez y Carrasco - San José.
2008-05-03,Activaciòn del EDAC.,Potosí,MSCR,CNR,02:16,02:20,0.45,Desconexión de la unidad generadora GCH09.
2008-05-03,Activaciòn del EDAC.,Oruro,ELFEO,D,02:16,02:22,1.0,Desconexión de la unidad generadora GCH09.
2008-05-03,Activaciòn del EDAC.,Santa Cruz,CRE,D,02:16,02:22,1.9,Desconexión de la unidad generadora GCH09.
2008-05-03,Activaciòn del EDAC.,La Paz,ELECTROPAZ,D,02:16,02:23,2.3,Desconexión de la unidad generadora GCH09.
2008-05-03,Activaciòn del EDAC.,Cochabamba,ELFEC,D,02:16,02:23,3.1,Desconexión de la unidad generadora GCH09.
2008-05-03,Activaciòn del EDAC.,Potosí,SEPSA,D,02:16,02:26,1.65,Desconexión de la unidad generadora GCH09.
2008-05-03,Activaciòn del EDAC.,Cochabamba,COBOCE,CNR,02:16,02:29,0.67,Desconexión de la unidad generadora GCH09.
2008-05-03,Activaciòn del EDAC.,Oruro,C.M.Vinto,CNR,02:16,02:30,0.4,Desconexión de la unidad generadora GCH09.
2008-05-03,Activaciòn del EDAC.,Oruro,EMIRSA,CNR,02:16,02:50,0.6,Desconexión de la unidad generadora GCH09.
2008-05-03,Activaciòn del EDAC.,Potosí,SEPSA,D,23:00,23:04,2.2,Desconexión de la unidad generadora GCH09.
2008-05-06,Retiro manual de carga,Oruro,ELFEO,D,19:03,19:20,14.3,Regulación de tensión en el área ante la desconexión de las línea VIN-TESA y CAT-CSG
2008-05-06,Retiro manual de carga,Oruro,ELFEO,D,19:12,19:21,7.8,Regulación de tensión en el área ante la desconexión de las línea VIN-TESA y CAT-CSG
2008-05-06,Retiro manual de carga,Oruro,ELFEO,D,19:15,19:25,3.5,Regulación de tensión en el área ante la desconexión de las línea VIN-TESA y CAT-CSG
2008-05-07,Desconexión manual de carga,Oruro,ELFEO,D,18:36,18:46,7.0,Regulación de tensión en el área ante la desconexión de las líneas VIN-TESA y CAT-CSG
2008-05-07,Desconexión manual de carga,Oruro,ELFEO,D,18:37,18:42,13.5,Regulación de tensión en el área ante la desconexión de las líneas VIN-TESA y CAT-CSG
2008-05-07,Desconexión manual de carga,Oruro,ELFEO,D,18:39,18:50,4.7,Regulación de tensión en el área ante la desconexión de las líneas VIN-TESA y CAT-CSG
2008-05-08,Desconexión de carga,Santa Cruz,CRE,D,10:49,11:18,25.2,Desconexión de la línea en 69 kV Guaracachi - Montero
2008-05-27,Desconexión de carga,Santa Cruz,CRE,D,14:56,15:05,30.7,Desconexión de la línea en 69 kV Guaracachi - Montero
2008-07-13,Desconexión de Carga,SANTA CRUZ,CRE,D,11:11,11:28,19.4,Desconexión de la línea en 69 kV GCH-MON y de la unidad generadora GBE01
2008-07-30,Colapso total,POTOSI,SEPSA,D,16:05,16:12,17.1,Desconexión de la línea en 69 kV POT-VEL.
2008-08-12,Desconexión de Carga,COCHABAMBA,ELFEC,D,17:03,17:14,51.2,Desconexión de las líneas en 115 kV Arocagua-Cala Cala y Arocagua-Central.
2008-08-12,Desconexión de Carga,POTOSI,MSCR,CNR,17:03,17:21,33.7,Perturbación de tensión y frecuencia en el SIN.
2008-08-24,Desconexión de Carga Manual,ORURO,ELFEO,D,13:34,13:49,14.0,Desconexión de la línea de transmisión en 69 kV Vinto - Tesa
2008-08-27,Desconexión del EDAC,SANTA CRUZ,CRE,D,13:51,13:59,12.0,Desconexión de la unidad GCH11.
2008-08-27,Desconexión del EDAC,ORURO,EMIRSA,CNR,13:51,14:04,0.39,Desconexión de la unidad GCH11.
2008-09-19,"Regulación de voltaje, 68 kV en KEN",La Paz,ELECTROPAZ,D,19:05,20:00,10.0,Indisponibilidad de CHJ.
2008-09-28,Desconexión del EDAC,LA PAZ,ELFEO,D,16:51,16:56,3.3,Disparo de la unidad CAR02
2008-09-28,Desconexión de Carga,ORURO,ELFEO,D,16:53,17:04,10.2,Desconexión de las líneas HUY-VIN069 y HUY-SUD069
2008-10-02,Desconexión de Carga,SANTA CRUZ,CRE,D,08:58,09:06,52.5,Desconexión de la subestación Feria Exposición
2008-10-02,Desconexión de Carga,LA PAZ,ELECTROPAZ,D,10:51,11:10,177.9,Desconexión de la línea en 115 kV Kenko - Mazocruz
2008-10-04,Desconexión de Carga,POTOSI,MSCR,CNR,16:35,16:47,47.94,No determinada.
2008-10-05,Desconexión de Carga,SUCRE,CESSA,D,01:34,01:43,5.6,Descargas atmosféricas.
2008-11-24,Desconexión de Carga,SANTA CRUZ,CRE,D,15:13,15:49,39.0,Desconexión del transformador en Feria Exposición
2008-11-28,Desconexión de Carga,LA PAZ,ELECTROPAZ,D,14:29,14:32,34.6,Desconexión de la línea en 115 kV KEN-TCH.
2008-11-28,Desconexión de Carga Manual,LA PAZ,ELECTROPAZ,D,15:14,15:31,5.4,Maniobras para la apertura de la línea en falla COT-BOL115
2008-11-28,Desconexión de Carga Manual,LA PAZ,ELECTROPAZ,D,16:11,16:21,15.2,Maniobras para el cierre de la línea en 115 kV TIQ-TCH por confiabilidad
2008-11-28,Desconexión de Carga Manual,LA PAZ,ELECTROPAZ,D,18:55,19:07,12.7,Maniobras para la restitución de la línea COT-BOL115
2008-12-06,Desconexión del EDAC,SUCRE,CESSA,D,08:21,08:24,1.6,Desconexión de CAR02 con 47 MW
2008-12-06,Desconexión del EDAC,LA PAZ,ELECTROPAZ,D,08:21,08:25,3.8,Desconexión de CAR02 con 47 MW
2008-12-06,Desconexión del EDAC,COCHABAMBA,MSCR,CNR,08:21,08:26,1.6,Desconexión de CAR02 con 47 MW
2008-12-06,Desconexión del EDAC,POTOSI,MSCR,CNR,08:21,08:28,0.74,Desconexión de CAR02 con 47 MW
2008-12-06,Desconexión del EDAC,SANTA CRUZ,IAGSA,CNR,08:21,08:28,1.6,Desconexión de CAR02 con 47 MW
2008-12-06,Desconexión del EDAC,SANTA CRUZ,CRE,D,08:21,08:31,11.08,Desconexión de CAR02 con 47 MW
2008-12-06,Desconexión del EDAC,ORURO,ELFEO,D,08:21,08:31,1.5,Desconexión de CAR02 con 47 MW
2008-12-06,Desconexión del EDAC,ORURO,EMIRSA,CNR,08:21,09:00,0.6,Desconexión de CAR02 con 47 MW
2008-12-07,Desconexión del EDAC,SANTA CRUZ,IAGSA,CNR,12:08,12:13,1.71,Desconexión de GCH10 y CAR02
2008-12-07,Desconexión del EDAC,COCHABAMBA,ELFEC,D,12:08,12:16,5.1,Desconexión de GCH10 y CAR02
2008-12-07,Desconexión del EDAC,LA PAZ,ELECTROPAZ,D,12:08,12:18,8.8,Desconexión de GCH10 y CAR02
2008-12-07,Desconexión del EDAC,SUCRE,CESSA,D,12:08,12:18,1.3,Desconexión de GCH10 y CAR02
2008-12-07,Desconexión del EDAC,ORURO,ELFEO,D,12:08,12:20,1.6,Desconexión de GCH10 y CAR02
2008-12-07,Desconexión del EDAC,ORURO,CMVINTO,CNR,12:08,12:20,2.0,Desconexión de GCH10 y CAR02
2008-12-07,Desconexión del EDAC,SANTA CRUZ,CRE,D,12:08,12:24,17.8,Desconexión de GCH10 y CAR02
2008-12-07,Desconexión del EDAC,ORURO,EMIRSA,CNR,12:08,12:25,0.6,Desconexión de GCH10 y CAR02
2008-12-07,Desconexión del EDAC,POTOSI,MSCR,CNR,12:08,12:42,7.6,Desconexión de GCH10 y CAR02
2008-12-08,Desconexión del EDAC,COCHABAMBA,ELFEC,D,08:15,08:21,2.8,Desconexión de la unidad CAR02 con 47 MW.
2008-12-08,Desconexión del EDAC,COCHABAMBA,EMIRSA,CNR,08:15,08:21,2.8,Desconexión de la unidad CAR02 con 47 MW.
2008-12-08,Desconexión del EDAC,ORURO,ELFEO,D,08:15,08:23,1.6,Desconexión de la unidad CAR02 con 47 MW.
2008-12-08,Desconexión del EDAC,LA PAZ,ELECTROPAZ,D,08:15,08:24,4.3,Desconexión de la unidad CAR02 con 47 MW.
2008-12-08,Desconexión del EDAC,SANTA CRUZ,CRE,D,08:15,08:24,6.46,Desconexión de la unidad CAR02 con 47 MW.
2008-12-08,Desconexión del EDAC,SUCRE,CESSA,D,08:15,08:24,1.8,Desconexión de la unidad CAR02 con 47 MW.
2008-12-08,Desconexión del EDAC,SANTA CRUZ,IAGSA,CNR,08:15,08:24,1.71,Desconexión de la unidad CAR02 con 47 MW.
2008-12-08,Desconexión del EDAC,POTOSI,MSCR,CNR,08:15,08:25,0.8,Desconexión de la unidad CAR02 con 47 MW.
2008-12-08,Desconexión del EDAC,ORURO,EMIRSA,CNR,08:15,08:25,0.8,Desconexión de la unidad CAR02 con 47 MW.
2008-12-08,Desconexión del EDAC,COCHABAMBA,COBOCE,CNR,08:15,08:34,0.6,Desconexión de la unidad CAR02 con 47 MW.
2008-12-08,Desconexión del EDAC,ORURO,CMVINTO,CNR,08:15,12:20,1.8,Desconexión de la unidad CAR02 con 47 MW.
2008-12-23,Desconexión del EDAC,SUCRE,CESSA,D,03:27,03:30,0.9,Disparo de la unidad GCH10 (40 MW)
2008-12-23,Desconexión del EDAC,COCHABAMBA,COBOCE,CNR,03:27,03:30,0.6,Disparo de la unidad GCH10 (40 MW)
2008-12-23,Desconexión del EDAC,LA PAZ,ELECTROPAZ,D,03:27,03:31,2.4,Disparo de la unidad GCH10 (40 MW)
2008-12-23,Desconexión del EDAC,POTOSI,SEPSA,D,03:27,03:33,1.5,Disparo de la unidad GCH10 (40 MW)
2008-12-23,Desconexión del EDAC,POTOSI,MSCR,CNR,03:27,03:34,0.8,Disparo de la unidad GCH10 (40 MW)
2008-12-23,Desconexión del EDAC,COCHABAMBA,ELFEC,D,03:27,03:36,1.7,Disparo de la unidad GCH10 (40 MW)
2008-12-23,Desconexión del EDAC,SANTA CRUZ,CRE,D,03:27,03:41,4.44,Disparo de la unidad GCH10 (40 MW)
2008-12-23,Desconexión del EDAC,ORURO,EMIRSA,CNR,03:27,03:45,0.27,Disparo de la unidad GCH10 (40 MW)
2008-12-23,Desconexión del EDAC,ORURO,ELFEO,D,03:27,03:48,1.06,Disparo de la unidad GCH10 (40 MW)
2008-12-23,Desconexión del EDAC,ORURO,CMVINTO,CNR,03:27,03:49,0.8,Disparo de la unidad GCH10 (40 MW)
2008-12-29,Desconexión del EDAC,SUCRE,CESSA,D,16:55,16:57,1.9,Desconexión de la línea CAR-BUL230 con un flujo de 76 MW
2008-12-29,Desconexión del EDAC,COCHABAMBA,COBOCE,CNR,16:55,16:57,0.8,Desconexión de la línea CAR-BUL230 con un flujo de 76 MW
2008-12-29,Desconexión del EDAC,LA PAZ,ELECTROPAZ,D,16:55,17:00,3.9,Desconexión de la línea CAR-BUL230 con un flujo de 76 MW
2008-12-29,Desconexión del EDAC,SANTA CRUZ,CRE,D,16:55,17:00,12.0,Desconexión de la línea CAR-BUL230 con un flujo de 76 MW
2008-12-29,Desconexión del EDAC,POTOSI,MSCR,CNR,16:55,17:00,0.59,Desconexión de la línea CAR-BUL230 con un flujo de 76 MW
2008-12-29,Desconexión del EDAC,COCHABAMBA,ELFEC,D,16:55,17:00,1.9,Desconexión de la línea CAR-BUL230 con un flujo de 76 MW
2008-12-29,Desconexión del EDAC,ORURO,EMIRSA,CNR,16:55,17:02,0.8,Desconexión de la línea CAR-BUL230 con un flujo de 76 MW
2008-12-29,Desconexión del EDAC,ORURO,CMVINTO,CNR,16:55,17:02,1.8,Desconexión de la línea CAR-BUL230 con un flujo de 76 MW
2008-12-29,Desconexión del EDAC,ORURO,ELFEO,D,16:55,17:08,2.2,Desconexión de la línea CAR-BUL230 con un flujo de 76 MW
2009-01-14,Desconexión de Carga,POTOSI,MSCR,CNR,13:22,13:38,50.3,Desconexión de la línea en 230 kV Punutuma-San Cristobal.
2009-01-28,Desconexión de Carga,Oriental,CRE,D,15:32,15:37,43.1,Desconexión de la línea en 69 kV Feria Exposición-Cañoto.
2009-02-05,Desconexión del EDAC,COCHABAMBA,COBOCE,CNR,00:09,00:14,1.0,Desconexión de la línea TIQ-SAI115 y TIQ-CHU230 con 114.78 MW.
2009-02-05,Desconexión del EDAC,ORURO,ELFEO,D,00:09,00:15,4.5,Desconexión de la línea TIQ-SAI115 y TIQ-CHU230 con 114.78 MW.
2009-02-05,Desconexión del EDAC,COCHABAMBA,ELFEC,D,00:09,00:19,7.5,Desconexión de la línea TIQ-SAI115 y TIQ-CHU230 con 114.78 MW.
2009-02-05,Desconexión del EDAC,SUCRE,CESSA,D,00:09,00:20,2.5,Desconexión de la línea TIQ-SAI115 y TIQ-CHU230 con 114.78 MW.
2009-02-05,Desconexión del EDAC,POTOSI,SEPSA,D,00:09,00:20,2.0,Desconexión de la línea TIQ-SAI115 y TIQ-CHU230 con 114.78 MW.
2009-02-05,Desconexión del EDAC,ORURO,EMIRSA,CNR,00:09,00:20,0.2,Desconexión de la línea TIQ-SAI115 y TIQ-CHU230 con 114.78 MW.
2009-02-05,Desconexión del EDAC,LA PAZ,ELECTROPAZ,D,00:09,00:24,12.1,Desconexión de la línea TIQ-SAI115 y TIQ-CHU230 con 114.78 MW.
2009-02-05,Desconexión del EDAC,SANTA CRUZ,CRE,D,00:09,00:24,16.38,Desconexión de la línea TIQ-SAI115 y TIQ-CHU230 con 114.78 MW.
2009-02-05,Desconexión del EDAC,POTOSI,MSCR,CNR,00:09,01:09,32.93,Desconexión de la línea TIQ-SAI115 y TIQ-CHU230 con 114.78 MW.
2009-02-13,Desconexión del EDAC,COCHABAMBA,ELFEC,D,22:39,22:42,2.0,Desconexión de la unidad de YAN
2009-02-13,Desconexión del EDAC,COCHABAMBA,COBOCE,CNR,22:39,22:43,0.6,Desconexión de la unidad de YAN
2009-02-13,Desconexión del EDAC,POTOSI,MSCR,CNR,22:39,22:45,0.39,Desconexión de la unidad de YAN
2009-02-13,Desconexión del EDAC,LA PAZ,ELECTROPAZ,D,22:39,22:46,5.1,Desconexión de la unidad de YAN
2009-02-14,Desconexión del EDAC,POTOSI,SEPSA,D,20:45,20:47,3.9,Desconexión de la unidad CAR02.
2009-02-14,Desconexión del EDAC,LA PAZ,ELECTROPAZ,D,20:45,20:52,6.0,Desconexión de la unidad CAR02.
2009-02-14,Desconexión del EDAC,ORURO,ELFEO,D,20:45,20:52,2.0,Desconexión de la unidad CAR02.
2009-02-14,Desconexión del EDAC,SUCRE,CESSA,D,20:45,20:52,2.4,Desconexión de la unidad CAR02.
2009-02-14,Desconexión del EDAC,POTOSI,MSCR,,20:45,20:52,0.45,Desconexión de la unidad CAR02.
2009-02-14,Desconexión del EDAC,COCHABAMBA,ELFEC,D,20:45,20:54,6.1,Desconexión de la unidad CAR02.
2009-02-14,Desconexión del EDAC,SANTA CRUZ,CRE,D,20:45,20:57,21.0,Desconexión de la unidad CAR02.
2009-02-15,Desconexión de Carga Manual,SANTA CRUZ,CRE,D,03:32,08:43,0.65,"Trabajos programados de ISABOL y CRE, de acuerdo a Solicitud de Desconexión Nº GIO-27-09."
2009-02-15,Desconexión de Carga Manual,SANTA CRUZ,CRE,D,03:32,08:43,0.65,"Trabajos programados de ISABOL y CRE, de acuerdo a Solicitud de Desconexión Nº GIO-27-09."
2009-02-15,Desconexión de Carga Manual,SANTA CRUZ,CRE,D,03:53,08:43,0.7,"Trabajos programados de ISABOL y CRE, de acuerdo a Solicitud de Desconexión Nº GIO-27-09."
2009-02-15,Desconexión de Carga Manual,SANTA CRUZ,CRE,D,03:54,08:39,0.97,"Trabajos programados de ISABOL y CRE, de acuerdo a Solicitud de Desconexión Nº GIO-27-09."
2009-02-15,Desconexión de Carga Manual,SANTA CRUZ,CRE,D,03:54,08:43,1.5,"Trabajos programados de ISABOL y CRE, de acuerdo a Solicitud de Desconexión Nº GIO-27-09."
2009-02-15,Desconexión de Carga Manual,SANTA CRUZ,CRE,D,03:55,08:41,1.0,"Trabajos programados de ISABOL y CRE, de acuerdo a Solicitud de Desconexión Nº GIO-27-09."
2009-02-15,Desconexión de Carga Manual,SANTA CRUZ,CRE,D,04:56,05:36,1.6,Trabajos programados de CRE en barra en 69 kV de S/E GCH
2009-02-15,Desconexión de Carga Manual,SANTA CRUZ,CRE,D,04:56,05:36,1.6,Trabajos programados de CRE en barra en 69 kV de S/E GCH
2009-02-15,Desconexión de Carga Manual,SANTA CRUZ,CRE,D,04:57,05:19,0.8,Trabajos programados de CRE en barra en 69 kV de S/E GCH
2009-02-15,Desconexión de Carga Manual,SANTA CRUZ,CRE,D,04:57,05:19,0.8,Trabajos programados de CRE en barra en 69 kV de S/E GCH
2009-02-15,Desconexión de Carga Manual,SANTA CRUZ,CRE,D,04:57,05:37,0.9,Trabajos programados de CRE en barra en 69 kV de S/E GCH
2009-02-15,Desconexión de Carga Manual,SANTA CRUZ,CRE,D,04:57,05:37,1.0,Trabajos programados de CRE en barra en 69 kV de S/E GCH
2009-02-15,Desconexión de Carga Manual,SANTA CRUZ,CRE,D,04:58,05:54,1.2,Trabajos programados de CRE en barra en 69 kV de S/E GCH
2009-02-15,Desconexión de Carga Manual,SANTA CRUZ,CRE,D,04:58,05:54,1.3,Trabajos programados de CRE en barra en 69 kV de S/E GCH
2009-02-15,Desconexión de Carga Manual,SANTA CRUZ,CRE,D,04:59,06:01,1.8,Trabajos programados de CRE en barra en 69 kV de S/E GCH
2009-02-15,Desconexión de Carga Manual,SANTA CRUZ,CRE,D,04:59,06:09,3.9,Trabajos programados de CRE en barra en 69 kV de S/E GCH
2009-02-15,Desconexión de Carga Manual,SANTA CRUZ,CRE,D,04:59,06:15,6.1,Trabajos programados de CRE en barra en 69 kV de S/E GCH
2009-02-15,Desconexión de Carga Manual,SANTA CRUZ,CRE,D,05:02,05:15,1.9,Trabajos programados de CRE en barra en 69 kV de S/E GCH
2009-02-15,Desconexión de Carga Manual,SANTA CRUZ,CRE,D,05:02,05:24,2.0,Trabajos programados de CRE en barra en 69 kV de S/E GCH
2009-02-15,Desconexión de Carga Manual,SANTA CRUZ,CRE,D,05:03,05:25,6.36,Trabajos programados de CRE en barra en 69 kV de S/E GCH
2009-02-15,Desconexión de Carga Manual,SANTA CRUZ,CRE,D,05:03,05:34,2.7,Trabajos programados de CRE en barra en 69 kV de S/E GCH
2009-02-23,Desconexión del EDAC,SUCRE,CESSA,D,03:57,03:59,1.0,Perturbación brusca de frecuencia y voltaje en el SIN
2009-02-23,Desconexión del EDAC,ORURO,ELFEO,D,03:57,04:04,1.9,Perturbación brusca de frecuencia y voltaje en el SIN
2009-02-23,Desconexión del EDAC,SANTA CRUZ,CRE,D,03:57,04:04,14.06,Perturbación brusca de frecuencia y voltaje en el SIN
2009-02-23,Desconexión del EDAC,LA PAZ,ELECTROPAZ,D,03:57,04:10,2.6,Perturbación brusca de frecuencia y voltaje en el SIN
2009-02-23,Desconexión de carga,POTOSI,MSCR,CNR,03:57,04:26,23.9,Perturbación brusca de frecuencia y voltaje en el SIN
2009-02-23,Desconexión del EDAC,POTOSI,MSCR,CNR,03:57,04:28,8.2,Perturbación brusca de frecuencia y voltaje en el SIN
2009-03-06,Regulación de Voltaje,COCHABAMBA,ELFEC,D,19:16,20:00,0.7,Déficit de potencia en el SIN ante el disparo de la unidad YAN con 48 MW.
2009-03-06,Regulación de Voltaje,LA PAZ,ELECTROPAZ,D,19:18,20:05,7.0,Déficit de potencia en el SIN ante el disparo de la unidad YAN con 48 MW.
2009-03-06,Regulación de Voltaje,SANTA CRUZ,CRE,D,19:19,20:05,9.0,Déficit de potencia en el SIN ante el disparo de la unidad YAN con 48 MW.
2009-03-08,Desconexión del EDAC,SANTA CRUZ,CRE,D,04:09,04:27,3.2,Disparo de las unidades CHJ y YAN de HB con 72.6 MW.
2009-03-08,Desconexión del EDAC,POTOSI,MSCR,CNR,04:09,04:27,8.4,Disparo de las unidades CHJ y YAN de HB con 72.6 MW.
2009-03-08,Desconexión del EDAC,SUCRE,CESSA,D,04:10,04:30,1.2,Disparo de las unidades CHJ y YAN de HB con 72.6 MW.
2009-03-08,Desconexión de Carga Manual,SANTA CRUZ,CRE,D,05:21,05:46,1.67,Trabajos programados de CRE y EGSA en barra en 69 kV de S/E GCH.
2009-03-08,Desconexión de Carga Manual,SANTA CRUZ,CRE,D,05:22,05:43,1.41,Trabajos programados de CRE y EGSA en barra en 69 kV de S/E GCH.
2009-03-08,Desconexión de Carga Manual,SANTA CRUZ,CRE,D,05:22,05:46,3.46,Trabajos programados de CRE y EGSA en barra en 69 kV de S/E GCH.
2009-03-08,Desconexión de Carga Manual,SANTA CRUZ,CRE,D,05:22,06:07,1.07,Trabajos programados de CRE y EGSA en barra en 69 kV de S/E GCH.
2009-03-08,Desconexión de Carga Manual,SANTA CRUZ,CRE,D,05:22,06:08,1.23,Trabajos programados de CRE y EGSA en barra en 69 kV de S/E GCH.
2009-03-08,Desconexión de Carga Manual,SANTA CRUZ,CRE,D,05:23,06:08,3.17,Trabajos programados de CRE y EGSA en barra en 69 kV de S/E GCH.
2009-03-08,Desconexión de Carga Manual,SANTA CRUZ,CRE,D,05:23,06:08,3.17,Trabajos programados de CRE y EGSA en barra en 69 kV de S/E GCH.
2009-03-08,Desconexión de Carga Manual,SANTA CRUZ,CRE,D,05:23,06:08,3.17,Trabajos programados de CRE y EGSA en barra en 69 kV de S/E GCH.
2009-03-08,Desconexión de Carga Manual,SANTA CRUZ,CRE,D,05:23,06:13,1.21,Trabajos programados de CRE y EGSA en barra en 69 kV de S/E GCH.
2009-03-08,Desconexión de Carga Manual,SANTA CRUZ,CRE,D,05:23,06:13,1.03,Trabajos programados de CRE y EGSA en barra en 69 kV de S/E GCH.
2009-03-08,Desconexión de Carga Manual,SANTA CRUZ,CRE,D,05:23,06:57,1.1,Trabajos programados de CRE y EGSA en barra en 69 kV de S/E GCH.
2009-03-08,Desconexión de Carga Manual,SANTA CRUZ,CRE,D,05:24,06:11,1.3,Trabajos programados de CRE y EGSA en barra en 69 kV de S/E GCH.
2009-03-08,Desconexión de Carga Manual,SANTA CRUZ,CRE,D,05:24,06:13,2.52,Trabajos programados de CRE y EGSA en barra en 69 kV de S/E GCH.
2009-03-08,Desconexión de Carga Manual,SANTA CRUZ,CRE,D,05:24,06:20,2.07,Trabajos programados de CRE y EGSA en barra en 69 kV de S/E GCH.
2009-03-08,Desconexión de Carga Manual,SANTA CRUZ,CRE,D,05:24,06:57,2.07,Trabajos programados de CRE y EGSA en barra en 69 kV de S/E GCH.
2009-03-08,Desconexión de Carga Manual,SANTA CRUZ,CRE,D,05:25,06:59,4.17,Trabajos programados de CRE y EGSA en barra en 69 kV de S/E GCH.
2009-03-08,Desconexión de Carga Manual,SANTA CRUZ,CRE,D,05:25,07:08,3.96,Trabajos programados de CRE y EGSA en barra en 69 kV de S/E GCH.
2009-03-08,Desconexión de Carga Manual,SANTA CRUZ,CRE,D,05:28,05:36,1.23,Trabajos programados de CRE y EGSA en barra en 69 kV de S/E GCH.
2009-03-08,Desconexión de Carga Manual,SANTA CRUZ,CRE,D,05:28,05:37,0.63,Trabajos programados de CRE y EGSA en barra en 69 kV de S/E GCH.
2009-03-08,Desconexión de Carga Manual,SANTA CRUZ,CRE,D,05:28,05:37,0.9,Trabajos programados de CRE y EGSA en barra en 69 kV de S/E GCH.
2009-03-08,Desconexión de Carga Manual,SANTA CRUZ,CRE,D,05:28,05:42,0.69,Trabajos programados de CRE y EGSA en barra en 69 kV de S/E GCH.
2009-03-08,Desconexión de Carga Manual,SANTA CRUZ,CRE,D,05:29,05:37,0.79,Trabajos programados de CRE y EGSA en barra en 69 kV de S/E GCH.
2009-03-08,Desconexión de Carga Manual,SANTA CRUZ,CRE,D,06:53,10:26,3.66,Trabajos programados de CRE y EGSA en barra en 69 kV de S/E GCH.
2009-03-08,Desconexión de Carga Manual,SANTA CRUZ,CRE,D,06:56,10:26,1.2,Trabajos programados de CRE y EGSA en barra en 69 kV de S/E GCH.
2009-03-08,Desconexión de Carga Manual,SANTA CRUZ,CRE,D,06:57,10:26,0.9,Trabajos programados de CRE y EGSA en barra en 69 kV de S/E GCH.
2009-03-08,Desconexión de Carga Manual,SANTA CRUZ,CRE,D,06:58,10:27,1.72,Trabajos programados de CRE y EGSA en barra en 69 kV de S/E GCH.
2009-03-08,Desconexión de Carga Manual,SANTA CRUZ,CRE,D,06:58,10:27,1.42,Trabajos programados de CRE y EGSA en barra en 69 kV de S/E GCH.
2009-03-08,Desconexión de Carga Manual,SANTA CRUZ,CRE,D,07:00,10:29,2.15,Trabajos programados de CRE y EGSA en barra en 69 kV de S/E GCH.
2009-03-08,Desconexión de Carga Manual,SANTA CRUZ,CRE,D,07:02,10:29,2.24,Trabajos programados de CRE y EGSA en barra en 69 kV de S/E GCH.
2009-03-08,Desconexión de Carga Manual,SANTA CRUZ,CRE,D,07:03,10:14,3.1,Trabajos programados de CRE y EGSA en barra en 69 kV de S/E GCH.
2009-03-08,Desconexión de Carga Manual,SANTA CRUZ,CRE,D,07:03,10:14,3.1,Trabajos programados de CRE y EGSA en barra en 69 kV de S/E GCH.
2009-03-08,Desconexión de Carga Manual,SANTA CRUZ,CRE,D,07:03,10:31,1.76,Trabajos programados de CRE y EGSA en barra en 69 kV de S/E GCH.
2009-03-08,Desconexión de Carga Manual,SANTA CRUZ,CRE,D,07:05,10:30,1.16,Trabajos programados de CRE y EGSA en barra en 69 kV de S/E GCH.
2009-03-08,Desconexión de Carga Manual,SANTA CRUZ,CRE,D,07:07,10:32,4.35,Trabajos programados de CRE y EGSA en barra en 69 kV de S/E GCH.
2009-03-08,Desconexión de Carga Manual,SANTA CRUZ,CRE,D,07:42,10:30,1.07,Trabajos programados de CRE y EGSA en barra en 69 kV de S/E GCH.
2009-03-08,Desconexión de Carga Manual,SANTA CRUZ,CRE,D,08:00,10:35,0.43,Trabajos programados de CRE y EGSA en barra en 69 kV de S/E GCH.
2009-03-08,Desconexión de Carga Manual,SANTA CRUZ,CRE,D,08:01,10:35,2.58,Trabajos programados de CRE y EGSA en barra en 69 kV de S/E GCH.
2009-03-08,Desconexión de Carga Manual,SANTA CRUZ,CRE,D,08:17,10:10,1.46,Trabajos programados de CRE y EGSA en barra en 69 kV de S/E GCH.
2009-03-08,Desconexión de Carga Manual,SANTA CRUZ,CRE,D,08:17,10:35,2.02,Trabajos programados de CRE y EGSA en barra en 69 kV de S/E GCH.
2009-03-08,Desconexión de Carga Manual,SANTA CRUZ,CRE,D,08:36,10:11,1.72,Trabajos programados de CRE y EGSA en barra en 69 kV de S/E GCH.
2009-03-08,Desconexión de Carga Manual,SANTA CRUZ,CRE,D,08:37,10:14,2.8,Trabajos programados de CRE y EGSA en barra en 69 kV de S/E GCH.
2009-03-08,Desconexión de Carga Manual,SANTA CRUZ,CRE,D,09:02,10:09,2.49,Trabajos programados de CRE y EGSA en barra en 69 kV de S/E GCH.
2009-03-08,Desconexión de Carga Manual,SANTA CRUZ,CRE,D,09:04,10:12,1.63,Trabajos programados de CRE y EGSA en barra en 69 kV de S/E GCH.
2009-03-08,Desconexión de Carga Manual,SANTA CRUZ,CRE,D,09:06,10:21,3.01,Trabajos programados de CRE y EGSA en barra en 69 kV de S/E GCH.
2009-03-08,Desconexión de Carga Manual,SANTA CRUZ,CRE,D,09:06,10:21,3.01,Trabajos programados de CRE y EGSA en barra en 69 kV de S/E GCH.
2009-03-30,Desconexión del EDAC,SUCRE,CESSA,D,01:31,01:38,1.1,Desconexión de la unidad generadora GCH11 (38 MW).
2009-03-30,Desconexión del EDAC,COCHABAMBA,COBOCE,CNR,01:31,01:39,0.5,Desconexión de la unidad generadora GCH11 (38 MW).
2009-03-30,Desconexión del EDAC,LA PAZ,ELECTROPAZ,D,01:31,01:40,2.5,Desconexión de la unidad generadora GCH11 (38 MW).
2009-03-30,Desconexión del EDAC,POTOSI,MSCR,CNR,01:31,01:40,0.8,Desconexión de la unidad generadora GCH11 (38 MW).
2009-03-30,Desconexión del EDAC,COCHABAMBA,ELFEC,D,01:31,01:42,1.8,Desconexión de la unidad generadora GCH11 (38 MW).
2009-03-30,Desconexión del EDAC,ORURO,ELFEO,D,01:31,01:45,1.0,Desconexión de la unidad generadora GCH11 (38 MW).
2009-03-30,Desconexión del EDAC,POTOSI,SEPSA,D,01:31,01:48,1.6,Desconexión de la unidad generadora GCH11 (38 MW).
2009-03-30,Desconexión del EDAC,SANTA CRUZ,CRE,D,01:31,01:49,1.4,Desconexión de la unidad generadora GCH11 (38 MW).
2009-03-30,Desconexión del EDAC,ORURO,CMVINTO,CNR,01:31,02:02,1.75,Desconexión de la unidad generadora GCH11 (38 MW).
2009-03-30,Desconexión del EDAC,ORURO,EMIRSA,CNR,01:31,02:20,0.83,Desconexión de la unidad generadora GCH11 (38 MW).
2009-03-30,Desconexión del EDAC,LA PAZ,CESSA,D,08:50,08:55,4.7,Desconexión de la unidad generadora GCH11 (54 MW).
2009-03-30,Desconexión del EDAC,COCHABAMBA,CESSA,D,08:50,08:55,1.5,Desconexión de la unidad generadora GCH11 (54 MW).
2009-03-30,Desconexión del EDAC,ORURO,ELFEO,D,08:50,08:56,1.7,Desconexión de la unidad generadora GCH11 (54 MW).
2009-03-30,Desconexión del EDAC,POTOSI,MSCR,CNR,08:50,08:56,0.65,Desconexión de la unidad generadora GCH11 (54 MW).
2009-03-30,Desconexión del EDAC,ORURO,CMVINTO,CNR,08:50,09:00,1.9,Desconexión de la unidad generadora GCH11 (54 MW).
2009-03-30,Desconexión del EDAC,COCHABAMBA,EMIRSA,CNR,08:50,09:00,0.67,Desconexión de la unidad generadora GCH11 (54 MW).
2009-04-07,Desconexión del EDAC,SUCRE,CESSA,D,18:57,18:59,2.9,Desconexión de la unidad BUL02 con 42.9 MW de carga.
2009-04-07,Desconexión del EDAC,POTOSI,SEPSA,D,18:57,19:00,4.0,Desconexión de la unidad BUL02 con 42.9 MW de carga.
2009-04-07,Desconexión del EDAC,COCHABAMBA,ELFEC,D,18:57,19:00,3.0,Desconexión de la unidad BUL02 con 42.9 MW de carga.
2009-04-07,Desconexión del EDAC,LA PAZ,ELECTROPAZ,D,18:57,19:01,4.8,Desconexión de la unidad BUL02 con 42.9 MW de carga.
2009-04-07,Desconexión del EDAC,ORURO,ELFEO,D,18:57,19:06,2.5,Desconexión de la unidad BUL02 con 42.9 MW de carga.
2009-04-07,Desconexión del EDAC,ORURO,CMVINTO,CNR,18:57,19:07,1.8,Desconexión de la unidad BUL02 con 42.9 MW de carga.
2009-04-07,Desconexión del EDAC,ORURO,EMIRSA,CNR,18:57,19:15,0.8,Desconexión de la unidad BUL02 con 42.9 MW de carga.
2009-04-07,Desconexión del EDAC,SANTA CRUZ,CRE,D,18:57,19:20,15.2,Desconexión de la unidad BUL02 con 42.9 MW de carga.
2009-04-07,Desconexión del EDAC,POTOSI,MSCR,CNR,18:57,19:27,8.0,Desconexión de la unidad BUL02 con 42.9 MW de carga.
2009-04-07,Desconexión del EDAC,COCHABAMBA,COBOCE,CNR,18:57,20:56,0.7,Desconexión de la unidad BUL02 con 42.9 MW de carga.
2009-04-07,Regulación de Voltaje,SANTA CRUZ,CRE,D,19:04,19:29,2.0,Déficit de potencia en el Sistema ante el disparo de las unidades YAN y BUL02
2009-04-07,Regulación de Voltaje,LA PAZ,ELECTROPAZ,D,19:04,19:30,6.0,Déficit de potencia en el Sistema ante el disparo de las unidades YAN y BUL02
2009-04-07,Regulación de Voltaje,COCHABAMBA,ELFEC,D,19:06,19:27,0.5,Déficit de potencia en el Sistema ante el disparo de las unidades YAN y BUL02
2009-04-16,Desconexión del EDAC,POTOSI,MSCR,CNR,03:38,03:43,0.74,Desconexión de las unidades BUL01 y BUL02
2009-04-23,Desconexión de Carga,POTOSI,MSCR,CNR,13:42,14:16,35.6,Desconexión de la línea PUN-SCR230
2009-05-18,Desconexión de Carga,POTOSI,SEPSA,D,19:53,19:57,13.8,Reconexión automática de la línea POT-VEL069
2009-05-20,Desconexión de Carga,POTOSI,SEPSA,D,18:29,18:35,14.2,Reconexión automática de la línea POT-VEL069
2009-05-21,Desconexión del EDAC,SUCRE,CESSA,D,15:30,15:31,2.2,Disparo de las unidades BUL01 y BUL02.
2009-05-21,Desconexión del EDAC,COCHABAMBA,ELFEC,D,15:30,15:33,1.7,Disparo de las unidades BUL01 y BUL02.
2009-05-21,Desconexión del EDAC,LA PAZ,ELECTROPAZ,D,15:30,15:34,3.9,Disparo de las unidades BUL01 y BUL02.
2009-05-21,Desconexión del EDAC,POTOSI,SEPSA,D,15:30,15:35,2.2,Disparo de las unidades BUL01 y BUL02.
2009-05-21,Desconexión del EDAC,ORURO,CMVINTO,CNR,15:30,15:35,1.9,Disparo de las unidades BUL01 y BUL02.
2009-05-21,Desconexión del EDAC,POTOSI,MSCR,CNR,15:30,15:37,10.0,Disparo de las unidades BUL01 y BUL02.
2009-05-21,Desconexión del EDAC,SANTA CRUZ,CRE,D,15:30,15:38,10.68,Disparo de las unidades BUL01 y BUL02.
2009-05-21,Desconexión del EDAC,ORURO,ELFEO,D,15:30,15:41,2.8,Disparo de las unidades BUL01 y BUL02.
2009-05-21,Desconexión del EDAC,ORURO,EMIRSA,CNR,15:30,15:45,0.4,Disparo de las unidades BUL01 y BUL02.
2009-05-21,Desconexión del EDAC,COCHABAMBA,COBOCE,CNR,15:30,16:13,1.0,Disparo de las unidades BUL01 y BUL02.
2009-05-21,Regulación de Voltaje,LA PAZ,ELECTROPAZ,D,18:03,20:46,6.0,Déficit de potencia en el Sistema.
2009-05-21,Regulación de Voltaje,COCHABAMBA,ELFEC,D,18:03,20:47,2.6,Déficit de potencia en el Sistema.
2009-05-21,Regulación de Voltaje,SANTA CRUZ,CRE,D,18:04,20:48,3.0,Déficit de potencia en el Sistema.
2009-05-21,Desconexión de Carga Manual,LA PAZ,ELECTROPAZ,D,18:17,18:50,10.9,Déficit de potencia en el Sistema.
2009-05-21,Desconexión de Carga Manual,SANTA CRUZ,CRE,D,18:18,18:51,13.6,Déficit de potencia en el Sistema.
2009-05-21,Desconexión de Carga Manual,COCHABAMBA,ELFEC,D,18:18,18:53,6.7,Déficit de potencia en el Sistema.
2009-05-21,Desconexión de Carga Manual,ORURO,ELFEO,D,18:19,18:51,2.8,Déficit de potencia en el Sistema.
2009-05-21,Desconexión de Carga Manual,SUCRE,CESSA,D,18:19,18:52,1.3,Déficit de potencia en el Sistema.
2009-05-21,Desconexión de Carga Manual,POTOSI,SEPSA,D,18:20,18:52,2.0,Déficit de potencia en el Sistema.
2009-05-21,Desconexión de Carga Manual,POTOSI,MSCR,CNR,18:20,18:55,2.2,Déficit de potencia en el Sistema.
2009-05-21,Desconexión de Carga Manual,COCHABAMBA,COBOCE,CNR,18:37,18:53,0.2,Déficit de potencia en el Sistema.
2009-05-21,Desconexión de Carga Manual,ORURO,CMVINTO,CNR,18:43,18:54,0.2,Déficit de potencia en el Sistema.
2009-05-21,Desconexión de Carga Manual,ORURO,EMIRSA,CNR,18:45,18:57,0.1,Déficit de potencia en el Sistema.
2009-06-16,Desconexión de Carga,POTOSI,MSCR,CNR,07:21,07:37,4.0,Operación sistema interdisparos en S/E SUC.
2009-06-16,Desconexión de Carga,POTOSI,SEPSA,D,07:21,08:39,7.7,Operación sistema interdisparos en S/E SUC.
2009-06-19,Regulación de Voltaje,COCHABAMBA,ELFEC,D,13:22,18:00,3.0,Déficit de generación en el Sistema.
2009-06-19,Regulación de Voltaje,SANTA CRUZ,CRE,D,13:30,18:00,6.0,Déficit de generación en el Sistema.
2009-06-19,Regulación de Voltaje,LA PAZ,ELECTROPAZ,D,13:40,18:00,5.0,Déficit de generación en el Sistema.
2009-06-19,Regulación de Voltaje,COCHABAMBA,ELFEC,D,18:01,22:25,4.4,Déficit de generación en el Sistema.
2009-06-19,Regulación de Voltaje,LA PAZ,ELECTROPAZ,D,18:01,22:25,10.0,Déficit de generación en el Sistema.
2009-06-19,Regulación de Voltaje,SANTA CRUZ,CRE,D,18:01,22:26,9.0,Déficit de generación en el Sistema.
2009-06-19,Regulación de Voltaje,COCHABAMBA,ELFEC,D,22:25,22:42,2.0,Déficit de generación en el Sistema.
2009-06-19,Regulación de Voltaje,SANTA CRUZ,CRE,D,22:26,22:35,4.5,Déficit de generación en el Sistema.
2009-06-29,Regulación de Voltaje,LA PAZ,ELECTROPAZ,D,14:26,16:43,3.0,Déficit de potencia de generación en el SIN.
2009-06-29,Regulación de Voltaje,COCHABAMBA,ELFEC,D,14:29,16:43,3.0,Déficit de potencia de generación en el SIN.
2009-06-29,Regulación de Voltaje,SANTA CRUZ,CRE,D,14:34,16:45,1.0,Déficit de potencia de generación en el SIN.
2009-07-11,Desconexión de Carga,LA PAZ,ELECTROPAZ,D,17:14,17:55,30.8,Desconexión de la línea en 115 kV Kenko - Tap Chuquiaguillo.
2009-07-15,Desconexión de Carga,POTOSI,SEPSA,D,12:57,13:02,2.9,Desconexión de la línea PUH-PUN069
2009-07-15,Desconexión de Carga,POTOSI,MSCR,CNR,12:57,13:02,46.39,Perturbación transitoria de tensión
2009-07-20,Desconexión del EDAC,POTOSI,SEPSA,D,14:09,14:21,3.9,"Desconexión de las unidades CAR01, 02 y BUL01, 02 ante la desenergización de la barra en 230 kV en S/E CAR."
2009-07-20,Desconexión del EDAC,SUCRE,CESSA,D,14:09,14:23,6.4,"Desconexión de las unidades CAR01, 02 y BUL01, 02 ante la desenergización de la barra en 230 kV en S/E CAR."
2009-07-20,Desconexión del EDAC,ORURO,EMIRSA,CNR,14:09,16:00,1.0,"Desconexión de las unidades CAR01, 02 y BUL01, 02 ante la desenergización de la barra en 230 kV en S/E CAR."
2009-07-20,Desconexión del EDAC,ORURO,CMVINTO,CNR,14:09,16:00,1.0,"Desconexión de las unidades CAR01, 02 y BUL01, 02 ante la desenergización de la barra en 230 kV en S/E CAR."
2009-07-20,Desconexión del EDAC,COCHABAMBA,COBOCE,CNR,14:09,16:00,1.0,"Desconexión de las unidades CAR01, 02 y BUL01, 02 ante la desenergización de la barra en 230 kV en S/E CAR."
2009-07-20,Desconexión del EDAC,COCHABAMBA,ELFEC,D,14:09,16:02,18.6,"Desconexión de las unidades CAR01, 02 y BUL01, 02 ante la desenergización de la barra en 230 kV en S/E CAR."
2009-07-20,Desconexión del EDAC,POTOSI,MSCR,CNR,14:09,16:04,31.7,"Desconexión de las unidades CAR01, 02 y BUL01, 02 ante la desenergización de la barra en 230 kV en S/E CAR."
2009-07-20,Desconexión del EDAC,SANTA CRUZ,CRE,D,14:09,16:05,22.4,"Desconexión de las unidades CAR01, 02 y BUL01, 02 ante la desenergización de la barra en 230 kV en S/E CAR."
2009-07-20,Desconexión del EDAC,LA PAZ,ELECTROPAZ,D,14:09,16:05,36.3,"Desconexión de las unidades CAR01, 02 y BUL01, 02 ante la desenergización de la barra en 230 kV en S/E CAR."
2009-07-20,Desconexión del EDAC,ORURO,ELFEO,D,14:09,16:12,7.0,"Desconexión de las unidades CAR01, 02 y BUL01, 02 ante la desenergización de la barra en 230 kV en S/E CAR."
2009-07-20,Desconexión del EDAC,SANTA CRUZ,CRE,D,14:17,16:05,28.0,Parada de emergencia de la unidad GCH04 en circunstancias en que el área Oriental se encontraba aislada.
2009-07-20,Regulación de Voltaje,LA PAZ,ELECTROPAZ,D,14:53,16:05,8.0,"Déficit de potencia en el Sistema por indisponibilidad de las unidades CAR01, CAR02, BUL01 y BUL02."
2009-07-20,Regulación de Voltaje,SANTA CRUZ,CRE,D,14:56,16:06,3.5,"Déficit de potencia en el Sistema por indisponibilidad de las unidades CAR01, CAR02, BUL01 y BUL02."
2009-07-26,Desconexión de Carga,POTOSI,SEPSA,D,03:15,03:43,11.4,Desconexión de la línea en 69 kV Potosí - Velarde.
2009-07-26,Desconexión de Carga,ORURO,ELFEO,D,20:19,20:45,15.1,Desconexión de la línea en 69 kV Huayñacota-Sud.
2009-08-03,Desconexión de Carga,COCHABAMBA,ELFEC,D,14:57,15:29,13.1,Desconexión de la línea ALA-RUR115
2009-08-15,Desconexión de Carga,COCHABAMBA,ELFEC,D,07:57,08:11,70.1,"Desconexión de las líneas ARO-VHE115, COR-SIS115, SIS-SJO115 y unidades de Central SIS."
2009-08-15,Desconexión del EDAC,SUCRE,CESSA,D,07:57,08:16,1.3,"Desconexión de las líneas ARO-VHE115, COR-SIS115, SIS-SJO115 y unidades de Central SIS."
2009-08-15,Desconexión de Carga,COCHABAMBA,COBOCE,CNR,08:07,08:20,0.3,Perturbación transitoria de tensión en el Sistema
2009-08-15,Desconexión de Carga,COCHABAMBA,MSCR,CNR,08:07,08:27,22.2,Perturbación transitoria de tensión en el Sistema
2009-08-24,Desconexión de Carga,POTOSI,SEPSA,D,02:29,04:18,13.98,Desconexión de la línea en 69 kV Potosí - Velarde.
2009-08-25,Desconexión de Carga,COCHABAMBA,ELFEC,D,09:08,11:25,21.0,Desconexión de la línea CEN-QUI115
2009-08-28,Desconexión del EDAC,POTOSI,MSCR,CNR,13:49,13:54,0.7,Desconexión de la unidad generadora GCH11.
2009-08-28,Desconexión del EDAC,SUCRE,CESSA,D,13:49,13:56,2.1,Desconexión de la unidad generadora GCH11.
2009-08-28,Desconexión del EDAC,ORURO,CMVINTO,CNR,13:49,13:59,2.1,Desconexión de la unidad generadora GCH11.
2009-08-28,Desconexión del EDAC,SANTA CRUZ,CRE,D,13:49,14:10,13.9,Desconexión de la unidad generadora GCH11.
2009-08-28,Desconexión del EDAC,COCHABAMBA,ELFEC,D,13:49,14:12,2.3,Desconexión de la unidad generadora GCH11.
2009-08-28,Desconexión del EDAC,ORURO,EMIRSA,CNR,13:49,14:15,0.8,Desconexión de la unidad generadora GCH11.
2009-08-28,Desconexión del EDAC,POTOSI,SEPSA,D,13:49,14:25,2.2,Desconexión de la unidad generadora GCH11.
2009-08-28,Desconexión del EDAC,LA PAZ,ELECTROPAZ,D,13:49,14:25,3.2,Desconexión de la unidad generadora GCH11.
2009-08-28,Desconexión del EDAC,COCHABAMBA,COBOCE,CNR,13:49,14:35,4.0,Desconexión de la unidad generadora GCH11.
2009-08-28,Regulación de Voltaje,COCHABAMBA,ELFEC,D,14:03,16:30,2.8,Déficit de potencia en el Sistema ante la desconexión de la unidad GCH11
2009-08-28,Regulación de Voltaje,LA PAZ,ELECTROPAZ,D,14:04,16:31,2.0,Déficit de potencia en el Sistema ante la desconexión de la unidad GCH11
2009-08-28,Regulación de Voltaje,SANTA CRUZ,CRE,D,14:08,16:31,1.3,Déficit de potencia en el Sistema ante la desconexión de la unidad GCH11
2009-09-02,Regulación de Voltaje,LA PAZ,ELECTROPAZ,D,09:14,12:00,4.0,Déficit de potencia en el SIN.
2009-09-02,Regulación de Voltaje,COCHABAMBA,ELFEC,D,09:14,12:00,3.0,Déficit de potencia en el SIN.
2009-09-02,Regulación de Voltaje,SANTA CRUZ,CRE,D,09:15,12:00,2.0,Déficit de potencia en el SIN.
2009-09-02,Desconexión de Carga,LA PAZ,ELECTROPAZ,D,13:49,14:04,30.2,Desconexión de la línea en 115 kV Kenko - Chuquiaquillo.
2009-09-03,Regulación de Voltaje,SANTA CRUZ,CRE,D,18:22,19:04,8.0,Déficit de potencia del SIN
2009-09-03,Regulación de Voltaje,LA PAZ,ELECTROPAZ,D,18:22,19:04,10.0,Déficit de potencia del SIN
2009-09-03,Regulación de Voltaje,COCHABAMBA,ELFEC,D,18:24,19:05,2.8,Déficit de potencia del SIN
2009-09-06,Desconexión del EDAC,SUCRE,CESSA,D,21:11,21:16,2.4,Desconexión de unidad generadora CAR01.
2009-09-06,Desconexión del EDAC,LA PAZ,ELECTROPAZ,D,21:11,21:16,6.2,Desconexión de unidad generadora CAR01.
2009-09-06,Desconexión del EDAC,POTOSI,MSCR,CNR,21:11,21:16,0.74,Desconexión de unidad generadora CAR01.
2009-09-06,Desconexión del EDAC,COCHABAMBA,ELFEC,D,21:11,21:17,4.4,Desconexión de unidad generadora CAR01.
2009-09-06,Desconexión del EDAC,ORURO,CMVINTO,CNR,21:11,21:22,1.9,Desconexión de unidad generadora CAR01.
2009-09-06,Desconexión del EDAC,SANTA CRUZ,CRE,D,21:11,21:23,14.3,Desconexión de unidad generadora CAR01.
2009-09-06,Desconexión del EDAC,ORURO,EMIRSA,CNR,21:11,21:25,0.8,Desconexión de unidad generadora CAR01.
2009-09-06,Desconexión del EDAC,ORURO,ELFEO,D,21:11,21:31,2.8,Desconexión de unidad generadora CAR01.
2009-09-06,Desconexión del EDAC,COCHABAMBA,COBOCE,CNR,21:11,21:35,0.4,Desconexión de unidad generadora CAR01.
2009-09-06,Regulación de Voltaje,LA PAZ,ELECTROPAZ,D,21:27,22:20,10.0,Déficit de potencia en el Sistema
2009-09-06,Regulación de Voltaje,SANTA CRUZ,CRE,D,21:29,22:20,10.0,Déficit de potencia en el Sistema
2009-09-06,Regulación de Voltaje,COCHABAMBA,ELFEC,D,21:30,22:13,3.0,Déficit de potencia en el Sistema
2009-09-07,Regulación de Voltaje,LA PAZ,ELECTROPAZ,D,13:57,22:16,8.0,Por déficit de generación del SIN.
2009-09-07,Regulación de Voltaje,COCHABAMBA,ELFEC,D,13:57,22:17,3.0,Por déficit de generación del SIN.
2009-09-07,Regulación de Voltaje,SANTA CRUZ,CRE,D,13:58,22:15,10.0,Por déficit de generación del SIN.
2009-09-16,Regulación de Voltaje,SANTA CRUZ,CRE,D,14:28,20:30,9.0,"Déficit de generación en el SIN, demanda mayor a la prevista."
2009-09-16,Regulación de Voltaje,LA PAZ,ELECTROPAZ,D,14:29,21:31,5.0,"Déficit de generación en el SIN, demanda mayor a la prevista."
2009-09-16,Regulación de Voltaje,COCHABAMBA,ELFEC,D,14:29,21:42,3.9,"Déficit de generación en el SIN, demanda mayor a la prevista."
2009-09-17,Regulación de Voltaje,COCHABAMBA,ELFEC,D,12:55,22:42,3.0,Por déficit de potencia del SIN.
2009-09-17,Regulación de Voltaje,LA PAZ,ELECTROPAZ,D,12:55,22:43,8.0,Por déficit de potencia del SIN.
2009-09-17,Regulación de Voltaje,SANTA CRUZ,CRE,D,12:55,22:43,8.0,Por déficit de potencia del SIN.
2009-09-18,Regulación de Voltaje,COCHABAMBA,ELFEC,D,14:13,22:05,4.0,Déficit de potencia en el Sistema.
2009-09-18,Regulación de Voltaje,LA PAZ,ELECTROPAZ,D,14:13,22:06,6.0,Déficit de potencia en el Sistema.
2009-09-18,Regulación de Voltaje,SANTA CRUZ,CRE,D,14:15,22:06,7.0,Déficit de potencia en el Sistema.
2009-09-21,Regulación de Voltaje,SANTA CRUZ,CRE,D,14:43,16:02,8.0,Por déficit de potencia en el Sistema.
2009-09-21,Regulación de Voltaje,COCHABAMBA,ELFEC,D,14:44,16:01,3.0,Por déficit de potencia en el Sistema.
2009-09-21,Regulación de Voltaje,LA PAZ,ELECTROPAZ,D,14:44,16:03,4.0,Por déficit de potencia en el Sistema.
2009-09-21,Regulación de Voltaje,SANTA CRUZ,CRE,D,18:57,19:46,7.0,Por déficit de potencia en el Sistema.
2009-09-21,Regulación de Voltaje,LA PAZ,ELECTROPAZ,D,18:57,19:47,6.0,Por déficit de potencia en el Sistema.
2009-09-21,Regulación de Voltaje,COCHABAMBA,ELFEC,D,18:58,19:46,1.0,Por déficit de potencia en el Sistema.
2009-09-25,Regulación de Voltaje,SANTA CRUZ,CRE,D,14:17,19:14,7.0,Déficit de generación en el SIN
2009-09-25,Regulación de Voltaje,LA PAZ,ELECTROPAZ,D,14:18,19:13,8.0,Déficit de generación en el SIN
2009-09-25,Regulación de Voltaje,COCHABAMBA,ELFEC,D,14:18,19:13,3.5,Déficit de generación en el SIN
2009-10-05,Regulación de Voltaje,COCHABAMBA,ELFEC,D,14:14,21:49,3.5,Déficit de potencia en el SIN.
2009-10-05,Regulación de Voltaje,LA PAZ,ELECTROPAZ,D,14:14,21:50,6.0,Déficit de potencia en el SIN.
2009-10-05,Regulación de Voltaje,SANTA CRUZ,CRE,D,14:15,21:51,5.0,Déficit de potencia en el SIN.
2009-10-06,Regulación de Voltaje,COCHABAMBA,ELFEC,D,13:02,20:40,3.0,Por déficit de generación del Sistema
2009-10-06,Regulación de Voltaje,SANTA CRUZ,CRE,D,13:03,20:41,4.0,Por déficit de generación del Sistema
2009-10-06,Regulación de Voltaje,LA PAZ,ELECTROPAZ,D,13:04,20:40,3.0,Por déficit de generación del Sistema
2009-10-13,Regulación de Voltaje,LA PAZ,ELECTROPAZ,D,13:48,21:44,6.0,Déficit de potencia en el SIN.
2009-10-13,Regulación de Voltaje,COCHABAMBA,ELFEC,D,13:48,21:47,3.5,Déficit de potencia en el SIN.
2009-10-13,Regulación de Voltaje,SANTA CRUZ,CRE,D,13:48,22:29,5.0,Déficit de potencia en el SIN.
2009-10-14,Colapso Total,POTOSI,SEPSA,D,11:09,11:23,3.8,Disparo de las unidades KIL01 y LAN01.
2009-10-14,Regulación de Voltaje,COCHABAMBA,ELFEC,D,18:53,22:42,3.9,Déficit de potencia en el SIN.
2009-10-14,Regulación de Voltaje,SANTA CRUZ,CRE,D,18:54,22:41,6.0,Déficit de potencia en el SIN.
2009-10-14,Regulación de Voltaje,LA PAZ,ELECTROPAZ,D,18:54,22:42,5.0,Déficit de potencia en el SIN.
2009-10-15,Regulación de Voltaje,COCHABAMBA,ELFEC,D,10:00,21:44,3.0,Déficit de potencia en el SIN.
2009-10-15,Regulación de Voltaje,LA PAZ,ELECTROPAZ,D,10:00,21:44,8.0,Déficit de potencia en el SIN.
2009-10-15,Regulación de Voltaje,SANTA CRUZ,CRE,D,10:01,21:45,7.0,Déficit de potencia en el SIN.
2009-10-19,Regulación de Voltaje,COCHABAMBA,ELFEC,D,13:44,15:07,2.0,Déficit de potencia en el Sistema.
2009-10-19,Regulación de Voltaje,LA PAZ,ELECTROPAZ,D,13:45,15:06,3.0,Déficit de potencia en el Sistema.
2009-10-19,Regulación de Voltaje,SANTA CRUZ,CRE,D,13:47,15:03,4.0,Déficit de potencia en el Sistema.
2009-10-20,Desconexión de Carga,LA PAZ,ELECTROPAZ,D,16:04,16:26,5.2,Desconexión de la línea en 69 kV Avenida Arce-Alto Achachicala
2009-10-22,Desconexión del EDAC,POTOSI,SEPSA,D,08:35,08:38,2.1,Déficit de potencia ante la indisponibilidad de la unidades CAR01 y CAR02.
2009-10-22,Desconexión del EDAC,POTOSI,MSCR,CNR,08:35,08:44,0.6,Déficit de potencia ante la indisponibilidad de la unidades CAR01 y CAR02.
2009-10-22,Desconexión del EDAC,ORURO,CMVINTO,CNR,08:35,08:45,2.0,Déficit de potencia ante la indisponibilidad de la unidades CAR01 y CAR02.
2009-10-22,Desconexión del EDAC,SANTA CRUZ,CRE,D,08:35,08:45,8.3,Déficit de potencia ante la indisponibilidad de la unidades CAR01 y CAR02.
2009-10-22,Desconexión del EDAC,ORURO,EMIRSA,CNR,08:35,08:46,0.8,Déficit de potencia ante la indisponibilidad de la unidades CAR01 y CAR02.
2009-10-22,Desconexión del EDAC,LA PAZ,ELECTROPAZ,D,08:35,08:48,5.4,Déficit de potencia ante la indisponibilidad de la unidades CAR01 y CAR02.
2009-10-22,Desconexión del EDAC,SUCRE,CESSA,D,08:35,08:50,2.1,Déficit de potencia ante la indisponibilidad de la unidades CAR01 y CAR02.
2009-10-22,Desconexión del EDAC,COCHABAMBA,ELFEC,D,08:35,08:50,7.0,Déficit de potencia ante la indisponibilidad de la unidades CAR01 y CAR02.
2009-10-22,Desconexión del EDAC,ORURO,ELFEO,D,08:35,08:53,2.0,Déficit de potencia ante la indisponibilidad de la unidades CAR01 y CAR02.
2009-10-22,Desconexión del EDAC,COCHABAMBA,COBOCE,CNR,08:35,09:30,0.5,Déficit de potencia ante la indisponibilidad de la unidades CAR01 y CAR02.
2009-10-22,Regulación de Voltaje,SANTA CRUZ,CRE,D,15:46,16:25,8.0,Déficit de potencia ante la indisponibilidad de la unidades CAR01 y CAR02.
2009-10-22,Regulación de Voltaje,COCHABAMBA,ELFEC,D,15:47,16:25,1.0,Déficit de potencia ante la indisponibilidad de la unidades CAR01 y CAR02.
2009-10-22,Regulación de Voltaje,LA PAZ,ELECTROPAZ,D,15:47,16:26,3.0,Déficit de potencia ante la indisponibilidad de la unidades CAR01 y CAR02.
2009-10-22,Regulación de Voltaje,LA PAZ,ELECTROPAZ,D,16:39,20:01,6.0,Déficit de potencia ante la indisponibilidad de la unidades CAR01.
2009-10-22,Regulación de Voltaje,COCHABAMBA,ELFEC,D,16:39,20:03,2.5,Déficit de potencia ante la indisponibilidad de la unidades CAR01.
2009-10-22,Regulación de Voltaje,SANTA CRUZ,CRE,D,16:40,20:02,5.0,Déficit de potencia ante la indisponibilidad de la unidades CAR01.
2009-10-23,Regulación de Voltaje,SANTA CRUZ,CRE,D,17:38,20:31,2.0,Déficit de potencia en el Sistema.
2009-10-23,Regulación de Voltaje,LA PAZ,ELECTROPAZ,D,17:40,20:31,7.0,Déficit de potencia en el Sistema.
2009-10-23,Regulación de Voltaje,COCHABAMBA,ELFEC,D,17:40,20:32,2.5,Déficit de potencia en el Sistema.
2009-10-24,Regulación de Voltaje,COCHABAMBA,ELFEC,D,09:18,16:16,2.2,Deficit de potencia en el sistema.
2009-10-24,Regulación de Voltaje,SANTA CRUZ,CRE,D,09:21,16:13,6.0,Deficit de potencia en el sistema.
2009-10-24,Regulación de Voltaje,LA PAZ,ELECTROPAZ,D,09:21,16:15,6.0,Deficit de potencia en el sistema.
2009-10-29,Regulación de Voltaje,SANTA CRUZ,CRE,D,13:41,20:54,4.0,Déficit de potencia en el SIN.
2009-10-29,Regulación de Voltaje,LA PAZ,ELECTROPAZ,D,13:42,20:53,5.0,Déficit de potencia en el SIN.
2009-10-29,Regulación de Voltaje,COCHABAMBA,ELFEC,D,13:43,20:53,2.8,Déficit de potencia en el SIN.
2009-10-30,Regulación de Voltaje,SANTA CRUZ,CRE,D,09:09,20:48,7.0,Déficit de potencia en el SIN.
2009-10-30,Regulación de Voltaje,LA PAZ,ELECTROPAZ,D,09:09,20:50,5.0,Déficit de potencia en el SIN.
2009-10-30,Regulación de Voltaje,COCHABAMBA,ELFEC,D,09:10,20:49,3.0,Déficit de potencia en el SIN.
2009-11-02,Desconexión del EDAC,SANTA CRUZ,CRE,D,00:58,01:00,3.7,Disparo de BUL01 y BUL02.
2009-11-02,Desconexión del EDAC,LA PAZ,ELECTROPAZ,D,00:58,01:01,2.7,Disparo de BUL01 y BUL02.
2009-11-02,Desconexión del EDAC,COCHABAMBA,ELFEC,D,00:58,01:02,2.1,Disparo de BUL01 y BUL02.
2009-11-02,Desconexión del EDAC,POTOSI,MSCR,,00:58,01:04,0.45,Disparo de BUL01 y BUL02.
2009-11-02,Desconexión del EDAC,POTOSI,SEPSA,D,00:58,01:05,1.84,Disparo de BUL01 y BUL02.
2009-11-02,Desconexión del EDAC,ORURO,ELFEO,D,00:58,01:12,1.5,Disparo de BUL01 y BUL02.
2009-11-02,Desconexión del EDAC,COCHABAMBA,COBOCE,,00:58,01:14,0.5,Disparo de BUL01 y BUL02.
2009-11-02,Desconexión del EDAC,ORURO,CMVINTO,,00:58,01:15,1.0,Disparo de BUL01 y BUL02.
2009-11-02,Desconexión del EDAC,ORURO,EMIRSA,,00:58,01:40,0.8,Disparo de BUL01 y BUL02.
2009-11-10,Desconexión del EDAC,SUCRE,CESSA,D,15:08,15:15,4.5,Desconexión de la unidad GCH11.
2009-11-10,Desconexión del EDAC,LA PAZ,ELECTROPAZ,D,15:08,15:16,4.4,Desconexión de la unidad GCH11.
2009-11-10,Desconexión del EDAC,POTOSI,MSCR,CNR,15:08,15:19,7.09,Desconexión de la unidad GCH11.
2009-11-10,Desconexión del EDAC,POTOSI,SEPSA,D,15:08,15:20,2.01,Desconexión de la unidad GCH11.
2009-11-10,Desconexión del EDAC,COCHABAMBA,ELFEC,D,15:08,15:21,2.8,Desconexión de la unidad GCH11.
2009-11-10,Desconexión del EDAC,ORURO,EMIRSA,CNR,15:08,15:29,0.8,Desconexión de la unidad GCH11.
2009-11-10,Desconexión del EDAC,ORURO,ELFEO,D,15:08,15:59,1.7,Desconexión de la unidad GCH11.
2009-11-10,Desconexión del EDAC,SANTA CRUZ,CRE,D,15:08,16:17,4.8,Desconexión de la unidad GCH11.
2009-11-10,Desconexión del EDAC,COCHABAMBA,COBOCE,CNR,15:08,24:00,0.5,Desconexión de la unidad GCH11.
2009-11-10,Regulación de Voltaje,LA PAZ,ELECTROPAZ,D,18:47,20:16,4.5,"Déficit de potencia en el SIN, indisponibilidad de la unidad GCH11."
2009-11-10,Regulación de Voltaje,SANTA CRUZ,CRE,D,18:47,20:17,2.0,"Déficit de potencia en el SIN, indisponibilidad de la unidad GCH11."
2009-11-10,Regulación de Voltaje,COCHABAMBA,ELFEC,D,18:47,20:18,2.6,"Déficit de potencia en el SIN, indisponibilidad de la unidad GCH11."
2009-11-12,Regulación de Voltaje,LA PAZ,ELECTROPAZ,D,15:37,21:24,3.0,Déficit de potencia en el SIN.
2009-11-12,Regulación de Voltaje,COCHABAMBA,ELFEC,D,15:38,21:23,2.6,Déficit de potencia en el SIN.
2009-11-12,Regulación de Voltaje,SANTA CRUZ,CRE,D,15:38,21:23,2.5,Déficit de potencia en el SIN.
2009-11-14,Regulación de Voltaje,LA PAZ,ELECTROPAZ,D,08:35,17:01,3.0,"Déficit de generación en el SIN, parada de emergencia de la unidad GCH09."
2009-11-14,Regulación de Voltaje,COCHABAMBA,ELFEC,D,08:35,17:02,2.5,"Déficit de generación en el SIN, parada de emergencia de la unidad GCH09."
2009-11-14,Regulación de Voltaje,SANTA CRUZ,CRE,D,08:37,17:01,4.0,"Déficit de generación en el SIN, parada de emergencia de la unidad GCH09."
2009-11-18,Regulación de Voltaje,LA PAZ,ELECTROPAZ,D,19:13,22:41,6.0,Déficit de potencia en el SIN.
2009-11-18,Regulación de Voltaje,SANTA CRUZ,CRE,D,19:13,22:42,4.5,Déficit de potencia en el SIN.
2009-11-18,Regulación de Voltaje,COCHABAMBA,ELFEC,D,19:14,22:41,3.0,Déficit de potencia en el SIN.
2009-11-18,Desconexión del EDAC,COCHABAMBA,SEPSA,D,19:24,19:28,0.5,Desconexión de la unidad SIS05.
2009-11-18,Desconexión del EDAC,LA PAZ,ELECTROPAZ,D,19:24,19:30,6.1,Desconexión de la unidad SIS05.
2009-11-18,Desconexión del EDAC,POTOSI,MSCR,CNR,19:24,19:30,0.43,Desconexión de la unidad SIS05.
2009-11-18,Desconexión del EDAC,COCHABAMBA,ELFEC,D,19:24,19:30,0.8,Desconexión de la unidad SIS05.
2009-11-18,Desconexión del EDAC,POTOSI,SEPSA,D,19:24,19:31,5.7,Desconexión de la unidad SIS05.
2009-11-18,Desconexión del EDAC,ORURO,EMIRSA,CNR,19:24,19:32,0.8,Desconexión de la unidad SIS05.
2009-11-18,Desconexión del EDAC,ORURO,ELFEO,D,19:24,19:35,4.0,Desconexión de la unidad SIS05.
2009-11-18,Desconexión del EDAC,ORURO,ELFEO,D,19:24,19:35,4.0,Desconexión de la unidad SIS05.
2009-11-18,Desconexión del EDAC,ORURO,CMVINTO,CNR,19:24,19:36,0.9,Desconexión de la unidad SIS05.
2009-11-18,Desconexión del EDAC,SUCRE,CESSA,D,19:51,19:53,2.6,Desconexión de la unidad SIS05.
2009-11-18,Desconexión del EDAC,LA PAZ,ELECTROPAZ,D,19:51,19:54,5.8,Desconexión de la unidad SIS05.
2009-11-18,Desconexión del EDAC,COCHABAMBA,ELFEC,D,19:51,19:55,3.4,Desconexión de la unidad SIS05.
2009-11-18,Desconexión del EDAC,POTOSI,MSCR,CNR,19:51,19:55,0.49,Desconexión de la unidad SIS05.
2009-11-18,Desconexión del EDAC,COCHABAMBA,COBOCE,CNR,19:51,20:20,0.5,Desconexión de la unidad SIS05.
2009-11-18,Desconexión del EDAC,POTOSI,MSCR,CNR,21:18,21:19,0.56,"Déficit de potencia en el Sistema, ver informe de falla Nº 293."
2009-11-18,Desconexión del EDAC,ORURO,CMVINTO,CNR,21:18,21:30,0.9,"Déficit de potencia en el Sistema, ver informe de falla Nº 293."
2009-11-18,Desconexión del EDAC,SANTA CRUZ,CRE,D,21:18,21:32,3.6,"Déficit de potencia en el Sistema, ver informe de falla Nº 293."
2009-11-18,Desconexión del EDAC,COCHABAMBA,ELFEC,D,21:18,21:32,3.5,"Déficit de potencia en el Sistema, ver informe de falla Nº 293."
2009-11-18,Desconexión del EDAC,SUCRE,CESSA,D,21:18,21:34,2.5,"Déficit de potencia en el Sistema, ver informe de falla Nº 293."
2009-11-18,Desconexión del EDAC,ORURO,ELFEO,D,21:18,21:36,4.0,"Déficit de potencia en el Sistema, ver informe de falla Nº 293."
2009-11-18,Desconexión del EDAC,LA PAZ,ELECTROPAZ,D,21:18,21:37,6.6,"Déficit de potencia en el Sistema, ver informe de falla Nº 293."
2009-11-18,Desconexión del EDAC,COCHABAMBA,COBOCE,CNR,21:18,21:50,0.5,"Déficit de potencia en el Sistema, ver informe de falla Nº 293."
2009-11-18,Desconexión de Carga Manual,LA PAZ,ELECTROPAZ,D,21:19,21:31,2.3,Déficit de potencia en el Sistema.
2009-11-18,Desconexión de Carga Manual,SANTA CRUZ,CRE,D,21:19,21:35,2.8,Déficit de potencia en el Sistema.
2009-11-18,Desconexión del EDAC,POTOSI,MSCR,CNR,21:22,21:23,0.26,"Déficit de potencia en el Sistema, ver informe de falla Nº 293."
2009-11-18,Desconexión del EDAC,ORURO,EMIRSA,CNR,21:22,21:31,0.8,"Déficit de potencia en el Sistema, ver informe de falla Nº 293."
2009-11-18,Desconexión del EDAC,POTOSI,SEPSA,D,21:22,21:32,3.5,"Déficit de potencia en el Sistema, ver informe de falla Nº 293."
2009-11-18,Desconexión de Carga Manual,LA PAZ,ELECTROPAZ,D,21:23,21:31,4.2,Déficit de potencia en el Sistema.
2009-11-18,Desconexión de Carga Manual,SANTA CRUZ,CRE,D,21:25,21:40,4.1,Déficit de potencia en el Sistema.
2009-11-19,Regulación de Voltaje,LA PAZ,ELECTROPAZ,D,14:20,22:13,7.0,Déficit de potencia en el SIN.
2009-11-19,Regulación de Voltaje,COCHABAMBA,ELFEC,D,14:21,22:14,3.0,Déficit de potencia en el SIN.
2009-11-19,Regulación de Voltaje,SANTA CRUZ,CRE,D,14:22,22:16,7.0,Déficit de potencia en el SIN.
2009-11-20,Regulación de Voltaje,LA PAZ,ELECTROPAZ,D,09:36,22:10,3.0,Déficit de potencia en el SIN.
2009-11-20,Regulación de Voltaje,COCHABAMBA,ELFEC,D,09:37,22:11,3.0,Déficit de potencia en el SIN.
2009-11-20,Regulación de Voltaje,SANTA CRUZ,CRE,D,09:38,22:11,3.0,Déficit de potencia en el SIN.
2009-11-25,Regulación de Voltaje,SANTA CRUZ,CRE,D,13:50,17:59,3.5,Déficit de potencia en el SIN.
2009-11-25,Regulación de Voltaje,COCHABAMBA,ELFEC,D,13:51,18:00,2.8,Déficit de potencia en el SIN.
2009-11-25,Regulación de Voltaje,LA PAZ,ELECTROPAZ,D,13:52,18:00,6.0,Déficit de potencia en el SIN.
2009-12-01,Desconexión del EDAC,POTOSI,MSCR,CNR,07:06,07:08,0.8,Desconexión de la unidad generadora GCH10 con 54 MW.
2009-12-01,Desconexión del EDAC,SANTA CRUZ,CRE,D,07:06,07:09,5.7,Desconexión de la unidad generadora GCH10 con 54 MW.
2009-12-01,Desconexión del EDAC,COCHABAMBA,ELFEC,D,07:06,07:09,1.7,Desconexión de la unidad generadora GCH10 con 54 MW.
2009-12-01,Desconexión del EDAC,SUCRE,CESSA,D,07:06,07:09,1.5,Desconexión de la unidad generadora GCH10 con 54 MW.
2009-12-01,Desconexión del EDAC,ORURO,EMIRSA,CNR,07:06,07:09,0.8,Desconexión de la unidad generadora GCH10 con 54 MW.
2009-12-01,Desconexión del EDAC,LA PAZ,ELECTROPAZ,D,07:06,07:10,2.7,Desconexión de la unidad generadora GCH10 con 54 MW.
2009-12-01,Desconexión del EDAC,POTOSI,SEPSA,D,07:06,07:12,1.85,Desconexión de la unidad generadora GCH10 con 54 MW.
2009-12-01,Desconexión del EDAC,ORURO,CMVINTO,CNR,07:06,07:14,1.98,Desconexión de la unidad generadora GCH10 con 54 MW.
2009-12-01,Desconexión del EDAC,COCHABAMBA,COBOCE,CNR,07:06,07:14,0.5,Desconexión de la unidad generadora GCH10 con 54 MW.
2009-12-01,Desconexión del EDAC,ORURO,ELFEO,D,07:06,07:20,2.0,Desconexión de la unidad generadora GCH10 con 54 MW.
2009-12-18,Desconexión de Carga,SANTA CRUZ,CRE,D,17:09,17:24,32.7,Desconexión de la línea en 69 kV Cañoto - Feria Exposición.
2009-12-27,Desconexión del EDAC,COCHABAMBA,ELFEC,D,14:21,14:31,4.1,Desconexión de unidades CHJ y YAN con 76 MW.
2009-12-27,Desconexión del EDAC,LA PAZ,ELECTROPAZ,D,14:21,14:31,7.5,Desconexión de unidades CHJ y YAN con 76 MW.
2009-12-27,Desconexión del EDAC,SUCRE,CESSA,D,14:21,14:32,1.5,Desconexión de unidades CHJ y YAN con 76 MW.
2009-12-27,Desconexión del EDAC,ORURO,EMIRSA,CNR,14:21,14:38,0.35,Desconexión de unidades CHJ y YAN con 76 MW.
2009-12-27,Desconexión de Carga,POTOSI,MSCR,CNR,14:21,14:49,8.0,Desconexión de Molino de Bolas Nº1 (Enclavamiento del proceso).
2009-12-27,Desconexión del EDAC,POTOSI,MSCR,CNR,14:21,14:49,8.2,Desconexión de unidades CHJ y YAN con 76 MW.
2009-12-27,Desconexión de Carga,POTOSI,MSCR,CNR,14:22,14:41,12.3,Desconexión de Molino de Bolas Nº1 (Enclavamiento del proceso).
2009-12-29,Desconexión de Carga,POTOSI,SEPSA,D,11:52,12:18,2.1,Operación sistema interdisparos.
2009-12-29,Desconexión de Carga,POTOSI,MSCR,CNR,11:52,14:01,51.7,Operación sistema interdisparos.
2009-12-29,Desconexión de Carga,POTOSI,MSCR,CNR,19:26,20:40,37.2,Operación sistema interdisparos.
2009-12-29,Desconexión de Carga,POTOSI,SEPSA,D,19:26,21:22,1.7,Operación sistema interdisparos.
2010-01-15,Desconexión de Carga,SUCRE,CESSA,D,07:04,09:40,9.7,Contacto fierro de construcción con línea de 24.9 kV Aranjuez-Fancesa.
2010-02-19,Desconexión de Carga,POTOSI,MSCR,CNR,00:04,00:20,49.97,Desconexión línea en 230 kV PUN-SCR.
2010-02-19,Desconexión del EDAC,COCHABAMBA,COBOCE,CNR,19:47,19:49,0.5,Disparo de las unidades generadoras GCH09 y GCH10 con 92.2 MW de carga.
2010-02-19,Desconexión del EDAC,POTOSI,MSCR,CNR,19:47,19:50,1.01,Disparo de las unidades generadoras GCH09 y GCH10 con 92.2 MW de carga.
2010-02-19,Desconexión del EDAC,SUCRE,CESSA,D,19:47,19:51,4.8,Disparo de las unidades generadoras GCH09 y GCH10 con 92.2 MW de carga.
2010-02-19,Desconexión del EDAC,SANTA CRUZ,CRE,D,19:47,19:53,22.8,Disparo de las unidades generadoras GCH09 y GCH10 con 92.2 MW de carga.
2010-02-19,Desconexión del EDAC,ORURO,CMVINTO,CNR,19:47,20:00,1.0,Disparo de las unidades generadoras GCH09 y GCH10 con 92.2 MW de carga.
2010-02-19,Desconexión del EDAC,ORURO,EMIRSA,CNR,19:47,20:00,1.0,Disparo de las unidades generadoras GCH09 y GCH10 con 92.2 MW de carga.
2010-02-19,Desconexión del EDAC,LA PAZ,ELECTROPAZ,D,19:47,20:08,13.4,Disparo de las unidades generadoras GCH09 y GCH10 con 92.2 MW de carga.
2010-02-19,Desconexión del EDAC,COCHABAMBA,ELFEC,D,19:47,20:09,12.1,Disparo de las unidades generadoras GCH09 y GCH10 con 92.2 MW de carga.
2010-02-19,Desconexión del EDAC,ORURO,ELFEO,D,19:47,20:13,4.8,Disparo de las unidades generadoras GCH09 y GCH10 con 92.2 MW de carga.
2010-02-19,Desconexión del EDAC,POTOSI,SEPSA,D,19:47,22:49,4.5,Disparo de las unidades generadoras GCH09 y GCH10 con 92.2 MW de carga.
2010-02-19,Desconexión del EDAC,LA PAZ,ELECTROPAZ,D,19:58,20:08,3.5,Disparo de la unidad SRO02 con 10.2 MW.
2010-02-20,Desconexión del EDAC,SUCRE,CESSA,D,07:40,07:42,1.3,Disparo de la unidad generadora GCH10 con 53.1 MW.
2010-02-20,Desconexión del EDAC,LA PAZ,ELECTROPAZ,D,07:40,07:46,7.7,Disparo de la unidad generadora GCH10 con 53.1 MW.
2010-02-20,Desconexión del EDAC,COCHABAMBA,COBOCE,CNR,07:40,07:47,0.5,Disparo de la unidad generadora GCH10 con 53.1 MW.
2010-02-20,Desconexión del EDAC,SANTA CRUZ,CRE,D,07:40,07:48,13.9,Disparo de la unidad generadora GCH10 con 53.1 MW.
2010-02-20,Desconexión del EDAC,COCHABAMBA,ELFEC,D,07:40,07:49,6.2,Disparo de la unidad generadora GCH10 con 53.1 MW.
2010-02-20,Desconexión del EDAC,POTOSI,SEPSA,D,07:40,07:53,4.0,Disparo de la unidad generadora GCH10 con 53.1 MW.
2010-02-20,Desconexión del EDAC,ORURO,ELFEO,D,07:40,08:00,2.0,Disparo de la unidad generadora GCH10 con 53.1 MW.
2010-02-20,Desconexión del EDAC,POTOSI,MSCR,CNR,07:40,08:02,11.12,Disparo de la unidad generadora GCH10 con 53.1 MW.
2010-02-20,Desconexión del EDAC,ORURO,CMVINTO,CNR,07:40,08:10,1.0,Disparo de la unidad generadora GCH10 con 53.1 MW.
2010-02-20,Desconexión del EDAC,ORURO,EMIRSA,CNR,07:40,08:19,1.0,Disparo de la unidad generadora GCH10 con 53.1 MW.
2010-02-22,Desconexión de Carga,LA PAZ,ELECTROPAZ,D,12:39,13:44,13.6,Desconexión línea en 69 kV Tembladerani-Alto Achachicala.
2010-03-08,Regulación de Voltaje,SANTA CRUZ,CRE,D,14:05,21:15,7.0,Indisponibilidad de GCH10 y límite de transferencia en la línea en 230 kV CAR-ARB.
2010-03-08,Desconexión de Carga Manual,SANTA CRUZ,CRE,D,14:23,15:42,20.6,Indisponibilidad de GCH10 y límite de transferencia en la línea en 230 kV CAR-ARB.
2010-03-08,Desconexión de Carga Manual,SANTA CRUZ,CRE,D,15:42,17:33,17.5,Indisponibilidad de GCH10 y límite de transferencia en la línea en 230 kV CAR-ARB.
2010-03-08,Desconexión de Carga Manual,SANTA CRUZ,CRE,D,18:55,20:34,14.0,Indisponibilidad de GCH10 y límite de transferencia en la línea en 230 kV CAR-ARB.
2010-03-09,Regulación de Voltaje,SANTA CRUZ,CRE,D,18:44,20:41,7.0,Déficit de potencia en el SIN.
2010-03-09,Regulación de Voltaje,COCHABAMBA,ELFEC,D,18:45,20:42,3.0,Déficit de potencia en el SIN.
2010-03-09,Regulación de Voltaje,LA PAZ,ELECTROPAZ,D,18:46,20:41,5.0,Déficit de potencia en el SIN.
2010-03-09,Desconexión del EDAC,POTOSI,MSCR,CNR,19:21,19:30,0.45,Déficit de potencia en el SIN.
2010-03-09,Desconexión del EDAC,COCHABAMBA,ELFEC,D,19:21,19:56,4.1,Déficit de potencia en el SIN.
2010-03-09,Desconexión de Carga Manual,SANTA CRUZ,CRE,D,19:21,20:19,8.3,Déficit de potencia en el SIN.
2010-03-09,Desconexión de Carga Manual,LA PAZ,ELECTROPAZ,D,19:21,20:20,3.9,Déficit de potencia en el SIN.
2010-03-09,Desconexión de Carga Manual,ORURO,ELFEO,D,19:22,20:04,1.5,Déficit de potencia en el SIN.
2010-03-09,Desconexión de Carga Manual,COCHABAMBA,COBOCE,CNR,19:24,20:21,0.1,Déficit de potencia en el SIN.
2010-03-09,Desconexión de Carga Manual,SUCRE,CESSA,D,19:37,21:40,0.5,Déficit de potencia en el SIN.
2010-03-09,Desconexión de Carga Manual,POTOSI,SEPSA,D,19:45,20:24,0.4,Déficit de potencia en el SIN.
2010-03-09,Desconexión de Carga Manual,ORURO,CMVINTO,CNR,19:45,20:24,0.1,Déficit de potencia en el SIN.
2010-03-10,Regulación de Voltaje,COCHABAMBA,ELFEC,D,18:30,21:04,3.0,Déficit de potencia en el SIN.
2010-03-10,Regulación de Voltaje,LA PAZ,ELECTROPAZ,D,18:31,21:04,8.0,Déficit de potencia en el SIN.
2010-03-10,Regulación de Voltaje,SANTA CRUZ,CRE,D,18:31,21:05,8.0,Déficit de potencia en el SIN.
2010-03-10,Desconexión de Carga Manual,LA PAZ,ELECTROPAZ,D,19:17,20:44,4.0,Déficit de potencia en el SIN.
2010-03-10,Desconexión de Carga Manual,COCHABAMBA,ELFEC,D,19:17,20:50,3.4,Déficit de potencia en el SIN.
2010-03-10,Desconexión de Carga Manual,SANTA CRUZ,CRE,D,19:18,20:47,7.0,Déficit de potencia en el SIN.
2010-03-10,Desconexión de Carga Manual,ORURO,ELFEO,D,19:19,20:52,0.9,Déficit de potencia en el SIN.
2010-03-10,Desconexión de Carga Manual,SUCRE,CESSA,D,19:20,20:59,0.5,Déficit de potencia en el SIN.
2010-03-10,Desconexión de Carga Manual,COCHABAMBA,COBOCE,CNR,19:21,20:55,0.1,Déficit de potencia en el SIN.
2010-03-10,Desconexión de Carga Manual,POTOSI,SEPSA,D,19:22,20:48,0.4,Déficit de potencia en el SIN.
2010-03-12,Desconexión de Carga,LA PAZ,ELECTROPAZ,D,15:04,15:33,37.1,Desconexión línea en 115 kV KEN-COT-BOL-PAM-TCH.
2010-03-12,Regulación de Voltaje,COCHABAMBA,ELFEC,D,18:33,19:49,2.5,Déficit de potencia en el SIN.
2010-03-12,Regulación de Voltaje,LA PAZ,ELECTROPAZ,D,18:34,19:49,6.0,Déficit de potencia en el SIN.
2010-03-12,Regulación de Voltaje,SANTA CRUZ,CRE,D,18:35,19:50,6.5,Déficit de potencia en el SIN.
2010-03-18,Desconexión de Carga,SANTA CRUZ,CRE,D,15:42,15:55,24.3,Desconexión línea en 115 kV ARB-MON.
2010-03-23,Desconexión de Carga,POTOSI,SEPSA,D,20:10,20:15,24.07,Desconexión línea en 69 kV Potosí-Velarde.
2010-03-23,Desconexión de Carga Manual,POTOSI,SEPSA,D,21:47,22:15,9.2,"Trabajos de emergencia, cuello suelto en face C del seccionador R11 de S/E Velarde."
2010-03-26,Desconexión de Carga,POTOSI,SEPSA,D,12:35,13:11,18.7,Desconexión línea en 69 kV Potosí-Velarde II.
2010-04-18,Desconexión del EDAC,POTOSI,SEPSA,D,17:23,17:25,2.42,"Disparo unidades BUL01, BUL02, GCH10."
2010-04-18,Desconexión del EDAC,SUCRE,CESSA,D,17:23,17:31,3.9,"Disparo unidades BUL01, BUL02, GCH10."
2010-04-18,Desconexión del EDAC,ORURO,CMVINTO,CNR,17:23,17:32,1.85,"Disparo unidades BUL01, BUL02, GCH10."
2010-04-18,Desconexión del EDAC,LA PAZ,ELECTROPAZ,D,17:23,17:34,11.7,"Disparo unidades BUL01, BUL02, GCH10."
2010-04-18,Desconexión del EDAC,ORURO,EMIRSA,CNR,17:23,17:36,0.8,"Disparo unidades BUL01, BUL02, GCH10."
2010-04-18,Desconexión del EDAC,SANTA CRUZ,CRE,D,17:23,17:39,25.15,"Disparo unidades BUL01, BUL02, GCH10."
2010-04-18,Desconexión del EDAC,ORURO,ELFEO,D,17:23,17:45,2.7,"Disparo unidades BUL01, BUL02, GCH10."
2010-04-18,Desconexión del EDAC,POTOSI,MSCR,CNR,17:23,17:49,32.0,"Disparo unidades BUL01, BUL02, GCH10."
2010-04-18,Desconexión del EDAC,COCHABAMBA,COBOCE,CNR,17:23,17:49,0.45,"Disparo unidades BUL01, BUL02, GCH10."
2010-04-18,Desconexión del EDAC,COCHABAMBA,ELFEC,D,17:23,18:00,8.7,"Disparo unidades BUL01, BUL02, GCH10."
2010-05-04,Desconexión de Carga,COCHABAMBA,ELFEC,D,10:09,10:22,19.1,"Desconexión línea en 115 kV Central-Quillacollo, terceros (contacto accidental)."
2010-05-17,Desconexión de Carga,POTOSI,SEPSA,D,05:48,07:37,5.0,Transformador de potencia TRPUN069 de S/E PUN quemado.
2010-05-17,Desconexión de Carga Manual,LA PAZ,ELECTROPAZ,D,15:39,18:18,8.2,"Trabajos de emergencia, reemplazo de poste roto en estructura Nº 12, línea en 69 kV Kenko-Viacha."
2010-05-23,Desconexión de Carga,LA PAZ,ELECTROPAZ,D,07:07,07:13,24.96,Desconexión línea en 115 kV Kenko - Tap Chuquiaguillo.
2010-06-12,Desconexión de Carga,COCHABAMBA,ELFEC,D,19:06,20:35,17.89,Desconexión de la línea en 115 kV Rafael Urquidi - Alalay.
2010-06-17,Desconexión de Carga,ORURO,ELFEO,D,14:31,14:45,10.8,Desconexión línea en 69 kV Huayñacota - Sud.
2010-06-17,Desconexión de Carga,ORURO,ELFEO,D,14:45,18:06,6.8,Desconexión línea en 69 kV Huayñacota - Sud.
2010-07-01,Colapso Total,SUCRE,CESSA,D,05:57,10:46,16.2,Corto circuito en bornes de 10 kV de la unidad ARJ11.
2010-07-01,Desconexión de Carga Manual,SUCRE,CESSA,D,18:02,18:56,0.4,Sobrecarga en el transformador TRARJ06901.
2010-07-01,Desconexión de Carga Manual,SUCRE,CESSA,D,18:02,18:56,0.4,Sobrecarga en el transformador TRARJ06901.
2010-07-01,Desconexión de Carga Manual,SUCRE,CESSA,D,18:10,18:47,0.5,Sobrecarga en el transformador TRARJ06901.
2010-07-01,Desconexión de Carga Manual,SUCRE,CESSA,D,18:22,19:00,0.5,Sobrecarga en el transformador TRARJ06901.
2010-07-19,Desconexión de Carga,SANTA CRUZ,CRE,D,16:53,17:58,20.7,Desconexión autotransformador ATARB230 por falla en aislador de celdas de 24.9 kV (Lado terciario).
2010-07-19,Desconexión de Carga,SANTA CRUZ,CRE,D,18:35,18:38,16.8,Desconexión transformador TRMON06903 por operación de la protección de sobrecorriente.
2010-07-20,Desconexión de Carga,LA PAZ,ELECTROPAZ,D,11:24,12:15,13.6,Desconexión línea en 115 kV Challapampa - Catacora.
2010-07-21,Desconexión de Carga,POTOSI,MSCR,CNR,08:01,09:12,50.2,Desconexión línea en 230 kV Punutuma - San Cristobal.
2010-07-22,Desconexión de Carga,POTOSI,MSCR,CNR,14:11,14:16,44.0,Desconexión de la línea en 230 kV Punutuma - San Cristobal.
2010-08-07,Desconexión de Carga,COCHABAMBA,ELFEC,D,19:34,19:56,14.1,Desconexión por sobrecarga del transformador de potencia TRCEN11502.
2010-08-18,Desconexión de Carga,LA PAZ,ENDE,D,14:49,14:53,3.95,Desconexión línea en 115 kV Chuspipata - Caranavi.
2010-08-18,Desconexión de Carga,TRINIDAD,ENDE,D,14:49,17:05,5.28,Desconexión línea en 115 kV Chuspipata - Caranavi.
2010-08-18,Desconexión de Carga,LA PAZ,ENDE,D,16:05,16:07,3.54,Desconexión línea en 115 kV Chuspipata - Caranavi.
2010-08-18,Desconexión de Carga,TRINIDAD,ENDE,D,16:05,16:33,0.1,Desconexión línea en 115 kV Chuspipata - Caranavi.
2010-08-19,Desconexión de Carga,TRINIDAD,ENDE,D,19:18,19:58,5.26,Desconexión línea en 115 kV San Ignacio de Moxos-Trinidad.
2010-08-23,Desconexión de Carga,TRINIDAD,ENDE,D,11:32,11:56,5.62,Desconexión línea en 115 kV Caranavi-Yucumo
2010-09-02,Desconexión de Carga,POTOSI,SEPSA,D,10:37,12:16,18.8,Operación del relé Buchholtz del transformador TRVEL06905 de S/E Velarde II.
2010-09-02,Desconexión del EDAC,COCHABAMBA,ELFEC,D,18:23,18:31,3.3,Disparo de la unidad YAN con 46.0 MW e incremento de la demanda en el SIN.
2010-09-02,Desconexión del EDAC,POTOSI,MSCR,CNR,18:23,18:33,1.4,Disparo de la unidad YAN con 46.0 MW e incremento de la demanda en el SIN.
2010-09-11,Desconexión de Carga,TRINIDAD,ENDE,D,11:46,12:11,4.2,Desconexión línea en 115 kV San Ignacio de Moxos-Trinidad.
2010-09-11,Desconexión de Carga,TRINIDAD,ENDE,D,16:31,24:00,2.0,Desconexión línea en 115 kV Caranavi-Yucumo.
2010-09-12,Desconexión de Carga,TRINIDAD,ENDE,D,00:00,16:56,2.0,Desconexión línea en 115 kV Caranavi-Yucumo.
2010-09-14,Desconexión de Carga,TRINIDAD,ENDE,D,11:32,12:10,5.26,Desconexión línea en 115 kV Yucumo-San Borja-Moxos-Trinidad.
2010-09-16,Desconexión de Carga,TRINIDAD,ENDE,D,21:25,22:06,7.27,Desconexión línea en 115 kV Moxos-Trinidad.
2010-09-16,Desconexión de Carga,TRINIDAD,ENDE,D,22:12,22:20,2.2,Desconexión línea en 115 kV Moxos-Trinidad.
2010-09-17,Desconexión de Carga,TRINIDAD,ENDE,D,03:35,06:12,0.66,Desconexión línea en 115 kV Moxos-Trinidad.
2010-09-20,Regulación de Voltaje,COCHABAMBA,ELFEC,D,11:06,23:00,2.5,Problemas en unidades de generación en el SIN. Ver Informe de Falla Nº 263-2010.
2010-09-20,Regulación de Voltaje,LA PAZ,ELECTROPAZ,D,11:07,22:19,8.0,Problemas en unidades de generación en el SIN. Ver Informe de Falla Nº 263-2010.
2010-09-20,Regulación de Voltaje,SANTA CRUZ,CRE,D,11:09,22:33,10.0,Problemas en unidades de generación en el SIN. Ver Informe de Falla Nº 263-2010.
2010-09-20,Desconexión de Carga Manual,LA PAZ,ELECTROPAZ,D,14:03,18:28,10.8,Problemas en unidades de generación en el SIN. Ver Informe de Falla Nº 263-2010.
2010-09-20,Desconexión de Carga Manual,SANTA CRUZ,CRE,D,14:03,18:28,18.35,Problemas en unidades de generación en el SIN. Ver Informe de Falla Nº 263-2010.
2010-09-20,Desconexión de Carga Manual,ORURO,CMVINTO,CNR,14:05,18:35,0.35,Problemas en unidades de generación en el SIN. Ver Informe de Falla Nº 263-2010.
2010-09-20,Desconexión de Carga Manual,ORURO,ELFEO,D,14:05,19:22,3.0,Problemas en unidades de generación en el SIN. Ver Informe de Falla Nº 263-2010.
2010-09-20,Desconexión de Carga Manual,POTOSI,SEPSA,D,14:08,18:25,2.71,Problemas en unidades de generación en el SIN. Ver Informe de Falla Nº 263-2010.
2010-09-20,Desconexión de Carga Manual,COCHABAMBA,COBOCE,CNR,14:09,16:17,4.0,Problemas en unidades de generación en el SIN. Ver Informe de Falla Nº 263-2010.
2010-09-20,Desconexión de Carga Manual,COCHABAMBA,ELFEC,D,14:09,18:25,7.9,Problemas en unidades de generación en el SIN. Ver Informe de Falla Nº 263-2010.
2010-09-20,Desconexión de Carga Manual,SUCRE,CESSA,D,14:17,19:23,1.24,Problemas en unidades de generación en el SIN. Ver Informe de Falla Nº 263-2010.
2010-09-20,Desconexión de Carga Manual,ORURO,EMIRSA,CNR,14:20,16:50,0.25,Problemas en unidades de generación en el SIN. Ver Informe de Falla Nº 263-2010.
2010-09-22,Desconexión de Carga,TRINIDAD,ENDE,D,07:55,08:19,5.2,Desconexión línea en 115 kV Caranavi-Yucumo.
2010-09-22,Desconexión de Carga,TRINIDAD,ENDE,D,08:21,08:28,0.7,Desconexión línea en 115 kV Caranavi-Yucumo.
2010-09-22,Desconexión de Carga,COCHABAMBA,ELFEC,D,14:28,14:47,22.3,Desconexión línea en 115 kV Central-Quillacollo.
2010-09-22,Regulación de Voltaje,COCHABAMBA,ELFEC,D,15:49,18:16,2.0,Problemas en unidades de generación en el SIN.
2010-09-22,Regulación de Voltaje,LA PAZ,ELECTROPAZ,D,15:50,18:17,4.0,Problemas en unidades de generación en el SIN.
2010-09-22,Regulación de Voltaje,SANTA CRUZ,CRE,D,15:51,18:17,4.7,Problemas en unidades de generación en el SIN.
2010-09-23,Regulación de Voltaje,SANTA CRUZ,CRE,D,14:39,21:30,10.0,Problemas en unidades de generación en el SIN.
2010-09-23,Regulación de Voltaje,COCHABAMBA,ELFEC,D,14:39,21:31,2.0,Problemas en unidades de generación en el SIN.
2010-09-23,Regulación de Voltaje,LA PAZ,ELECTROPAZ,D,14:40,21:30,6.0,Problemas en unidades de generación en el SIN.
2010-09-27,Regulación de Voltaje,COCHABAMBA,ELFEC,D,08:58,21:55,2.1,Problemas en unidades de generación en el SIN.
2010-09-27,Regulación de Voltaje,SANTA CRUZ,CRE,D,09:00,21:54,3.0,Problemas en unidades de generación en el SIN.
2010-09-27,Regulación de Voltaje,LA PAZ,ELECTROPAZ,D,09:00,21:54,7.0,Problemas en unidades de generación en el SIN.
2010-09-27,Desconexión de Carga Manual,LA PAZ,ELECTROPAZ,D,10:58,12:11,7.1,Problemas en unidades de generación en el SIN.
2010-09-27,Desconexión de Carga Manual,COCHABAMBA,ELFEC,D,10:59,12:11,5.1,Problemas en unidades de generación en el SIN.
2010-09-27,Desconexión de Carga Manual,ORURO,ELFEO,D,10:59,12:18,2.1,Problemas en unidades de generación en el SIN.
2010-09-27,Desconexión de Carga Manual,ORURO,EMIRSA,CNR,11:00,12:12,0.25,Problemas en unidades de generación en el SIN.
2010-09-27,Desconexión de Carga Manual,SANTA CRUZ,CRE,D,11:01,12:12,12.7,Problemas en unidades de generación en el SIN.
2010-09-27,Desconexión de Carga Manual,ORURO,CMVINTO,CNR,11:02,12:20,0.3,Problemas en unidades de generación en el SIN.
2010-09-27,Desconexión de Carga Manual,COCHABAMBA,COBOCE,CNR,11:05,12:12,0.7,Problemas en unidades de generación en el SIN.
2010-09-27,Desconexión de Carga Manual,POTOSI,SEPSA,D,11:11,12:15,1.6,Problemas en unidades de generación en el SIN.
2010-09-27,Desconexión de Carga Manual,SUCRE,CESSA,D,11:24,12:13,0.8,Problemas en unidades de generación en el SIN.
2010-09-27,Desconexión de Carga Manual,LA PAZ,ELECTROPAZ,D,12:31,12:47,7.6,Límite de transferencia en la línea Kenko - Mazocruz - Vinto.
2010-09-27,Desconexión de Carga Manual,COCHABAMBA,COBOCE,CNR,13:50,20:23,0.8,Problemas en unidades de generación en el SIN.
2010-09-27,Desconexión de Carga Manual,COCHABAMBA,ELFEC,D,13:50,21:23,14.4,Problemas en unidades de generación en el SIN.
2010-09-27,Desconexión de Carga Manual,ORURO,ELFEO,D,13:50,21:24,5.4,Problemas en unidades de generación en el SIN.
2010-09-27,Desconexión de Carga Manual,SUCRE,CESSA,D,13:50,21:25,2.8,Problemas en unidades de generación en el SIN.
2010-09-27,Desconexión de Carga Manual,SANTA CRUZ,CRE,D,13:50,21:39,35.4,Problemas en unidades de generación en el SIN.
2010-09-27,Desconexión de Carga Manual,LA PAZ,ELECTROPAZ,D,13:50,21:39,20.4,Problemas en unidades de generación en el SIN.
2010-09-27,Desconexión de Carga Manual,POTOSI,SEPSA,D,13:50,21:40,7.3,Problemas en unidades de generación en el SIN.
2010-09-27,Desconexión de Carga Manual,TRINIDAD,ENDE,D,13:50,21:41,0.6,Problemas en unidades de generación en el SIN.
2010-10-02,Desconexión de Carga,TRINIDAD,ENDE,D,05:43,06:24,5.08,Desconexión línea en 115 kV Caranavi-Yucumo.
2010-10-06,Desconexión de Carga,SANTA CRUZ,CRE,D,14:22,14:34,11.5,Desconexión de la unidad generadora GBE01.
2010-10-06,Desconexión de Carga,SANTA CRUZ,CRE,D,14:22,15:12,7.2,Desconexión de la unidad generadora GBE01.
2010-10-06,Desconexión de Carga,SANTA CRUZ,CRE,D,15:41,16:37,7.2,Desconexión de la línea en 115 kV ARB-MON.
2010-10-07,Colapso Total,TRINIDAD,ENDE,D,08:50,08:59,6.0,Desconexión del transformador de potencia TRTRI115.
2010-10-07,Colapso Total,TRINIDAD,ENDE,D,21:57,22:45,6.71,Desconexión línea en 115 kV Caranavi - Yucumo.
2010-10-07,Colapso Total,TRINIDAD,ENDE,D,23:39,23:59,5.77,Desconexión línea en 115 kV Caranavi - Yucumo.
2010-10-08,Colapso Total,TRINIDAD,ENDE,D,02:01,02:21,5.76,Desconexión línea en 115 kV Caranavi-Yucumo.
2010-10-08,Colapso Total,TRINIDAD,ENDE,D,02:22,02:36,0.13,Desconexión línea en 115 kV Caranavi-Yucumo.
2010-10-08,Colapso Total,TRINIDAD,ENDE,D,02:44,02:50,1.02,Desconexión línea en 115 kV Caranavi-Yucumo.
2010-10-08,Colapso Total,TRINIDAD,ENDE,D,08:50,09:03,5.87,Desconexión línea en 115 kV Caranavi-Yucumo.
2010-10-08,Colapso Total,TRINIDAD,ENDE,D,15:53,19:47,6.64,Desconexión línea en 115 kV Caranavi-Yucumo.
2010-10-09,Colapso Total,TRINIDAD,ENDE,D,08:17,12:37,5.69,Desconexión línea en 115 kV Caranavi - Yucumo.
2010-10-09,Colapso Total,TRINIDAD,ENDE,D,21:18,21:34,7.44,Desconexión línea en 115 kV Yucumo - San Borja.
2010-10-10,Desconexión de Carga Manual,SANTA CRUZ,CRE,D,09:03,09:17,6.5,Por disparo de la unidad SCZ01 de EGSA.
2010-10-10,Desconexión de Carga,TRINIDAD,ENDE,D,12:25,14:02,3.55,Desconexión línea en 115 kV Caranavi - Yucumo.
2010-10-12,Desconexión de Carga,POTOSI,MSCR,CNR,17:13,17:20,50.34,Desconexión línea en 230 kV Punutuma-San Cristobal.
2010-10-13,Desconexión de Carga,LA PAZ,ELECTROPAZ,D,17:20,18:08,9.9,Desconexión de la línea en 69 kV Kenko - Tarapacá - Tembladerani.
2010-10-15,Desconexión de Carga,TRINIDAD,ENDE,D,15:54,16:13,5.63,Desconexión línea en 115 kV Caranavi - Yucumo.
2010-10-19,Desconexión de Carga,TRINIDAD,ENDE,D,11:51,12:41,7.72,Desconexión línea en 115 kV Yucumo - San Borja.
2010-10-21,Regulación de Voltaje,SANTA CRUZ,CRE,D,14:04,16:52,5.0,Problemas en unidades de generación en el Sistema Interconectado Nacional.
2010-10-21,Regulación de Voltaje,COCHABAMBA,ELFEC,D,14:04,16:52,2.5,Problemas en unidades de generación en el Sistema Interconectado Nacional.
2010-10-21,Regulación de Voltaje,LA PAZ,ELECTROPAZ,D,14:04,16:53,5.0,Problemas en unidades de generación en el Sistema Interconectado Nacional.
2010-10-21,Desconexión de Carga Manual,COCHABAMBA,ELFEC,D,14:25,15:44,1.6,Problemas en unidades de generación en el Sistema Interconectado Nacional.
2010-10-21,Desconexión de Carga Manual,SANTA CRUZ,CRE,D,14:25,15:44,8.1,Problemas en unidades de generación en el Sistema Interconectado Nacional.
2010-10-21,Desconexión de Carga Manual,LA PAZ,ELECTROPAZ,D,14:25,15:44,4.4,Problemas en unidades de generación en el Sistema Interconectado Nacional.
2010-10-21,Desconexión de Carga Manual,ORURO,ELFEO,D,14:25,15:44,1.0,Problemas en unidades de generación en el Sistema Interconectado Nacional.
2010-10-21,Desconexión de Carga Manual,SUCRE,CESSA,D,14:25,15:44,0.6,Problemas en unidades de generación en el Sistema Interconectado Nacional.
2010-10-21,Desconexión de Carga Manual,POTOSI,SEPSA,D,14:25,15:44,1.0,Problemas en unidades de generación en el Sistema Interconectado Nacional.
2010-10-21,Desconexión de Carga Manual,TRINIDAD,ENDE,D,14:25,15:44,0.1,Problemas en unidades de generación en el Sistema Interconectado Nacional.
2010-10-21,Desconexión de Carga Manual,COCHABAMBA,COBOCE,CNR,14:25,15:44,0.2,Problemas en unidades de generación en el Sistema Interconectado Nacional.
2010-10-21,Desconexión de Carga Manual,ORURO,EMIRSA,CNR,14:25,15:44,0.1,Problemas en unidades de generación en el Sistema Interconectado Nacional.
2010-10-21,Desconexión de Carga Manual,ORURO,CMVINTO,CNR,14:25,15:44,0.1,Problemas en unidades de generación en el Sistema Interconectado Nacional.
2010-10-21,Desconexión de Carga Manual,COCHABAMBA,ELFEC,D,14:25,15:44,1.6,Problemas en unidades de generación en el Sistema Interconectado Nacional.
2010-10-21,Desconexión de Carga Manual,ORURO,CMVINTO,CNR,14:25,15:44,0.1,Problemas en unidades de generación en el Sistema Interconectado Nacional.
2010-10-21,Desconexión de Carga Manual,LA PAZ,ELECTROPAZ,D,14:43,16:16,2.2,Problemas en unidades de generación en el Sistema Interconectado Nacional.
2010-10-21,Desconexión de Carga Manual,SANTA CRUZ,CRE,D,14:43,16:16,4.1,Problemas en unidades de generación en el Sistema Interconectado Nacional.
2010-10-21,Desconexión de Carga Manual,ORURO,ELFEO,D,14:43,16:16,0.5,Problemas en unidades de generación en el Sistema Interconectado Nacional.
2010-10-21,Desconexión de Carga Manual,SUCRE,CESSA,D,14:43,16:16,0.3,Problemas en unidades de generación en el Sistema Interconectado Nacional.
2010-10-21,Desconexión de Carga Manual,POTOSI,SEPSA,D,14:43,16:16,0.5,Problemas en unidades de generación en el Sistema Interconectado Nacional.
2010-10-21,Desconexión de Carga Manual,POTOSI,ENDE,D,14:43,16:16,0.1,Problemas en unidades de generación en el Sistema Interconectado Nacional.
2010-10-21,Desconexión de Carga Manual,COCHABAMBA,COBOCE,CNR,14:43,16:16,0.1,Problemas en unidades de generación en el Sistema Interconectado Nacional.
2010-10-22,Desconexión de Carga,TRINIDAD,ENDE,D,06:31,06:44,5.88,Desconexión línea en 115 kV Caranavi - Yucumo.
2010-10-25,Desconexión de Carga,LA PAZ,ELECTROPAZ,D,11:58,12:22,9.7,Desconexión línea en 69 kV Kenko - Tarapacá - Tembladerani.
2010-10-27,Desconexión de Carga,SANTA CRUZ,CRE,D,09:47,09:53,19.66,"Desconexión línea en 115 kV Arboleda-Montero, por vandalismo."
2010-10-27,Regulación de Voltaje,SANTA CRUZ,CRE,D,14:33,15:07,5.0,Requerimiento de potencia en el SIN.
2010-10-27,Regulación de Voltaje,LA PAZ,ELECTROPAZ,D,14:34,15:07,5.0,Requerimiento de potencia en el SIN.
2010-10-27,Regulación de Voltaje,COCHABAMBA,ELFEC,D,14:35,15:08,1.0,Requerimiento de potencia en el SIN.
2010-11-04,Desconexión de Carga,TRINIDAD,ENDE,D,10:47,12:31,6.89,Desconexión de la línea en 115 kV Caranavi - Yucumo.
2010-11-05,Desconexión del EDAC,POTOSI,SEPSA,D,09:28,09:30,1.0,Desconexión de las unidades GCH09 (46.9 MW) y GCH10 (49.2 MW) de EGSA.
2010-11-05,Desconexión del EDAC,POTOSI,MSCR,CNR,09:28,09:32,1.16,Desconexión de las unidades GCH09 (46.9 MW) y GCH10 (49.2 MW) de EGSA.
2010-11-05,Desconexión del EDAC,COCHABAMBA,ELFEC,D,09:28,09:35,6.5,Desconexión de las unidades GCH09 (46.9 MW) y GCH10 (49.2 MW) de EGSA.
2010-11-05,Desconexión del EDAC,LA PAZ,ELECTROPAZ,D,09:28,09:35,8.3,Desconexión de las unidades GCH09 (46.9 MW) y GCH10 (49.2 MW) de EGSA.
2010-11-05,Desconexión del EDAC,SUCRE,CESSA,D,09:28,09:36,2.1,Desconexión de las unidades GCH09 (46.9 MW) y GCH10 (49.2 MW) de EGSA.
2010-11-05,Desconexión del EDAC,ORURO,EMIRSA,CNR,09:28,09:37,0.7,Desconexión de las unidades GCH09 (46.9 MW) y GCH10 (49.2 MW) de EGSA.
2010-11-05,Desconexión del EDAC,SANTA CRUZ,CRE,D,09:28,09:37,8.9,Desconexión de las unidades GCH09 (46.9 MW) y GCH10 (49.2 MW) de EGSA.
2010-11-05,Desconexión del EDAC,ORURO,CMVINTO,CNR,09:28,09:37,1.5,Desconexión de las unidades GCH09 (46.9 MW) y GCH10 (49.2 MW) de EGSA.
2010-11-05,Desconexión del EDAC,COCHABAMBA,COBOCE,CNR,09:28,09:46,0.5,Desconexión de las unidades GCH09 (46.9 MW) y GCH10 (49.2 MW) de EGSA.
2010-11-05,Desconexión del EDAC,TRINIDAD,ENDE,D,09:28,09:47,2.7,Desconexión de las unidades GCH09 (46.9 MW) y GCH10 (49.2 MW) de EGSA.
2010-11-05,Desconexión del EDAC,ORURO,ELFEO,D,09:28,09:50,1.1,Desconexión de las unidades GCH09 (46.9 MW) y GCH10 (49.2 MW) de EGSA.
2010-11-08,Regulación de Voltaje,SANTA CRUZ,CRE,D,19:00,19:43,9.0,Problemas en unidades de generación en el Sistema Interconectado Nacional.
2010-11-08,Regulación de Voltaje,LA PAZ,ELECTROPAZ,D,19:00,19:44,3.5,Problemas en unidades de generación en el Sistema Interconectado Nacional.
2010-11-08,Regulación de Voltaje,COCHABAMBA,ELFEC,D,19:02,19:45,1.23,Problemas en unidades de generación en el Sistema Interconectado Nacional.
2010-11-15,Desconexión de Carga,TRINIDAD,ENDE,D,21:45,22:16,7.66,Desconexión transformador TRTRI11501 y línea en 115 kV Caranavi - Yucumo.
2010-11-19,Regulación de Voltaje,COCHABAMBA,ELFEC,D,10:05,23:01,2.0,"Problemas en unidades de generación en el Sistema Interconectado Nacional, ver informe de falla Nº 320-10."
2010-11-19,Regulación de Voltaje,SANTA CRUZ,CRE,D,10:05,23:01,8.0,"Problemas en unidades de generación en el Sistema Interconectado Nacional, ver informe de falla Nº 320-10."
2010-11-19,Regulación de Voltaje,LA PAZ,ELECTROPAZ,D,10:05,23:01,3.0,"Problemas en unidades de generación en el Sistema Interconectado Nacional, ver informe de falla Nº 320-10."
2010-11-19,Desconexión de Carga Manual,LA PAZ,ELECTROPAZ,D,19:05,20:30,5.3,"Problemas en unidades de generación en el Sistema Interconectado Nacional, ver informe de falla Nº 320-10."
2010-11-19,Desconexión de Carga Manual,ORURO,ELFEO,D,19:06,20:27,1.4,"Problemas en unidades de generación en el Sistema Interconectado Nacional, ver informe de falla Nº 320-10."
2010-11-19,Desconexión de Carga Manual,SANTA CRUZ,CRE,D,19:06,20:31,7.5,"Problemas en unidades de generación en el Sistema Interconectado Nacional, ver informe de falla Nº 320-10."
2010-11-19,Desconexión de Carga Manual,COCHABAMBA,ELFEC,D,19:06,20:34,3.8,"Problemas en unidades de generación en el Sistema Interconectado Nacional, ver informe de falla Nº 320-10."
2010-11-19,Desconexión de Carga Manual,POTOSI,SEPSA,D,19:07,20:26,0.9,"Problemas en unidades de generación en el Sistema Interconectado Nacional, ver informe de falla Nº 320-10."
2010-11-19,Desconexión de Carga Manual,SUCRE,CESSA,D,19:07,20:50,0.7,"Problemas en unidades de generación en el Sistema Interconectado Nacional, ver informe de falla Nº 320-10."
2010-11-19,Desconexión de Carga Manual,COCHABAMBA,COBOCE,CNR,19:08,20:21,0.1,"Problemas en unidades de generación en el Sistema Interconectado Nacional, ver informe de falla Nº 320-10."
2010-11-19,Desconexión de Carga Manual,TRINIDAD,ENDE,D,19:10,20:21,0.1,"Problemas en unidades de generación en el Sistema Interconectado Nacional, ver informe de falla Nº 320-10."
2010-11-20,Desconexión de Carga,TRINIDAD,ENDE,D,13:14,13:35,6.45,Reconexión línea en 115 kV CRN-CHS y desconexión línea en 115 kV CRN-YUC.
2010-11-21,Desconexión de Carga,TRINIDAD,ENDE,D,12:48,13:03,7.42,Reconexión línea en 115 kV CRN-CHS y desconexión línea en 115 kV CRN-YUC.
2010-11-22,Regulación de Voltaje,LA PAZ,ELECTROPAZ,D,18:54,21:48,5.0,Problemas en unidades de generación en el Sistema Interconectado Nacional.
2010-11-22,Regulación de Voltaje,SANTA CRUZ,CRE,D,18:55,21:49,6.0,Problemas en unidades de generación en el Sistema Interconectado Nacional.
2010-11-22,Regulación de Voltaje,COCHABAMBA,ELFEC,D,18:55,21:49,2.5,Problemas en unidades de generación en el Sistema Interconectado Nacional.
2010-11-23,Regulación de Voltaje,COCHABAMBA,ELFEC,D,18:46,21:09,2.0,"Problemas en unidades de generación en el Sistema Interconectado Nacional, ver informe de falla Nº 323-10."
2010-11-23,Regulación de Voltaje,SANTA CRUZ,CRE,D,18:46,21:09,8.0,"Problemas en unidades de generación en el Sistema Interconectado Nacional, ver informe de falla Nº 323-10."
2010-11-23,Regulación de Voltaje,LA PAZ,ELECTROPAZ,D,18:46,21:09,4.0,"Problemas en unidades de generación en el Sistema Interconectado Nacional, ver informe de falla Nº 323-10."
2010-11-23,Desconexión de Carga Manual,SANTA CRUZ,CRE,D,19:21,20:03,3.8,"Problemas en unidades de generación en el Sistema Interconectado Nacional, ver informe de falla Nº 323-10."
2010-11-23,Desconexión de Carga Manual,LA PAZ,ELECTROPAZ,D,19:21,20:04,2.8,"Problemas en unidades de generación en el Sistema Interconectado Nacional, ver informe de falla Nº 323-10."
2010-11-23,Desconexión de Carga Manual,COCHABAMBA,ELFEC,D,19:21,20:04,1.9,"Problemas en unidades de generación en el Sistema Interconectado Nacional, ver informe de falla Nº 323-10."
2010-11-23,Desconexión de Carga Manual,ORURO,ELFEO,D,19:22,20:15,0.8,"Problemas en unidades de generación en el Sistema Interconectado Nacional, ver informe de falla Nº 323-10."
2010-11-23,Desconexión de Carga Manual,SUCRE,CESSA,D,19:22,20:18,0.4,"Problemas en unidades de generación en el Sistema Interconectado Nacional, ver informe de falla Nº 323-10."
2010-11-23,Desconexión de Carga Manual,COCHABAMBA,COBOCE,CNR,19:22,20:18,0.5,"Problemas en unidades de generación en el Sistema Interconectado Nacional, ver informe de falla Nº 323-10."
2010-11-23,Desconexión de Carga Manual,POTOSI,SEPSA,D,19:23,20:15,0.6,"Problemas en unidades de generación en el Sistema Interconectado Nacional, ver informe de falla Nº 323-10."
2010-11-23,Desconexión de Carga Manual,TRINIDAD,ENDE,D,19:23,20:19,0.1,"Problemas en unidades de generación en el Sistema Interconectado Nacional, ver informe de falla Nº 323-10."
2010-11-25,Regulación de Voltaje,COCHABAMBA,ELFEC,D,19:00,22:09,2.0,"Problemas en unidades de generación en el Sistema Interconectado Nacional, ver informe de falla Nº 324-10."
2010-11-25,Regulación de Voltaje,LA PAZ,ELECTROPAZ,D,19:00,22:09,3.5,"Problemas en unidades de generación en el Sistema Interconectado Nacional, ver informe de falla Nº 324-10."
2010-11-25,Regulación de Voltaje,SANTA CRUZ,CRE,D,19:01,22:08,9.7,"Problemas en unidades de generación en el Sistema Interconectado Nacional, ver informe de falla Nº 324-10."
2010-11-25,Desconexión de Carga,LA PAZ,ELECTROPAZ,D,19:33,20:49,8.1,"Problemas en unidades de generación en el Sistema Interconectado Nacional, ver informe de falla Nº 324-10."
2010-11-25,Desconexión de Carga,SANTA CRUZ,CRE,D,19:33,20:49,11.1,"Problemas en unidades de generación en el Sistema Interconectado Nacional, ver informe de falla Nº 324-10."
2010-11-25,Desconexión de Carga,COCHABAMBA,ELFEC,D,19:33,20:50,5.4,"Problemas en unidades de generación en el Sistema Interconectado Nacional, ver informe de falla Nº 324-10."
2010-11-25,Desconexión de Carga,ORURO,ELFEO,D,19:34,20:50,2.1,"Problemas en unidades de generación en el Sistema Interconectado Nacional, ver informe de falla Nº 324-10."
2010-11-25,Desconexión de Carga,SUCRE,CESSA,D,19:35,20:50,0.9,"Problemas en unidades de generación en el Sistema Interconectado Nacional, ver informe de falla Nº 324-10."
2010-11-25,Desconexión de Carga,POTOSI,SEPSA,D,19:36,20:51,1.5,"Problemas en unidades de generación en el Sistema Interconectado Nacional, ver informe de falla Nº 324-10."
2010-11-25,Desconexión de Carga,TRINIDAD,ENDE,D,19:37,20:52,0.3,"Problemas en unidades de generación en el Sistema Interconectado Nacional, ver informe de falla Nº 324-10."
2010-11-26,Regulación de Voltaje,SANTA CRUZ,CRE,D,10:32,22:06,9.0,"Problemas en unidades de generación en el Sistema Interconectado Nacional, ver informe de falla Nº 325-10."
2010-11-26,Regulación de Voltaje,COCHABAMBA,ELFEC,D,10:33,22:06,2.5,"Problemas en unidades de generación en el Sistema Interconectado Nacional, ver informe de falla Nº 325-10."
2010-11-26,Regulación de Voltaje,LA PAZ,ELECTROPAZ,D,10:35,22:07,5.5,"Problemas en unidades de generación en el Sistema Interconectado Nacional, ver informe de falla Nº 325-10."
2010-11-26,Desconexión de Carga Manual,LA PAZ,ELECTROPAZ,D,14:36,15:38,7.2,"Problemas en unidades de generación en el Sistema Interconectado Nacional, ver informe de falla Nº 325-10."
2010-11-26,Desconexión de Carga Manual,COCHABAMBA,ELFEC,D,14:36,15:42,5.1,"Problemas en unidades de generación en el Sistema Interconectado Nacional, ver informe de falla Nº 325-10."
2010-11-26,Desconexión de Carga Manual,SANTA CRUZ,CRE,D,14:37,15:37,13.0,"Problemas en unidades de generación en el Sistema Interconectado Nacional, ver informe de falla Nº 325-10."
2010-11-26,Desconexión de Carga Manual,ORURO,ELFEO,D,14:43,15:40,1.6,"Problemas en unidades de generación en el Sistema Interconectado Nacional, ver informe de falla Nº 325-10."
2010-11-26,Desconexión de Carga Manual,TRINIDAD,ENDE,D,14:46,15:57,0.2,"Problemas en unidades de generación en el Sistema Interconectado Nacional, ver informe de falla Nº 325-10."
2010-11-26,Desconexión de Carga Manual,COCHABAMBA,COBOCE,CNR,14:50,15:57,0.2,"Problemas en unidades de generación en el Sistema Interconectado Nacional, ver informe de falla Nº 325-10."
2010-11-26,Desconexión de Carga Manual,POTOSI,SEPSA,D,14:50,16:15,1.7,"Problemas en unidades de generación en el Sistema Interconectado Nacional, ver informe de falla Nº 325-10."
2010-11-26,Desconexión de Carga Manual,SUCRE,CESSA,D,15:00,15:50,1.4,"Problemas en unidades de generación en el Sistema Interconectado Nacional, ver informe de falla Nº 325-10."
2010-11-26,Desconexión de Carga Manual,SANTA CRUZ,CRE,D,15:37,17:52,23.4,"Problemas en unidades de generación en el Sistema Interconectado Nacional, ver informe de falla Nº 325-10."
2010-11-26,Desconexión de Carga Manual,LA PAZ,ELECTROPAZ,D,15:38,17:52,12.5,"Problemas en unidades de generación en el Sistema Interconectado Nacional, ver informe de falla Nº 325-10."
2010-11-26,Desconexión de Carga Manual,ORURO,ELFEO,D,15:40,17:53,2.8,"Problemas en unidades de generación en el Sistema Interconectado Nacional, ver informe de falla Nº 325-10."
2010-11-26,Desconexión de Carga Manual,COCHABAMBA,ELFEC,D,15:42,17:53,9.6,"Problemas en unidades de generación en el Sistema Interconectado Nacional, ver informe de falla Nº 325-10."
2010-11-26,Desconexión de Carga Manual,SUCRE,CESSA,D,15:50,17:54,2.3,"Problemas en unidades de generación en el Sistema Interconectado Nacional, ver informe de falla Nº 325-10."
2010-11-26,Desconexión de Carga Manual,TRINIDAD,ENDE,D,15:57,17:54,0.4,"Problemas en unidades de generación en el Sistema Interconectado Nacional, ver informe de falla Nº 325-10."
2010-11-26,Desconexión de Carga Manual,COCHABAMBA,COBOCE,CNR,15:57,17:54,0.2,"Problemas en unidades de generación en el Sistema Interconectado Nacional, ver informe de falla Nº 325-10."
2010-11-26,Desconexión de Carga Manual,POTOSI,SEPSA,D,16:15,17:54,3.2,"Problemas en unidades de generación en el Sistema Interconectado Nacional, ver informe de falla Nº 325-10."
2010-11-26,Desconexión de Carga Manual,LA PAZ,ELECTROPAZ,D,17:52,19:21,5.3,"Problemas en unidades de generación en el Sistema Interconectado Nacional, ver informe de falla Nº 325-10."
2010-11-26,Desconexión de Carga Manual,SANTA CRUZ,CRE,D,17:52,19:21,10.4,"Problemas en unidades de generación en el Sistema Interconectado Nacional, ver informe de falla Nº 325-10."
2010-11-26,Desconexión de Carga Manual,COCHABAMBA,ELFEC,D,17:53,19:21,4.5,"Problemas en unidades de generación en el Sistema Interconectado Nacional, ver informe de falla Nº 325-10."
2010-11-26,Desconexión de Carga Manual,ORURO,ELFEO,D,17:53,19:21,1.2,"Problemas en unidades de generación en el Sistema Interconectado Nacional, ver informe de falla Nº 325-10."
2010-11-26,Desconexión de Carga Manual,SUCRE,CESSA,D,17:54,19:21,0.9,"Problemas en unidades de generación en el Sistema Interconectado Nacional, ver informe de falla Nº 325-10."
2010-11-26,Desconexión de Carga Manual,POTOSI,SEPSA,D,17:54,19:21,1.5,"Problemas en unidades de generación en el Sistema Interconectado Nacional, ver informe de falla Nº 325-10."
2010-11-26,Desconexión de Carga Manual,TRINIDAD,ENDE,D,17:54,19:21,0.2,"Problemas en unidades de generación en el Sistema Interconectado Nacional, ver informe de falla Nº 325-10."
2010-11-26,Desconexión de Carga Manual,COCHABAMBA,COBOCE,CNR,17:54,19:21,0.2,"Problemas en unidades de generación en el Sistema Interconectado Nacional, ver informe de falla Nº 325-10."
2010-11-26,Desconexión de Carga Manual,COCHABAMBA,COBOCE,CNR,19:21,21:05,0.1,"Problemas en unidades de generación en el Sistema Interconectado Nacional, ver informe de falla Nº 326-10."
2010-11-26,Desconexión de Carga Manual,ORURO,ELFEO,D,19:21,21:07,2.5,"Problemas en unidades de generación en el Sistema Interconectado Nacional, ver informe de falla Nº 326-10."
2010-11-26,Desconexión de Carga Manual,SUCRE,CESSA,D,19:21,21:14,1.4,"Problemas en unidades de generación en el Sistema Interconectado Nacional, ver informe de falla Nº 326-10."
2010-11-26,Desconexión de Carga Manual,POTOSI,SEPSA,D,19:21,21:15,2.8,"Problemas en unidades de generación en el Sistema Interconectado Nacional, ver informe de falla Nº 326-10."
2010-11-26,Desconexión de Carga Manual,SANTA CRUZ,CRE,D,19:21,21:17,17.1,"Problemas en unidades de generación en el Sistema Interconectado Nacional, ver informe de falla Nº 326-10."
2010-11-26,Desconexión de Carga Manual,COCHABAMBA,ELFEC,D,19:21,21:21,7.2,"Problemas en unidades de generación en el Sistema Interconectado Nacional, ver informe de falla Nº 326-10."
2010-11-26,Desconexión de Carga Manual,LA PAZ,ELECTROPAZ,D,19:21,21:24,9.8,"Problemas en unidades de generación en el Sistema Interconectado Nacional, ver informe de falla Nº 326-10."
2010-11-26,Desconexión de Carga Manual,TRINIDAD,ENDE,D,19:21,21:28,0.3,"Problemas en unidades de generación en el Sistema Interconectado Nacional, ver informe de falla Nº 326-10."
2010-11-27,Regulación de Voltaje,SANTA CRUZ,CRE,D,20:00,21:03,7.5,Problemas en unidades de generación en el Sistema Interconectado Nacional.
2010-11-27,Regulación de Voltaje,LA PAZ,ELECTROPAZ,D,20:00,21:03,4.0,Problemas en unidades de generación en el Sistema Interconectado Nacional.
2010-11-27,Regulación de Voltaje,COCHABAMBA,ELFEC,D,20:01,21:04,2.0,Problemas en unidades de generación en el Sistema Interconectado Nacional.
2010-12-03,Regulación de Voltaje,LA PAZ,ELECTROPAZ,D,15:20,20:01,3.0,Problemas en unidades de generación en el Sistema Interconectado Nacional.
2010-12-03,Regulación de Voltaje,COCHABAMBA,ELFEC,D,15:21,20:01,2.5,Problemas en unidades de generación en el Sistema Interconectado Nacional.
2010-12-03,Regulación de Voltaje,SANTA CRUZ,CRE,D,15:21,20:03,6.0,Problemas en unidades de generación en el Sistema Interconectado Nacional.
2010-12-09,Desconexión de Carga,LA PAZ,ELECTROPAZ,D,14:46,14:58,37.2,Desconexión de la línea en 115 kV Kenko-Tap Chuquiaguillo.
2010-12-11,Desconexión del EDAC,COCHABAMBA,ELFEC,D,20:04,20:06,5.2,Desconexión de las líneas en 115 kV Tiquimani - Sainani - Huaji y Tiquimani - Chururaqui - Huaji.
2010-12-11,Desconexión del EDAC,SUCRE,CESSA,D,20:04,20:10,2.7,Desconexión de las líneas en 115 kV Tiquimani - Sainani - Huaji y Tiquimani - Chururaqui - Huaji.
2010-12-11,Desconexión del EDAC,ORURO,CMVINTO,CNR,20:04,20:11,1.0,Desconexión de las líneas en 115 kV Tiquimani - Sainani - Huaji y Tiquimani - Chururaqui - Huaji.
2010-12-11,Desconexión del EDAC,LA PAZ,ELECTROPAZ,D,20:04,20:14,8.8,Desconexión de las líneas en 115 kV Tiquimani - Sainani - Huaji y Tiquimani - Chururaqui - Huaji.
2010-12-11,Desconexión del EDAC,SANTA CRUZ,CRE,D,20:04,20:15,13.6,Desconexión de las líneas en 115 kV Tiquimani - Sainani - Huaji y Tiquimani - Chururaqui - Huaji.
2010-12-11,Desconexión del EDAC,POTOSI,SEPSA,D,20:04,20:18,3.1,Desconexión de las líneas en 115 kV Tiquimani - Sainani - Huaji y Tiquimani - Chururaqui - Huaji.
2010-12-11,Desconexión del EDAC,POTOSI,MSCR,CNR,20:04,20:23,1.0,Desconexión de las líneas en 115 kV Tiquimani - Sainani - Huaji y Tiquimani - Chururaqui - Huaji.
2010-12-11,Desconexión del EDAC,COCHABAMBA,COBOCE,CNR,20:04,20:28,0.5,Desconexión de las líneas en 115 kV Tiquimani - Sainani - Huaji y Tiquimani - Chururaqui - Huaji.
2010-12-11,Desconexión del EDAC,ORURO,ELFEO,D,20:04,20:32,1.3,Desconexión de las líneas en 115 kV Tiquimani - Sainani - Huaji y Tiquimani - Chururaqui - Huaji.
2010-12-11,Desconexión de Carga,TRINIDAD,ENDE,D,20:44,20:53,7.35,Reconexión línea en 115 kV Chuspipata - Caranavi.
2010-12-13,Desconexión de Carga,TRINIDAD,ENDE,D,02:23,02:39,7.64,Reconexión línea en 115 kV Chuspipata - Caranavi.
2010-12-13,Desconexión de Carga,TRINIDAD,ENDE,D,07:40,07:55,4.74,Falla sistema de distribución de Trinidad.
2010-12-14,Desconexión del EDAC,TRINIDAD,ENDE,D,11:59,12:01,2.18,Desconexión de las unidades generadoras GCH09 y GCH10.
2010-12-14,Desconexión del EDAC,POTOSI,SEPSA,D,11:59,12:03,2.0,Desconexión de las unidades generadoras GCH09 y GCH10.
2010-12-14,Desconexión del EDAC,ORURO,EMIRSA,CNR,11:59,12:08,0.8,Desconexión de las unidades generadoras GCH09 y GCH10.
2010-12-14,Desconexión del EDAC,SANTA CRUZ,CRE,D,11:59,12:10,23.0,Desconexión de las unidades generadoras GCH09 y GCH10.
2010-12-14,Desconexión del EDAC,COCHABAMBA,CESSA,D,11:59,12:11,4.5,Desconexión de las unidades generadoras GCH09 y GCH10.
2010-12-14,Desconexión del EDAC,COCHABAMBA,ELFEC,D,11:59,12:13,9.7,Desconexión de las unidades generadoras GCH09 y GCH10.
2010-12-14,Desconexión del EDAC,POTOSI,MSCR,CNR,11:59,12:14,1.88,Desconexión de las unidades generadoras GCH09 y GCH10.
2010-12-14,Desconexión del EDAC,COCHABAMBA,COBOCE,CNR,11:59,12:14,0.5,Desconexión de las unidades generadoras GCH09 y GCH10.
2010-12-14,Desconexión del EDAC,ORURO,E.M.VINTO,CNR,11:59,12:15,1.3,Desconexión de las unidades generadoras GCH09 y GCH10.
2010-12-14,Desconexión del EDAC,LA PAZ,ELECTROPAZ,D,11:59,12:17,20.7,Desconexión de las unidades generadoras GCH09 y GCH10.
2010-12-14,Desconexión del EDAC,ORURO,ELFEO,D,11:59,12:19,4.0,Desconexión de las unidades generadoras GCH09 y GCH10.
2010-12-17,Desconexión de Carga,TRINIDAD,ENDE,D,01:57,02:11,7.38,Desconexión línea en 115 kV Caranavi - Yucumo.
2010-12-19,Desconexión de Carga,TRINIDAD,ENDE,D,02:52,03:03,7.31,Falla en el sistema de distribución de Trinidad.
2010-12-19,Desconexión de Carga,TRINIDAD,ENDE,D,15:34,15:43,6.86,Desconexión línea en 115 kV Chuspipata - Caranavi.
2010-12-20,Desconexión de Carga,TRINIDAD,ENDE,D,16:26,16:43,6.39,Desconexión del transformador de potencia TRTRI11501.
2010-12-20,Regulación de Voltaje,LA PAZ,ELECTROPAZ,D,18:27,20:16,6.5,Problemas en unidades de generación en el Sistema Interconectado Nacional.
2010-12-20,Regulación de Voltaje,COCHABAMBA,ELFEC,D,18:27,20:20,2.5,Problemas en unidades de generación en el Sistema Interconectado Nacional.
2010-12-20,Regulación de Voltaje,SANTA CRUZ,CRE,D,18:28,20:17,7.8,Problemas en unidades de generación en el Sistema Interconectado Nacional.
2010-12-25,Desconexión de Carga,COCHABAMBA,ELFEC,D,01:29,07:43,4.9,Falla interrupor Z191
2010-12-25,Desconexión del EDAC,TRINIDAD,ENDE,D,03:44,03:45,1.4,Desconexión de las unidades de BUL01 y BUL02
2010-12-25,Desconexión del EDAC,SUCRE,CESSA,D,03:44,03:47,1.0,Desconexión de las unidades de BUL01 y BUL02
2010-12-25,Desconexión del EDAC,COCHABAMBA,ELFEC,D,03:44,03:51,5.5,Desconexión de las unidades de BUL01 y BUL02
2010-12-25,Desconexión del EDAC,COCHABAMBA,CRE,D,03:44,03:52,7.3,Desconexión de las unidades de BUL01 y BUL02
2010-12-25,Desconexión del EDAC,POTOSI,MSCR,CNR,03:44,03:53,2.79,Desconexión de las unidades de BUL01 y BUL02
2010-12-25,Desconexión del EDAC,LA PAZ,ELECTROPAZ,D,03:44,03:58,6.2,Desconexión de las unidades de BUL01 y BUL02
2010-12-25,Desconexión del EDAC,ORURO,CMVINTO,CNR,03:44,03:58,0.1,Desconexión de las unidades de BUL01 y BUL02
2010-12-25,Desconexión del EDAC,ORURO,ELFEO,D,03:44,03:59,0.8,Desconexión de las unidades de BUL01 y BUL02
2010-12-25,Desconexión del EDAC,POTOSI,SEPSA,D,03:44,04:02,2.3,Desconexión de las unidades de BUL01 y BUL02
2010-12-25,Desconexión del EDAC,ORURO,EMIRSA,CNR,03:44,04:04,0.8,Desconexión de las unidades de BUL01 y BUL02
2010-12-31,Desconexión de Carga,ORURO,ELFEO,D,16:57,17:05,10.0,Desconexión de la línea en 69 kV Huayñacota - Sud.
2011-01-05,Desconexión de Carga,TRINIDAD,ENDE,D,15:32,15:44,8.47,Desconexión de la línea en 115 kV YUC-SBO.
2011-01-06,Desconexión de Carga,LA PAZ,ELECTROPAZ,D,01:12,01:24,26.9,Desconexión línea en 115 kV Tap Chuquiaguillo - Kenko.
2011-01-06,Desconexión de Carga,LA PAZ,ELECTROPAZ,D,01:12,01:33,2.45,Desconexión línea en 115 kV Tap Chuquiaguillo - Chuspipata.
2011-01-06,Desconexión de Carga,TRINIDAD,ENDE,D,01:12,01:44,7.84,Desconexión línea en 115 kV Tap Chuquiaguillo - Chuspipata.
2011-01-08,Desconexión de Carga,TRINIDAD,ENDE,D,15:34,16:26,0.85,Desconexión línea en 115 kV Yucumo - San Borja - Moxos.
2011-01-08,Desconexión de Carga,TRINIDAD,ENDE,D,15:34,17:23,7.86,Desconexión línea en 115 kV Yucumo - San Borja - Moxos.
2011-01-08,Desconexión de Carga,TRINIDAD,ENDE,D,18:14,18:35,0.86,Desconexión línea en 115 kV Yucumo - San Borja - Moxos.
2011-01-08,Desconexión de Carga,TRINIDAD,ENDE,D,18:14,19:44,5.87,Desconexión línea en 115 kV Yucumo - San Borja - Moxos.
2011-01-08,Desconexión de Carga,TRINIDAD,ENDE,D,19:08,19:29,0.9,Desconexión línea en 115 kV Yucumo - San Borja - Moxos.
2011-01-09,Desconexión de Carga,TRINIDAD,ENDE,D,12:54,14:09,6.88,Desconexión línea en 115 kV San Borja - Moxos.
2011-01-09,Desconexión de Carga,TRINIDAD,ENDE,D,12:55,13:18,0.77,Desconexión línea en 115 kV Caranavi - Yucumo - San Borja.
2011-01-09,Desconexión de Carga,TRINIDAD,ENDE,D,21:41,24:00,8.92,Desconexión línea en 115 kV Yucumo - San Borja - Moxos - Trinidad.
2011-01-12,Desconexión de Carga,POTOSI,MSCR,CNR,19:40,19:45,18.8,Perturbación transitoria de voltaje.
2011-01-12,Desconexión de Carga,POTOSI,MSCR,CNR,19:40,19:45,25.51,Desconexión línea en 230 kV Punutuma - San Cristobal.
2011-01-15,Desconexión de Carga,POTOSI,MSCR,CNR,02:02,02:22,6.9,Desconexión línea en 115 kV TCH-CHS (70.0 MW).
2011-01-17,Desconexión de Carga,TRINIDAD,ENDE,D,21:53,21:57,10.55,Trabajos banco de capacitores (operó protección de transferencia de disparo).
2011-01-20,Desconexión de Carga,TRINIDAD,ENDE,D,11:01,11:12,8.63,Desconexión de la línea en 115 kV YUC-SBO.
2011-01-20,Desconexión de Carga,TRINIDAD,ENDE,D,19:48,20:10,9.99,Desconexión del alimentador IM42.
2011-01-20,Desconexión de Carga,LA PAZ,ELECTROPAZ,D,21:15,22:17,44.5,Desconexión de la línea en 115 kV COT-KEN.
2011-01-20,Desconexión de Carga,TRINIDAD,ENDE,D,21:15,22:51,9.83,Desconexión de la línea en 115 kV COT-KEN.
2011-01-25,Desconexión de Carga,TRINIDAD,ENDE,D,19:11,19:14,8.37,Desconexión del alimentador IM42.
2011-01-25,Desconexión de Carga,TRINIDAD,ENDE,D,20:25,20:32,8.7,Desconexión del alimentador IM42.
2011-01-26,Desconexión de Carga,TRINIDAD,ENDE,D,14:53,14:55,9.3,Desconexión del alimentador IM42.
2011-01-26,Desconexión de Carga,TRINIDAD,ENDE,D,15:11,19:14,8.0,Desconexión del alimentador IM42.
2011-01-27,Desconexión de Carga,TRINIDAD,ENDE,D,14:29,14:39,8.97,Desconexión del alimentador IM42.
2011-01-27,Desconexión de Carga,TRINIDAD,ENDE,D,15:04,15:07,8.28,Desconexión del alimentador IM42.
2011-01-27,Desconexión de Carga,TRINIDAD,ENDE,D,15:32,15:42,8.2,Desconexión del alimentador IM42.
2011-01-30,Desconexión de Carga,TRINIDAD,ENDE,D,16:05,16:13,7.58,Desconexión línea en 115 kV Yucumo-San Borja.
2011-01-31,Desconexión de Carga,POTOSI,SEPSA,D,18:30,18:35,45.89,Desconexión línea en 230 kV Punutuma - San Cristobal.
2011-02-08,Desconexión de Carga,POTOSI,MSCR,CNR,15:10,15:15,46.49,Desconexión de la línea en 230 kV Punutuma - San Cristobal.
2011-02-11,Desconexión de Carga,POTOSI,SEPSA,D,07:58,09:18,6.5,Desconexión línea en 69 kV Potosí - San Bartolomé.
2011-02-12,Desconexión del EDAC,COCHABAMBA,COBOCE,CNR,09:36,09:38,0.5,Desconexión de la unidad GCH10 de EGSA.
2011-02-12,Desconexión del EDAC,COCHABAMBA,ELFEC,D,09:36,09:39,2.0,Desconexión de la unidad GCH10 de EGSA.
2011-02-12,Desconexión del EDAC,POTOSI,MSCR,CNR,09:36,09:39,1.78,Desconexión de la unidad GCH10 de EGSA.
2011-02-12,Desconexión del EDAC,POTOSI,SEPSA,D,09:36,09:41,1.0,Desconexión de la unidad GCH10 de EGSA.
2011-02-12,Desconexión del EDAC,SUCRE,CESSA,D,09:36,09:42,1.8,Desconexión de la unidad GCH10 de EGSA.
2011-02-12,Desconexión del EDAC,TRINIDAD,ENDE,D,09:36,09:43,1.2,Desconexión de la unidad GCH10 de EGSA.
2011-02-12,Desconexión del EDAC,SANTA CRUZ,CRE,D,09:36,09:44,11.0,Desconexión de la unidad GCH10 de EGSA.
2011-02-12,Desconexión del EDAC,ORURO,ELFEO,D,09:36,09:48,1.0,Desconexión de la unidad GCH10 de EGSA.
2011-02-12,Desconexión del EDAC,ORURO,EMIRSA,CNR,09:36,09:48,0.8,Desconexión de la unidad GCH10 de EGSA.
2011-02-12,Desconexión del EDAC,LA PAZ,ELECTROPAZ,D,09:36,09:49,5.7,Desconexión de la unidad GCH10 de EGSA.
2011-02-12,Desconexión de Carga,TRINIDAD,ENDE,D,22:48,22:57,7.12,Desconexión del alimentador IM-42 de S/E Trinidad.
2011-02-13,Desconexión de Carga,TRINIDAD,ENDE,D,20:13,20:54,6.79,Desconexión linea en 115 kV Yucumo - San Borja.
2011-02-14,Desconexión de Carga,TRINIDAD,ENDE,D,23:31,23:41,6.3,Desconexión línea en 115 kV San Borja - San Ignacio de Moxos.
2011-02-16,Desconexión de Carga,TRINIDAD,ENDE,D,07:40,07:43,5.76,Desconexión línea en 115 kV San Borja - San Ignacio de Moxos.
2011-02-17,Desconexión de Carga,COCHABAMBA,ELFEC,D,11:44,11:56,13.1,Desconexión línea en 115 kV Rafael Urquidi - Yacimientos.
2011-02-17,Desconexión de Carga,TRINIDAD,ENDE,D,20:06,20:15,9.48,Desconexión línea en 115 kV San Borja - San Ignacio de Moxos.
2011-02-24,Desconexión de Carga,TRINIDAD,ENDE,D,07:45,08:32,5.7,Falla en la línea en 115 kV Caranavi - Yucumo.
2011-03-07,Desconexión de Carga,ORURO,ELFEO,D,14:30,14:47,3.3,Desconexión línea en 69 kV Cuadro Siglo - Sud.
2011-03-08,Desconexión del EDAC,SUCRE,CESSA,D,17:34,17:36,1.3,Desconexión de la unidad GCH09 con 40.02 MW.
2011-03-08,Desconexión del EDAC,POTOSI,SEPSA,D,17:34,17:38,1.0,Desconexión de la unidad GCH09 con 40.02 MW.
2011-03-08,Desconexión del EDAC,POTOSI,MSCR,CNR,17:34,17:38,3.8,Desconexión de la unidad GCH09 con 40.02 MW.
2011-03-08,Desconexión del EDAC,COCHABAMBA,ELFEC,D,17:34,17:39,4.0,Desconexión de la unidad GCH09 con 40.02 MW.
2011-03-08,Desconexión del EDAC,TRINIDAD,ENDE,D,17:34,17:39,1.28,Desconexión de la unidad GCH09 con 40.02 MW.
2011-03-08,Desconexión del EDAC,ORURO,ELFEO,D,17:34,17:42,3.0,Desconexión de la unidad GCH09 con 40.02 MW.
2011-03-08,Desconexión del EDAC,ORURO,CMVINTO,CNR,17:34,17:47,2.2,Desconexión de la unidad GCH09 con 40.02 MW.
2011-03-08,Desconexión del EDAC,LA PAZ,ELECTROPAZ,D,17:34,17:49,8.9,Desconexión de la unidad GCH09 con 40.02 MW.
2011-03-08,Desconexión del EDAC,SANTA CRUZ,CRE,D,17:34,17:56,18.6,Desconexión de la unidad GCH09 con 40.02 MW.
2011-03-09,Desconexión del EDAC,LA PAZ,ELECTROPAZ,D,19:18,19:24,9.7,"Desconexión de las líneas en 115 kV Alto Achachicala - Tiquimani 01, 02"
2011-03-10,Desconexión de Carga,TRINIDAD,ENDE,D,15:24,15:29,7.83,Desconexión del alimentador IM-42 de S/E Trinidad.
2011-03-14,Desconexión de Carga,TRINIDAD,ENDE,D,01:57,02:05,0.58,Desconexión línea en 115 kV SBO-MOX.
2011-03-14,Desconexión de Carga,TRINIDAD,ENDE,D,01:57,02:07,6.71,Desconexión línea en 115 kV SBO-MOX.
2011-03-14,Desconexión de Carga,TRINIDAD,ENDE,D,05:52,06:18,3.6,Desconexión línea en 115 kV CRN-YUC.
2011-03-17,Desconexión de Carga,LA PAZ,ELECTROPAZ,D,06:24,07:18,18.5,Desconexión línea en 69 kV Alto Achachicala - Kenko.
2011-03-18,Desconexión del EDAC,COCHABAMBA,COBOCE,CNR,11:06,11:10,0.5,Reconexión de CAR-SAN230 y desconexión de la unidades CAR02 y ERI01.
2011-03-18,Desconexión del EDAC,TRINIDAD,ENDE,D,11:06,11:13,1.3,Reconexión de CAR-SAN230 y desconexión de la unidades CAR02 y ERI01.
2011-03-18,Desconexión del EDAC,COCHABAMBA,ELFEC,D,11:06,11:14,2.4,Reconexión de CAR-SAN230 y desconexión de la unidades CAR02 y ERI01.
2011-03-18,Desconexión del EDAC,POTOSI,SEPSA,D,11:06,11:15,1.4,Reconexión de CAR-SAN230 y desconexión de la unidades CAR02 y ERI01.
2011-03-18,Desconexión del EDAC,SUCRE,CESSA,D,11:06,11:15,2.4,Reconexión de CAR-SAN230 y desconexión de la unidades CAR02 y ERI01.
2011-03-18,Desconexión del EDAC,ORURO,CMVINTO,CNR,11:06,11:15,2.1,Reconexión de CAR-SAN230 y desconexión de la unidades CAR02 y ERI01.
2011-03-18,Desconexión del EDAC,ORURO,EMIRSA,CNR,11:06,11:15,0.8,Reconexión de CAR-SAN230 y desconexión de la unidades CAR02 y ERI01.
2011-03-18,Desconexión del EDAC,LA PAZ,ELECTROPAZ,D,11:06,11:17,5.0,Reconexión de CAR-SAN230 y desconexión de la unidades CAR02 y ERI01.
2011-03-18,Desconexión del EDAC,SANTA CRUZ,CESSA,D,11:06,11:18,9.82,Reconexión de CAR-SAN230 y desconexión de la unidades CAR02 y ERI01.
2011-03-18,Desconexión del EDAC,ORURO,ELFEO,D,11:06,11:26,1.4,Reconexión de CAR-SAN230 y desconexión de la unidades CAR02 y ERI01.
2011-03-20,Desconexión de Carga,TRINIDAD,ENDE,D,03:51,04:02,4.23,Desconexión del alimentador IM42 de S/E Trinidad.
2011-03-24,Desconexión de Carga Manual,ORURO,ELFEO,D,18:12,18:15,4.3,Condiciones Operativas (voltaje en el área de Oruro).
2011-03-27,Desconexión de Carga,TRINIDAD,ENDE,D,02:36,02:54,5.85,Desconexión línea en 115 kV San Ignacio de Moxos-Trinidad.
2011-03-27,Desconexión del EDAC,SUCRE,CESSA,D,02:39,02:44,1.2,Reconexión línea en 115 kV Tap Chuquiaguillo - Pichu y desconexión de las unidades CHJ y YAN de HB.
2011-03-27,Desconexión del EDAC,POTOSI,MSCR,CNR,02:39,02:48,0.0,Reconexión línea en 115 kV Tap Chuquiaguillo - Pichu y desconexión de las unidades CHJ y YAN de HB.
2011-03-27,Desconexión de Carga,TRINIDAD,ENDE,D,02:54,03:38,1.24,Requerimiento de potencia en el Área.
2011-03-29,Desconexión de Carga,TRINIDAD,ENDE,D,01:09,01:19,5.96,Desconexión del alimentador IM42 de S/E Trinidad.
2011-04-06,Desconexión de Carga,TRINIDAD,ENDE,D,17:54,17:58,7.96,Desconexión del alimentador IM-42 de S/E Trinidad.
2011-04-07,Desconexión de Carga,POTOSI,MSCR,CNR,14:48,14:53,47.45,Desconexión línea en 230 kV Punutuma - San Cristobal.
2011-04-07,Desconexión de Carga,ORURO,ELFEO,D,15:40,15:48,6.5,Desconexión línea en 69 kV Cuadro Sigo - Sud.
2011-04-07,Desconexión de Carga,POTOSI,MSCR,CNR,18:59,19:05,45.19,Desconexión línea en 230 kV Punutuma - San Cristobal.
2011-04-10,Desconexión de Carga,POTOSI,SEPSA,D,20:59,21:41,8.27,"Desconexión línea en 115 kV CAT-POT, operó esquema interdisparos."
2011-04-16,Desconexión de Carga,TRINIDAD,ENDE,D,05:43,05:49,5.08,Desconexión del alimentador IM42 de S/E Trinidad.
2011-04-16,Desconexión de Carga,ORURO,ELFEO,D,10:46,11:01,5.5,Desconexión línea en 69 kV Cuadro Siglo - Sud.
2011-04-18,Desconexión de Carga,ORURO,ELFEO,D,07:34,07:39,5.2,Operó protección de bajo Voltaje - falla ATCAT115.
2011-04-21,Desconexión de Carga Manual,COCHABAMBA,ELFEC,D,19:04,20:48,33.1,Capacidad de transferencia en la línea ARO-VHE115 ante la indisponibilidad de la línea ARO-SIS115.
2011-04-26,Desconexión de Carga,LA PAZ,ELECTROPAZ,D,06:39,07:07,27.1,Desconexión línea en 115 kV KEN-TCH-TIQ.
2011-04-26,Desconexión de Carga,TRINIDAD,ENDE,D,06:40,07:19,4.36,Desconexión líneas en 115 kV KEN-TCH-TIQ y CRN-YUC.
2011-05-06,Desconexión de Carga,TRINIDAD,ENDE,D,03:33,03:47,4.16,Desconexión del alimentador IM42 de S/E Trinidad.
2011-05-09,Desconexión de Carga,POTOSI,MSCR,CNR,05:18,05:26,9.7,Perturbación transitoria de tensión.
2011-05-09,Desconexión de Carga,COCHABAMBA,ELFEC,D,05:18,05:31,4.2,Reconexión de la línea en 230 kV Carrasco - Santivañez.
2011-05-13,Desconexión de Carga,TRINIDAD,ENDE,D,01:08,01:13,5.4,Desconexión del alimentador IM42 de S/E Trinidad.
2011-05-13,Desconexión de Carga,LA PAZ,ELECTROPAZ,D,07:32,07:43,28.04,Desconexión línea en 115 kV KEN-TCH-TIQ.
2011-05-13,Desconexión de Carga,TRINIDAD,ENDE,D,07:32,08:02,6.76,Desconexión líneas en 115 kV KEN-TCH-TIQ y CRN-YUC.
2011-05-13,Desconexión de Carga,LA PAZ,ELECTROPAZ,D,07:39,07:45,4.26,Desconexión línea en 115 kV KEN-TCH-TIQ.
2011-05-13,Desconexión de Carga,TRINIDAD,ENDE,D,08:34,08:42,7.76,Reconexión línea en 115 kV CRN-CHS115.
2011-05-17,Regulación de Voltaje,LA PAZ,ELECTROPAZ,D,18:48,20:03,5.0,Disparo de la unidad generadora BUL01.
2011-05-17,Regulación de Voltaje,SANTA CRUZ,CRE,D,18:48,20:04,5.0,Disparo de la unidad generadora BUL01.
2011-05-17,Regulación de Voltaje,COCHABAMBA,ELFEC,D,18:48,20:05,2.0,Disparo de la unidad generadora BUL01.
2011-05-18,Regulación de Voltaje,COCHABAMBA,ELFEC,D,18:08,19:51,2.3,Por déficit de potencia en el SIN.
2011-05-18,Regulación de Voltaje,LA PAZ,ELECTROPAZ,D,18:09,19:52,8.0,Por déficit de potencia en el SIN.
2011-05-18,Regulación de Voltaje,SANTA CRUZ,CRE,D,18:09,19:52,8.0,Por déficit de potencia en el SIN.
2011-05-19,Regulación de Voltaje,COCHABAMBA,ELFEC,D,18:00,21:22,3.5,Por déficit de potencia en el SIN.
2011-05-19,Regulación de Voltaje,SANTA CRUZ,CRE,D,18:01,21:21,9.0,Por déficit de potencia en el SIN.
2011-05-19,Regulación de Voltaje,LA PAZ,ELECTROPAZ,D,18:01,21:22,7.0,Por déficit de potencia en el SIN.
2011-05-20,Regulación de Voltaje,LA PAZ,ELECTROPAZ,D,10:26,11:01,4.0,Por déficit de potencia en el SIN.
2011-05-20,Regulación de Voltaje,COCHABAMBA,ELFEC,D,10:26,11:01,1.5,Por déficit de potencia en el SIN.
2011-05-20,Regulación de Voltaje,SANTA CRUZ,CRE,D,10:27,11:01,5.0,Por déficit de potencia en el SIN.
2011-05-20,Regulación de Voltaje,LA PAZ,ELECTROPAZ,D,18:00,20:49,6.0,Por déficit de potencia en el SIN.
2011-05-20,Regulación de Voltaje,COCHABAMBA,ELFEC,D,18:00,20:49,3.5,Por déficit de potencia en el SIN.
2011-05-20,Regulación de Voltaje,SANTA CRUZ,CRE,D,18:02,20:49,8.0,Por déficit de potencia en el SIN.
2011-05-21,Desconexión de Carga,TRINIDAD,ENDE,D,04:29,04:44,5.58,Desconexión del alimentador IM42 de S/E Trinidad.
2011-05-22,Desconexión de Carga,TRINIDAD,ENDE,D,05:13,05:34,5.13,Desconexión del alimentador IM42 de S/E Trinidad.
2011-05-23,Regulación de Voltaje,LA PAZ,ELECTROPAZ,D,10:26,11:30,4.5,Por déficit de potencia en el SIN.
2011-05-23,Regulación de Voltaje,COCHABAMBA,ELFEC,D,10:26,18:00,2.5,Por déficit de potencia en el SIN.
2011-05-23,Regulación de Voltaje,SANTA CRUZ,CRE,D,10:27,19:52,8.0,Por déficit de potencia en el SIN.
2011-05-23,Regulación de Voltaje,LA PAZ,ELECTROPAZ,D,11:30,19:53,8.0,Por déficit de potencia en el SIN.
2011-05-23,Regulación de Voltaje,COCHABAMBA,ELFEC,D,18:00,19:52,2.8,Por déficit de potencia en el SIN.
2011-05-24,Regulación de Voltaje,SANTA CRUZ,CRE,D,17:56,21:00,6.0,Déficit de potencia en el SIN.
2011-05-24,Regulación de Voltaje,LA PAZ,ELECTROPAZ,D,17:56,21:00,8.1,Déficit de potencia en el SIN.
2011-05-24,Regulación de Voltaje,COCHABAMBA,ELFEC,D,17:57,20:59,2.1,Déficit de potencia en el SIN.
2011-05-24,Desconexión del EDAC,LA PAZ,ELECTROPAZ,D,18:11,18:14,5.5,Incremento de la demanda mayor a lo previsto (ver informe Nº 139).
2011-05-24,Desconexión del EDAC,COCHABAMBA,ELFEC,D,18:11,18:25,3.9,Incremento de la demanda mayor a lo previsto (ver informe Nº 139).
2011-05-24,Desconexión del EDAC,ORURO,ELFEO,D,18:11,18:25,0.5,Incremento de la demanda mayor a lo previsto (ver informe Nº 139).
2011-05-24,Desconexión del EDAC,POTOSI,MSCR,CNR,18:11,18:33,1.86,Incremento de la demanda mayor a lo previsto (ver informe Nº 139).
2011-05-24,Desconexión de Carga Manual,SANTA CRUZ,CRE,D,19:31,20:20,4.6,Déficit de potencia en el SIN (ver informe Nº 140).
2011-05-24,Desconexión de Carga Manual,LA PAZ,ELECTROPAZ,D,19:31,20:30,3.2,Déficit de potencia en el SIN (ver informe Nº 140).
2011-05-24,Desconexión de Carga Manual,ORURO,ELFEO,D,19:32,20:29,0.92,Déficit de potencia en el SIN (ver informe Nº 140).
2011-05-24,Desconexión de Carga Manual,COCHABAMBA,ELFEC,D,19:32,20:30,2.2,Déficit de potencia en el SIN (ver informe Nº 140).
2011-05-24,Desconexión de Carga Manual,POTOSI,SEPSA,D,19:40,20:35,1.7,Déficit de potencia en el SIN (ver informe Nº 140).
2011-05-24,Desconexión de Carga Manual,SUCRE,CESSA,D,19:43,20:32,4.0,Déficit de potencia en el SIN (ver informe Nº 140).
2011-05-24,Desconexión de Carga Manual,SANTA CRUZ,CRE,D,20:20,20:29,4.4,Déficit de potencia en el SIN (ver informe Nº 140).
2011-05-26,Desconexión de Carga,TRINIDAD,ENDE,D,11:32,12:50,7.14,Desconexión de la línea en 115 kV Caranavi - Yucumo.
2011-05-26,Desconexión del EDAC,POTOSI,MSCR,CNR,20:03,20:06,1.4,Desconexión de la unidad generadora ERI04.
2011-05-26,Desconexión del EDAC,COCHABAMBA,ELFEC,D,20:03,20:07,5.0,Desconexión de la unidad generadora ERI04.
2011-05-26,Desconexión del EDAC,ORURO,ELFEO,D,20:03,20:14,0.9,Desconexión de la unidad generadora ERI04.
2011-05-31,Regulación de Voltaje,COCHABAMBA,ELFEC,D,17:50,19:32,2.5,Déficit de potencia en el SIN.
2011-05-31,Regulación de Voltaje,SANTA CRUZ,CRE,D,17:51,19:33,9.0,Déficit de potencia en el SIN.
2011-05-31,Regulación de Voltaje,LA PAZ,ELECTROPAZ,D,17:52,19:33,4.0,Déficit de potencia en el SIN.
2011-06-02,Regulación de Voltaje,COCHABAMBA,ELFEC,D,17:48,19:01,2.5,Déficit de potencia en el SIN.
2011-06-02,Regulación de Voltaje,LA PAZ,ELECTROPAZ,D,17:49,19:01,4.0,Déficit de potencia en el SIN.
2011-06-02,Regulación de Voltaje,SANTA CRUZ,CRE,D,17:50,19:01,6.5,Déficit de potencia en el SIN.
2011-06-03,Regulación de Voltaje,COCHABAMBA,ELFEC,D,17:51,19:08,2.5,Deficit de potencia en el SIN.
2011-06-03,Regulación de Voltaje,LA PAZ,ELECTROPAZ,D,17:52,19:16,2.0,Deficit de potencia en el SIN.
2011-06-03,Regulación de Voltaje,SANTA CRUZ,CRE,D,17:53,19:06,7.5,Deficit de potencia en el SIN.
2011-06-06,Regulación de Voltaje,COCHABAMBA,ELFEC,D,17:48,19:01,2.0,Deficit de potencia en el SIN.
2011-06-06,Regulación de Voltaje,SANTA CRUZ,CRE,D,17:48,19:02,8.0,Deficit de potencia en el SIN.
2011-06-06,Regulación de Voltaje,LA PAZ,ELECTROPAZ,D,17:49,19:01,4.0,Deficit de potencia en el SIN.
2011-06-08,Regulación de Voltaje,COCHABAMBA,ELFEC,D,17:51,19:34,2.5,Deficit de potencia en el SIN.
2011-06-08,Regulación de Voltaje,LA PAZ,ELECTROPAZ,D,17:51,19:35,4.0,Deficit de potencia en el SIN.
2011-06-08,Regulación de Voltaje,SANTA CRUZ,CRE,D,17:52,19:35,10.0,Deficit de potencia en el SIN.
2011-06-10,Desconexión de Carga,TRINIDAD,ENDE,D,12:49,12:58,7.28,Desconexión de líneas en 115 kV San Borja-San Ignacio de Moxos-Trinidad.
2011-06-10,Desconexión de Carga,TRINIDAD,ENDE,D,12:59,13:01,2.32,Desconexión del transformador de potencia TRTRI11501.
2011-06-14,Regulación de Voltaje,COCHABAMBA,ELFEC,D,18:18,22:05,2.5,Disparo de la unidad GCH10.
2011-06-14,Regulación de Voltaje,LA PAZ,ELECTROPAZ,D,18:19,22:06,6.0,Disparo de la unidad GCH10.
2011-06-14,Regulación de Voltaje,SANTA CRUZ,CRE,D,18:20,22:06,6.0,Disparo de la unidad GCH10.
2011-06-14,Regulación de Voltaje,SUCRE,CESSA,D,18:21,22:06,0.56,Disparo de la unidad GCH10.
2011-06-14,Regulación de Voltaje,ORURO,ELFEO,D,18:21,22:06,1.2,Disparo de la unidad GCH10.
2011-06-14,Regulación de Voltaje,POTOSI,SEPSA,D,18:21,22:06,0.5,Disparo de la unidad GCH10.
2011-06-15,Regulación de Voltaje,COCHABAMBA,ELFEC,D,18:24,21:45,2.5,Déficit de potencia en el SIN.
2011-06-15,Regulación de Voltaje,LA PAZ,ELECTROPAZ,D,18:25,21:45,4.0,Déficit de potencia en el SIN.
2011-06-15,Regulación de Voltaje,SANTA CRUZ,CRE,D,18:25,21:46,10.0,Déficit de potencia en el SIN.
2011-06-15,Regulación de Voltaje,ORURO,ELFEO,D,18:30,21:54,0.6,Déficit de potencia en el SIN.
2011-06-15,Regulación de Voltaje,SUCRE,CESSA,D,18:33,21:55,0.7,Déficit de potencia en el SIN.
2011-06-16,Regulación de Voltaje,COCHABAMBA,ELFEC,D,11:22,14:38,1.8,Déficit de potencia en el SIN.
2011-06-16,Regulación de Voltaje,SANTA CRUZ,CRE,D,11:23,12:19,3.0,Déficit de potencia en el SIN.
2011-06-16,Regulación de Voltaje,LA PAZ,ELECTROPAZ,D,11:23,12:27,3.0,Déficit de potencia en el SIN.
2011-06-16,Regulación de Voltaje,LA PAZ,ELECTROPAZ,D,14:38,21:52,3.0,Déficit de potencia en el SIN.
2011-06-16,Regulación de Voltaje,COCHABAMBA,ELFEC,D,14:38,21:53,2.2,Déficit de potencia en el SIN.
2011-06-16,Regulación de Voltaje,SANTA CRUZ,CRE,D,14:38,21:53,6.0,Déficit de potencia en el SIN.
2011-06-16,Regulación de Voltaje,ORURO,ELFEO,D,18:03,21:53,0.4,Déficit de potencia en el SIN.
2011-06-16,Regulación de Voltaje,SUCRE,CESSA,D,18:03,21:53,0.9,Déficit de potencia en el SIN.
2011-06-16,Regulación de Voltaje,POTOSI,SEPSA,D,18:03,21:53,0.22,Déficit de potencia en el SIN.
2011-06-17,Regulación de Voltaje,COCHABAMBA,ELFEC,D,10:26,18:35,1.8,Deficit de potenica en el SIN.
2011-06-17,Regulación de Voltaje,LA PAZ,ELECTROPAZ,D,10:26,20:00,3.0,Deficit de potenica en el SIN.
2011-06-17,Regulación de Voltaje,SANTA CRUZ,CRE,D,10:27,18:00,2.5,Deficit de potenica en el SIN.
2011-06-17,Regulación de Voltaje,SUCRE,CESSA,D,11:07,22:33,0.5,Deficit de potenica en el SIN.
2011-06-17,Regulación de Voltaje,SANTA CRUZ,CRE,D,18:00,22:33,5.0,Deficit de potenica en el SIN.
2011-06-17,Regulación de Voltaje,COCHABAMBA,ELFEC,D,18:35,22:34,2.5,Deficit de potenica en el SIN.
2011-06-17,Regulación de Voltaje,LA PAZ,ELECTROPAZ,D,20:00,22:33,6.0,Deficit de potenica en el SIN.
2011-06-24,Desconexión de Carga,TRINIDAD,ENDE,D,22:16,22:21,5.45,Desconexión del alimentador IM42.
2011-07-01,Regulación de Voltaje,LA PAZ,ELECTROPAZ,D,10:35,15:03,7.0,Menor disponibilidad de generación hidro en el Área Norte y limitación de transferencia línea SAN-VIN230.
2011-07-01,Desconexión de Carga,LA PAZ,ELECTROPAZ,D,22:46,22:57,9.7,Desconexión línea en 69 kV Alto Achachicala-Avenida Arce.
2011-07-01,Desconexión del EDAC,LA PAZ,ELECTROPAZ,D,22:46,22:59,15.3,Desconexión línea en 69 kV Alto Achachicala-Avenida Arce (operación gradiente de frecuencia).
2011-07-01,Desconexión de Carga,TRINIDAD,ENDE,D,22:47,22:57,8.39,Desconexión línea en 115 kV Caranavi - Yucumo.
2011-07-01,Desconexión del EDAC,LA PAZ,ELECTROPAZ,D,23:08,23:12,9.0,Desconexión línea en 69 kV Alto Achachicala-Avenida Arce (operación gradiente de frecuencia).
2011-07-01,Desconexión de Carga,LA PAZ,ELECTROPAZ,D,23:08,23:43,16.0,Desconexión línea en 69 kV Alto Achachicala-Avenida Arce.
2011-07-07,Desconexión de Carga,LA PAZ,ELECTROPAZ,D,16:22,16:33,10.7,Desconexión de la línea en 69 kV Kenko-Tarapacá-Tembladerani.
2011-07-11,Regulación de Voltaje,COCHABAMBA,ELFEC,D,18:10,19:06,2.5,Déficit de potencia en el SIN.
2011-07-11,Regulación de Voltaje,LA PAZ,ELECTROPAZ,D,18:11,19:06,4.0,Déficit de potencia en el SIN.
2011-07-11,Regulación de Voltaje,SANTA CRUZ,CRE,D,18:12,19:05,5.0,Déficit de potencia en el SIN.
2011-07-12,Regulación de Voltaje,LA PAZ,ELECTROPAZ,D,14:31,18:30,5.0,Límite de transferencia en la línea en 230 kV VIN-SAN y déficit de potencia en el SIN.
2011-07-12,Regulación de Voltaje,COCHABAMBA,ELFEC,D,14:48,18:15,2.1,Déficit de potencia en el SIN.
2011-07-12,Regulación de Voltaje,SANTA CRUZ,CRE,D,14:49,18:15,4.0,Déficit de potencia en el SIN.
2011-07-12,Regulación de Voltaje,SANTA CRUZ,CRE,D,18:15,19:37,6.0,Déficit de potencia en el SIN.
2011-07-12,Regulación de Voltaje,COCHABAMBA,ELFEC,D,18:15,19:37,2.5,Déficit de potencia en el SIN.
2011-07-12,Regulación de Voltaje,LA PAZ,ELECTROPAZ,D,18:30,19:38,6.0,Déficit de potencia en el SIN.
2011-07-13,Regulación de Voltaje,LA PAZ,ELECTROPAZ,D,14:27,18:00,7.5,Límite de transferencia en la línea en 230 kV VIN-SAN y déficit de potencia en el SIN.
2011-07-13,Regulación de Voltaje,SANTA CRUZ,CRE,D,14:35,18:15,4.0,Déficit de potencia en el SIN.
2011-07-13,Regulación de Voltaje,COCHABAMBA,ELFEC,D,14:35,18:20,2.1,Déficit de potencia en el SIN.
2011-07-13,Regulación de Voltaje,LA PAZ,ELECTROPAZ,D,18:00,20:02,7.5,Déficit de potencia en el SIN.
2011-07-13,Regulación de Voltaje,SANTA CRUZ,CRE,D,18:15,20:03,6.0,Déficit de potencia en el SIN.
2011-07-13,Regulación de Voltaje,COCHABAMBA,ELFEC,D,18:20,20:02,2.5,Déficit de potencia en el SIN.
2011-07-14,Desconexión de Carga,TRINIDAD,ENDE,D,07:55,08:03,6.8,Desconexión del alimentador IM43.
2011-07-14,Regulación de Voltaje,LA PAZ,ELECTROPAZ,D,14:40,15:23,6.0,Límite de transferencia en la línea en 230 kV Santivañez - Vinto.
2011-07-14,Desconexión de Carga,LA PAZ,ELECTROPAZ,D,16:23,16:47,6.3,Desconexión línea en 69 kV Alto Achachicala - Avenida Arce.
2011-07-14,Desconexión de Carga,LA PAZ,ELECTROPAZ,D,16:23,17:07,6.2,Desconexión línea en 69 kV Alto Achachicala - Avenida Arce.
2011-07-15,Regulación de Voltaje,LA PAZ,ELECTROPAZ,D,08:58,18:00,5.0,Límite de transferencia en la línea en 230 kV VIN-SAN.
2011-07-15,Regulación de Voltaje,LA PAZ,ELECTROPAZ,D,18:00,19:21,8.0,Límite de transferencia en la línea en 230 kV VIN-SAN.
2011-07-18,Regulación de Voltaje,LA PAZ,ELECTROPAZ,D,07:23,18:00,4.0,Límite de transferencia en la línea en 230 kV SAN-VIN.
2011-07-18,Regulación de Voltaje,LA PAZ,ELECTROPAZ,D,18:00,19:00,8.0,Límite de transferencia en la línea en 230 kV SAN-VIN.
2011-07-18,Regulación de Voltaje,LA PAZ,ELECTROPAZ,D,21:49,23:16,4.0,Límite de transferencia en la línea en 230 kV SAN-VIN.
2011-07-19,Regulación de Voltaje,LA PAZ,ELECTROPAZ,D,10:03,19:00,7.0,Límite de transferencia en la línea en 230 kV SAN-VIN.
2011-07-19,Desconexión de Carga,LA PAZ,ELECTROPAZ,D,15:06,15:29,39.4,Desconexión línea en 115 kV KEN-TCH-TIQ.
2011-07-19,Desconexión de Carga,LA PAZ,ELECTROPAZ,D,15:06,15:32,4.8,Desconexión línea en 115 kV KEN-TCH-TIQ.
2011-07-19,Desconexión de Carga,TRINIDAD,ENDE,D,15:06,15:42,12.84,Desconexión líneas en 115 kV KEN-TCH-TIQ y CRN-YUC.
2011-07-19,Regulación de Voltaje,LA PAZ,ELECTROPAZ,D,19:00,22:15,8.0,Límite de transferencia en la línea en 230 kV SAN-VIN.
2011-07-20,Regulación de Voltaje,LA PAZ,ELECTROPAZ,D,07:38,18:00,4.0,Límite de transferencia en las líneas de 230 kV VIN-SAN y KEN-MAZ.
2011-07-20,Regulación de Voltaje,LA PAZ,ELECTROPAZ,D,18:00,22:15,7.0,Límite de transferencia en las líneas de 230 kV VIN-SAN y KEN-MAZ.
2011-07-20,Regulación de Voltaje,SANTA CRUZ,CRE,D,18:35,22:13,4.0,Déficit de potencia en el SIN.
2011-07-20,Regulación de Voltaje,COCHABAMBA,ELFEC,D,18:35,22:14,2.0,Déficit de potencia en el SIN.
2011-07-21,Desconexión de Carga,TRINIDAD,ENDE,D,00:02,02:02,8.76,Desconexión del alimentador IM42 de S/E Trinidad.
2011-07-21,Regulación de Voltaje,LA PAZ,ELECTROPAZ,D,07:17,19:00,5.0,Límite de transferencia en la línea en 230 kV SAN-VIN.
2011-07-21,Regulación de Voltaje,LA PAZ,ELECTROPAZ,D,19:00,21:52,4.0,Límite de transferencia en la línea en 230 kV SAN-VIN.
2011-07-22,Regulación de Voltaje,LA PAZ,ELECTROPAZ,D,07:44,15:53,5.0,Límite de transferencia en la línea en 230 kV SAN-VIN.
2011-07-25,Regulación de Voltaje,LA PAZ,ELECTROPAZ,D,07:35,18:15,4.0,Límite de transferencia en la línea en 230 kV SAN-VIN y VIN-MAZ.
2011-07-25,Regulación de Voltaje,LA PAZ,ELECTROPAZ,D,18:15,20:55,6.0,Requerimiento de potencia en el SIN.
2011-07-25,Regulación de Voltaje,SANTA CRUZ,CRE,D,18:35,20:55,4.0,Requerimiento de potencia en el SIN.
2011-07-25,Regulación de Voltaje,COCHABAMBA,ELFEC,D,18:36,20:54,3.0,Requerimiento de potencia en el SIN.
2011-07-26,Regulación de Voltaje,ORURO,ELFEO,D,07:31,18:04,0.7,Por límite de transferencia en la línea en 230 kV Santivañez - Vinto.
2011-07-26,Regulación de Voltaje,LA PAZ,ELECTROPAZ,D,07:31,18:04,4.0,Por límite de transferencia en la línea en 230 kV Santivañez - Vinto.
2011-07-26,Regulación de Voltaje,COCHABAMBA,ELFEC,D,18:03,20:50,2.5,Por requerimiento de potencia en el SIN.
2011-07-26,Regulación de Voltaje,SANTA CRUZ,CRE,D,18:03,20:51,8.0,Por requerimiento de potencia en el SIN.
2011-07-26,Regulación de Voltaje,ORURO,ELFEO,D,18:04,20:28,1.1,Por requerimiento de potencia en el SIN.
2011-07-26,Regulación de Voltaje,LA PAZ,ELECTROPAZ,D,18:04,20:50,6.0,Por requerimiento de potencia en el SIN.
2011-07-26,Regulación de Voltaje,POTOSI,SEPSA,D,18:13,20:28,0.71,Por requerimiento de potencia en el SIN.
2011-07-26,Regulación de Voltaje,SUCRE,CESSA,D,18:13,20:28,0.65,Por requerimiento de potencia en el SIN.
2011-07-27,Regulación de Voltaje,LA PAZ,ELECTROPAZ,D,07:24,17:20,4.0,Por límite de transferencia en la línea en 230 kV Santivañez - Vinto.
2011-07-27,Regulación de Voltaje,ORURO,ELFEO,D,07:26,17:20,0.7,Por límite de transferencia en la línea en 230 kV Santivañez - Vinto.
2011-07-27,Regulación de Voltaje,ORURO,ELFEO,D,18:04,21:46,0.93,Requerimiento de potencia en el SIN.
2011-07-27,Regulación de Voltaje,COCHABAMBA,ELFEC,D,18:04,21:46,2.5,Requerimiento de potencia en el SIN.
2011-07-27,Regulación de Voltaje,SANTA CRUZ,CRE,D,18:04,21:46,7.0,Requerimiento de potencia en el SIN.
2011-07-27,Regulación de Voltaje,LA PAZ,ELECTROPAZ,D,18:04,21:46,4.0,Requerimiento de potencia en el SIN.
2011-07-27,Regulación de Voltaje,SUCRE,CESSA,D,18:42,21:47,0.62,Requerimiento de potencia en el SIN.
2011-07-27,Regulación de Voltaje,POTOSI,SEPSA,D,18:42,21:47,0.9,Requerimiento de potencia en el SIN.
2011-07-27,Regulación de Voltaje,LA PAZ,ELECTROPAZ,D,21:46,22:18,4.0,Por límite de transferencia en la línea en 230 kV Santivañez - Vinto.
2011-07-27,Regulación de Voltaje,ORURO,ELFEO,D,21:46,22:19,0.93,Por límite de transferencia en la línea en 230 kV Santivañez - Vinto.
2011-07-28,Regulación de Voltaje,SANTA CRUZ,CRE,D,14:35,18:00,3.0,Requerimiento de potencia en el SIN.
2011-07-28,Regulación de Voltaje,COCHABAMBA,ELFEC,D,14:35,22:24,2.5,Requerimiento de potencia en el SIN.
2011-07-28,Regulación de Voltaje,LA PAZ,ELECTROPAZ,D,14:36,18:00,4.0,Requerimiento de potencia en el SIN.
2011-07-28,Regulación de Voltaje,ORURO,ELFEO,D,15:01,22:25,0.58,Requerimiento de potencia en el SIN.
2011-07-28,Regulación de Voltaje,SUCRE,CESSA,D,15:01,22:26,0.51,Requerimiento de potencia en el SIN.
2011-07-28,Regulación de Voltaje,POTOSI,SEPSA,D,15:01,22:27,0.49,Requerimiento de potencia en el SIN.
2011-07-28,Regulación de Voltaje,LA PAZ,ELECTROPAZ,D,18:00,22:24,6.0,Requerimiento de potencia en el SIN.
2011-07-28,Regulación de Voltaje,SANTA CRUZ,CRE,D,18:00,22:24,7.5,Requerimiento de potencia en el SIN.
2011-07-28,Regulación de Voltaje,LA PAZ,ELECTROPAZ,D,22:24,22:53,6.0,Por límite de transferencia en la línea en 230 kV Santivañez - Vinto.
2011-07-29,Regulación de Voltaje,ORURO,ELFEO,D,07:23,10:24,0.5,Por límite de transferencia en la línea en 230 kV Santivañez - Vinto.
2011-07-29,Regulación de Voltaje,LA PAZ,ELECTROPAZ,D,07:23,10:24,4.0,Por límite de transferencia en la línea en 230 kV Santivañez - Vinto.
2011-07-29,Desconexión de Carga,TRINIDAD,ENDE,D,07:53,07:56,6.2,Desconexión del alimentador IM42 de S/E Trinidad.
2011-07-29,Regulación de Voltaje,COCHABAMBA,ELFEC,D,14:17,22:46,2.5,Requerimiento de potencia en el SIN.
2011-07-29,Regulación de Voltaje,SANTA CRUZ,CRE,D,14:18,22:45,5.0,Requerimiento de potencia en el SIN.
2011-07-29,Regulación de Voltaje,LA PAZ,ELECTROPAZ,D,14:19,18:44,4.0,Requerimiento de potencia en el SIN.
2011-07-29,Regulación de Voltaje,ORURO,ELFEO,D,14:22,22:45,0.21,Requerimiento de potencia en el SIN.
2011-07-29,Regulación de Voltaje,POTOSI,SEPSA,D,14:23,22:45,0.49,Requerimiento de potencia en el SIN.
2011-07-29,Regulación de Voltaje,SUCRE,CESSA,D,14:26,22:45,0.63,Requerimiento de potencia en el SIN.
2011-07-29,Regulación de Voltaje,LA PAZ,ELECTROPAZ,D,18:44,22:44,7.0,Requerimiento de potencia en el SIN.
2011-07-30,Regulación de Voltaje,LA PAZ,ELECTROPAZ,D,09:47,10:48,4.0,Por límite de transferencia en la línea en 230 kV Santivañez - Vinto.
2011-07-30,Regulación de Voltaje,ORURO,ELFEO,D,10:40,10:59,0.8,Por límite de transferencia en la línea en 230 kV Santivañez - Vinto.
2011-07-30,Desconexión de Carga,TRINIDAD,ENDE,D,14:19,14:30,6.11,Desconexión del alimentador IM42 de S/E Trinidad.
2011-07-30,Regulación de Voltaje,COCHABAMBA,ELFEC,D,17:59,20:00,2.5,Requerimiento de potencia en el SIN.
2011-07-30,Regulación de Voltaje,SUCRE,CESSA,D,18:00,19:58,0.5,Requerimiento de potencia en el SIN.
2011-07-30,Regulación de Voltaje,SANTA CRUZ,CRE,D,18:00,19:59,5.5,Requerimiento de potencia en el SIN.
2011-07-30,Regulación de Voltaje,LA PAZ,ELECTROPAZ,D,18:00,20:00,4.0,Requerimiento de potencia en el SIN.
2011-07-30,Regulación de Voltaje,ORURO,ELFEO,D,18:01,19:57,0.6,Requerimiento de potencia en el SIN.
2011-07-30,Regulación de Voltaje,POTOSI,SEPSA,D,18:02,19:57,0.4,Requerimiento de potencia en el SIN.
2011-07-30,Desconexión de Carga,POTOSI,SEPSA,D,20:47,22:07,18.8,Chicotillo suelto de la fase B del transformador de corriente en S/E Velarde.
2011-07-31,Desconexión de Carga,POTOSI,MSCR,CNR,22:45,22:52,41.58,Desconexión de la línea en 230 kV Punutuma - San Cristobal.
2011-08-01,Regulación de Voltaje,LA PAZ,ELECTROPAZ,D,07:42,16:00,6.0,Por límite de transferencia en la línea en 230 kV Santivañez - Vinto.
2011-08-01,Regulación de Voltaje,ORURO,ELFEO,D,07:42,16:00,0.3,Por límite de transferencia en la línea en 230 kV Santivañez - Vinto.
2011-08-08,Regulación de Voltaje,COCHABAMBA,ELFEC,D,13:58,18:00,2.18,Requerimiento de potencia en el Sistema Interconectado Nacional.
2011-08-08,Regulación de Voltaje,LA PAZ,ELECTROPAZ,D,13:58,18:00,4.0,Requerimiento de potencia en el Sistema Interconectado Nacional.
2011-08-08,Regulación de Voltaje,SANTA CRUZ,CRE,D,13:59,18:00,4.0,Requerimiento de potencia en el Sistema Interconectado Nacional.
2011-08-08,Regulación de Voltaje,POTOSI,SEPSA,D,14:03,18:00,0.7,Requerimiento de potencia en el Sistema Interconectado Nacional.
2011-08-08,Regulación de Voltaje,SUCRE,CESSA,D,14:04,18:00,0.4,Requerimiento de potencia en el Sistema Interconectado Nacional.
2011-08-08,Regulación de Voltaje,ORURO,ELFEO,D,14:05,18:00,0.6,Requerimiento de potencia en el Sistema Interconectado Nacional.
2011-08-08,Regulación de Voltaje,COCHABAMBA,ELFEC,D,18:00,22:58,3.09,Requerimiento de potencia en el Sistema Interconectado Nacional.
2011-08-08,Regulación de Voltaje,SANTA CRUZ,CRE,D,18:00,22:58,10.0,Requerimiento de potencia en el Sistema Interconectado Nacional.
2011-08-08,Regulación de Voltaje,POTOSI,SEPSA,D,18:00,22:59,0.95,Requerimiento de potencia en el Sistema Interconectado Nacional.
2011-08-08,Regulación de Voltaje,SUCRE,CESSA,D,18:00,22:59,0.75,Requerimiento de potencia en el Sistema Interconectado Nacional.
2011-08-08,Regulación de Voltaje,ORURO,ELFEO,D,18:00,22:59,0.8,Requerimiento de potencia en el Sistema Interconectado Nacional.
2011-08-08,Regulación de Voltaje,LA PAZ,ELECTROPAZ,D,18:00,23:20,8.0,Requerimiento de potencia en el Sistema Interconectado Nacional.
2011-08-09,Regulación de Voltaje,LA PAZ,ELECTROPAZ,D,08:38,09:55,4.0,Por límite de transferencia en la línea en 230 kV Santivañez - Vinto.
2011-08-09,Regulación de Voltaje,ORURO,ELFEO,D,08:40,09:55,0.45,Por límite de transferencia en la línea en 230 kV Santivañez - Vinto.
2011-08-09,Regulación de Voltaje,SUCRE,CESSA,D,09:49,22:47,0.7,Requerimiento de potencia en el Sistema Interconectado Nacional.
2011-08-09,Regulación de Voltaje,POTOSI,SEPSA,D,09:51,22:47,0.8,Requerimiento de potencia en el Sistema Interconectado Nacional.
2011-08-09,Regulación de Voltaje,SANTA CRUZ,CRE,D,09:52,18:00,4.0,Requerimiento de potencia en el Sistema Interconectado Nacional.
2011-08-09,Regulación de Voltaje,LA PAZ,ELECTROPAZ,D,09:55,18:00,4.0,Requerimiento de potencia en el Sistema Interconectado Nacional.
2011-08-09,Regulación de Voltaje,ORURO,ELFEO,D,09:55,22:47,0.9,Requerimiento de potencia en el Sistema Interconectado Nacional.
2011-08-09,Regulación de Voltaje,COCHABAMBA,ELFEC,D,09:58,18:00,1.2,Requerimiento de potencia en el Sistema Interconectado Nacional.
2011-08-09,Desconexión de Carga Manual,COCHABAMBA,ELFEC,D,16:22,17:46,1.6,Requerimiento de potencia en el Sistema Interconectado Nacional (Ver informe de falla Nº 190).
2011-08-09,Desconexión de Carga Manual,LA PAZ,ELECTROPAZ,D,16:22,17:47,2.5,Requerimiento de potencia en el Sistema Interconectado Nacional (Ver informe de falla Nº 190).
2011-08-09,Desconexión de Carga Manual,SANTA CRUZ,CRE,D,16:23,17:47,3.9,Requerimiento de potencia en el Sistema Interconectado Nacional (Ver informe de falla Nº 190).
2011-08-09,Desconexión de Carga Manual,POTOSI,SEPSA,D,16:25,17:53,0.73,Requerimiento de potencia en el Sistema Interconectado Nacional (Ver informe de falla Nº 190).
2011-08-09,Desconexión de Carga Manual,SUCRE,CESSA,D,16:26,17:53,0.33,Requerimiento de potencia en el Sistema Interconectado Nacional (Ver informe de falla Nº 190).
2011-08-09,Desconexión de Carga Manual,COCHABAMBA,COBOCE,CNR,16:27,17:48,0.1,Requerimiento de potencia en el Sistema Interconectado Nacional (Ver informe de falla Nº 190).
2011-08-09,Desconexión de Carga Manual,ORURO,ELFEO,D,16:31,17:47,0.6,Requerimiento de potencia en el Sistema Interconectado Nacional (Ver informe de falla Nº 190).
2011-08-09,Desconexión de Carga Manual,POTOSI,MSCR,CNR,16:32,17:48,0.5,Requerimiento de potencia en el Sistema Interconectado Nacional (Ver informe de falla Nº 190).
2011-08-09,Desconexión de Carga Manual,ORURO,CMVINTO,CNR,16:37,17:49,1.0,Requerimiento de potencia en el Sistema Interconectado Nacional (Ver informe de falla Nº 190).
2011-08-09,Regulación de Voltaje,LA PAZ,ELECTROPAZ,D,18:00,22:56,10.0,Requerimiento de potencia en el Sistema Interconectado Nacional.
2011-08-09,Regulación de Voltaje,COCHABAMBA,ELFEC,D,18:00,22:56,3.7,Requerimiento de potencia en el Sistema Interconectado Nacional.
2011-08-09,Regulación de Voltaje,SANTA CRUZ,CRE,D,18:00,22:56,10.0,Requerimiento de potencia en el Sistema Interconectado Nacional.
2011-08-10,Regulación de Voltaje,LA PAZ,ELECTROPAZ,D,08:21,09:14,4.0,Por límite de transferencia en la línea en 230 kV Santivañez - Vinto.
2011-08-10,Regulación de Voltaje,ORURO,ELFEO,D,08:22,09:14,0.5,Por límite de transferencia en la línea en 230 kV Santivañez - Vinto.
2011-08-10,Regulación de Voltaje,SANTA CRUZ,CRE,D,10:33,18:00,4.0,Requerimiento de potencia en el Sistema Interconectado Nacional.
2011-08-10,Regulación de Voltaje,COCHABAMBA,ELFEC,D,10:34,18:00,1.32,Requerimiento de potencia en el Sistema Interconectado Nacional.
2011-08-10,Regulación de Voltaje,POTOSI,SEPSA,D,10:35,22:49,0.8,Requerimiento de potencia en el Sistema Interconectado Nacional.
2011-08-10,Regulación de Voltaje,LA PAZ,ELECTROPAZ,D,11:00,18:00,6.0,Requerimiento de potencia en el Sistema Interconectado Nacional.
2011-08-10,Regulación de Voltaje,ORURO,ELFEO,D,11:00,22:49,0.9,Requerimiento de potencia en el Sistema Interconectado Nacional.
2011-08-10,Regulación de Voltaje,COCHABAMBA,ELFEC,D,18:00,22:45,3.7,Requerimiento de potencia en el Sistema Interconectado Nacional.
2011-08-10,Regulación de Voltaje,LA PAZ,ELECTROPAZ,D,18:00,22:46,10.0,Requerimiento de potencia en el Sistema Interconectado Nacional.
2011-08-10,Regulación de Voltaje,SANTA CRUZ,CRE,D,18:00,22:47,8.0,Requerimiento de potencia en el Sistema Interconectado Nacional.
2011-08-10,Desconexión de Carga Manual,LA PAZ,ELECTROPAZ,D,18:36,21:37,8.8,Requerimiento de potencia en el Sistema Interconectado Nacional (Ver informe de falla Nº 192).
2011-08-10,Desconexión de Carga Manual,COCHABAMBA,ELFEC,D,18:36,21:37,5.4,Requerimiento de potencia en el Sistema Interconectado Nacional (Ver informe de falla Nº 192).
2011-08-10,Desconexión de Carga Manual,ORURO,ELFEO,D,18:36,21:38,2.4,Requerimiento de potencia en el Sistema Interconectado Nacional (Ver informe de falla Nº 192).
2011-08-10,Desconexión de Carga Manual,SUCRE,CESSA,D,18:37,21:36,1.3,Requerimiento de potencia en el Sistema Interconectado Nacional (Ver informe de falla Nº 192).
2011-08-10,Desconexión de Carga Manual,SANTA CRUZ,CRE,D,18:37,21:38,13.2,Requerimiento de potencia en el Sistema Interconectado Nacional (Ver informe de falla Nº 192).
2011-08-10,Desconexión de Carga Manual,COCHABAMBA,COBOCE,CNR,18:37,21:39,0.1,Requerimiento de potencia en el Sistema Interconectado Nacional (Ver informe de falla Nº 192).
2011-08-10,Desconexión de Carga Manual,POTOSI,SEPSA,D,18:39,21:37,1.85,Requerimiento de potencia en el Sistema Interconectado Nacional (Ver informe de falla Nº 192).
2011-08-10,Desconexión de Carga Manual,COCHABAMBA,EMIRSA,CNR,19:10,21:42,0.16,Requerimiento de potencia en el Sistema Interconectado Nacional (Ver informe de falla Nº 192).
2011-08-10,Desconexión de Carga Manual,ORURO,CMVINTO,CNR,19:15,20:40,1.2,Requerimiento de potencia en el Sistema Interconectado Nacional (Ver informe de falla Nº 192).
2011-08-10,Desconexión de Carga Manual,POTOSI,MSCR,CNR,19:37,21:38,1.09,Requerimiento de potencia en el Sistema Interconectado Nacional (Ver informe de falla Nº 192).
2011-08-11,Regulación de Voltaje,LA PAZ,ELECTROPAZ,D,08:33,09:00,4.0,Por límite de transferencia en la línea en 230 kV Santivañez - Vinto.
2011-08-11,Regulación de Voltaje,ORURO,ELFEO,D,08:34,09:05,0.6,Por límite de transferencia en la línea en 230 kV Santivañez - Vinto.
2011-08-11,Regulación de Voltaje,LA PAZ,ELECTROPAZ,D,09:00,18:00,6.0,Requerimiento de potencia en el Sistema Interconectado Nacional.
2011-08-11,Regulación de Voltaje,SANTA CRUZ,CRE,D,09:04,18:00,4.0,Requerimiento de potencia en el Sistema Interconectado Nacional.
2011-08-11,Regulación de Voltaje,ORURO,ELFEO,D,09:05,22:57,0.8,Requerimiento de potencia en el Sistema Interconectado Nacional.
2011-08-11,Regulación de Voltaje,POTOSI,SEPSA,D,09:05,22:57,0.8,Requerimiento de potencia en el Sistema Interconectado Nacional.
2011-08-11,Regulación de Voltaje,SUCRE,CESSA,D,09:05,22:57,0.91,Requerimiento de potencia en el Sistema Interconectado Nacional.
2011-08-11,Regulación de Voltaje,COCHABAMBA,ELFEC,D,09:07,18:00,2.66,Requerimiento de potencia en el Sistema Interconectado Nacional.
2011-08-11,Desconexión de Carga Manual,COCHABAMBA,ELFEC,D,15:17,20:42,3.5,Requerimiento de potencia en el Sistema Interconectado Nacional (Ver informe de falla Nº 193).
2011-08-11,Desconexión de Carga Manual,LA PAZ,ELECTROPAZ,D,15:17,20:59,5.0,Requerimiento de potencia en el Sistema Interconectado Nacional (Ver informe de falla Nº 193).
2011-08-11,Desconexión de Carga Manual,SANTA CRUZ,CRE,D,15:17,20:59,8.7,Requerimiento de potencia en el Sistema Interconectado Nacional (Ver informe de falla Nº 193).
2011-08-11,Desconexión de Carga Manual,SUCRE,CESSA,D,15:18,21:03,0.63,Requerimiento de potencia en el Sistema Interconectado Nacional (Ver informe de falla Nº 193).
2011-08-11,Desconexión de Carga Manual,POTOSI,MSCR,CNR,15:18,21:04,1.45,Requerimiento de potencia en el Sistema Interconectado Nacional (Ver informe de falla Nº 193).
2011-08-11,Desconexión de Carga Manual,ORURO,CMVINTO,CNR,15:20,20:05,0.2,Requerimiento de potencia en el Sistema Interconectado Nacional (Ver informe de falla Nº 193).
2011-08-11,Desconexión de Carga Manual,POTOSI,SEPSA,D,15:20,21:01,1.05,Requerimiento de potencia en el Sistema Interconectado Nacional (Ver informe de falla Nº 193).
2011-08-11,Desconexión de Carga Manual,COCHABAMBA,COBOCE,CNR,15:21,20:06,0.2,Requerimiento de potencia en el Sistema Interconectado Nacional (Ver informe de falla Nº 193).
2011-08-11,Desconexión de Carga Manual,ORURO,EMIRSA,CNR,15:22,20:05,0.1,Requerimiento de potencia en el Sistema Interconectado Nacional (Ver informe de falla Nº 193).
2011-08-11,Desconexión de Carga Manual,ORURO,ELFEO,D,15:22,21:00,1.1,Requerimiento de potencia en el Sistema Interconectado Nacional (Ver informe de falla Nº 193).
2011-08-11,Desconexión de Carga Manual,SANTA CRUZ,CRE,D,16:00,20:01,4.0,Requerimiento de potencia en el Sistema Interconectado Nacional (Ver informe de falla Nº 193).
2011-08-11,Desconexión de Carga Manual,LA PAZ,ELECTROPAZ,D,16:01,20:01,2.6,Requerimiento de potencia en el Sistema Interconectado Nacional (Ver informe de falla Nº 193).
2011-08-11,Desconexión de Carga Manual,COCHABAMBA,ELFEC,D,16:01,20:01,1.1,Requerimiento de potencia en el Sistema Interconectado Nacional (Ver informe de falla Nº 193).
2011-08-11,Desconexión de Carga Manual,SUCRE,CESSA,D,16:01,20:03,0.26,Requerimiento de potencia en el Sistema Interconectado Nacional (Ver informe de falla Nº 193).
2011-08-11,Desconexión de Carga Manual,ORURO,ELFEO,D,16:03,20:02,0.6,Requerimiento de potencia en el Sistema Interconectado Nacional (Ver informe de falla Nº 193).
2011-08-11,Desconexión de Carga Manual,POTOSI,MSCR,CNR,16:03,20:05,0.51,Requerimiento de potencia en el Sistema Interconectado Nacional (Ver informe de falla Nº 193).
2011-08-11,Desconexión de Carga Manual,POTOSI,SEPSA,D,16:04,20:02,0.5,Requerimiento de potencia en el Sistema Interconectado Nacional (Ver informe de falla Nº 193).
2011-08-11,Regulación de Voltaje,COCHABAMBA,ELFEC,D,18:00,22:56,3.7,Requerimiento de potencia en el Sistema Interconectado Nacional.
2011-08-11,Regulación de Voltaje,SANTA CRUZ,CRE,D,18:00,22:56,8.0,Requerimiento de potencia en el Sistema Interconectado Nacional.
2011-08-12,,,,,,,,
2011-08-13,,,,,,,,
2011-08-14,,,,,,,,
2011-08-16,Desconexión de Carga,ORURO,ELFEO,D,16:09,16:58,14.5,Desconexión de la línea en 69 kV Huayñacota - Sud.
2011-08-17,Desconexión de Carga,LA PAZ,ELECTROPAZ,D,07:26,08:12,8.4,Falla en la unidad de control del interruptor A3-520.
2011-08-21,Colapso Total,TRINIDAD,ENDE,D,06:02,06:27,4.2,Disparo de unidades generadoras de Central Moxos.
2011-08-22,Desconexión de Carga,TRINIDAD,ENDE,D,02:35,03:05,4.5,Desconexión línea en 115 kV San Borja - Moxos.
2011-08-28,Desconexión de Carga,TRINIDAD,ENDE,D,15:33,15:40,10.38,Desconexión de las líneas en 115 kV Tap Chuquiaguillo-Pichu y Caranavi-Trinidad.
2011-08-30,Desconexión de Carga,TRINIDAD,ENDE,D,13:34,13:43,13.68,Desconexión de la línea en 115 kV Caranavi - Yucumo.
2011-09-07,Desconexión de Carga,COCHABAMBA,ELFEC,D,08:15,08:31,18.1,Retroexcavadora ocasiona daños en cable subterráneo del alimentador S-4.
2011-09-11,Desconexión de Carga,LA PAZ,ELECTROPAZ,D,02:04,02:52,8.3,Desconexión línea en 69 kV Tembladerani-Alto La Paz-Munaypata-Alto Achachicala.
2011-09-13,Desconexión de Carga,POTOSI,MSCR,CNR,11:32,11:36,43.35,Variación transitoria de voltaje.
2011-09-13,Desconexión de Carga,SUCRE,CESSA,D,11:32,13:37,8.33,"Terceros, objeto metálico salida línea en 24.9 kV."
2011-09-19,Desconexión de Carga,ORURO,ELFEO,D,05:50,06:00,10.0,Desconexión de la línea en 69 kV Huayñacota - Sud.
2011-09-19,Desconexión de Carga,ORURO,ELFEO,D,06:19,07:27,8.25,Desconexión de la línea en 69 kV Huayñacota - Sud.
2011-09-19,Desconexión de Carga,ORURO,ELFEO,D,07:27,08:53,3.85,Desconexión de la línea en 69 kV Huayñacota - Sud.
2011-09-19,Desconexión de Carga,SANTA CRUZ,CRE,D,09:43,09:46,12.8,Desconexion de la línea en 69 kV Nueva Jerusalen - Warnes.
2011-09-22,Regulación de Voltaje,LA PAZ,ELECTROPAZ,D,19:19,20:00,3.0,Requerimiento de potencia en el SIN.
2011-09-22,Regulación de Voltaje,SANTA CRUZ,CRE,D,19:19,20:00,5.0,Requerimiento de potencia en el SIN.
2011-09-22,Regulación de Voltaje,ORURO,ELFEO,D,19:21,20:01,0.5,Requerimiento de potencia en el SIN.
2011-09-22,Regulación de Voltaje,POTOSI,SEPSA,D,19:21,20:01,0.7,Requerimiento de potencia en el SIN.
2011-09-22,Regulación de Voltaje,SUCRE,CESSA,D,19:21,20:01,0.5,Requerimiento de potencia en el SIN.
2011-09-22,Regulación de Voltaje,COCHABAMBA,ELFEC,D,19:22,20:00,0.7,Requerimiento de potencia en el SIN.
2011-09-24,Desconexión de Carga,COCHABAMBA,ELFEC,D,17:47,17:52,16.0,Desconexión del transformador de potencia TRQUI11502.
2011-09-26,Desconexión de Carga,TRINIDAD,ENDED,D,16:39,16:52,13.26,Reconexión línea en 115 kV Chuspipata-Caranavi.
2011-09-27,Desconexión de Carga,SANTA CRUZ,CRE,D,16:07,16:35,35.2,Desconexión del transformador de potencia TRZOO069.
2011-09-27,Desconexión del EDAC,ORURO,ELFEO,D,19:16,19:22,1.0,Reduccción de potencia en la unidad generadora SRO02 (ver informe de falla Nº 226).
2011-09-27,Desconexión del EDAC,POTOSI,MSCR,CNR,19:16,19:25,0.1,Reduccción de potencia en la unidad generadora SRO02 (ver informe de falla Nº 226).
2011-09-27,Desconexión del EDAC,TRINIDAD,ENDED,D,19:17,19:25,2.1,Reduccción de potencia en la unidad generadora SRO02 (ver informe de falla Nº 226).
2011-09-27,Desconexión del EDAC,LA PAZ,ELECTROPAZ,D,19:17,19:25,6.2,Reduccción de potencia en la unidad generadora SRO02 (ver informe de falla Nº 226).
2011-09-27,Desconexión del EDAC,COCHABAMBA,ELFEC,D,19:17,19:25,4.0,Reduccción de potencia en la unidad generadora SRO02 (ver informe de falla Nº 226).
2011-09-29,Desconexión del EDAC,POTOSI,MSCR,CNR,15:35,15:46,0.15,Desconexión de la unidad GCH04.
2011-09-29,Desconexión del EDAC,COCHABAMBA,ELFEC,D,15:35,15:46,3.5,Desconexión de la unidad GCH04.
2011-09-29,Desconexión del EDAC,ORURO,ELFEO,D,15:35,16:21,0.5,Desconexión de la unidad GCH04.
2011-09-29,Desconexión del EDAC,COCHABAMBA,COBOCE,CNR,15:35,21:30,0.5,Desconexión de la unidad GCH04.
2011-10-14,Desconexión de Carga,TRINIDAD,ENDED,D,03:17,03:27,2.84,Desconexión línea en 115 kV Caranavi - Yucumo.
2011-10-14,Desconexión de Carga,TRINIDAD,ENDED,D,03:23,03:27,4.86,Desconexión de unidades en Central Moxos.
2011-10-20,Desconexión de Carga,COCHABAMBA,ELFEC,D,19:25,19:42,17.5,Desconexión del transformador de potencia TRYPF11503.
2011-10-26,Regulación de Voltaje,COCHABAMBA,ELFEC,D,18:26,19:41,2.5,Requerimiento de potencia en el Sistema Interconectado Nacional.
2011-10-26,Regulación de Voltaje,LA PAZ,ELECTROPAZ,D,18:27,19:42,5.0,Requerimiento de potencia en el Sistema Interconectado Nacional.
2011-10-26,Regulación de Voltaje,SANTA CRUZ,CRE,D,18:27,19:42,8.0,Requerimiento de potencia en el Sistema Interconectado Nacional.
2011-10-26,Regulación de Voltaje,POTOSI,SEPSA,D,18:28,19:49,0.6,Requerimiento de potencia en el Sistema Interconectado Nacional.
2011-10-26,Regulación de Voltaje,ORURO,ELFEO,D,18:29,19:48,0.6,Requerimiento de potencia en el Sistema Interconectado Nacional.
2011-10-26,Regulación de Voltaje,SUCRE,CESSA,D,18:30,19:49,0.5,Requerimiento de potencia en el Sistema Interconectado Nacional.
2011-11-08,Regulación de Voltaje,LA PAZ,ELECTROPAZ,D,18:31,22:08,7.0,Requerimiento de potencia en el Sistema Interconectado Nacional.
2011-11-08,Regulación de Voltaje,SANTA CRUZ,CRE,D,18:34,22:08,8.0,Requerimiento de potencia en el Sistema Interconectado Nacional.
2011-11-08,Regulación de Voltaje,COCHABAMBA,ELFEC,D,18:34,22:08,3.0,Requerimiento de potencia en el Sistema Interconectado Nacional.
2011-11-08,Regulación de Voltaje,POTOSI,SEPSA,D,18:37,22:09,0.6,Requerimiento de potencia en el Sistema Interconectado Nacional.
2011-11-08,Regulación de Voltaje,ORURO,ELFEO,D,18:37,22:09,0.6,Requerimiento de potencia en el Sistema Interconectado Nacional.
2011-11-08,Regulación de Voltaje,SUCRE,CESSA,D,18:37,22:09,0.5,Requerimiento de potencia en el Sistema Interconectado Nacional.
2011-11-08,Desconexión de Carga Manual,COCHABAMBA,ELFEC,D,19:04,20:31,2.4,Requerimiento de potencia en el Sistema Interconectado Nacional (Ver Informe de Falla Nº 244 ).
2011-11-08,Desconexión de Carga Manual,LA PAZ,ELECTROPAZ,D,19:05,20:30,3.5,Requerimiento de potencia en el Sistema Interconectado Nacional (Ver Informe de Falla Nº 244 ).
2011-11-08,Desconexión de Carga Manual,SANTA CRUZ,CRE,D,19:05,20:30,6.1,Requerimiento de potencia en el Sistema Interconectado Nacional (Ver Informe de Falla Nº 244 ).
2011-11-08,Desconexión de Carga Manual,POTOSI,MSCR,CNR,19:05,20:35,0.7,Requerimiento de potencia en el Sistema Interconectado Nacional (Ver Informe de Falla Nº 244 ).
2011-11-08,Desconexión de Carga Manual,ORURO,ELFEO,D,19:06,20:32,0.9,Requerimiento de potencia en el Sistema Interconectado Nacional (Ver Informe de Falla Nº 244 ).
2011-11-08,Desconexión de Carga Manual,POTOSI,SEPSA,D,19:06,20:32,0.8,Requerimiento de potencia en el Sistema Interconectado Nacional (Ver Informe de Falla Nº 244 ).
2011-11-08,Desconexión de Carga Manual,COCHABAMBA,COBOCE,CNR,19:06,20:33,0.1,Requerimiento de potencia en el Sistema Interconectado Nacional (Ver Informe de Falla Nº 244 ).
2011-11-08,Desconexión de Carga Manual,SUCRE,CESSA,D,19:06,20:35,0.4,Requerimiento de potencia en el Sistema Interconectado Nacional (Ver Informe de Falla Nº 244 ).
2011-11-08,Desconexión de Carga Manual,ORURO,CMVINTO,CNR,19:15,20:45,0.1,Requerimiento de potencia en el Sistema Interconectado Nacional (Ver Informe de Falla Nº 244 ).
2011-11-08,Desconexión de Carga Manual,TRINIDAD,ENDED,D,19:22,20:34,0.2,Requerimiento de potencia en el Sistema Interconectado Nacional (Ver Informe de Falla Nº 244 ).
2011-11-08,Desconexión de Carga Manual,LA PAZ,ELECTROPAZ,D,19:49,21:09,3.7,Requerimiento de potencia en el Sistema Interconectado Nacional (Ver Informe de Falla Nº 244 ).
2011-11-08,Desconexión de Carga Manual,SANTA CRUZ,CRE,D,19:50,21:09,5.6,Requerimiento de potencia en el Sistema Interconectado Nacional (Ver Informe de Falla Nº 244 ).
2011-11-08,Desconexión de Carga Manual,COCHABAMBA,ELFEC,D,19:50,21:10,2.6,Requerimiento de potencia en el Sistema Interconectado Nacional (Ver Informe de Falla Nº 244 ).
2011-11-08,Desconexión de Carga Manual,ORURO,ELFEO,D,19:51,21:10,0.9,Requerimiento de potencia en el Sistema Interconectado Nacional (Ver Informe de Falla Nº 244 ).
2011-11-08,Desconexión de Carga Manual,SUCRE,CESSA,D,19:51,21:10,0.4,Requerimiento de potencia en el Sistema Interconectado Nacional (Ver Informe de Falla Nº 244 ).
2011-11-08,Desconexión de Carga Manual,POTOSI,SEPSA,D,19:52,21:10,0.8,Requerimiento de potencia en el Sistema Interconectado Nacional (Ver Informe de Falla Nº 244 ).
2011-11-08,Desconexión de Carga Manual,POTOSI,MSCR,CNR,19:53,21:11,0.7,Requerimiento de potencia en el Sistema Interconectado Nacional (Ver Informe de Falla Nº 244 ).
2011-11-08,Desconexión de Carga Manual,COCHABAMBA,COBOCE,CNR,19:53,21:11,0.1,Requerimiento de potencia en el Sistema Interconectado Nacional (Ver Informe de Falla Nº 244 ).
2011-11-08,Desconexión de Carga Manual,TRINIDAD,ENDED,D,19:56,21:12,0.2,Requerimiento de potencia en el Sistema Interconectado Nacional (Ver Informe de Falla Nº 244 ).
2011-11-09,Regulación de Voltaje,SANTA CRUZ,CRE,D,16:46,21:15,4.0,Requerimiento de potencia en el Sistema Interconectado Nacional.
2011-11-09,Regulación de Voltaje,LA PAZ,ELECTROPAZ,D,16:47,21:15,5.0,Requerimiento de potencia en el Sistema Interconectado Nacional.
2011-11-09,Regulación de Voltaje,COCHABAMBA,ELFEC,D,16:47,21:16,2.0,Requerimiento de potencia en el Sistema Interconectado Nacional.
2011-11-09,Regulación de Voltaje,ORURO,ELFEO,D,16:49,21:16,0.6,Requerimiento de potencia en el Sistema Interconectado Nacional.
2011-11-09,Regulación de Voltaje,POTOSI,SEPSA,D,16:49,21:17,0.6,Requerimiento de potencia en el Sistema Interconectado Nacional.
2011-11-09,Regulación de Voltaje,SUCRE,CESSA,D,16:49,21:17,0.8,Requerimiento de potencia en el Sistema Interconectado Nacional.
2011-11-09,Desconexión del EDAC,ORURO,ELFEO,D,19:10,19:29,0.8,Requerimiento de potencia en el Sistema Interconectado Nacional (Ver Informe de Falla Nº 245).
2011-11-09,Desconexión del EDAC,POTOSI,MSCR,CNR,19:10,19:39,0.7,Requerimiento de potencia en el Sistema Interconectado Nacional (Ver Informe de Falla Nº 245).
2011-11-09,Desconexión de Carga Manual,COCHABAMBA,ELFEC,D,19:10,20:05,1.6,Requerimiento de potencia en el Sistema Interconectado Nacional (Ver Informe de Falla Nº 245).
2011-11-09,Desconexión de Carga Manual,ORURO,ELFEO,D,19:10,20:09,0.6,Requerimiento de potencia en el Sistema Interconectado Nacional (Ver Informe de Falla Nº 245).
2011-11-09,Desconexión de Carga Manual,LA PAZ,ELECTROPAZ,D,19:11,20:05,2.6,Requerimiento de potencia en el Sistema Interconectado Nacional (Ver Informe de Falla Nº 245).
2011-11-09,Desconexión de Carga Manual,SANTA CRUZ,CRE,D,19:11,20:05,3.8,Requerimiento de potencia en el Sistema Interconectado Nacional (Ver Informe de Falla Nº 245).
2011-11-09,Desconexión de Carga Manual,SUCRE,CESSA,D,19:11,20:14,0.4,Requerimiento de potencia en el Sistema Interconectado Nacional (Ver Informe de Falla Nº 245).
2011-11-09,Desconexión de Carga Manual,POTOSI,MSCR,CNR,19:12,20:08,0.4,Requerimiento de potencia en el Sistema Interconectado Nacional (Ver Informe de Falla Nº 245).
2011-11-09,Desconexión de Carga Manual,POTOSI,SEPSA,D,19:12,20:09,0.5,Requerimiento de potencia en el Sistema Interconectado Nacional (Ver Informe de Falla Nº 245).
2011-11-09,Desconexión de Carga Manual,COCHABAMBA,COBOCE,CNR,19:12,20:14,0.1,Requerimiento de potencia en el Sistema Interconectado Nacional (Ver Informe de Falla Nº 245).
2011-11-09,Desconexión del EDAC,COCHABAMBA,ELFEC,D,19:13,19:18,2.7,Requerimiento de potencia en el Sistema Interconectado Nacional (Ver Informe de Falla Nº 245).
2011-11-09,Desconexión de Carga Manual,TRINIDAD,ENDED,D,19:13,20:11,0.1,Requerimiento de potencia en el Sistema Interconectado Nacional (Ver Informe de Falla Nº 245).
2011-11-16,Regulación de Voltaje,LA PAZ,ELECTROPAZ,D,18:18,21:01,6.0,Requerimiento de potencia en el SIN.
2011-11-16,Regulación de Voltaje,COCHABAMBA,ELFEC,D,18:18,21:02,2.5,Requerimiento de potencia en el SIN.
2011-11-16,Regulación de Voltaje,SANTA CRUZ,CRE,D,18:18,21:02,5.5,Requerimiento de potencia en el SIN.
2011-11-16,Regulación de Voltaje,POTOSI,SEPSA,D,18:50,21:01,0.5,Requerimiento de potencia en el SIN.
2011-11-16,Regulación de Voltaje,SUCRE,CESSA,D,18:50,21:01,0.5,Requerimiento de potencia en el SIN.
2011-11-16,Regulación de Voltaje,ORURO,ELFEO,D,18:50,21:01,0.6,Requerimiento de potencia en el SIN.
2011-11-17,Regulación de Voltaje,COCHABAMBA,ELFEC,D,14:00,21:25,2.18,Requerimiento de potencia en el SIN.
2011-11-17,Regulación de Voltaje,LA PAZ,ELECTROPAZ,D,14:00,21:25,4.0,Requerimiento de potencia en el SIN.
2011-11-17,Regulación de Voltaje,SUCRE,CESSA,D,14:00,21:27,0.5,Requerimiento de potencia en el SIN.
2011-11-17,Regulación de Voltaje,POTOSI,SEPSA,D,14:00,21:27,0.4,Requerimiento de potencia en el SIN.
2011-11-17,Regulación de Voltaje,ORURO,ELFEO,D,14:00,21:27,0.5,Requerimiento de potencia en el SIN.
2011-11-17,Regulación de Voltaje,SANTA CRUZ,CRE,D,14:06,21:25,7.0,Requerimiento de potencia en el SIN.
2011-11-17,Desconexión de Carga,COCHABAMBA,ELFEC,D,18:34,18:53,18.0,Desconexión del transformador TRARO115 por falla en el cable subterráneo del alimentador S4.
2011-11-17,Desconexión de Carga Manual,LA PAZ,ELECTROPAZ,D,19:09,20:53,2.4,Requerimiento de potencia en el SIN (Ver informe Nº 255).
2011-11-17,Desconexión de Carga Manual,SANTA CRUZ,CRE,D,19:09,20:54,5.7,Requerimiento de potencia en el SIN (Ver informe Nº 255).
2011-11-17,Desconexión de Carga Manual,ORURO,ELFEO,D,19:10,20:55,0.6,Requerimiento de potencia en el SIN (Ver informe Nº 255).
2011-11-17,Desconexión de Carga Manual,SUCRE,CESSA,D,19:10,20:55,0.33,Requerimiento de potencia en el SIN (Ver informe Nº 255).
2011-11-17,Desconexión de Carga Manual,POTOSI,MSCR,CNR,19:10,20:55,0.6,Requerimiento de potencia en el SIN (Ver informe Nº 255).
2011-11-17,Desconexión de Carga Manual,POTOSI,SEPSA,D,19:13,21:20,0.6,Requerimiento de potencia en el SIN (Ver informe Nº 255).
2011-11-17,Desconexión de Carga Manual,TRINIDAD,ENDED,D,19:27,21:08,0.08,Requerimiento de potencia en el SIN (Ver informe Nº 255).
2011-11-17,Desconexión de Carga Manual,COCHABAMBA,ELFEC,D,19:51,20:53,1.7,Requerimiento de potencia en el SIN (Ver informe Nº 255).
2011-11-18,Regulación de Voltaje,SANTA CRUZ,CRE,D,13:32,18:56,8.0,Requerimiento de potencia en el SIN.
2011-11-18,Regulación de Voltaje,COCHABAMBA,ELFEC,D,13:33,18:56,1.88,Requerimiento de potencia en el SIN.
2011-11-18,Regulación de Voltaje,LA PAZ,ELECTROPAZ,D,13:33,18:57,4.0,Requerimiento de potencia en el SIN.
2011-11-18,Regulación de Voltaje,POTOSI,SEPSA,D,13:34,19:01,0.4,Requerimiento de potencia en el SIN.
2011-11-18,Regulación de Voltaje,POTOSI,CESSA,D,13:34,19:01,0.5,Requerimiento de potencia en el SIN.
2011-11-18,Regulación de Voltaje,ORURO,ELFEO,D,13:34,19:12,0.5,Requerimiento de potencia en el SIN.
2011-11-25,Regulación de Voltaje,COCHABAMBA,ELFEC,D,19:14,19:34,2.3,Requerimiento de potencia en el Sistema Interconectado Nacional.
2011-11-25,Regulación de Voltaje,LA PAZ,ELECTROPAZ,D,19:14,20:07,6.0,Requerimiento de potencia en el Sistema Interconectado Nacional.
2011-11-25,Regulación de Voltaje,SANTA CRUZ,CRE,D,19:15,20:08,8.0,Requerimiento de potencia en el Sistema Interconectado Nacional.
2011-11-25,Regulación de Voltaje,ORURO,ELFEO,D,19:15,20:14,0.6,Requerimiento de potencia en el Sistema Interconectado Nacional.
2011-11-25,Regulación de Voltaje,SUCRE,CESSA,D,19:18,20:13,0.7,Requerimiento de potencia en el Sistema Interconectado Nacional.
2011-11-25,Regulación de Voltaje,POTOSI,SEPSA,D,19:19,20:16,0.6,Requerimiento de potencia en el Sistema Interconectado Nacional.
2011-11-25,Regulación de Voltaje,COCHABAMBA,ELFEC,D,19:34,20:08,3.09,Requerimiento de potencia en el Sistema Interconectado Nacional.
2011-11-28,Regulación de Voltaje,SANTA CRUZ,CRE,D,09:14,22:37,12.0,Mantenimiento correctivo de la línea CAR-ARB230.
2011-11-28,Desconexión de Carga Manual,SANTA CRUZ,CRE,D,09:50,12:07,2.2,Mantenimiento correctivo de la línea CAR-ARB230 (ALI_09_13).
2011-11-28,Desconexión de Carga Manual,SANTA CRUZ,CRE,D,10:00,12:08,4.4,Mantenimiento correctivo de la línea CAR-ARB230 (ALI_09_15).
2011-11-28,Desconexión de Carga Manual,SANTA CRUZ,CRE,D,10:02,12:15,0.44,Mantenimiento correctivo de la línea CAR-ARB230 (ALI_09_16).
2011-11-28,Desconexión de Carga Manual,SANTA CRUZ,CRE,D,10:04,12:32,0.4,Mantenimiento correctivo de la línea CAR-ARB230 (ALI_12_23).
2011-11-28,Desconexión de Carga Manual,SANTA CRUZ,CRE,D,10:11,12:17,1.4,Mantenimiento correctivo de la línea CAR-ARB230 (ALI_12_22).
2011-11-28,Desconexión de Carga Manual,SANTA CRUZ,CRE,D,10:23,12:22,3.0,Mantenimiento correctivo de la línea CAR-ARB230 (ALI_07_15).
2011-11-28,Desconexión de Carga Manual,SANTA CRUZ,CRE,D,10:35,12:20,4.0,Mantenimiento correctivo de la línea CAR-ARB230 (ALI_07_12).
2011-11-28,Desconexión de Carga Manual,SANTA CRUZ,CRE,D,10:41,13:43,3.1,Mantenimiento correctivo de la línea CAR-ARB230 (ALI_05_23).
2011-11-28,Desconexión de Carga Manual,SANTA CRUZ,CRE,D,10:42,12:23,1.1,Mantenimiento correctivo de la línea CAR-ARB230 (ALI_15_23).
2011-11-28,Desconexión de Carga Manual,SANTA CRUZ,CRE,D,10:47,12:17,1.0,Mantenimiento correctivo de la línea CAR-ARB230 (ALI_12_12).
2011-11-28,Desconexión de Carga Manual,SANTA CRUZ,CRE,D,11:04,12:37,3.8,Mantenimiento correctivo de la línea CAR-ARB230 (ALI_04_14).
2011-11-28,Desconexión de Carga Manual,SANTA CRUZ,CRE,D,11:16,12:30,3.3,Mantenimiento correctivo de la línea CAR-ARB230 (ALI_07_13).
2011-11-28,Desconexión de Carga Manual,SANTA CRUZ,CRE,D,11:16,14:24,4.4,Mantenimiento correctivo de la línea CAR-ARB230 (ALI_07_14).
2011-11-28,Desconexión de Carga Manual,SANTA CRUZ,CRE,D,12:52,15:54,1.8,Mantenimiento correctivo de la línea CAR-ARB230 (ALI_13_22).
2011-11-28,Desconexión de Carga Manual,SANTA CRUZ,CRE,D,12:52,15:54,2.6,Mantenimiento correctivo de la línea CAR-ARB230 (ALI_13_21).
2011-11-28,Desconexión de Carga Manual,SANTA CRUZ,CRE,D,13:01,16:39,2.6,Mantenimiento correctivo de la línea CAR-ARB230 (ALI_12_24).
2011-11-28,Desconexión de Carga Manual,SANTA CRUZ,CRE,D,13:03,16:38,2.5,Mantenimiento correctivo de la línea CAR-ARB230 (ALI_13_13).
2011-11-28,Desconexión de Carga Manual,SANTA CRUZ,CRE,D,13:04,16:52,3.7,Mantenimiento correctivo de la línea CAR-ARB230 (ALI_14_21).
2011-11-28,Desconexión de Carga Manual,SANTA CRUZ,CRE,D,13:21,16:43,2.7,Mantenimiento correctivo de la línea CAR-ARB230 (ALI_14_11).
2011-11-28,Desconexión de Carga Manual,SANTA CRUZ,CRE,D,13:21,17:35,3.3,Mantenimiento correctivo de la línea CAR-ARB230 (ALI_14_12).
2011-11-28,Desconexión de Carga Manual,SANTA CRUZ,CRE,D,13:31,17:51,4.7,Mantenimiento correctivo de la línea CAR-ARB230 (ALI_06_14).
2011-11-28,Desconexión de Carga Manual,SANTA CRUZ,CRE,D,13:42,17:21,2.5,Mantenimiento correctivo de la línea CAR-ARB230 (ALI_06_13).
2011-11-28,Desconexión de Carga Manual,SANTA CRUZ,CRE,D,13:51,17:22,6.5,Mantenimiento correctivo de la línea CAR-ARB230 (ALI_04_22).
2011-11-28,Desconexión de Carga Manual,SANTA CRUZ,CRE,D,14:12,17:56,4.8,Mantenimiento correctivo de la línea CAR-ARB230 (ALI_02_15).
2011-11-28,Desconexión de Carga Manual,SANTA CRUZ,CRE,D,14:25,19:05,5.5,Mantenimiento correctivo de la línea CAR-ARB230 (ALI_05_26).
2011-11-28,Desconexión de Carga Manual,SANTA CRUZ,CRE,D,14:27,18:28,5.5,Mantenimiento correctivo de la línea CAR-ARB230 (ALI_06_26).
2011-11-28,Desconexión de Carga Manual,SANTA CRUZ,CRE,D,14:42,18:05,3.8,Mantenimiento correctivo de la línea CAR-ARB230 (ALI_01_18).
2011-11-28,Desconexión de Carga Manual,SANTA CRUZ,CRE,D,14:50,19:15,2.2,Mantenimiento correctivo de la línea CAR-ARB230 (ALI_04_15).
2011-11-28,Desconexión de Carga Manual,SANTA CRUZ,CRE,D,15:10,19:15,3.5,Mantenimiento correctivo de la línea CAR-ARB230 (ALI_04_17).
2011-11-28,Desconexión de Carga Manual,SANTA CRUZ,CRE,D,17:35,19:35,2.8,Mantenimiento correctivo de la línea CAR-ARB230 (ALI_13_23).
2011-11-28,Desconexión de Carga Manual,SANTA CRUZ,CRE,D,17:51,19:35,3.1,Mantenimiento correctivo de la línea CAR-ARB230 (ALI_16_14).
2011-11-28,Desconexión de Carga Manual,SANTA CRUZ,CRE,D,18:28,20:55,5.7,Mantenimiento correctivo de la línea CAR-ARB230 (ALI_04_21).
2011-11-28,Desconexión de Carga Manual,SANTA CRUZ,CRE,D,18:40,20:23,3.6,Mantenimiento correctivo de la línea CAR-ARB230 (ALI_16_15).
2011-11-28,Desconexión de Carga Manual,SANTA CRUZ,CRE,D,18:40,21:56,1.7,Mantenimiento correctivo de la línea CAR-ARB230 (ALI_13_24).
2011-11-28,Desconexión de Carga Manual,SANTA CRUZ,CRE,D,18:47,22:11,6.7,Mantenimiento correctivo de la línea CAR-ARB230 (ALI_07_16).
2011-11-28,Desconexión de Carga Manual,SANTA CRUZ,CRE,D,18:53,21:17,4.5,Mantenimiento correctivo de la línea CAR-ARB230 (ALI_10_15).
2011-11-28,Desconexión de Carga Manual,SANTA CRUZ,CRE,D,19:04,21:48,4.3,Mantenimiento correctivo de la línea CAR-ARB230 (ALI_03_17).
2011-11-28,Desconexión de Carga Manual,SANTA CRUZ,CRE,D,19:14,21:57,1.9,Mantenimiento correctivo de la línea CAR-ARB230 (ALI_01_17).
2011-11-28,Desconexión de Carga Manual,SANTA CRUZ,CRE,D,19:15,21:57,1.8,Mantenimiento correctivo de la línea CAR-ARB230 (ALI_01_14).
2011-11-29,Regulación de Voltaje,SANTA CRUZ,CRE,D,13:58,17:18,10.0,Mantenimiento correctivo de la línea CAR-ARB230.
2011-11-29,Desconexión de Carga Manual,SANTA CRUZ,CRE,D,14:20,16:06,1.4,Mantenimiento correctivo de la línea CAR-ARB230 (ALI_16_13).
2011-11-29,Desconexión de Carga Manual,SANTA CRUZ,CRE,D,14:21,16:07,1.0,Mantenimiento correctivo de la línea CAR-ARB230 (ALI_04_23).
2011-11-29,Desconexión de Carga Manual,SANTA CRUZ,CRE,D,14:22,16:09,1.0,Mantenimiento correctivo de la línea CAR-ARB230 (ALI_05_25).
2011-11-29,Desconexión de Carga Manual,SANTA CRUZ,CRE,D,14:29,16:02,3.2,Mantenimiento correctivo de la línea CAR-ARB230 (ALI_05_15).
2011-11-29,Desconexión de Carga Manual,SANTA CRUZ,CRE,D,14:29,16:39,1.5,Mantenimiento correctivo de la línea CAR-ARB230 (ALI_05_14).
2011-11-29,Desconexión de Carga Manual,SANTA CRUZ,CRE,D,14:34,16:39,2.1,Mantenimiento correctivo de la línea CAR-ARB230 (ALI_05_11).
2011-11-29,Desconexión de Carga Manual,SANTA CRUZ,CRE,D,14:49,16:47,3.1,Mantenimiento correctivo de la línea CAR-ARB230 (ALI_05_12).
2011-11-29,Desconexión de Carga Manual,SANTA CRUZ,CRE,D,14:51,17:15,2.2,Mantenimiento correctivo de la línea CAR-ARB230 (ALI_03_14).
2011-11-29,Regulación de Voltaje,LA PAZ,ELECTROPAZ,D,18:42,22:09,6.0,Requerimiento de potencia en el Sistema Interconectado Nacional.
2011-11-29,Regulación de Voltaje,COCHABAMBA,ELFEC,D,18:42,22:10,3.09,Requerimiento de potencia en el Sistema Interconectado Nacional.
2011-11-29,Regulación de Voltaje,SANTA CRUZ,CRE,D,18:43,22:09,7.0,Requerimiento de potencia en el Sistema Interconectado Nacional.
2011-11-29,Regulación de Voltaje,ORURO,ELFEO,D,18:43,22:09,0.6,Requerimiento de potencia en el Sistema Interconectado Nacional.
2011-11-29,Regulación de Voltaje,SUCRE,CESSA,D,18:44,22:09,0.7,Requerimiento de potencia en el Sistema Interconectado Nacional.
2011-11-29,Regulación de Voltaje,POTOSI,SEPSA,D,18:45,22:09,0.7,Requerimiento de potencia en el Sistema Interconectado Nacional.
2011-11-30,Regulación de Voltaje,SANTA CRUZ,CRE,D,11:11,22:02,8.0,Por requerimiento de potencia en el SIN.
2011-11-30,Regulación de Voltaje,COCHABAMBA,ELFEC,D,11:11,22:03,2.2,Por requerimiento de potencia en el SIN.
2011-11-30,Regulación de Voltaje,LA PAZ,ELECTROPAZ,D,11:12,22:03,5.0,Por requerimiento de potencia en el SIN.
2011-11-30,Regulación de Voltaje,SUCRE,CESSA,D,11:15,22:03,0.5,Por requerimiento de potencia en el SIN.
2011-11-30,Desconexión de Carga Manual,LA PAZ,ELECTROPAZ,D,19:14,20:21,2.5,Requerimiento de potencia en el Sistema Interconectado Nacional (Ver Informe de Falla Nº 268-11).
2011-11-30,Desconexión de Carga Manual,SANTA CRUZ,CRE,D,19:14,20:22,3.5,Requerimiento de potencia en el Sistema Interconectado Nacional (Ver Informe de Falla Nº 268-11).
2011-11-30,Desconexión de Carga Manual,POTOSI,SEPSA,D,19:16,20:25,0.5,Requerimiento de potencia en el Sistema Interconectado Nacional (Ver Informe de Falla Nº 268-11).
2011-11-30,Desconexión de Carga Manual,LA PAZ,ELECTROPAZ,D,19:17,20:21,2.7,Requerimiento de potencia en el Sistema Interconectado Nacional (Ver Informe de Falla Nº 268-11).
2011-11-30,Desconexión de Carga Manual,SANTA CRUZ,CRE,D,19:18,20:22,6.6,Requerimiento de potencia en el Sistema Interconectado Nacional (Ver Informe de Falla Nº 268-11).
2011-11-30,Desconexión de Carga Manual,COCHABAMBA,ELFEC,D,19:18,20:23,3.2,Requerimiento de potencia en el Sistema Interconectado Nacional (Ver Informe de Falla Nº 268-11).
2011-11-30,Desconexión de Carga Manual,POTOSI,MSCR,CNR,19:20,20:05,1.1,Requerimiento de potencia en el Sistema Interconectado Nacional (Ver Informe de Falla Nº 268-11).
2011-11-30,Desconexión de Carga Manual,SANTA CRUZ,CRE,D,19:20,20:56,5.0,Requerimiento de potencia en el Sistema Interconectado Nacional (Ver Informe de Falla Nº 268-11).
2011-11-30,Desconexión de Carga Manual,COCHABAMBA,ELFEC,D,19:21,20:23,2.0,Requerimiento de potencia en el Sistema Interconectado Nacional (Ver Informe de Falla Nº 268-11).
2011-11-30,Desconexión de Carga Manual,LA PAZ,ELECTROPAZ,D,19:21,20:56,2.9,Requerimiento de potencia en el Sistema Interconectado Nacional (Ver Informe de Falla Nº 268-11).
2011-11-30,Desconexión de Carga Manual,POTOSI,MSCR,CNR,19:23,21:05,0.6,Requerimiento de potencia en el Sistema Interconectado Nacional (Ver Informe de Falla Nº 268-11).
2011-11-30,Desconexión de Carga Manual,ORURO,ELFEO,D,19:25,20:29,1.4,Requerimiento de potencia en el Sistema Interconectado Nacional (Ver Informe de Falla Nº 268-11).
2011-11-30,Desconexión de Carga Manual,ORURO,ELFEO,D,19:25,21:04,0.6,Requerimiento de potencia en el Sistema Interconectado Nacional (Ver Informe de Falla Nº 268-11).
2011-11-30,Desconexión de Carga Manual,SUCRE,CESSA,D,19:26,20:29,0.6,Requerimiento de potencia en el Sistema Interconectado Nacional (Ver Informe de Falla Nº 268-11).
2011-11-30,Desconexión de Carga Manual,TRINIDAD,ENDED,D,19:30,20:18,0.3,Requerimiento de potencia en el Sistema Interconectado Nacional (Ver Informe de Falla Nº 268-11).
2011-11-30,Desconexión de Carga Manual,ORURO,CMVINTO,CNR,19:30,23:00,0.1,Requerimiento de potencia en el Sistema Interconectado Nacional (Ver Informe de Falla Nº 268-11).
2011-11-30,Desconexión de Carga Manual,ORURO,EMIRSA,CNR,19:35,23:00,0.1,Requerimiento de potencia en el Sistema Interconectado Nacional (Ver Informe de Falla Nº 268-11).
2011-11-30,Desconexión de Carga Manual,SUCRE,SEPSA,D,19:39,20:38,0.9,Requerimiento de potencia en el Sistema Interconectado Nacional (Ver Informe de Falla Nº 268-11).
2011-11-30,Desconexión de Carga Manual,COCHABAMBA,COBOCE,CNR,19:48,23:00,0.5,Requerimiento de potencia en el Sistema Interconectado Nacional (Ver Informe de Falla Nº 268-11).
2011-11-30,Desconexión del EDAC,ORURO,ELFEO,D,21:20,21:33,0.7,Poca disponibilidad de potencia de reserva (Ver Informe de Falla Nº 269-11).
2011-11-30,Desconexión del EDAC,COCHABAMBA,ELFEC,D,21:20,21:34,5.0,Poca disponibilidad de potencia de reserva (Ver Informe de Falla Nº 269-11).
2011-11-30,Desconexión del EDAC,POTOSI,MSCR,CNR,21:20,21:34,1.2,Poca disponibilidad de potencia de reserva (Ver Informe de Falla Nº 269-11).
2011-12-01,Desconexión de Carga,TRINIDAD,ENDED,D,01:53,02:01,9.44,Desconexión línea en 115 kV Caranavi - Yucumo.
2011-12-01,Desconexión de Carga,TRINIDAD,ENDED,D,02:06,02:20,6.9,Desconexión línea en 115 kV Caranavi - Yucumo.
2011-12-02,Regulación de Voltaje,LA PAZ,ELECTROPAZ,D,17:01,19:00,5.0,Requerimiento de potenica en el SIN.
2011-12-02,Regulación de Voltaje,SANTA CRUZ,CRE,D,17:01,21:45,5.0,Requerimiento de potenica en el SIN.
2011-12-02,Regulación de Voltaje,POTOSI,SEPSA,D,17:01,21:45,0.6,Requerimiento de potenica en el SIN.
2011-12-02,Regulación de Voltaje,SUCRE,CESSA,D,17:01,21:45,0.6,Requerimiento de potenica en el SIN.
2011-12-02,Regulación de Voltaje,ORURO,ELFEO,D,17:01,21:45,0.7,Requerimiento de potenica en el SIN.
2011-12-02,Regulación de Voltaje,COCHABAMBA,ELFEC,D,17:02,18:00,2.2,Requerimiento de potenica en el SIN.
2011-12-02,Regulación de Voltaje,COCHABAMBA,ELFEC,D,18:00,21:46,3.09,Requerimiento de potenica en el SIN.
2011-12-02,Regulación de Voltaje,LA PAZ,ELECTROPAZ,D,19:00,21:45,6.0,Requerimiento de potenica en el SIN.
2011-12-03,Regulación de Voltaje,SANTA CRUZ,CRE,D,19:08,20:26,4.0,Requermiento de potencia en el SIN.
2011-12-03,Regulación de Voltaje,COCHABAMBA,ELFEC,D,19:08,20:27,2.74,Requermiento de potencia en el SIN.
2011-12-03,Regulación de Voltaje,LA PAZ,ELECTROPAZ,D,19:08,20:27,4.0,Requermiento de potencia en el SIN.
2011-12-03,Regulación de Voltaje,POTOSI,SEPSA,D,19:08,20:27,0.6,Requermiento de potencia en el SIN.
2011-12-03,Regulación de Voltaje,SUCRE,CESSA,D,19:08,20:27,0.6,Requermiento de potencia en el SIN.
2011-12-03,Regulación de Voltaje,ORURO,ELFEO,D,19:08,20:27,0.7,Requermiento de potencia en el SIN.
2011-12-04,Desconexión de Carga,TRINIDAD,ENDED,D,14:58,15:08,11.78,Desconexión línea en 115 kV Chuquiaguillo - Chuspipata.
2011-12-05,Desconexión de carga,Potosí,MSCR,CNR,21:41,21:49,40.12,Desconexión de la línea en 230 kV Punutuma - San Cristobal
2011-12-07,Regulación de Voltaje,SANTA CRUZ,CRE,D,14:34,17:16,8.0,Requerimiento de potencia en el SIN.
2011-12-07,Regulación de Voltaje,LA PAZ,ELECTROPAZ,D,14:35,17:16,6.0,Requerimiento de potencia en el SIN.
2011-12-07,Regulación de Voltaje,COCHABAMBA,ELFEC,D,14:35,17:17,2.5,Requerimiento de potencia en el SIN.
2011-12-07,Regulación de Voltaje,POTOSI,SEPSA,D,14:35,17:17,0.6,Requerimiento de potencia en el SIN.
2011-12-07,Regulación de Voltaje,SUCRE,CESSA,D,14:35,17:17,0.6,Requerimiento de potencia en el SIN.
2011-12-07,Regulación de Voltaje,ORURO,ELFEO,D,14:35,17:17,0.75,Requerimiento de potencia en el SIN.
2011-12-10,Desconexión de Carga,LA PAZ,ELECTROPAZ,D,21:17,24:00,6.0,Falla en la línea en 69 kV AAC-HUR-CHG.
2011-12-20,Desconexión de carga,Trinidad,ENDED,D,01:31,01:45,9.1,Contacto accidental durante trabajos en sistema de protecciones en S/E Trinidad
2011-12-20,Desconexión de carga,Cochabamba,ELFEC,D,12:03,12:30,13.11,Desconexión de la línea Rafael Urquidi - Alalay
2011-12-23,Desconexión de Carga,TRINIDAD,ENDED,D,14:49,14:56,14.3,Desconexión de la línea en 115 kV Caranavi - Chuspipata y Caranavi - Yucumo.
2011-12-23,Desconexión del EDAC,TRINIDAD,ENDED,D,15:10,15:15,4.13,Desconexión de la línea en 115 kV Caranavi - Chuspipata.
2011-12-23,Desconexión de Carga,TRINIDAD,ENDED,D,15:10,15:15,8.57,Desconexión de la línea en 115 kV Caranavi - Chuspipata.
2011-12-25,Desconexión de carga,Oruro,ELFEO,D,07:55,08:11,8.05,"Condiciones climéticas adversas, desconexión de la línea SUS-HUY;HUY-VIN;HUY-MIG"
2011-12-30,Desconexión de carga,Oruro,ELFEO,D,16:12,16:33,13.5,Desconexión de la línea Huayñacota - Sud.
2012-01-04,Desconexión de Carga,POTOSI,MSCR,CNR,16:33,16:38,48.5,"Desconexión Molinos de Bolas Nº1, Nº2 y SAG y línea en 230 kV PUN-SCR."
2012-01-05,Regulación de Voltaje,COCHABAMBA,ELFEC,D,19:15,19:57,3.5,Requerimiento de potencia en el Sistema Interconectado Nacional.
2012-01-05,Regulación de Voltaje,LA PAZ,ELECTROPAZ,D,19:15,19:57,8.0,Requerimiento de potencia en el Sistema Interconectado Nacional.
2012-01-05,Regulación de Voltaje,SANTA CRUZ,CRE,D,19:15,19:58,5.0,Requerimiento de potencia en el Sistema Interconectado Nacional.
2012-01-05,Regulación de Voltaje,ORURO,ELFEO,D,19:16,19:58,0.7,Requerimiento de potencia en el Sistema Interconectado Nacional.
2012-01-05,Regulación de Voltaje,SUCRE,CESSA,D,19:16,19:59,0.6,Requerimiento de potencia en el Sistema Interconectado Nacional.
2012-01-05,Regulación de Voltaje,POTOSI,SEPSA,D,19:17,20:00,0.5,Requerimiento de potencia en el Sistema Interconectado Nacional.
2012-01-11,Desconexión de Carga,SANTA CRUZ,CRE,D,04:11,04:40,15.59,Desconexión línea en 115 kV Arboleda - Montero.
2012-01-18,Desconexión de Carga,SANTA CRUZ,CRE,D,16:21,16:23,6.0,Desconexión línea de 69 kV Primero de Mayo - Pailón.
2012-01-18,Desconexión de Carga,ORURO,ELFEO,D,18:01,18:24,11.5,Desconexión línea de 69 kV Huayñacota - Sud.
2012-01-18,Desconexión de Carga,TRINIDAD,ENDED,D,21:57,22:40,13.6,Desconexión línea de 115 kV Yucumo - San Borja y disparo de unidades en Central Moxos.
2012-01-18,Desconexión de Carga,TRINIDAD,ENDED,D,23:28,23:35,4.15,"Disparo de unidades MOA02, 05, 07, 12, 14 y 15."
2012-01-19,Desconexión de Carga,TRINIDAD,ENDED,D,00:47,00:51,5.3,"Disparo de unidades MOA02, 05, 07, 12, 14, 15, MOS02, 03 (Ver Informe de Falla Nº 15)."
2012-01-20,Regulación de Voltaje,COCHABAMBA,ELFEC,D,19:30,20:14,3.0,Requerimiento de potencia en el SIN.
2012-01-20,Regulación de Voltaje,LA PAZ,ELECTROPAZ,D,19:31,20:15,6.0,Requerimiento de potencia en el SIN.
2012-01-20,Regulación de Voltaje,SANTA CRUZ,CRE,D,19:31,20:15,7.0,Requerimiento de potencia en el SIN.
2012-01-20,Regulación de Voltaje,SUCRE,CESSA,D,19:32,20:15,0.6,Requerimiento de potencia en el SIN.
2012-01-20,Regulación de Voltaje,POTOSI,SEPSA,D,19:32,20:15,0.5,Requerimiento de potencia en el SIN.
2012-01-20,Regulación de Voltaje,ORURO,ELFEO,D,19:32,20:15,0.7,Requerimiento de potencia en el SIN.
2012-01-22,Desconexión del EDAC,LA PAZ,ELECTROPAZ,D,23:04,23:12,10.2,"Disparo de las unidades CAR02, BUL01, ERI01, ERI03 y secuencia de parada de CAR01."
2012-01-22,Desconexión del EDAC,SANTA CRUZ,CRE,D,23:04,23:12,12.0,"Disparo de las unidades CAR02, BUL01, ERI01, ERI03 y secuencia de parada de CAR01."
2012-01-22,Desconexión del EDAC,COCHABAMBA,ELFEC,D,23:04,23:12,5.4,"Disparo de las unidades CAR02, BUL01, ERI01, ERI03 y secuencia de parada de CAR01."
2012-01-22,Desconexión del EDAC,COCHABAMBA,COBOCE,CNR,23:04,23:12,2.16,"Disparo de las unidades CAR02, BUL01, ERI01, ERI03 y secuencia de parada de CAR01."
2012-01-22,Desconexión del EDAC,ORURO,ELFEO,D,23:04,23:15,3.0,"Disparo de las unidades CAR02, BUL01, ERI01, ERI03 y secuencia de parada de CAR01."
2012-01-22,Desconexión del EDAC,SUCRE,CESSA,D,23:04,23:16,3.5,"Disparo de las unidades CAR02, BUL01, ERI01, ERI03 y secuencia de parada de CAR01."
2012-01-22,Desconexión del EDAC,ORURO,CMVINTO,CNR,23:04,23:18,0.45,"Disparo de las unidades CAR02, BUL01, ERI01, ERI03 y secuencia de parada de CAR01."
2012-01-22,Desconexión del EDAC,TRINIDAD,ENDED,D,23:04,23:23,1.7,"Disparo de las unidades CAR02, BUL01, ERI01, ERI03 y secuencia de parada de CAR01."
2012-01-22,Desconexión del EDAC,ORURO,EMIRSA,CNR,23:04,23:27,0.8,"Disparo de las unidades CAR02, BUL01, ERI01, ERI03 y secuencia de parada de CAR01."
2012-01-23,Desconexión del EDAC,POTOSI,MSCR,CNR,07:14,07:17,7.99,Desconexión de la línea en 115 kV Kenko - Tap Chuquiaguillo - Tiquimani.
2012-01-23,Desconexión del EDAC,COCHABAMBA,ELFEC,D,07:14,07:20,4.4,Desconexión de la línea en 115 kV Kenko - Tap Chuquiaguillo - Tiquimani.
2012-01-23,Desconexión de Carga,TRINIDAD,ENDED,D,07:14,07:32,6.0,"Desconexión de la línea en 115 kV Kenko - Tap Chuquiaguillo - Tiquimani y disparo de unidades MOA02,05,07 y 08."
2012-01-23,Desconexión del EDAC,ORURO,EMIRSA,CNR,07:14,07:45,0.4,Desconexión de la línea en 115 kV Kenko - Tap Chuquiaguillo - Tiquimani.
2012-01-23,Desconexión del EDAC,SUCRE,CESSA,D,07:14,07:50,1.2,Desconexión de la línea en 115 kV Kenko - Tap Chuquiaguillo - Tiquimani.
2012-01-23,Desconexión del EDAC,LA PAZ,ELECTROPAZ,D,07:14,08:00,4.9,Desconexión de la línea en 115 kV Kenko - Tap Chuquiaguillo - Tiquimani.
2012-01-23,Desconexión de Carga,LA PAZ,ELECTROPAZ,D,07:15,07:51,23.72,Desconexión de la línea en 115 kV Kenko - Tap Chuquiaguillo - Tiquimani.
2012-01-23,Desconexión de Carga,TRINIDAD,ENDED,D,08:01,08:03,2.8,"Disparo de unidades MOA02, 05, 06, 12 y 14."
2012-01-23,Desconexión de Carga,TRINIDAD,ENDED,D,08:13,08:23,3.09,Desconexión de la línea en 115 kV Kenko - Tap Chuquiaguillo - Tiquimani.
2012-01-23,Desconexión de Carga,LA PAZ,ELECTROPAZ,D,08:13,08:32,31.22,Desconexión de la línea en 115 kV Kenko - Tap Chuquiaguillo - Tiquimani.
2012-01-24,Desconexión de Carga,POTOSI,MSCR,CNR,20:16,20:24,50.46,Operación Esquema Interdisparos por desconexión de la línea Sucre-Punutuma
2012-01-25,Desconexión de Carga,POTOSI,SEPSA,D,05:40,05:57,19.1,Desconexión transformador TRVEL06908 y línea en 69 kV Potosí-Velarde II.
2012-01-25,Desconexión de Carga,POTOSI,SEPSA,D,08:39,08:54,28.89,Desconexión transformador TRVEL06908 y línea en 69 kV Potosí-Velarde II.
2012-01-26,Desconexión de Carga,POTOSI,MSCR,CNR,06:31,06:36,50.74,Actuación del relé de bajo voltaje y desconexión de la línea en 230 kV PUN-SCR.
2012-01-26,Desconexión de Carga,POTOSI,SEPSA,D,06:31,06:47,23.83,Desconexión del transformador TRVEL06908 y línea en 69 kV Potosí-Velarde II.
2012-01-26,Desconexión de Carga,POTOSI,SEPSA,D,11:54,12:00,20.26,Desconexión de la línea en 69 kV Potosí-Velarde II.
2012-01-31,Desconexión de carga,TRINIDAD,ENDED,D,21:44,21:54,5.81,Desconexión de las líneas en 115 kV TCH-CHS-CRN y la línea en 24.9 TRI-MOS.
2012-01-31,Desconexión del EDAC,TRINIDAD,ENDED,D,21:54,23:29,1.93,Cierre del interruptor IM44 de S/E Trinidad.
2012-02-02,Desconexión del EDAC,TRINIDAD,ENDED,D,03:01,03:19,2.4,Desconexión línea en 115 kV Caranavi - Yucumo.
2012-02-03,Desconexión de Carga,SANTA CRUZ,CRE,D,16:29,16:43,14.7,Desconexión línea en 69 kV Nueva Jerusalen - Viru Viru - Warnes.
2012-02-06,Desconexión de Carga,COCHABAMBA,ELFEC,D,09:42,10:09,28.3,Desconexión línea en 115 kV Central - Quillacollo.
2012-02-07,Regulación de Voltaje,SANTA CRUZ,CRE,D,19:31,20:22,7.5,Requerimiento de potencia en el Sistema Interconectado Nacional.
2012-02-07,Regulación de Voltaje,LA PAZ,ELECTROPAZ,D,19:31,20:22,5.0,Requerimiento de potencia en el Sistema Interconectado Nacional.
2012-02-07,Regulación de Voltaje,POTOSI,SEPSA,D,19:31,20:25,0.8,Requerimiento de potencia en el Sistema Interconectado Nacional.
2012-02-07,Regulación de Voltaje,COCHABAMBA,ELFEC,D,19:32,20:22,2.2,Requerimiento de potencia en el Sistema Interconectado Nacional.
2012-02-07,Regulación de Voltaje,ORURO,ELFEO,D,19:32,20:24,0.8,Requerimiento de potencia en el Sistema Interconectado Nacional.
2012-02-07,Regulación de Voltaje,SUCRE,CESSA,D,19:32,20:25,0.5,Requerimiento de potencia en el Sistema Interconectado Nacional.
2012-02-15,Regulación de Voltaje,COCHABAMBA,ELFEC,D,19:03,19:36,1.8,"Indisponibilidad de VHE03, parada de emergencia de CHJ, falla en el arranque de GCH02 y disparo de KEN01 y KEN02."
2012-02-15,Regulación de Voltaje,ORURO,ELFEO,D,19:03,19:36,0.8,"Indisponibilidad de VHE03, parada de emergencia de CHJ, falla en el arranque de GCH02 y disparo de KEN01 y KEN02."
2012-02-15,Regulación de Voltaje,POTOSI,SEPSA,D,19:03,19:36,0.8,"Indisponibilidad de VHE03, parada de emergencia de CHJ, falla en el arranque de GCH02 y disparo de KEN01 y KEN02."
2012-02-15,Regulación de Voltaje,SUCRE,CESSA,D,19:03,19:36,0.5,"Indisponibilidad de VHE03, parada de emergencia de CHJ, falla en el arranque de GCH02 y disparo de KEN01 y KEN02."
2012-02-15,Regulación de Voltaje,SANTA CRUZ,CRE,D,19:04,19:36,8.0,"Indisponibilidad de VHE03, parada de emergencia de CHJ, falla en el arranque de GCH02 y disparo de KEN01 y KEN02."
2012-02-15,Regulación de Voltaje,LA PAZ,ELECTROPAZ,D,19:04,19:37,12.0,"Indisponibilidad de VHE03, parada de emergencia de CHJ, falla en el arranque de GCH02 y disparo de KEN01 y KEN02."
2012-02-16,Desconexión de Carga,TRINIDAD,ENDED,D,00:56,01:00,0.14,"Pruebas de rechazo de carga, monitoreo y respuesta de reguladores de velocidad de unidades de Central Moxos (ver informe Nº 62)."
2012-02-16,Desconexión de Carga,TRINIDAD,ENDED,D,01:36,01:39,0.14,"Pruebas de rechazo de carga, monitoreo y respuesta de reguladores de velocidad de unidades de Central Moxos (ver informe Nº 62)."
2012-02-16,Desconexión del EDAC,TRINIDAD,ENDED,D,02:48,02:56,0.8,"Pruebas de rechazo de carga, monitoreo y respuesta de reguladores de velocidad de unidades de Central Moxos (ver informe Nº 62)."
2012-03-07,Colapso Total,TRINIDAD,ENDED,D,02:23,02:53,7.34,Desconexión de la línea CRN-YUC115 por descargas atmosféricas.
2012-03-07,Desconexión de Carga,SANTA CRUZ,CRE,D,18:45,18:50,16.5,Desconexión de la línea NJE-WAR069 por causa no determinada.
2012-03-09,Regulación de Voltaje,COCHABAMBA,ELFEC,D,19:16,20:03,2.5,Requerimiento de potencia en el SIN.
2012-03-09,Regulación de Voltaje,LA PAZ,ELECTROPAZ,D,19:16,20:06,8.0,Requerimiento de potencia en el SIN.
2012-03-09,Regulación de Voltaje,SANTA CRUZ,CRE,D,19:18,20:04,5.0,Requerimiento de potencia en el SIN.
2012-03-09,Regulación de Voltaje,SUCRE,CESSA,D,19:18,20:07,0.4,Requerimiento de potencia en el SIN.
2012-03-09,Regulación de Voltaje,POTOSI,SEPSA,D,19:18,20:07,0.5,Requerimiento de potencia en el SIN.
2012-03-09,Regulación de Voltaje,ORURO,ELFEO,D,19:18,20:07,0.6,Requerimiento de potencia en el SIN.
2012-03-13,Regulación de Voltaje,COCHABAMBA,ELFEC,D,18:45,21:00,3.0,Requerimiento de potencia en el SIN.
2012-03-13,Regulación de Voltaje,LA PAZ,ELECTROPAZ,D,18:45,21:00,5.0,Requerimiento de potencia en el SIN.
2012-03-13,Regulación de Voltaje,SUCRE,CESSA,D,18:46,20:38,0.4,Requerimiento de potencia en el SIN.
2012-03-13,Regulación de Voltaje,POTOSI,SEPSA,D,18:46,20:38,0.4,Requerimiento de potencia en el SIN.
2012-03-13,Regulación de Voltaje,ORURO,ELFEO,D,18:46,20:38,0.6,Requerimiento de potencia en el SIN.
2012-03-13,Regulación de Voltaje,SANTA CRUZ,CRE,D,18:46,21:00,7.5,Requerimiento de potencia en el SIN.
2012-03-13,Desconexión de Carga Manual,POTOSI,MSCR,CNR,18:48,19:54,13.31,"Requerimiento de potencia en el SIN, ver Informe de Falla N° 082-12."
2012-03-21,Regulación de Voltaje,COCHABAMBA,ELFEC,D,18:57,20:49,3.7,Requerimiento de potencia en el SIN.
2012-03-21,Regulación de Voltaje,LA PAZ,ELECTROPAZ,D,18:57,20:49,10.0,Requerimiento de potencia en el SIN.
2012-03-21,Regulación de Voltaje,SANTA CRUZ,CRE,D,18:57,20:49,6.0,Requerimiento de potencia en el SIN.
2012-03-21,Regulación de Voltaje,ORURO,ELFEO,D,18:57,20:51,0.5,Requerimiento de potencia en el SIN.
2012-03-21,Regulación de Voltaje,SUCRE,CESSA,D,18:57,20:51,0.5,Requerimiento de potencia en el SIN.
2012-03-21,Regulación de Voltaje,POTOSI,SEPSA,D,18:57,20:51,0.9,Requerimiento de potencia en el SIN.
2012-03-21,Desconexión de Carga Manual,POTOSI,MSCR,CNR,19:06,20:10,5.0,"Requerimiento de potencia en el SIN, ver Informe de Falla N° 090-12."
2012-03-28,Desconexión de Carga,SANTA CRUZ,CRE,D,08:35,08:38,38.2,Desconexión de la línea en 69 kV Guaracachi - Trompillo.
2012-03-31,Desconexión del EDAC,TRINIDAD,ENDED,D,11:36,12:16,1.7,Desconexión de la línea San Borja - San Ignacio de Moxos.
2012-03-31,Desconexión de Carga,TRINIDAD,ENDED,D,11:36,14:22,0.3,Desconexión de la línea San Borja - San Ignacio de Moxos.
2012-04-01,Desconexión del EDAC,LA PAZ,ELECTROPAZ,D,20:48,21:06,15.5,Desconexión de las líneas Kenko-Chuquiaguillo-Tiquimani.
2012-04-01,Desconexión de Carga,LA PAZ,ELECTROPAZ,D,20:48,21:12,47.3,Desconexión de las líneas Kenko-Chuquiaguillo-Tiquimani.
2012-04-01,Colapso Total,TRINIDAD,ELECTROPAZ,D,20:48,21:22,11.6,Desconexión de las líneas Chuspipata-Caranavi-Yucumo-San Borja-San Ignacio de Moxos-Trinidad
2012-04-02,Regulación de Voltaje,COCHABAMBA,ELFEC,D,18:38,19:31,3.1,Requerimiento de potencia en el SIN.
2012-04-02,Regulación de Voltaje,LA PAZ,ELECTROPAZ,D,18:39,19:31,11.0,Requerimiento de potencia en el SIN.
2012-04-02,Regulación de Voltaje,ORURO,ELFEO,D,18:40,19:31,0.8,Requerimiento de potencia en el SIN.
2012-04-02,Regulación de Voltaje,POTOSI,SEPSA,D,18:40,19:32,0.5,Requerimiento de potencia en el SIN.
2012-04-02,Regulación de Voltaje,SANTA CRUZ,CRE,D,18:40,19:32,5.0,Requerimiento de potencia en el SIN.
2012-04-02,Regulación de Voltaje,SUCRE,CESSA,D,18:41,19:33,0.7,Requerimiento de potencia en el SIN.
2012-04-03,Desconexión de Carga,LA PAZ,ELECTROPAZ,D,07:20,07:29,2.94,Desconexión líneas en 115 kV Tap Chuquiaguillo-Chuspipata-Caranavi.
2012-04-03,Desconexión de Carga,TRINIDAD,ENDED,D,07:20,07:49,0.97,Desconexión líneas en 115 kV Tap Chuquiaguillo-Chuspipata-Caranavi.
2012-04-03,Desconexión del EDAC,TRINIDAD,ENDED,D,07:20,07:49,3.36,Desconexión líneas en 115 kV Tap Chuquiaguillo-Chuspipata-Caranavi-Moxos-Trinidad.
2012-04-03,Desconexión de Carga,TRINIDAD,ENDED,D,07:36,07:49,3.4,"Desconexión de unidades MOA02, MOA14, MOA15 y MOA16."
2012-04-03,Desconexión de Carga,LA PAZ,ELECTROPAZ,D,07:38,07:43,1.2,Desconexión líneas en 115 kV Tap Chuquiaguillo-Chuspipata.
2012-04-03,Desconexión de Carga,TRINIDAD,ENDED,D,23:54,24:00,1.0,Desconexión línea en 115 kV Caranavi-Trinidad.
2012-04-03,Desconexión del EDAC,TRINIDAD,ENDED,D,23:54,24:00,3.25,Desconexión línea en 115 kV Caranavi-Trinidad.
2012-04-04,Desconexión del EDAC,TRINIDAD,ENDED,D,00:00,00:10,3.25,Desconexión línea en 115 kV Caranavi-Trinidad.
2012-04-04,Desconexión de Carga,TRINIDAD,ENDED,D,00:12,00:16,0.84,Desconexión línea en 115 kV Caranavi-Trinidad.
2012-04-06,Desconexión de Carga,POTOSI,MSCR,CNR,12:31,12:40,44.4,Opero Esquema Interdisparos por desconexión PUN-SUC230.
2012-04-07,Desconexión de Carga,TRINIDAD,ENDED,D,06:01,06:20,8.9,"Disparo de las unidades MOA02, 05, 06, 07, 14 y 16 y desconexión de la línea en 115 kV CRN-CHS115."
2012-04-11,Desconexión de Carga,ORURO,ELFEO,D,07:09,07:32,6.0,Desconexión de la línea en 69 kV Caudro Siglo - Sud.
2012-04-11,Desconexión de Carga,SANTA CRUZ,CRE,D,09:17,09:27,6.7,Desconexión de la línea Primero de Mayo - Pailon.
2012-04-13,Regulación de Voltaje,ORURO,ELFEO,D,18:32,19:46,0.6,Requerimiento de potencia en el SIN.
2012-04-13,Regulación de Voltaje,SUCRE,CESSA,D,18:32,19:46,0.5,Requerimiento de potencia en el SIN.
2012-04-13,Regulación de Voltaje,POTOSI,SEPSA,D,18:32,19:46,0.5,Requerimiento de potencia en el SIN.
2012-04-13,Regulación de Voltaje,COCHABAMBA,ELFEC,D,18:32,19:46,2.0,Requerimiento de potencia en el SIN.
2012-04-13,Regulación de Voltaje,LA PAZ,ELECTROPAZ,D,18:32,19:46,12.0,Requerimiento de potencia en el SIN.
2012-04-13,Desconexión de Carga Manual,POTOSI,MSCR,CNR,18:37,19:10,6.0,Requerimiento de potencia en el SIN.
2012-04-13,Regulación de Voltaje,SANTA CRUZ,CRE,D,18:37,19:47,8.0,Requerimiento de potencia en el SIN.
2012-04-13,Desconexión de Carga Manual,POTOSI,MSCR,CNR,18:39,19:14,6.0,Requerimiento de potencia en el SIN.
2012-04-13,Desconexión de Carga Manual,POTOSI,MSCR,CNR,18:44,19:18,6.0,Requerimiento de potencia en el SIN.
2012-04-13,Desconexión de Carga Manual,COCHABAMBA,COBOCE,CNR,18:46,19:06,4.0,Requerimiento de potencia en el SIN.
2012-04-13,Desconexión de Carga Manual,POTOSI,EMIRSA,CNR,18:49,19:08,0.75,Requerimiento de potencia en el SIN.
2012-04-13,Desconexión de Carga Manual,POTOSI,CMVINTO,CNR,18:50,19:08,1.6,Requerimiento de potencia en el SIN.
2012-04-19,Desconexión de Carga,ORURO,ELFEO,D,15:26,15:26,12.6,Desconexión líneas SUD-TNO069 y HUY-TAB069.
2012-04-22,Desconexión del EDAC,POTOSI,MSCR,CNR,01:17,01:29,6.14,Desconexión de línea en 115 kV Kenko-Tap Chuquiaguillo-Tiquimani.
2012-04-22,Desconexión de Carga,TRINIDAD,ENDED,D,01:17,02:05,3.5,Desconexión de línea en 115 kV Kenko-Tap Chuquiaguillo-Tiquimani.
2012-04-22,Desconexión de Carga,LA PAZ,ELECTROPAZ,D,01:17,02:25,21.8,Desconexión de línea en 115 kV Kenko-Tap Chuquiaguillo-Tiquimani.
2012-04-27,Desconexión del EDAC,TRINIDAD,ENDED,D,02:59,03:09,1.2,Desconexión de la línea en 115 kV Moxos- Trinidad.
2012-05-03,Desconexión de Carga,LA PAZ,ELECTROPAZ,D,15:25,16:04,23.2,Desconexión línea en 69 kV Kenko-Tilata-Viacha.
2012-06-15,Desconexión de Carga,COCHABAMBA,ELFEC,D,13:01,13:13,28.5,Contacto accidental durante implementación de nueva protección VHE-RUR115.
2012-07-02,Desconexión de Carga,TRINIDAD,ENDED,D,12:01,13:34,7.1,Siniestro en Central Moxos.
2012-07-05,Desconexión de Carga,POTOSI,SEPSA,D,18:42,18:49,32.39,Desconexión de la línea en 69 kV Potosí - Velarde II.
2012-07-24,Desconexión de Carga,POTOSI,MSCR,CNR,06:04,06:15,41.45,"Esquema de Interdisparos, desconexión línea en 230 kV SAN-SUC."
2012-07-24,Desconexión de Carga,POTOSI,SEPSA,D,06:04,07:03,8.81,"Esquema de Interdisparos, desconexión línea en 230 kV SAN-SUC."
2012-07-24,Desconexión de Carga,POTOSI,SEPSA,D,07:03,09:29,8.81,Cable suelto entre el relé auxiliar y bloqueo en S/E Potosí.
2012-08-02,Desconexión de Carga,POTOSI,SEPSA,D,16:01,17:47,7.98,Desconexión de la línea en 69 kV Potosí - San Bartolomé.
2012-08-03,Desconexión de Carga,LA PAZ,ELECTROPAZ,D,11:11,11:15,28.0,Desconexión de la línea Kenko-Chuquiaguillo-Tiquimani
2012-08-03,Desconexión de Carga,POTOSI,SEPSA,D,16:47,16:56,7.95,Desconexión de la línea Potosí - San Bartolomé.
2012-08-07,Desconexión de Carga,TRINIDAD,ENDED,D,12:03,12:35,2.77,Desconexión de las líneas en 24.9 kV TRI-RTR y TRI-MOS.
2012-08-21,Regulación de Voltaje,SANTA CRUZ,CRE,D,15:09,21:55,7.0,Requerimiento de potencia en el SIN.
2012-08-21,Regulación de Voltaje,LA PAZ,ELECTROPAZ,D,15:09,21:55,4.0,Requerimiento de potencia en el SIN.
2012-08-21,Regulación de Voltaje,POTOSI,CESSA,D,15:10,21:56,0.5,Requerimiento de potencia en el SIN.
2012-08-21,Regulación de Voltaje,SUCRE,SEPSA,D,15:10,21:56,0.5,Requerimiento de potencia en el SIN.
2012-08-21,Regulación de Voltaje,ORURO,ELFEO,D,15:10,21:56,0.4,Requerimiento de potencia en el SIN.
2012-08-21,Regulación de Voltaje,COCHABAMBA,ELFEC,D,15:11,21:55,2.0,Requerimiento de potencia en el SIN.
2012-08-21,Desconexión del EDAC,SUCRE,CESSA,D,15:36,15:38,2.3,Desconexión de la unidad GCH11.
2012-08-21,Desconexión del EDAC,POTOSI,MSCR,CNR,15:36,16:06,1.17,Desconexión de la unidad GCH11.
2012-08-21,Desconexión del EDAC,COCHABAMBA,COBOCE,CNR,15:36,16:10,1.0,Desconexión de la unidad GCH11.
2012-08-21,Desconexión del EDAC,ORURO,CMVINTO,CNR,15:36,16:10,1.9,Desconexión de la unidad GCH11.
2012-08-21,Desconexión del EDAC,SANTA CRUZ,CRE,D,15:36,16:17,10.2,Desconexión de la unidad GCH11.
2012-08-21,Desconexión del EDAC,LA PAZ,ELECTROPAZ,D,15:36,16:17,5.0,Desconexión de la unidad GCH11.
2012-08-21,Desconexión del EDAC,COCHABAMBA,ELFEC,D,15:36,16:22,4.0,Desconexión de la unidad GCH11.
2012-08-21,Desconexión del EDAC,ORURO,ELFEO,D,15:36,16:30,1.5,Desconexión de la unidad GCH11.
2012-08-21,Desconexión del EDAC,ORURO,EMIRSA,CNR,15:36,16:32,0.8,Desconexión de la unidad GCH11.
2012-08-21,Desconexión de Carga Manual,POTOSI,MSCR,CNR,16:06,17:37,19.0,Indisponibilidad de la unidad GCH11.
2012-08-21,Desconexión de Carga Manual,COCHABAMBA,COBOCE,CNR,16:10,17:30,4.0,Indisponibilidad de la unidad GCH11.
2012-08-21,Desconexión de Carga Manual,ORURO,CMVINTO,CNR,16:10,17:32,1.4,Indisponibilidad de la unidad GCH11.
2012-08-21,Desconexión de Carga Manual,SANTA CRUZ,CRE,D,16:15,17:25,7.8,Indisponibilidad de la unidad GCH11.
2012-08-21,Desconexión de Carga Manual,LA PAZ,ELECTROPAZ,D,16:17,17:25,4.4,Indisponibilidad de la unidad GCH11.
2012-08-21,Desconexión de Carga Manual,COCHABAMBA,ELFEC,D,16:19,17:28,2.8,Indisponibilidad de la unidad GCH11.
2012-08-21,Desconexión de Carga Manual,ORURO,ELFEO,D,16:30,17:30,1.6,Indisponibilidad de la unidad GCH11.
2012-08-21,Desconexión de Carga Manual,ORURO,EMIRSA,CNR,16:32,17:32,0.8,Indisponibilidad de la unidad GCH11.
2012-08-21,Desconexión de Carga Manual,TRINIDAD,ENDED,D,16:38,17:39,0.22,Indisponibilidad de la unidad GCH11.
2012-08-21,Desconexión de Carga Manual,SUCRE,CESSA,D,17:01,17:28,2.2,Indisponibilidad de la unidad GCH11.
2012-08-21,Desconexión de Carga Manual,POTOSI,SEPSA,D,17:20,17:31,2.37,Indisponibilidad de la unidad GCH11.
2012-08-22,Regulación de Voltaje,LA PAZ,ELECTROPAZ,D,09:30,18:52,4.0,Requerimiento de potencia en el SIN (Ver informe de falla Nº 160).
2012-08-22,Regulación de Voltaje,SANTA CRUZ,CRE,D,09:30,18:52,6.0,Requerimiento de potencia en el SIN (Ver informe de falla Nº 160).
2012-08-22,Regulación de Voltaje,COCHABAMBA,ELFEC,D,09:30,18:52,2.0,Requerimiento de potencia en el SIN (Ver informe de falla Nº 160).
2012-08-22,Regulación de Voltaje,ORURO,ELFEO,CNR,09:30,18:53,0.4,Requerimiento de potencia en el SIN (Ver informe de falla Nº 160).
2012-08-22,Regulación de Voltaje,POTOSI,SEPSA,D,09:32,18:55,0.6,Requerimiento de potencia en el SIN (Ver informe de falla Nº 160).
2012-08-22,Regulación de Voltaje,SUCRE,CESSA,D,09:32,18:55,0.5,Requerimiento de potencia en el SIN (Ver informe de falla Nº 160).
2012-08-22,Desconexión de Carga Manual,ORURO,CMVINTO,CNR,15:10,15:43,1.6,Requerimiento de potencia en el SIN (Ver informe de falla Nº 160).
2012-08-22,Desconexión de Carga Manual,POTOSI,MSCR,CNR,15:10,16:26,16.46,Requerimiento de potencia en el SIN (Ver informe de falla Nº 160).
2012-08-22,Desconexión de Carga Manual,COCHABAMBA,COBOCE,CNR,15:11,15:42,4.0,Requerimiento de potencia en el SIN (Ver informe de falla Nº 160).
2012-08-22,Desconexión de Carga Manual,ORURO,EMIRSA,CNR,15:12,15:42,0.9,Requerimiento de potencia en el SIN (Ver informe de falla Nº 160).
2012-08-22,Desconexión de Carga Manual,SANTA CRUZ,CRE,D,15:17,15:25,7.3,Requerimiento de potencia en el SIN (Ver informe de falla Nº 160).
2012-08-22,Desconexión de Carga Manual,LA PAZ,ELECTROPAZ,D,15:18,15:24,3.2,Requerimiento de potencia en el SIN (Ver informe de falla Nº 160).
2012-08-22,Desconexión de Carga Manual,COCHABAMBA,ELFEC,D,15:21,15:23,3.8,Requerimiento de potencia en el SIN (Ver informe de falla Nº 160).
2012-08-22,Desconexión de Carga Manual,ORURO,ELFEO,D,15:23,15:35,0.9,Requerimiento de potencia en el SIN (Ver informe de falla Nº 160).
2012-08-23,Regulación de Voltaje,COCHABAMBA,ELFEC,D,14:39,19:07,2.5,Requerimiento de potencia en el SIN.
2012-08-23,Regulación de Voltaje,LA PAZ,ELECTROPAZ,D,14:39,19:08,5.0,Requerimiento de potencia en el SIN.
2012-08-23,Regulación de Voltaje,SANTA CRUZ,CRE,D,14:40,19:08,10.0,Requerimiento de potencia en el SIN.
2012-08-23,Regulación de Voltaje,ORURO,ELFEO,D,14:40,19:10,0.2,Requerimiento de potencia en el SIN.
2012-08-23,Regulación de Voltaje,POTOSI,SEPSA,D,14:44,19:10,0.4,Requerimiento de potencia en el SIN.
2012-08-23,Regulación de Voltaje,SUCRE,CESSA,D,14:44,19:10,0.2,Requerimiento de potencia en el SIN.
2012-08-26,Desconexión de Carga,POTOSI,MSCR,CNR,10:00,10:05,44.09,Desconexión de los transformadores TRSCR23001 y TRSCR23002.
2012-08-28,Desconexión de Carga,POTOSI,SEPSA,D,20:54,21:05,3.8,Desconexión línea en 69 kV PUN-PUH y desconexión de unidades del sistema Yura.
2012-09-01,Desconexión de Carga,COCHABAMBA,COBOCE,CNR,17:00,17:10,0.34,Desconexión líneas en 230 kV VHE-SAN y SAN-VIN.
2012-09-01,Desconexión de Carga,POTOSI,MSCR,CNR,17:00,17:12,6.0,Desconexión líneas en 230 kV VHE-SAN y SAN-VIN.
2012-09-02,Regulación de Voltaje,LA PAZ,ELECTROPAZ,D,18:41,21:38,4.0,"Por indisponilidad de la unidad de GCH10, medio ciclo combinado y extensión de mantenimiento de la unidad de BUL02."
2012-09-02,Regulación de Voltaje,SANTA CRUZ,CRE,D,18:41,21:39,7.0,"Por indisponilidad de la unidad de GCH10, medio ciclo combinado y extensión de mantenimiento de la unidad de BUL02."
2012-09-02,Regulación de Voltaje,COCHABAMBA,ELFEC,D,18:42,21:39,3.0,"Por indisponilidad de la unidad de GCH10, medio ciclo combinado y extensión de mantenimiento de la unidad de BUL02."
2012-09-02,Regulación de Voltaje,POTOSI,SEPSA,D,18:46,21:41,0.5,"Por indisponilidad de la unidad de GCH10, medio ciclo combinado y extensión de mantenimiento de la unidad de BUL02."
2012-09-02,Regulación de Voltaje,ORURO,ELFEO,D,18:46,21:41,0.5,"Por indisponilidad de la unidad de GCH10, medio ciclo combinado y extensión de mantenimiento de la unidad de BUL02."
2012-09-02,Regulación de Voltaje,SUCRE,CESSA,D,18:46,21:41,0.4,"Por indisponilidad de la unidad de GCH10, medio ciclo combinado y extensión de mantenimiento de la unidad de BUL02."
2012-09-05,Regulación de Voltaje,COCHABAMBA,ELFEC,D,13:51,19:04,2.8,Requerimiento de potencia en el SIN.
2012-09-05,Regulación de Voltaje,SANTA CRUZ,CRE,D,13:52,19:04,8.0,Requerimiento de potencia en el SIN.
2012-09-05,Regulación de Voltaje,LA PAZ,ELECTROPAZ,D,13:53,19:04,7.0,Requerimiento de potencia en el SIN.
2012-09-05,Regulación de Voltaje,ORURO,ELFEO,D,13:57,19:03,0.5,Requerimiento de potencia en el SIN.
2012-09-05,Regulación de Voltaje,SUCRE,CESSA,D,13:59,19:03,0.5,Requerimiento de potencia en el SIN.
2012-09-05,Regulación de Voltaje,POTOSI,SEPSA,D,13:59,19:03,0.6,Requerimiento de potencia en el SIN.
2012-09-06,Regulación de Voltaje,COCHABAMBA,ELFEC,D,11:02,20:43,2.8,Requerimiento de potencia en el SIN.
2012-09-06,Regulación de Voltaje,ORURO,ELFEO,D,11:03,20:42,0.3,Requerimiento de potencia en el SIN.
2012-09-06,Regulación de Voltaje,SANTA CRUZ,CRE,D,11:03,20:43,8.0,Requerimiento de potencia en el SIN.
2012-09-06,Regulación de Voltaje,LA PAZ,ELECTROPAZ,D,11:03,20:44,7.0,Requerimiento de potencia en el SIN.
2012-09-06,Regulación de Voltaje,SUCRE,CESSA,D,11:05,20:43,0.3,Requerimiento de potencia en el SIN.
2012-09-06,Regulación de Voltaje,POTOSI,SEPSA,D,11:05,20:43,0.4,Requerimiento de potencia en el SIN.
2012-09-07,Regulación de Voltaje,LA PAZ,ELECTROPAZ,D,11:13,20:35,6.0,Requerimiento de potencia en el SIN.
2012-09-07,Regulación de Voltaje,SANTA CRUZ,CRE,D,11:14,20:35,7.0,Requerimiento de potencia en el SIN.
2012-09-07,Regulación de Voltaje,COCHABAMBA,ELFEC,D,11:14,20:36,2.1,Requerimiento de potencia en el SIN.
2012-09-07,Regulación de Voltaje,ORURO,ELFEO,D,11:16,20:37,0.4,Requerimiento de potencia en el SIN.
2012-09-07,Regulación de Voltaje,SUCRE,CESSA,D,11:16,20:38,0.4,Requerimiento de potencia en el SIN.
2012-09-07,Regulación de Voltaje,POTOSI,SEPSA,D,11:16,20:39,0.5,Requerimiento de potencia en el SIN.
2012-09-12,Regulación de Voltaje,SANTA CRUZ,CRE,D,14:40,19:04,7.8,Requerimiento de potencia en el SIN.
2012-09-12,Regulación de Voltaje,LA PAZ,ELECTROPAZ,D,14:40,19:05,6.0,Requerimiento de potencia en el SIN.
2012-09-12,Regulación de Voltaje,COCHABAMBA,ELFEC,D,14:40,19:06,2.0,Requerimiento de potencia en el SIN.
2012-09-12,Regulación de Voltaje,POTOSI,SEPSA,D,14:42,19:08,0.4,Requerimiento de potencia en el SIN.
2012-09-12,Regulación de Voltaje,SUCRE,CESSA,D,14:43,19:06,0.5,Requerimiento de potencia en el SIN.
2012-09-12,Regulación de Voltaje,ORURO,ELFEO,D,14:44,19:07,0.4,Requerimiento de potencia en el SIN.
2012-09-14,Regulación de Voltaje,SANTA CRUZ,CRE,D,11:30,21:12,8.0,Requerimiento de potencia en el SIN.
2012-09-14,Regulación de Voltaje,LA PAZ,ELECTROPAZ,D,11:31,21:11,6.0,Requerimiento de potencia en el SIN.
2012-09-14,Regulación de Voltaje,COCHABAMBA,ELFEC,D,11:31,21:12,2.5,Requerimiento de potencia en el SIN.
2012-09-14,Regulación de Voltaje,ORURO,ELFEO,D,11:31,21:14,0.5,Requerimiento de potencia en el SIN.
2012-09-14,Regulación de Voltaje,SUCRE,CESSA,D,11:32,21:14,0.5,Requerimiento de potencia en el SIN.
2012-09-14,Regulación de Voltaje,POTOSI,SEPSA,D,11:33,21:14,0.4,Requerimiento de potencia en el SIN.
2012-09-17,Regulación de Voltaje,SANTA CRUZ,CRE,D,09:39,19:17,9.0,Requerimiento de potencia en el SIN.
2012-09-17,Regulación de Voltaje,LA PAZ,ELECTROPAZ,D,09:39,19:18,7.0,Requerimiento de potencia en el SIN.
2012-09-17,Regulación de Voltaje,COCHABAMBA,ELFEC,D,09:40,19:17,3.11,Requerimiento de potencia en el SIN.
2012-09-17,Regulación de Voltaje,ORURO,ELFEO,D,09:41,19:19,0.4,Requerimiento de potencia en el SIN.
2012-09-17,Regulación de Voltaje,SUCRE,CESSA,D,09:43,19:18,0.4,Requerimiento de potencia en el SIN.
2012-09-17,Regulación de Voltaje,POTOSI,SEPSA,D,09:43,19:20,0.5,Requerimiento de potencia en el SIN.
2012-09-22,Desconexión del EDAC,SUCRE,CESSA,D,07:48,07:52,1.6,Desconexión de la unidad GCH12.
2012-09-22,Desconexión del EDAC,SANTA CRUZ,CRE,D,07:48,08:36,8.2,Desconexión de la unidad GCH12.
2012-10-08,Regulación de Voltaje,SANTA CRUZ,CRE,D,14:25,16:48,5.0,Desconexión de la unidad GCH12.
2012-10-08,Regulación de Voltaje,LA PAZ,ELECTROPAZ,D,14:25,16:49,8.0,Desconexión de la unidad GCH12.
2012-10-08,Regulación de Voltaje,COCHABAMBA,ELFEC,D,14:26,16:50,3.1,Desconexión de la unidad GCH12.
2012-10-08,Regulación de Voltaje,SUCRE,CESSA,D,14:27,16:50,0.4,Desconexión de la unidad GCH12.
2012-10-08,Regulación de Voltaje,POTOSI,SEPSA,D,14:27,16:51,0.5,Desconexión de la unidad GCH12.
2012-10-08,Regulación de Voltaje,ORURO,ELFEO,D,14:28,16:51,0.4,Desconexión de la unidad GCH12.
2012-10-08,Desconexión de Carga,SANTA CRUZ,CRE,D,15:54,16:07,26.0,Desconexión del transformador de potencia TRGCH06903
2012-10-10,Desconexión de Carga,ORURO,ELFEO,D,21:00,21:10,17.4,Desconexión línea en 69 kV Huayñacota - Sud.
2012-10-10,Desconexión del EDAC,LA PAZ,ELECTROPAZ,D,23:32,23:51,60.0,Desconexión de la línea en 115 kV Kenko - Mazocruz.
2012-10-10,Desconexión de Carga,POTOSI,MSCR,CNR,23:32,23:55,25.6,"Desconexión de la línea en 115 kV Kenko - Mazocruz, operación protección de bajo voltaje."
2012-10-16,Regulación de Voltaje,COCHABAMBA,ELFEC,D,18:42,21:49,3.77,Requerimiento de potencia en el SIN.
2012-10-16,Regulación de Voltaje,LA PAZ,ELECTROPAZ,D,18:42,21:49,8.0,Requerimiento de potencia en el SIN.
2012-10-16,Regulación de Voltaje,SANTA CRUZ,CRE,D,18:42,21:49,6.0,Requerimiento de potencia en el SIN.
2012-10-16,Regulación de Voltaje,ORURO,ELFEO,D,18:42,21:50,0.5,Requerimiento de potencia en el SIN.
2012-10-16,Regulación de Voltaje,POTOSI,SEPSA,D,18:42,21:50,0.6,Requerimiento de potencia en el SIN.
2012-10-16,Regulación de Voltaje,SUCRE,CESSA,D,18:42,21:50,0.5,Requerimiento de potencia en el SIN.
2012-10-23,Desconexión de Carga,SUCRE,CESSA,D,12:43,12:58,9.0,"Desconexión de la línea en 230 kV Santivañez - Sucre, perturbación transitoria de voltaje."
2012-10-23,Desconexión de Carga,POTOSI,MSCR,CNR,12:43,13:08,38.78,"Esquema de Interdisparos, desconexión línea en 230 kV SAN-SUC."
2012-10-23,Desconexión de Carga,POTOSI,SEPSA,D,12:43,14:53,8.58,"Esquema de Interdisparos, desconexión línea en 230 kV SAN-SUC."
2012-10-25,Desconexión de Carga,ORURO,ELFEO,D,15:40,15:53,8.0,Desconexión líneas en 69 kV CSG-QLC y CSG-SUD.
2012-10-27,Desconexión de Carga,LA PAZ,ELECTROPAZ,D,12:35,12:42,1.56,Desconexión de la línea en 115 kV Chuspipata-Caranavi.
2012-10-27,Colapso Total,TRINIDAD,ENDED,D,12:35,12:48,13.98,Desconexión de la línea en 115 kV Chuspipata-Caranavi y unidades de generación de Centrales Moxos y Trinidad.
2012-10-29,Desconexión de Carga,ORURO,ELFEO,D,11:26,12:08,3.9,Desconexión de la línea en 69 kV Vinto - Sud
2012-10-29,Desconexión manual de Carga,ORURO,ELFEO,D,11:37,11:41,8.6,Desconexión de la línea en 69 kV Vinto - Sud (bajos niveles de tensión en el área de Oruro)
2012-10-29,Desconexión de Carga,LA PAZ,ELECTROPAZ,D,14:17,14:45,29.2,Desconexión de la línea en 115 kV Kenko - Cota Cota.
2012-10-29,Colapso Total,TRINIDAD,ENDED,D,14:17,14:58,13.9,Desconexión de la línea en 115 kV Kenko - Cota Cota y unidades de generación de Centrales Moxos y Trinidad.
2012-10-30,Desconexión de Carga,ORURO,ELFEO,D,14:00,14:33,3.5,Desconexión de la línea en 69 kV Vinto - Sud.
2012-10-30,Desconexión de Carga Manual,ORURO,ELFEO,D,14:06,14:33,3.0,Desconexión de la línea en 69 kV Vinto - Sud (bajos niveles de tensión en el área de Oruro).
2012-10-31,Desconexión de Carga,TRINIDAD,ENDED,D,11:05,11:27,4.7,Desconexión de unidades de Generación de Centrales Moxos y Trinidad.
2012-10-31,Regulación de Voltaje,SANTA CRUZ,CRE,D,11:13,19:37,8.0,Requerimiento de potencia en el SIN.
2012-10-31,Regulación de Voltaje,COCHABAMBA,ELFEC,D,11:13,19:37,3.1,Requerimiento de potencia en el SIN.
2012-10-31,Regulación de Voltaje,LA PAZ,ELECTROPAZ,D,11:13,19:37,5.0,Requerimiento de potencia en el SIN.
2012-10-31,Regulación de Voltaje,POTOSI,SEPSA,D,11:14,19:38,0.5,Requerimiento de potencia en el SIN.
2012-10-31,Regulación de Voltaje,SUCRE,CESSA,D,11:14,19:38,0.4,Requerimiento de potencia en el SIN.
2012-10-31,Regulación de Voltaje,POTOSI,SEPSA,D,11:14,19:39,0.4,Requerimiento de potencia en el SIN.
2012-10-31,Desconexión de Carga,LA PAZ,ELECTROPAZ,D,11:44,11:49,31.2,Desconexión de la línea en 115 kV Kenko-Tap Chuquiaguillo-Tiquimani.
2012-10-31,Colapso Total,TRINIDAD,ENDED,D,11:44,12:01,16.8,Desconexión de la línea en 115 kV Kenko-Tap Chuquiaguillo-Tiquimani y unidades de Centrales Moxos y Trinidad.
2012-10-31,Desconexión de Carga,SUCRE,CESSA,D,20:21,21:56,9.4,Descargas atmosféricas.
2012-10-31,Desconexión de Carga,POTOSI,MSCR,CNR,20:30,20:47,23.14,"Operó protección de bajo voltaje, reconexión línea en 69 kV Aranjuéz - Sucre."
2012-11-01,Desconexión de carga,Oruro,ELFEO,D,11:12,11:18,12.6,Desconexión línea en 69 kV Huayñacota - Sud.
2012-11-02,Colapso Total,TRINIDAD,ENDED,D,07:49,07:56,7.94,Desconexión línea en 115 kV Moxos - Trinidad y unidades de central Moxos.
2012-11-02,Colapso Total,TRINIDAD,ENDED,D,12:22,12:34,12.4,Desconexión línea en 115 kV Chuspipata - Tap Chuquiaguillo y unidades de central Moxos.
2012-11-02,Desconexión de Carga,TRINIDAD,ENDED,D,12:59,13:06,1.2,Desconexión línea en 115 kV Caranavi - Chuspipata.
2012-11-05,Desconexión de Carga,LA PAZ,ELECTROPAZ,D,20:57,21:05,1.56,Desconexión de la línea Chuspipata - Caranavi.
2012-11-05,Desconexión de Carga,TRINIDAD,ENDED,D,20:57,21:17,8.94,Desconexión de la línea Chuspipata - Caranavi y Operación Separación de áres en Trinidad.
2012-11-06,Desconexión de Carga,ORURO,ELFEO,D,19:10,19:17,14.0,Desconexión de la línea en 69 kV Huayñacota - Sud.
2012-11-09,Regulación de Voltaje,ORURO,ELFEO,D,19:35,21:13,0.5,Requerimiento de potencia en el Sistema.
2012-11-09,Regulación de Voltaje,SANTA CRUZ,CRE,D,19:38,21:13,6.3,Requerimiento de potencia en el Sistema.
2012-11-09,Regulación de Voltaje,LA PAZ,ELECTROPAZ,D,19:38,21:13,7.0,Requerimiento de potencia en el Sistema.
2012-11-09,Regulación de Voltaje,COCHABAMBA,ELFEC,D,19:38,21:13,3.23,Requerimiento de potencia en el Sistema.
2012-11-09,Regulación de Voltaje,POTOSI,SEPSA,D,19:38,21:13,0.6,Requerimiento de potencia en el Sistema.
2012-11-09,Regulación de Voltaje,SUCRE,CESSA,D,19:38,21:13,0.5,Requerimiento de potencia en el Sistema.
2012-11-11,Desconexión de Carga,SANTA CRUZ,CRE,D,05:33,05:34,8.3,Desconexión de la unidad GBE01.
2012-11-11,Desconexión de Carga Manual,SANTA CRUZ,CRE,D,06:43,13:08,6.9,"Mantenimiento ATARB230, ARB-MON115, indisponibilidad de GBE01 y capacidad en el transformador TRMON06903."
2012-11-11,Desconexión de Carga,LA PAZ,ELECTROPAZ,D,08:01,08:05,3.03,Desconexión línea en 115 kV Chuspipata - Caranavi.
2012-11-11,Desconexión de Carga,LA PAZ,ENDED,D,08:01,08:09,7.97,Desconexión línea en 115 kV Chuspipata - Caranavi y operación de EDAC (Separación de áreas)
2012-11-11,Desconexión de Carga,LA PAZ,ELECTROPAZ,D,08:55,09:06,3.1,Desconexión línea en 115 kV Chuquiaguillo -Chuspipata.
2012-11-11,Desconexión de Carga,LA PAZ,ENDED,D,08:55,09:09,2.04,Desconexión línea en 115 kV Chuquiaguillo -Chuspipata.
2012-11-11,Desconexión de Carga,LA PAZ,ENDED,D,10:01,10:44,7.2,Desconexión línea en 115 kV Chuquiaguillo -Chuspipata.
2012-11-11,Desconexión de Carga,LA PAZ,ELECTROPAZ,D,10:01,12:05,3.0,Desconexión línea en 115 kV Chuquiaguillo -Chuspipata.
2012-11-14,Desconexión manual de carga,Oruro,ELFEO,D,15:39,15:44,7.05,Desconexión de la línea en 69 kV Vinto - Sud.
2012-11-16,Desconexión de Carga,LA PAZ,ELECTROPAZ,D,01:51,02:10,19.3,Desconexión de la línea en 115 kV Tiquimani - Tap Chuquiaguillo - Kenko.
2012-11-16,Desconexión de Carga,LA PAZ,ELECTROPAZ,D,01:51,02:14,1.7,Desconexión de la línea en 115 kV Tiquimani - Tap Chuquiaguillo - Kenko.
2012-11-16,Desconexión de Carga,TRINIDAD,ENDED,D,01:51,02:14,2.05,Desconexión de la línea en 115 kV Tiquimani - Tap Chuquiaguillo - Kenko.
2012-11-16,Desconexión de Carga,TRINIDAD,ENDED,D,01:51,02:24,10.15,Desconexión de la línea en 115 kV Tiquimani - Tap Chuquiaguillo - Kenko.
2012-11-16,Regulación de Voltaje,SANTA CRUZ,CRE,D,14:35,19:52,9.5,Requerimiento de potencia en el SIN.
2012-11-16,Regulación de Voltaje,COCHABAMBA,ELFEC,D,14:36,19:51,2.3,Requerimiento de potencia en el SIN.
2012-11-16,Regulación de Voltaje,LA PAZ,ELECTROPAZ,D,14:36,19:52,5.0,Requerimiento de potencia en el SIN.
2012-11-16,Regulación de Voltaje,ORURO,ELFEO,D,14:37,19:55,0.4,Requerimiento de potencia en el SIN.
2012-11-16,Regulación de Voltaje,POTOSI,SEPSA,D,14:37,19:55,0.5,Requerimiento de potencia en el SIN.
2012-11-16,Regulación de Voltaje,SUCRE,CESSA,D,14:37,19:55,0.4,Requerimiento de potencia en el SIN.
2012-11-23,Desconexión del EDAC,SUCRE,CESSA,D,08:52,09:01,2.2,"Desconexión de las unidades generadoras CAR03, CAR02, ERI02 y ERI03."
2012-11-23,Desconexión del EDAC,POTOSI,MSCR,CNR,08:52,09:04,2.85,"Desconexión de las unidades generadoras CAR03, CAR02, ERI02 y ERI03."
2012-11-23,Desconexión del EDAC,ORURO,CMVINTO,CNR,08:52,09:04,0.5,"Desconexión de las unidades generadoras CAR03, CAR02, ERI02 y ERI03."
2012-11-23,Desconexión del EDAC,LA PAZ,ELECTROPAZ,D,08:52,09:04,11.5,"Desconexión de las unidades generadoras CAR03, CAR02, ERI02 y ERI03."
2012-11-23,Desconexión del EDAC,ORURO,ELFEO,D,08:52,09:05,2.9,"Desconexión de las unidades generadoras CAR03, CAR02, ERI02 y ERI03."
2012-11-23,Desconexión del EDAC,SANTA CRUZ,CRE,D,08:52,09:07,14.55,"Desconexión de las unidades generadoras CAR03, CAR02, ERI02 y ERI03."
2012-11-23,Desconexión del EDAC,COCHABAMBA,ELFEC,D,08:52,09:08,7.6,"Desconexión de las unidades generadoras CAR03, CAR02, ERI02 y ERI03."
2012-11-23,Desconexión del EDAC,ORURO,EMIRSA,CNR,08:52,09:15,0.3,"Desconexión de las unidades generadoras CAR03, CAR02, ERI02 y ERI03."
2012-11-23,Desconexión del EDAC,COCHABAMBA,COBOCE,CNR,08:52,09:31,0.5,"Desconexión de las unidades generadoras CAR03, CAR02, ERI02 y ERI03."
2012-11-24,Desconexión de Carga,TRINIDAD,ENDED,D,14:37,15:24,6.16,Desconexión de la línea en 24.9 kV Trinidad - Central Moxos.
2012-11-24,Desconexión de Carga,LA PAZ,ELECTROPAZ,D,15:31,15:40,2.4,Desconexión de la línea en 115 kV Tap Chuquiaguillo - Chuspipata.
2012-11-24,Desconexión de Carga,TRINIDAD,ENDED,D,15:31,15:42,1.1,Desconexión de la línea en 115 kV Tap Chuquiaguillo - Chuspipata.
2012-11-25,Desconexión de Carga,TRINIDAD,ENDED,D,10:43,10:45,0.22,Desconexión de la línea en 115 kV San Borja - San Ignacio de Moxos.
2012-11-26,Desconexión de Carga,LA PAZ,ELECTROPAZ,D,09:50,10:10,33.4,Desconexión de la línea en 115 kV Tiquimani - Tap Chuquiaguillo - Kenko.
2012-11-26,Desconexión de Carga,TRINIDAD,ENDED,D,09:50,10:33,11.2,Desconexión de la línea en 115 kV Tiquimani - Tap Chuquiaguillo - Kenko.
2012-11-26,Desconexión de Carga,TRINIDAD,ENDED,D,09:51,10:17,2.4,Desconexión de la línea en 115 kV Tiquimani - Tap Chuquiaguillo - Kenko.
2012-11-26,Desconexión de Carga,LA PAZ,ELECTROPAZ,D,10:02,10:11,5.8,Desconexión de la línea en 115 kV Tiquimani - Tap Chuquiaguillo - Kenko.
2012-11-27,Colapso Total,TRINIDAD,ENDED,D,17:30,17:37,11.02,Desconexión de la línea en 24.9 kV Trinidad  Central Moxos.
2012-11-27,Colapso Total,TRINIDAD,ENDED,D,19:17,19:38,12.82,Desconexión de la línea en 115 kV Moxos-Trinidad y disparo de las unidades de Central Moxos.
2012-11-27,Regulación de Voltaje,COCHABAMBA,ELFEC,D,19:21,20:26,3.2,Requerimiento de potencia en el SIN.
2012-11-27,Regulación de Voltaje,LA PAZ,ELECTROPAZ,D,19:21,20:26,7.0,Requerimiento de potencia en el SIN.
2012-11-27,Regulación de Voltaje,ORURO,ELFEO,D,19:21,20:26,0.4,Requerimiento de potencia en el SIN.
2012-11-27,Regulación de Voltaje,SUCRE,CESSA,D,19:21,20:26,0.4,Requerimiento de potencia en el SIN.
2012-11-27,Regulación de Voltaje,POTOSI,SEPSA,D,19:21,20:26,0.5,Requerimiento de potencia en el SIN.
2012-11-27,Regulación de Voltaje,SANTA CRUZ,CRE,D,19:21,20:27,8.0,Requerimiento de potencia en el SIN.
2012-11-28,Regulación de Voltaje,SANTA CRUZ,CRE,D,15:45,19:45,8.0,Requerimiento de potencia en el SIN.
2012-11-28,Regulación de Voltaje,LA PAZ,ELECTROPAZ,D,15:45,19:45,5.0,Requerimiento de potencia en el SIN.
2012-11-28,Regulación de Voltaje,SUCRE,CESSA,D,15:45,19:45,0.3,Requerimiento de potencia en el SIN.
2012-11-28,Regulación de Voltaje,POTOSI,SEPSA,D,15:45,19:45,0.4,Requerimiento de potencia en el SIN.
2012-11-28,Regulación de Voltaje,ORURO,ELFEO,D,15:45,19:45,0.3,Requerimiento de potencia en el SIN.
2012-11-28,Regulación de Voltaje,COCHABAMBA,ELFEC,D,15:45,19:46,3.1,Requerimiento de potencia en el SIN.
2012-11-30,Desconexión de Carga,LA PAZ,ELECTROPAZ,D,10:30,10:37,2.95,Desconexión de la línea CHS-CRN115 y MOX-TRI115.
2012-11-30,Desconexión de Carga,TRINIDAD,ENDED,D,10:30,10:42,1.14,Desconexión de la línea CHS-CRN115 y MOX-TRI115.
2012-11-30,Desconexión del EDAC,TRINIDAD,ENDED,D,10:30,11:01,3.88,Desconexión de la línea CHS-CRN115 y MOX-TRI115.
2012-12-01,Desconexión de Carga,LA PAZ,ELECTROPAZ,D,21:28,21:37,3.9,Desconexión de la línea en 115 Tap Chuquiaguillo - Chuspipata.
2012-12-01,Desconexión de Carga,TRINIDAD,ENDED,D,21:28,21:51,11.8,Desconexión de la línea en 115 Tap Chuquiaguillo - Chuspipata.
2012-12-05,Desconexión de Carga,SANTA CRUZ,CRE,D,13:36,13:44,26.9,Desconexión línea en 69 kV Guaracachi - Paraiso.
2012-12-05,Desconexión de Carga,SANTA CRUZ,CRE,D,13:36,13:44,26.9,Desconexión línea en 69 kV Guaracachi - Paraiso.
2012-12-05,Regulación de Voltaje,SANTA CRUZ,CRE,D,14:30,16:42,8.0,Reducción de carga por problemas de regulación de voltaje en el Área Oriental (94.2% de 69kV de Central Guaracachi).
2012-12-05,Regulación de Voltaje,SANTA CRUZ,CRE,D,14:30,16:42,8.0,Reducción de carga por problemas de regulación de voltaje en el Área Oriental (94.2% de 69kV de Central Guaracachi).
2012-12-07,Desconexión de Carga,ORURO,ELFEO,D,09:00,09:08,12.0,Desconexión de la línea en 69 kV Huayñacota - Sud.
2012-12-07,Desconexión de Carga,POTOSI,MSCR,CNR,21:41,21:50,28.72,Operación protección de bajo voltaje (reconexión línea en 230 kV CAR-SAN).
2012-12-08,Desconexión de Carga,ORURO,ELFEO,D,08:00,08:18,10.0,Desconexión línea en 69 kV Huayñacota-Sud.
2012-12-08,Desconexión de Carga,ORURO,ELFEO,D,12:51,13:17,10.0,Desconexión línea en 69 kV Huayñacota-Sud.
2012-12-12,Desconexión de Carga,POTOSI,MSCR,CNR,15:38,16:02,42.8,Desconexión línea en 230 kV Punutuma - San Cristobal.
2012-12-15,Desconexión de Carga,SUCRE,CESSA,D,13:54,15:29,5.0,Descargas atmosféricas (desconexión de carga en FANCESA).
2012-12-15,Desconexión de Carga,POTOSI,MSCR,CNR,17:56,18:11,20.71,Operación protección de bajo voltaje (reconexión línea en 230 kV SAN-SUC).
2012-12-18,Desconexión de Carga,Potosí,MSCR,CNR,01:00,01:46,25.5,Operación protección de bajo voltaje (reconexión línea en 230 kV CAR-SAN).
2012-12-19,Desconexión de Carga,POTOSI,MSCR,CNR,15:24,15:51,27.3,"Operación de la protección de bajo voltaje, Reconexión de la línea PUN-SUC230."
2012-12-19,Desconexión del EDAC,TRINIDAD,ENDED,D,18:23,18:49,1.77,Desconexión de la línea en 115 kV San Ignacio de Moxos - Trinidad
2012-12-20,Desconexión de Carga,LA PAZ,ELECTROPAZ,D,14:04,14:19,32.4,Desconexión KEN-PAM115.
2012-12-20,Desconexión de Carga,POTOSI,SEPSA,D,14:37,15:45,9.0,"Operación Esquema de interdisparo, desconexión de la línea CAT-POT115."
2012-12-20,Desconexión de Carga,POTOSI,MSCR,CNR,17:42,18:05,20.9,"Operación de la protección de bajo voltaje, reconexión de la línea SUC-PUN230."
2012-12-20,Desconexión de Carga,POTOSI,MSCR,CNR,23:56,24:00,16.7,"Operación de la protección de bajo voltaje, reconexión de la línea SAN-SUC230."
2012-12-21,Desconexión del EDAC,TRINIDAD,ENDED,D,05:45,06:07,2.2,Desconexión de la línea en 115 kV Caranavi - Yucumo.
2012-12-21,Desconexión de Carga,ORURO,ELFEO,D,14:08,14:18,10.5,Descargas atmosféricas.
2012-12-24,Desconexión de Carga,POTOSI,MSCR,CNR,14:51,15:14,27.56,"Operó protección de bajo voltaje, ver informe de falla Nº 293-12."
2012-12-25,Desconexión de Carga,POTOSI,MSCR,CNR,18:31,18:45,27.1,"Operó protección bajo voltaje, ver informe de falla Nº 296."
2012-12-25,Desconexión de Carga,SUCRE,CESSA,D,18:31,19:20,4.5,"Perturbación en el Sistema, ver informe de falla Nº 296."
2012-12-28,Desconexión de Carga,COCHABAMBA,COBOCE,CNR,14:15,16:05,6.9,Reconexión de la línea en 115 kV Valle Hermoso - Catavi.
2012-12-28,Desconexión de Carga,ORURO,ELFEO,D,18:23,18:31,11.0,Desconexión de la línea en 69 kV Huayñacota - Sud
2013-01-03,Desconexión de Carga,SANTA CRUZ,CRE,D,12:17,12:22,22.4,Desconexión de la línea en 115 kV Arboleda - Montero.
2013-01-03,Desconexión de Carga,COCHABAMBA,COBOCE,CNR,17:54,17:56,6.9,Reconexión de la línea en 115 kV Valle Hermoso-Catavi.
2013-01-07,Desconexión de Carga,LA PAZ,ELECTROPAZ,D,15:47,15:58,4.0,"Desconexión de la línea en 115 kV Chuquiaguillo Chuspipata y de las unidades YAN, CHJ, CJL01 y CJL02."
2013-01-07,Desconexión del EDAC,LA PAZ,ELECTROPAZ,D,15:47,16:04,5.4,"Desconexión de la línea en 115 kV Chuquiaguillo Chuspipata y de las unidades YAN, CHJ, CJL01 y CJL02."
2013-01-07,Desconexión del EDAC,SANTA CRUZ,CRE,D,15:47,16:05,1.7,"Desconexión de la línea en 115 kV Chuquiaguillo Chuspipata y de las unidades YAN, CHJ, CJL01 y CJL02."
2013-01-07,Desconexión del EDAC,SUCRE,CESSA,D,15:47,16:06,2.3,"Desconexión de la línea en 115 kV Chuquiaguillo Chuspipata y de las unidades YAN, CHJ, CJL01 y CJL02."
2013-01-07,Desconexión del EDAC,COCHABAMBA,ELFEC,D,15:47,16:08,3.8,"Desconexión de la línea en 115 kV Chuquiaguillo Chuspipata y de las unidades YAN, CHJ, CJL01 y CJL02."
2013-01-07,Desconexión del EDAC,POTOSI,MSCR,CNR,15:47,16:08,0.76,"Desconexión de la línea en 115 kV Chuquiaguillo Chuspipata y de las unidades YAN, CHJ, CJL01 y CJL02."
2013-01-07,Desconexión del EDAC,ORURO,ELFEO,D,15:47,16:13,1.5,"Desconexión de la línea en 115 kV Chuquiaguillo Chuspipata y de las unidades YAN, CHJ, CJL01 y CJL02."
2013-01-07,Desconexión de Carga,TRINIDAD,ENDED,D,15:47,16:30,8.5,"Desconexión de las líneas en 115 kV CHS-TCH, en 24.9 kV TRI-MOS y de las unidades YAN, CHJ, CJL01 y CJL02."
2013-01-07,Desconexión del EDAC,COCHABAMBA,COBOCE,CNR,15:47,16:57,0.5,"Desconexión de la línea en 115 kV Chuquiaguillo Chuspipata y de las unidades YAN, CHJ, CJL01 y CJL02."
2013-01-07,Desconexión del EDAC,SANTA CRUZ,CRE,D,15:49,16:05,7.3,Disparo de la unidad SRO02.
2013-01-07,Desconexión del EDAC,ORURO,EMIRSA,CNR,15:49,16:10,0.3,Disparo de la unidad SRO02.
2013-01-07,Desconexión del EDAC,ORURO,CMVINTO,CNR,15:49,16:15,2.2,Disparo de la unidad SRO02.
2013-01-08,Desconexión de Carga,LA PAZ,ELECTROPAZ,D,04:07,04:16,2.38,Desconexión de la línea en 115 kV Chuspipata - Caranavi.
2013-01-08,Desconexión de Carga,TRINIDAD,ENDED,D,04:07,04:21,1.86,Desconexión de la línea en 115 kV Chuspipata - Caranavi.
2013-01-08,Desconexión del EDAC,TRINIDAD,ENDED,D,04:07,04:47,3.22,Desconexión de la línea en 115 kV Chuspipata - Caranavi.
2013-01-08,Desconexión de Carga,TRINIDAD,ENDED,D,13:03,13:11,2.8,Desconexión de la línea en 115 kV Caranavi - Yucumo.
2013-01-08,Desconexión del EDAC,TRINIDAD,ENDED,D,13:03,13:33,4.6,Desconexión de la línea en 115 kV Caranavi - Yucumo.
2013-01-10,Desconexión de Carga,TRINIDAD,ENDED,D,05:45,05:50,1.77,Desconexión de la línea en 115 kV Caranavi - Yucumo.
2013-01-10,Desconexión del EDAC,TRINIDAD,ENDED,D,05:45,05:58,1.26,Desconexión de la línea en 115 kV Caranavi - Yucumo.
2013-01-11,Desconexión de Carga,SANTA CRUZ,CRE,D,21:24,21:35,14.9,Falla en el cable de potencia del transformador de potencia TRGCH06903.
2013-01-14,Desconexión del EDAC,ORURO,ELFEO,D,11:58,12:09,2.8,"Desconexión de las unidades YAN, GCH10 y SRO02."
2013-01-14,Desconexión del EDAC,LA PAZ,ELECTROPAZ,D,11:58,12:09,11.4,"Desconexión de las unidades YAN, GCH10 y SRO02."
2013-01-14,Desconexión del EDAC,POTOSI,MSCR,CNR,11:58,12:10,28.0,"Desconexión de las unidades YAN, GCH10 y SRO02."
2013-01-14,Desconexión del EDAC,POTOSI,SEPSA,D,11:58,12:12,3.5,"Desconexión de las unidades YAN, GCH10 y SRO02."
2013-01-14,Desconexión del EDAC,COCHABAMBA,ELFEC,D,11:58,12:14,9.8,"Desconexión de las unidades YAN, GCH10 y SRO02."
2013-01-14,Desconexión del EDAC,SANTA CRUZ,CRE,D,11:58,12:15,26.4,"Desconexión de las unidades YAN, GCH10 y SRO02."
2013-01-14,Desconexión del EDAC,SUCRE,CESSA,D,11:59,12:12,2.2,"Desconexión de las unidades YAN, GCH10 y SRO02."
2013-01-14,Desconexión del EDAC,ORURO,CMVINTO,CNR,11:59,12:12,2.1,"Desconexión de las unidades YAN, GCH10 y SRO02."
2013-01-14,Desconexión del EDAC,TRINIDAD,ENDED,D,11:59,12:13,1.6,"Desconexión de las unidades YAN, GCH10 y SRO02."
2013-01-14,Desconexión del EDAC,ORURO,EMIRSA,CNR,11:59,12:14,0.8,"Desconexión de las unidades YAN, GCH10 y SRO02."
2013-01-14,Desconexión del EDAC,COCHABAMBA,COBOCE,CNR,11:59,12:16,0.5,"Desconexión de las unidades YAN, GCH10 y SRO02."
2013-01-14,Desconexión de Carga,POTOSI,SEPSA,D,18:05,18:16,7.83,Desconexión de la línea en 115 kV Punutuma - Atocha.
2013-01-15,Desconexión de Carga,TRINIDAD,ENDED,D,13:26,13:32,2.23,Desconexión de la línea en 115 kV Caranavi - Yucumo.
2013-01-15,Desconexión del EDAC,TRINIDAD,ENDED,D,13:26,13:33,1.2,Desconexión de la línea en 115 kV Caranavi - Yucumo.
2013-01-17,Desconexión de Carga,POTOSI,MSCR,CNR,02:22,02:49,22.9,Reconexión de la línea en 230 kV Carrasco-Santivañez (operación de la protección de bajo voltaje).
2013-01-17,Desconexión de Carga,POTOSI,MSCR,CNR,06:18,07:22,29.1,Reconexión de la línea en 230 kV Carrasco-Santivañez (operación de la protección de bajo voltaje).
2013-01-22,Desconexión del EDAC,COCHABAMBA,ELFEC,D,11:31,11:39,2.4,"Desconexión de las unidades ERI04, BOT03 y SRO02."
2013-01-22,Desconexión del EDAC,POTOSI,MSCR,CNR,11:31,11:40,1.1,"Desconexión de las unidades ERI04, BOT03 y SRO02."
2013-01-22,Desconexión del EDAC,SANTA CRUZ,CRE,D,11:31,11:41,1.5,"Desconexión de las unidades ERI04, BOT03 y SRO02."
2013-01-22,Desconexión del EDAC,ORURO,ELFEO,D,11:31,11:43,1.4,"Desconexión de las unidades ERI04, BOT03 y SRO02."
2013-01-22,Desconexión del EDAC,SUCRE,CESSA,D,11:31,11:44,1.8,"Desconexión de las unidades ERI04, BOT03 y SRO02."
2013-01-22,Desconexión del EDAC,ORURO,CMVINTO,CNR,11:31,11:45,1.1,"Desconexión de las unidades ERI04, BOT03 y SRO02."
2013-01-22,Desconexión del EDAC,COCHABAMBA,COBOCE,CNR,11:31,11:51,0.5,"Desconexión de las unidades ERI04, BOT03 y SRO02."
2013-01-22,Desconexión del EDAC,LA PAZ,ELECTROPAZ,D,11:32,11:42,4.7,"Desconexión de las unidades ERI04, BOT03 y SRO02."
2013-01-22,Desconexión del EDAC,TRINIDAD,ENDED,D,11:34,11:43,1.42,"Desconexión de las unidades ERI04, BOT03 y SRO02."
2013-01-22,Desconexión del EDAC,ORURO,EMIRSA,CNR,11:34,12:10,0.8,"Desconexión de las unidades ERI04, BOT03 y SRO02."
2013-01-22,Desconexión del EDAC,LA PAZ,ELECTROPAZ,D,12:27,12:37,5.2,Desconexión de la unidad GCH10 y mitad del ciclo combinado
2013-01-22,Desconexión del EDAC,ORURO,ELFEO,D,12:27,12:37,1.4,Desconexión de la unidad GCH10 y mitad del ciclo combinado
2013-01-22,Desconexión del EDAC,POTOSI,MSCR,CNR,12:27,12:37,1.08,Desconexión de la unidad GCH10 y mitad del ciclo combinado
2013-01-22,Desconexión del EDAC,TRINIDAD,ENDED,D,12:27,12:39,1.28,Desconexión de la unidad GCH10 y mitad del ciclo combinado
2013-01-22,Desconexión del EDAC,COCHABAMBA,ELFEC,D,12:27,12:42,2.0,Desconexión de la unidad GCH10 y mitad del ciclo combinado
2013-01-22,Desconexión del EDAC,SUCRE,CESSA,D,12:27,12:42,1.7,Desconexión de la unidad GCH10 y mitad del ciclo combinado
2013-01-22,Desconexión del EDAC,ORURO,CMVINTO,CNR,12:27,12:42,1.2,Desconexión de la unidad GCH10 y mitad del ciclo combinado
2013-01-22,Desconexión del EDAC,SANTA CRUZ,CRE,D,12:27,12:51,7.87,Desconexión de la unidad GCH10 y mitad del ciclo combinado
2013-01-22,Desconexión del EDAC,ORURO,EMIRSA,CNR,12:27,13:15,0.8,Desconexión de la unidad GCH10 y mitad del ciclo combinado
2013-01-22,Desconexión del EDAC,COCHABAMBA,COBOCE,CNR,12:27,13:42,0.5,Desconexión de la unidad GCH10 y mitad del ciclo combinado
2013-01-23,Desconexión de Carga,ORURO,ELFEO,D,12:44,12:51,5.0,Desconexión línea en 69 kV Cuadro Siglo - Sud.
2013-01-25,Desconexión de Carga,TRINIDAD,ENDED,D,13:29,14:18,9.5,"Desconexión de las líneas en 115 kV TIQ-TCH-PAM y de las unidades generadoras CHJ, YAN y central Moxos."
2013-01-25,Desconexión del EDAC,LA PAZ,ELECTROPAZ,D,13:29,14:27,11.7,Desconexión de las líneas en 115 kV TIQ-TCH-PAM.
2013-01-25,Desconexión del EDAC,COCHABAMBA,ELFEC,D,13:31,14:14,3.0,Desconexión de las líneas en 115 kV TIQ-TCH-PAM.
2013-01-25,Desconexión del EDAC,POTOSI,MSCR,CNR,13:31,14:16,1.1,Desconexión de las líneas en 115 kV TIQ-TCH-PAM.
2013-01-25,Desconexión del EDAC,ORURO,ELFEO,D,13:31,14:25,0.5,Desconexión de las líneas en 115 kV TIQ-TCH-PAM.
2013-01-25,Desconexión del EDAC,SANTA CRUZ,CRE,D,13:57,14:16,2.5,Desconexión de las líneas en 115 kV TIQ-TCH-PAM.
2013-01-25,Desconexión del EDAC,SUCRE,CESSA,D,13:57,14:22,2.1,Desconexión de las líneas en 115 kV TIQ-TCH-PAM.
2013-01-25,Desconexión del EDAC,ORURO,ELFEC,D,13:57,14:26,1.0,Desconexión de las líneas en 115 kV TIQ-TCH-PAM.
2013-01-25,Desconexión del EDAC,LA PAZ,ELECTROPAZ,D,14:06,14:25,5.1,Desconexión de las líneas en 115 kV TIQ-TCH-PAM.
2013-01-25,Desconexión del EDAC,ORURO,EMIRSA,CNR,14:06,14:35,0.8,Desconexión de las líneas en 115 kV TIQ-TCH-PAM.
2013-01-27,Desconexión de Carga,ORURO,ELFEO,D,08:15,08:17,6.4,Desconexión de la Línea en 69 kV Huayñacota-Vinto y desconexión de las unidades del valle de Miguillas.
2013-01-28,Desconexión de Carga,POTOSI,MSCR,CNR,13:16,13:30,6.3,Reconexión de la línea en 115 kV Potosi-Punutuma.
2013-01-28,Desconexión de Carga,SANTA CRUZ,CRE,D,13:37,13:45,14.8,Línea suelta en barra de M.T.
2013-01-29,Desconexión de Carga,ORURO,ELFEO,D,05:50,05:59,11.4,Desconexión de la línea en 69 kV Huayñacota - Sud.
2013-01-30,Desconexión de Carga,TRINIDAD,ENDED,D,22:06,22:21,9.3,Reconexión automática de la línea en 115 kV Chuspipata - Caranavi.
2013-01-31,Desconexión de Carga,ORURO,ELFEO,D,09:59,10:17,9.3,Desconexión de la línea en 69 kV Huayñacota - Sud
2013-02-02,Regulación de Voltaje,COCHABAMBA,ELFEC,D,19:37,20:30,2.3,Requerimiento de potencia en el SIN.
2013-02-02,Regulación de Voltaje,SANTA CRUZ,CRE,D,19:37,20:30,6.0,Requerimiento de potencia en el SIN.
2013-02-02,Regulación de Voltaje,LA PAZ,ELECTROPAZ,D,19:37,20:30,6.0,Requerimiento de potencia en el SIN.
2013-02-02,Regulación de Voltaje,SUCRE,CESSA,D,19:38,20:30,0.6,Requerimiento de potencia en el SIN.
2013-02-02,Regulación de Voltaje,POTOSI,SEPSA,D,19:38,20:30,0.5,Requerimiento de potencia en el SIN.
2013-02-02,Regulación de Voltaje,ORURO,ELFEO,D,19:38,20:30,0.7,Requerimiento de potencia en el SIN.
2013-02-02,Desconexión de Carga,COCHABAMBA,ELFEC,D,19:40,20:10,14.0,Sobrecarga en alimentador S-3.
2013-02-02,Desconexión del EDAC,TRINIDAD,ENDED,D,19:42,19:47,1.8,"Indisponibilidad de unidades GCH01, ALT01 y disminución de carga en GCH09 y GCH10."
2013-02-02,Desconexión del EDAC,POTOSI,MSCR,CNR,19:44,19:55,0.9,"Indisponibilidad de unidades GCH01, ALT01 y disminución de carga en GCH09 y GCH10."
2013-02-02,Desconexión del EDAC,COCHABAMBA,ELFEC,D,19:45,20:11,3.5,"Indisponibilidad de unidades GCH01, ALT01 y disminución de carga en GCH09 y GCH10."
2013-02-04,Desconexión de Carga,SANTA CRUZ,CRE,D,10:42,11:13,23.0,Desconexión de la línea en 69 kV Feria Exposición - Mapaiso.
2013-02-07,Desconexión de Carga,SUCRE,CESSA,D,19:07,19:50,12.1,Fase suelta del alimentador CESSA 1 y sobrecarga de los alimentadores CESSA 2 y CESSA3.
2013-02-07,Desconexión de Carga,SUCRE,CESSA,D,20:01,20:19,12.1,Desconexión de los alimentadores CESSA 2 y CESSA 3 por fuertes lluvias.
2013-02-08,Desconexión de Carga,SANTA CRUZ,CRE,D,07:21,08:04,6.9,Apertura del interruptor de M.T 12DB2 del transformador TRWAR06902.
2013-02-10,Desconexión del EDAC,SANTA CRUZ,CRE,D,19:12,19:14,10.1,"Desconexión de la línea en 115 kV Kenko-Pampahasi-Tap Chuquiaguillo y unidades generadoras CHJ, YAN, CJL01 y Central Moxos."
2013-02-10,Desconexión de Carga,LA PAZ,ELECTROPAZ,D,19:12,19:27,35.1,Desconexión de la línea en 115 kV Kenko-Pampahasi-Tap Chuquiaguillo.
2013-02-10,Desconexión del EDAC,LA PAZ,ELECTROPAZ,D,19:12,19:29,6.1,"Desconexión de la línea en 115 kV Kenko-Pampahasi-Tap Chuquiaguillo y unidades generadoras CHJ, YAN, CJL01 y Central Moxos."
2013-02-10,Desconexión del EDAC,COCHABAMBA,COBOCE,CNR,19:12,19:30,0.4,"Desconexión de la línea en 115 kV Kenko-Pampahasi-Tap Chuquiaguillo y unidades generadoras CHJ, YAN, CJL01 y Central Moxos."
2013-02-10,Desconexión del EDAC,ORURO,EMIRSA,CNR,19:12,19:35,0.37,"Desconexión de la línea en 115 kV Kenko-Pampahasi-Tap Chuquiaguillo y unidades generadoras CHJ, YAN, CJL01 y Central Moxos."
2013-02-10,Desconexión del EDAC,TRINIDAD,ENDED,D,19:12,19:47,15.5,"Desconexión de la línea en 115 kV Kenko-Pampahasi-Tap Chuquiaguillo y unidades generadoras CHJ, YAN, CJL01 y Central Moxos."
2013-02-10,Desconexión del EDAC,POTOSI,MSCR,CNR,19:12,19:52,7.57,"Desconexión de la línea en 115 kV Kenko-Pampahasi-Tap Chuquiaguillo y unidades generadoras CHJ, YAN, CJL01 y Central Moxos."
2013-02-11,Desconexión del EDAC,TRINIDAD,ENDED,D,00:30,00:35,0.92,"Variación de potencia activa de unidades GCH09, GCH10 y GCH12."
2013-02-11,Desconexión del EDAC,LA PAZ,ELECTROPAZ,D,00:31,00:38,3.3,"Variación de potencia activa de unidades GCH09, GCH10 y GCH12."
2013-02-11,Desconexión de Carga,LA PAZ,ELECTROPAZ,D,17:33,17:40,10.7,Desconexión de emergencia de la línea en 115 kV Kenko-Cota Cota para cierre adecuadó del seccionador A3-S-101.
2013-02-11,Desconexión del EDAC,TRINIDAD,ENDED,D,19:09,19:14,1.5,"Desconexión de la línea en 115 kV Kenko-Pampahasi, disparo de las unidades BOT03 y SRO02."
2013-02-11,Desconexión del EDAC,LA PAZ,ELECTROPAZ,D,19:09,19:24,7.5,"Desconexión de la línea en 115 kV Kenko-Pampahasi, disparo de las unidades BOT03 y SRO02."
2013-02-11,Desconexión de Carga,LA PAZ,ELECTROPAZ,D,19:09,19:25,40.2,Desconexión de la línea en 115 kV Kenko-Pampahasi por contacto de volqueta con la línea de transmisión.
2013-02-11,Desconexión del EDAC,ORURO,EMIRSA,CNR,19:09,19:43,0.37,"Desconexión de la línea en 115 kV Kenko-Pampahasi, disparo de las unidades BOT03 y SRO02."
2013-02-12,Desconexión de Carga,POTOSI,MSCR,CNR,16:57,17:15,28.8,Reconexión de la línea SAN-SUC230.
2013-02-16,Desconexión de Carga,POTOSI,MSCR,CNR,20:37,20:49,30.0,Operó protección de bajo voltaje
2013-02-17,Desconexión de Carga,POTOSI,MSCR,CNR,15:08,15:23,29.07,Reconexión de la línea en 230 kV SAN-SUC (operó protección de bajo voltaje).
2013-02-18,Desconexión de Carga,POTOSI,SEPSA,D,14:59,16:11,2.8,"Desconexión línea en 69 kV PUN-PUH y unidades KIL01, KIL03, LAN03 y PUH; por falla en TRPUN069."
2013-02-18,Desconexión de Carga Manual,POTOSI,SEPSA,D,16:00,16:04,1.2,Maniobras para aislar el transformador de potencia TRPUN069.
2013-02-18,Desconexión de Carga,LA PAZ,ELECTROPAZ,D,20:34,21:01,65.6,Desconexión línea en 115 kV Kenko - Cota Cota - Bolognia - Pampahasi.
2013-02-18,Desconexión del EDAC,LA PAZ,ELECTROPAZ,D,20:34,21:20,24.3,Desconexión línea en 115 kV Mazocruz - Kenko.
2013-02-19,Desconexión de Carga,LA PAZ,ELECTROPAZ,D,15:01,15:05,12.6,"Trabajos de emergencia, reparación de conductor dañado por terceros tramo COT-BOL115."
2013-02-19,Desconexión de Carga,LA PAZ,ELECTROPAZ,D,16:07,16:11,12.6,"Trabajos de emergencia, reparación de conductor dañado por terceros tramo COT-BOL115."
2013-02-19,Desconexión de Carga,LA PAZ,ELECTROPAZ,D,17:38,17:52,12.0,Desconexión de la línea en 69 kV Kenko - Tembladerani.
2013-02-19,Desconexión de Carga,SANTA CRUZ,CRE,D,23:44,24:00,19.1,Falla en el interruptor del alimentador ALI_7_13.
2013-02-25,Desconexión de Carga,SANTA CRUZ,CRE,D,08:51,09:19,24.3,Desconexión del transformador de potencia TRPAR06901.
2013-02-25,Desconexión de Carga,TRINIDAD,ENDED,D,09:29,09:41,2.57,Desconexión de la línea en 115 kV Caranavi - Yucumo.
2013-02-25,Desconexión del EDAC,TRINIDAD,ENDED,D,09:29,09:48,5.02,Desconexión de la línea en 115 kV Caranavi - Yucumo.
2013-02-26,Desconexión del EDAC,TRINIDAD,ENDED,D,14:04,14:11,1.23,Desconexión de línea en 115 kV Kenko - Pampahasi y disparo de las unidades SAI y BOT03.
2013-02-26,Desconexión de Carga,LA PAZ,ELECTROPAZ,D,14:04,14:13,31.4,Desconexión de línea en 115 kV Kenko - Pampahasi y disparo de las unidades SAI y BOT03.
2013-02-26,Desconexión del EDAC,ORURO,EMIRSA,CNR,14:04,14:15,0.35,Desconexión de línea en 115 kV Kenko - Pampahasi y disparo de las unidades SAI y BOT03.
2013-02-26,Desconexión del EDAC,LA PAZ,ELECTROPAZ,D,14:04,14:15,4.2,Desconexión de línea en 115 kV Kenko - Pampahasi y disparo de las unidades SAI y BOT03.
2013-02-26,Desconexión de Carga,LA PAZ,ELECTROPAZ,D,16:03,16:10,12.1,"Trabajos de emergencia, reparación de conductor dañado por terceros tramo COT-BOL115."
2013-02-26,Desconexión de Carga,LA PAZ,ELECTROPAZ,D,16:53,16:57,11.6,"Trabajos de emergencia, reparación de conductor dañado por terceros tramo COT-BOL115."
2013-02-27,Desconexión de Carga,ORURO,ELFEO,D,18:46,18:59,6.34,Desconexión de línea en 69 kV Huayñacota - Sud.
2013-02-27,Desconexión de Carga,ORURO,ELFEO,D,18:46,21:52,9.93,Desconexión de línea en 69 kV Huayñacota - Sud.
2013-02-27,Desconexión de Carga,ORURO,ELFEO,D,18:46,24:00,2.0,Desconexión de línea en 69 kV Huayñacota - Sud.
2013-02-27,Desconexión de Carga,ORURO,ELFEO,D,21:15,21:20,11.61,Desconexión de línea en 69 kV Huayñacota - Sud.
2013-02-28,Desconexión de Carga,ORURO,ELFEO,D,00:00,08:35,2.0,Indisponibilidad del transformador de potencia TRCRC069.
2013-03-03,Desconexión de Carga,COCHABAMBA,ELFEC,D,05:57,06:57,1.8,"Trabajos ARO-CEN115, capacidad de transferencia de carga."
2013-03-03,Desconexión de Carga,COCHABAMBA,ELFEC,D,06:00,07:16,2.5,"Trabajos ARO-CEN115, capacidad de transferencia de carga."
2013-03-04,Desconexión de Carga,COCHABAMBA,COBOCE,CNR,02:10,02:15,0.3,"Perturbación transitoria de tensión, reconexión de la línea en 230 kV Carrasco-Santivañez."
2013-03-04,Desconexión de Carga,POTOSI,MSCR,CNR,02:10,02:25,27.9,"Perturbación transitoria de tensión, reconexión de la línea en 230 kV Carrasco-Santivañez."
2013-03-04,Desconexión de Carga,COCHABAMBA,COBOCE,CNR,03:01,03:10,0.4,"Perturbación transitoria de tensión, reconexión de la línea en 115 kV Valle Hermoso - Vinto."
2013-03-04,Desconexión de Carga,POTOSI,MSCR,CNR,03:01,03:15,26.51,"Perturbación transitoria de tensión, reconexión de la línea en 115 kV Valle Hermoso - Vinto."
2013-03-04,Desconexión del EDAC,TRINIDAD,ENDED,D,11:40,11:45,1.47,Desconexión de la unidad GCH10 y reducción de carga de las unidades GCH09 y GCH12.
2013-03-04,Desconexión del EDAC,COCHABAMBA,ELFEC,D,11:40,11:46,3.5,Desconexión de la unidad GCH10 y reducción de carga de las unidades GCH09 y GCH12.
2013-03-04,Desconexión del EDAC,ORURO,ELFEO,D,11:40,11:48,1.5,Desconexión de la unidad GCH10 y reducción de carga de las unidades GCH09 y GCH12.
2013-03-04,Desconexión del EDAC,ORURO,EMIRSA,CNR,11:40,11:48,0.8,Desconexión de la unidad GCH10 y reducción de carga de las unidades GCH09 y GCH12.
2013-03-04,Desconexión del EDAC,SUCRE,CESSA,D,11:40,11:49,5.5,Desconexión de la unidad GCH10 y reducción de carga de las unidades GCH09 y GCH12.
2013-03-04,Desconexión del EDAC,COCHABAMBA,COBOCE,CNR,11:40,11:49,0.5,Desconexión de la unidad GCH10 y reducción de carga de las unidades GCH09 y GCH12.
2013-03-04,Desconexión del EDAC,POTOSI,MSCR,CNR,11:40,11:52,0.9,Desconexión de la unidad GCH10 y reducción de carga de las unidades GCH09 y GCH12.
2013-03-04,Desconexión del EDAC,ORURO,CMVINTO,CNR,11:40,12:04,1.8,Desconexión de la unidad GCH10 y reducción de carga de las unidades GCH09 y GCH12.
2013-03-05,Desconexión de Carga,SUCRE,CESSA,D,05:40,05:50,6.5,Variación de voltaje por la apertura del seccionador 20-37 del área rural.
2013-03-06,Regulación de Voltaje,COCHABAMBA,ELFEC,D,19:12,20:20,2.7,Requerimiento de potencia en el SIN.
2013-03-06,Regulación de Voltaje,LA PAZ,ELECTROPAZ,D,19:12,20:21,11.0,Requerimiento de potencia en el SIN.
2013-03-06,Regulación de Voltaje,SANTA CRUZ,CRE,D,19:13,20:21,8.3,Requerimiento de potencia en el SIN.
2013-03-06,Regulación de Voltaje,POTOSI,SEPSA,D,19:13,20:21,0.5,Requerimiento de potencia en el SIN.
2013-03-06,Regulación de Voltaje,SUCRE,CESSA,D,19:13,20:21,0.4,Requerimiento de potencia en el SIN.
2013-03-06,Regulación de Voltaje,ORURO,ELFEO,D,19:13,20:21,0.5,Requerimiento de potencia en el SIN.
2013-03-07,Desconexión de Carga,POTOSI,SEPSA,D,21:26,22:14,9.58,Desconexión de la línea en 69 kV Potosí - San Bartolomé.
2013-03-09,Desconexión de Carga,COCHABAMBA,COBOCE,CNR,04:27,04:28,0.2,"Perturbación transitoria de tensión, reconexión de la línea en 230 kV Carrasco-Santivañez."
2013-03-09,Desconexión de Carga,POTOSI,MSCR,CNR,04:27,04:47,21.4,"Perturbación transitoria de tensión, reconexión de la línea en 230 kV Carrasco-Santivañez."
2013-03-09,Desconexión de Carga,POTOSI,MSCR,CNR,15:48,16:02,6.6,"Perturbación transitoria de tensión, desconexión de la línea en 69 kV Punutuma - Tazna."
2013-03-10,Desconexión de Carga,COCHABAMBA,COBOCE,CNR,05:45,05:47,0.5,"Perturbación transitoria de tensión, reconexión de la línea en 230 kV Carrasco-Santivañez."
2013-03-10,Desconexión de Carga,POTOSI,MSCR,CNR,05:45,06:06,25.77,"Perturbación transitoria de tensión, reconexión de la línea en 230 kV Carrasco-Santivañez."
2013-03-10,Desconexión de Carga,COCHABAMBA,ELFEC,D,05:45,07:01,3.3,"Trabajos en la línea en 115 kV ARO-CEN, capacidad de transferencia de carga."
2013-03-11,Desconexión de Carga,SUCRE,ENDED,D,03:46,03:51,0.5,"Operó Esquema Interdisparos, desconexión línea en 230 kV PUN-LCA."
2013-03-11,Desconexión de Carga,POTOSI,MSCR,CNR,03:46,03:58,18.6,"Perturbación transitoria de tensión, reconexión línea en 230 kV SAN-SUC."
2013-03-11,Desconexión de Carga,ORURO,ELFEO,D,15:43,16:22,13.3,Desconexión de la línea en 69 kV Huayñacota - Sud.
2013-03-12,Desconexión de Carga,POTOSI,SEPSA,D,11:35,12:45,10.5,Desconexión línea en 69 kV Potosí - San Bartolomé.
2013-03-12,Desconexión de Carga,LA PAZ,ELECTROPAZ,D,14:37,14:42,6.5,"Perturbación transitoria de tensión, reconexión de la línea en 115 kV AAC - TIQ y desconexión de la línea AAC - ZON - TIQ."
2013-03-12,Desconexión de Carga,TRINIDAD,ENDED,D,14:55,15:04,3.12,Desconexión línea en 115 kV Caranavi-Yucumo por transferencia de disparo del Int. A363.
2013-03-12,Desconexión del EDAC,TRINIDAD,ENDED,D,14:55,15:26,7.62,Desconexión de la línea en 115 kV Moxos - Trinidad por transferencia de disparo del Int. A365.
2013-03-12,Desconexión de Carga,LA PAZ,ELECTROPAZ,D,15:08,15:12,3.69,Desconexión de la línea en 115 kV Chuspipata - Caranavi.
2013-03-12,Desconexión de Carga,TRINIDAD,ENDED,D,15:08,15:17,3.12,Desconexión de la línea en 115 kV Chuspipata - Caranavi.
2013-03-12,Desconexión de Carga,TRINIDAD,ENDED,D,15:53,16:03,2.88,Desconexión línea en 115 kV Caranavi-Yucumo por transferencia de disparo del Int. A363.
2013-03-12,Desconexión del EDAC,TRINIDAD,ENDED,D,15:53,16:12,7.45,Desconexión de la línea en 115 kV Moxos - Trinidad por transferencia de disparo del Int. A365.
2013-03-13,Desconexión de Carga,ORURO,ELFEO,D,13:22,13:31,10.2,Desconexión de la línea en 69 kV Huayñacota - Sud.
2013-03-14,Desconexión de Carga,SUCRE,ENDED,D,12:16,12:39,0.4,Desconexión de la línea en 230 kV Punutuma - Las Carreras.
2013-03-14,Desconexión de Carga,POTOSI,SEPSA,D,19:26,19:37,33.3,Desconexión de la línea en 69 kV Potosí - Velarde II.
2013-03-15,Desconexión de Carga Manual,POTOSI,SEPSA,D,18:47,22:46,0.6,Límite de capacidad de transferencia en la línea en 69 kV Potosi - Velarde II (Ver Informe de falla Nº 119).
2013-03-15,Desconexión de Carga,SUCRE,CESSA,D,18:52,19:41,4.0,"Perturbación de tensión, falla en el alimentador CESSA1."
2013-03-15,Desconexión de Carga,SUCRE,CESSA,D,18:52,20:26,10.3,Falla en banco de capacitor en el alimentador CESSA1 en S/E Aranjuez.
2013-03-15,Desconexión de Carga Manual,POTOSI,SEPSA,D,19:06,22:00,0.3,Límite de capacidad de transferencia en la línea en 69 kV Potosi - Velarde II (Ver Informe de falla Nº 119).
2013-03-16,Desconexión de Carga Manual,POTOSI,SEPSA,D,19:33,21:38,0.46,Límite de capacidad de transferencia en la línea en 69 kV Potosi - Velarde II (Ver Informe de falla Nº 120).
2013-03-17,Desconexión de Carga,ORURO,ELFEO,D,06:07,06:35,10.2,Desconexión de la línea en 69 kV Huayñacota - Sud por vientos fuertes.
2013-03-22,Desconexión de Carga,LA PAZ,ELECTROPAZ,D,01:38,01:48,3.5,Desconexión de línea en 115 kV Tap Chuquiaguillo - Chuspipata.
2013-03-22,Desconexión de Carga,TRINIDAD,ENDED,D,01:38,01:51,1.65,Desconexión de la línea en 115 kV Caranavi-Yucumo-San Borja-San Ignacio de Moxos-Trinidad.
2013-03-22,Desconexión de Carga,TRINIDAD,ENDED,D,01:38,02:15,1.08,Desconexión de la línea en 115 kV Trinidad-San Ignacio de Moxos y en 24.9 kV Trinidad-Central Moxos.
2013-03-22,Desconexión del EDAC,TRINIDAD,ENDED,D,01:38,02:26,3.6,Desconexión de línea en 115 kV Tap Chuquiaguillo - Chuspipata.
2013-03-22,Desconexión de Carga,TRINIDAD,ENDED,D,01:53,02:01,1.65,Desconexión de la línea en 115 kV Caranavi-Yucumo-San Borja-San Ignacio de Moxos-Trinidad.
2013-03-22,Desconexión de Carga,TRINIDAD,ENDED,D,02:04,02:12,0.17,Desconexión de la línea en 115 kV Yucumo - San Borja.
2013-03-22,Desconexión del EDAC,TRINIDAD,ENDED,D,02:15,02:26,1.86,"Exceso de carga, cierre del interruptor IM44 con carga de S/E SERT."
2013-03-22,Desconexión de Carga Manual,ORURO,ELFEO,D,20:57,21:37,4.8,Desconexión de la línea en 69 kV Vinto - Tesa - Sud (Nivel bajo de tensión en el área de Oruro).
2013-03-31,Desconexión de Carga,TRINIDAD,ENDED,D,06:33,07:05,3.6,Desconexión de la línea en 24.9 kV Trinidad - Central Moxos.
2013-03-31,Desconexión del EDAC,TRINIDAD,ENDED,D,06:33,07:32,1.7,Desconexión de las unidades en central Moxos.
2013-04-02,Desconexión de Carga,POTOSI,ENDED,D,03:39,03:47,0.1,"Operó Esquema Interdisparos, desconexión PUN-LCA230."
2013-04-02,Desconexión de Carga,POTOSI,MSCR,CNR,03:39,03:55,26.7,"Operó protección de bajo voltaje, reconexión SAN-SUC230."
2013-04-05,Desconexión del EDAC,TRINIDAD,ENDED,D,09:29,09:41,1.14,Desconexión de la unidad GCH12 y disminución de carga en las unidades GCH09 y GCH10.
2013-04-06,Desconexión de Carga Manual,COCHABAMBA,ELFEC,D,12:34,24:00,1.0,Indisponibilida del transformador TRCHI23001en S/E Chimore
2013-04-06,Desconexión de Carga,SUCRE,CESSA,D,19:24,20:13,11.0,Perturbación de tensión en el Sistema.
2013-04-06,Desconexión de Carga,COCHABAMBA,ELFEC,D,19:24,20:29,162.9,"Desconexión de las líneas ARO-SIS, VHE-ARO I, VHE-ARO II y disparo de unidades C. Santa Isabel y Corani, VHE."
2013-04-06,Desconexión de Carga,SUCRE,ENDED,D,19:24,20:32,1.4,"Desconexión de las líneas en 230 kV SAN-SUC, SUC-PUN, PUN-LCA."
2013-04-06,Desconexión de Carga,COCHABAMBA,COBOCE,CNR,19:24,20:34,7.14,"Desconexión de las líneas ARO-SIS, VHE-ARO I, VHE-ARO II y disparo de unidades C. Santa Isabel y Corani, VHE."
2013-04-06,Desconexión de Carga,POTOSI,SEPSA,D,19:24,20:59,9.78,"Operación Esquema de Interdisparos, desconexión de las líneas en 230 kV SAN-SUC, SUC-PUN y en 69 kV POT-SBA."
2013-04-06,Desconexión de Carga,POTOSI,MSCR,CNR,19:24,22:51,45.6,"Desconexión de las líneas en 230 kV SAN-SUC, SUC-PUN, PUN-SCR."
2013-04-07,Desconexión de Carga Manual,COCHABAMBA,ELFEC,D,00:00,01:08,1.0,Límite de capacidad del transformador TRCHI23002 en S/E Chimoré.
2013-04-07,Desconexión de Carga Manual,COCHABAMBA,ELFEC,D,18:47,19:16,5.0,Límite de capacidad del transformador TRCEN11503 de S/E CEN.
2013-04-10,Desconexión de Carga,SANTA CRUZ,CRE,D,01:31,01:56,15.3,Desconexión alimentadores 6_26 y 5_21 de CRE.
2013-04-10,Desconexión de Carga,SUCRE,ENDED,D,14:41,14:56,1.0,Desconexión línea en 230 kV PUN-LCA.
2013-04-12,Desconexión del EDAC,TRINIDAD,ENDED,D,05:09,05:27,1.98,Desconexión de la línea en 115 kV San Ignacio de Moxos - Trinidad.
2013-04-12,Desconexión de Carga,TRINIDAD,ENDED,D,05:09,07:49,0.18,Falla en el transformador TRMOX11501.
2013-04-16,Colapso Total,TRINIDAD,ENDED,D,15:03,15:34,11.22,"Desconexión del transformador de potencia TRTRI11501, por falla en el interruptor IM41."
2013-04-16,Desconexión de carga.,TRINIDAD,ENDED,D,15:34,16:05,8.0,Proceso de restitución
2013-04-16,Colapso Total,TRINIDAD,ENDED,D,16:05,16:14,11.22,Falla en unidades de generación central Moxos.
2013-04-16,Desconexión de carga.,TRINIDAD,ENDED,D,16:14,17:21,6.0,Proceso de restitución
2013-04-16,Desconexión de carga.,TRINIDAD,ENDED,D,17:21,19:51,3.0,Indisponibilidad de potencia en central Moxos y limitación en la capacidad MOS-OJA024.
2013-04-16,Desconexión de carga.,TRINIDAD,ENDED,D,19:51,22:51,1.0,Indisponibilidad de potencia en central Moxos.
2013-04-17,Desconexión de Carga Manual,TRINIDAD,ENDED,D,09:36,11:35,0.9,"Desenergización de la barra en 24.9 kV de S/E TRI, reemplazo de interruptor IM41."
2013-04-17,Desconexión de Carga Manual,TRINIDAD,ENDED,D,11:35,11:45,0.5,"Desenergización de la barra en 24.9 kV de S/E TRI, reemplazo de interruptor IM41."
2013-04-17,Desconexión de Carga Manual,TRINIDAD,ENDED,D,11:45,13:03,0.3,"Desenergización de la barra en 24.9 kV de S/E TRI, reemplazo de interruptor IM41."
2013-04-17,Desconexión de Carga Manual,TRINIDAD,ENDED,D,14:21,14:36,0.35,Límite en la capacidad de transferencia de la línea en 24.9 kV Central Moxos - SERT.
2013-04-17,Desconexión de Carga Manual,TRINIDAD,ENDED,D,14:36,14:54,0.65,Límite en la capacidad de transferencia de la línea en 24.9 kV Central Moxos - SERT.
2013-04-17,Desconexión de Carga Manual,TRINIDAD,ENDED,D,14:54,18:07,0.95,Límite en la capacidad de transferencia de la línea en 24.9 kV Central Moxos - SERT.
2013-04-17,Desconexión de Carga Manual,TRINIDAD,ENDED,D,18:07,18:26,1.45,Habilitación de cuellos entre los alimentadores IM42 e IM44 en S/E Trinidad.
2013-04-17,Desconexión de Carga Manual,TRINIDAD,ENDED,D,18:26,18:37,1.85,Habilitación de cuellos entre los alimentadores IM42 e IM44 en S/E Trinidad.
2013-04-17,Desconexión de Carga Manual,TRINIDAD,ENDED,D,18:37,19:55,2.45,Habilitación de cuellos entre los alimentadores IM42 e IM44 en S/E Trinidad.
2013-05-06,Desconexión de Carga,Potosi,SEPSA,D,11:20,11:45,24.58,Desconexión de la línea en 69 kV Potosí - Velarde II.
2013-05-10,Desconexión de Carga,LA PAZ,DELAPAZ,D,15:57,16:09,24.4,Desconexión de la línea en 69 kV Kenko- Tilata.
2013-05-10,Desconexión de Carga,SANTA CRUZ,CRE,D,22:00,22:25,6.5,Desconexión del transformador de potencia TRARB11502.
2013-05-20,Desconexión de Carga,SANTA CRUZ,CRE,D,17:17,17:59,19.7,Choque de retroexcavadora a línea de MT.
2013-05-21,Desconexión de Carga,SANTA CRUZ,CRE,D,13:43,13:54,19.8,Desconexión de la línea en 115 kV Arboleda - Montero.
2013-05-28,Desconexión de Carga,SANTA CRUZ,CRE,D,19:53,19:57,16.9,Desconexión de la línea en 69 kV Nueva Jerusalén - Viru Viru - Warnes (fuertes vientos).
2013-06-02,Desconexión de Carga,SANTA CRUZ,CRE,D,05:21,06:12,6.2,Desconexión de la línea en 69 kV Primero de Mayo - Pailón.
2013-06-08,Desconexión de Carga,POTOSI,MSCR,CNR,16:59,17:14,24.4,Desconexión de Molinos Bolas Nº 1 y Bolas Nº 2 por bajo voltaje y Molino SAG por enclavamiento del proceso.
2013-06-09,Desconexión de Carga,COCHABAMBA,ELFEC,D,19:22,19:48,9.5,Desconexión del alimentador CB de S/E Central por causa no determinada.
2013-06-09,Desconexión de Carga,COCHABAMBA,ELFEC,D,19:43,20:19,13.2,Desconexión del alimentador CA de S/E Central debido a fuertes vientos.
2013-06-14,Desconexión de Carga,TRINIDAD,ENDED,D,19:19,19:35,4.0,Desconexión de la línea en 115 kV Caranavi - Trinidad.
2013-06-14,Desconexión del EDAC,TRINIDAD,ENDED,D,19:19,19:53,7.2,Desconexión de la línea en 115 kV Caranavi - Trinidad.
2013-06-17,Desconexión de Carga,COCHABAMBA,ELFEC,D,13:09,13:18,13.9,Desconexión de la línea en 115 kV Rafael Urquidi - Alalay (contacto accidental durante trabajos en protecciones).
2013-06-20,Desconexión de Carga,POTOSI,MSCR,CNR,12:41,12:53,15.5,"Desconexión del Mollino SAG, por bajo voltaje."
2013-06-20,Desconexión de Carga,ORURO,ELFEO,D,13:13,13:45,5.5,Desconexión de la línea en 69 kV Cuadro Siglo - Avicaya.
2013-06-20,Desconexión de Carga,POTOSI,MSCR,CNR,14:41,14:58,5.4,Operó relé de bajo voltaje.
2013-06-20,Desconexión de Carga,POTOSI,MSCR,CNR,15:01,15:15,15.4,Operó relé de bajo voltaje.
2013-06-20,Desconexión de Carga,POTOSI,MSCR,CNR,18:13,18:34,25.7,Operó relé de bajo voltaje.
2013-06-28,Desconexión de Carga,POTOSI,SEPSA,D,12:48,14:00,27.3,Trabajos de emergencia en la línea en 69 kV Potosí-Velarde II.
2013-06-28,Desconexión de Carga,POTOSI,SEPSA,D,14:47,15:03,16.8,Desconexión de la línea en 69 kV Potosí-Velarde II
2013-07-13,Desconexión de Carga,LA PAZ,DELAPAZ,D,15:23,15:26,6.2,Desconexión del transformador de potencia TRCOS11501.
2013-07-14,Desconexión de Carga,ORURO,ELFEO,D,06:38,07:03,30.0,Desconexión de las líneas en 69 kV Cuadro Siglo-Sud y Huayñacota- Sud.
2013-07-19,Desconexión de Carga,ORURO,ELFEO,D,20:39,20:48,18.8,"Desconexión de la línea en 69 kV Huayñacota - Sud, por nevada."
2013-07-22,Desconexión del EDAC,TRINIDAD,ENDED,D,11:33,12:09,2.56,Desconexión de la línea en 115 kV San Ignacio de Moxos - Trinidad.
2013-07-22,Desconexión de Carga,TRINIDAD,ENDED,D,11:33,12:12,2.23,Desconexión de la línea en 115 kV Caranavi - Yucumo-San Borja - San Ignacio de Moxos.
2013-07-22,Desconexión de Carga,LA PAZ,DELAPAZ,D,12:03,12:05,3.1,"Proceso de restitución, indisponibilidad del interruptor A365."
2013-07-22,Desconexión de Carga,POTOSI,SEPSA,D,12:51,13:21,19.92,Desconexión de la línea en 69 kV Potosí - Velarde II.
2013-07-23,Desconexión de Carga,LA PAZ,DELAPAZ,D,11:19,11:28,40.56,Desconexión de la línea en 115 kV Kenko - Pampahasi.
2013-07-23,Desconexión de Carga,TRINIDAD,ENDED,D,11:20,11:53,2.12,Desconexión de la línea en 115 kV Caranavi - Yucumo-San Borja - San Ignacio de Moxos.
2013-07-23,Desconexión del EDAC,TRINIDAD,ENDED,D,11:20,11:55,2.11,Desconexión de la línea en 115 kV San Ignacio de Moxos - Trinidad.
2013-07-24,Desconexión de Carga,LA PAZ,DELAPAZ,D,03:26,03:31,2.89,Desconexión de la línea en 115 kV Chuspipata - Caranavi.
2013-07-24,Desconexión de Carga,TRINIDAD,ENDED,D,03:26,03:59,1.31,Desconexión de la línea en 115 kV Caranavi - Yucumo.
2013-07-25,Desconexión de Carga,SANTA CRUZ,CRE,D,09:47,10:02,16.46,Desconexión de la línea en 69 kV Nueva Jerusalén - Viru Viru - Warnes.
2013-07-29,Desconexión de Carga,LA PAZ,DELAPAZ,D,14:42,15:18,16.8,Desconexión de la línea en 69 kV Tembladerani - Alto La Paz - Munaypata - Alto Achachicala.
2013-07-31,Desconexión de Carga,LA PAZ,DELAPAZ,D,14:19,14:35,34.6,Desconexión de la línea en 115 kV Kenko - Pampahasi.
2013-08-07,Desconexión de Carga,TRINIDAD,ENDED,D,08:04,08:13,0.28,Desconexión de la línea en 115 kV San Borja- San Ignacio de Moxos-Trinidad.
2013-08-07,Desconexión del EDAC,TRINIDAD,ENDED,D,08:04,08:19,4.36,Desconexión de la línea en 115 kV San Borja- San Ignacio de Moxos-Trinidad.
2013-08-08,Desconexión de Carga,LA PAZ,DELAPAZ,D,20:44,24:00,7.5,Desconexión de la línea en 69 kV Alto Achachicala - Huarina - Achacachi.
2013-08-09,Desconexión de Carga,LA PAZ,DELAPAZ,D,00:00,01:08,7.5,Desconexión de la línea en 69 kV Alto Achachicala - Huarina - Achacachi.
2013-08-09,Desconexión de Carga,SANTA CRUZ,CRE,D,23:13,24:00,16.8,Desconexión de la línea en 115 kV Arboleda - Montero y de la unidad GBE01.
2013-08-10,Desconexión de Carga,SANTA CRUZ,CRE,D,00:00,00:06,16.8,Desconexión de la línea en 115 kV Arboleda - Montero y de la unidad GBE01.
2013-08-13,Desconexión de Carga,LA PAZ,DELAPAZ,D,09:38,10:11,13.3,Desconexión de la línea en 69 kV Kenko - Tembladerani.
2013-08-21,Desconexión de Carga,SANTA CRUZ,CRE,D,12:27,13:05,11.5,Desconexión de la línea en 69 kV Primero de Mayo - Pailón.
2013-08-21,Desconexión de Carga,SUCRE,CESSA,D,20:44,21:55,8.27,No determinada.
2013-08-23,Desconexión de Carga,TRINIDAD,ENDED,D,20:17,20:56,1.2,Contacto de línea de proyecto de ampliación de ENDED con la línea TRI-ABR24.
2013-08-23,Desconexión de Carga,LA PAZ,DELAPAZ,D,21:57,22:04,52.2,Desconexión de la línea Kenko-Pampahasi por descargas atmosféricas.
2013-09-06,Desconexión de Carga,LA PAZ,DELAPAZ,D,03:24,07:46,3.2,Falla en la línea en 69 kV Achachicala - Huarina.
2013-09-07,Desconexión de Carga,LA PAZ,DELAPAZ,D,17:51,17:56,21.5,Desconexión de la línea 115 kV Kenko-Cosmos-Rio Seco-Alto Achachicala.
2013-09-10,Desconexión de Carga,POTOSI,SEPSA,D,11:25,11:34,26.0,Desconexión de la línea en 69 kV Potosí - Velarde II.
2013-09-13,Desconexión de Carga,COCHABAMBA,ELFEC,D,11:49,11:57,79.7,Desconexión accidental de la línea ARO-CEN115.
2013-09-15,Colapso Total,TRINIDAD,ENDED,D,11:12,11:33,7.4,Desconexión de las unidades de central Moxos.
2013-09-15,Desconexión de Carga,POTOSI,MSCR,CNR,16:05,16:26,46.7,Desconexión de línea en 230 kV Punutuma - San Cristóbal.
2013-09-16,Desconexión de Carga,POTOSI,MSCR,CNR,21:15,21:27,27.6,"Desconexión de los Molinos Bolas Nº 1, Nº 2 y SAG, por operación de la protección de bajo voltaje,"
2013-09-26,Desconexión de Carga,TRINIDAD,ENDED,D,04:28,04:38,0.19,Desconexión de la línea en 115 kV San Borja- San Ignacio de Moxos-Trinidad.
2013-09-26,Desconexión del EDAC,TRINIDAD,ENDED,D,04:28,04:46,1.19,Desconexión de la línea en 115 kV San Borja- San Ignacio de Moxos-Trinidad.
2013-09-27,Desconexión de Carga,POTOSI,MSCR,CNR,12:01,12:14,21.9,"Operó protección de bajo voltaje, molino de bolas 2 y molino SAG."
2013-09-27,Desconexión de Carga,POTOSI,MSCR,CNR,12:01,12:14,25.5,Desconexión de la línea PUN-SCR230.
2013-10-05,Desconexión de Carga,ORURO,ELFEO,D,12:57,14:39,11.7,Desconexión de la línea en 69 kV Huayñacota-Sud.
2013-10-15,Desconexión de Carga,ORURO,ELFEO,D,17:27,17:33,17.5,Desconexión de la línea en 69 kV Huayñacota - Sud.
2013-10-16,Desconexión de Carga,SUCRE,CESSA,D,20:47,21:01,14.7,Desconexión de carga en S/E Fancesa por falla interna.
2013-10-17,Desconexión de Carga,COCHABAMBA,ELFEC,D,02:35,02:47,13.41,"Desconexión del TRARO115, ocasionado por choque de vehículo contra poste de media tensión."
2013-10-18,Desconexión de Carga Manual,SANTA CRUZ,CRE,D,11:47,11:50,23.7,Desconexión de la línea FER-MAP069.
2013-10-22,Desconexión de Carga,TRINIDAD,ENDED,D,11:11,11:21,3.15,Desconexión de la línea en 115 kV Caranavi-Yucumo.
2013-10-22,Desconexión del EDAC,TRINIDAD,ENDED,D,11:11,11:39,2.3,Desconexión de la línea en 115 kV San Ignacio de Moxos - Trinidad por transferencia de disparo.
2013-10-26,Desconexión de carga,Potosí.,MSCR,CNR,05:29,05:33,5.2,Desconexión de la línea en 230 kV Punutuma - San Cristóbal.
2013-10-31,Desconexión de Carga,ORURO,ELFEO,D,14:06,14:14,17.8,Desconexión de las líneas en 69 kV Huayñacota - Sud y Huayñacota - Viloco.
2013-11-07,Desconexión del EDAC,SANTA CRUZ,CRE,D,10:50,10:55,2.4,Desconexión de la unidad generadora YAN.
2013-11-07,Desconexión del EDAC,POTOSI,MSCR,CNR,10:50,10:55,1.1,Desconexión de la unidad generadora YAN.
2013-11-07,Desconexión del EDAC,SUCRE,CESSA,D,10:50,10:56,2.4,Desconexión de la unidad generadora YAN.
2013-11-07,Desconexión del EDAC,TRINIDAD,ENDED,D,10:50,10:59,0.6,Desconexión de la unidad generadora YAN.
2013-11-11,Desconexión de Carga,LA PAZ,DELAPAZ,D,23:46,23:51,4.9,Desconexión de la línea CRN-CHS115.
2013-11-11,Desconexión de Carga,TRINIDAD,ENDED,D,23:46,23:57,2.95,Desconexión de las líneas CRN-CHS115 y transferencia CRN-YUC115.
2013-11-11,Desconexión del EDAC,TRINIDAD,ENDED,D,23:46,24:00,3.37,Desconexión de la línea CRN-CHS115 y por transferencia MOX-TRI115.
2013-11-18,Desconexión del EDAC,TRINIDAD,ENDED,D,07:49,07:52,0.34,Desconexión de las unidades BUL01 y BUL02.
2013-11-18,Desconexión del EDAC,SUCRE,CESSA,D,07:49,07:53,2.5,Desconexión de las unidades BUL01 y BUL02.
2013-11-18,Desconexión del EDAC,LA PAZ,DELAPAZ,D,07:49,07:54,7.9,Desconexión de las unidades BUL01 y BUL02.
2013-11-18,Desconexión del EDAC,SANTA CRUZ,CRE,D,07:49,07:55,5.2,Desconexión de las unidades BUL01 y BUL02.
2013-11-18,Desconexión del EDAC,ORURO,ELFEO,D,07:49,08:01,5.0,Desconexión de las unidades BUL01 y BUL02.
2013-11-18,Desconexión del EDAC,POTOSI,SEPSA,D,07:49,08:01,1.66,Desconexión de las unidades BUL01 y BUL02.
2013-11-18,Desconexión del EDAC,POTOSI,MSCR,CNR,07:49,08:01,1.25,Desconexión de las unidades BUL01 y BUL02.
2013-11-18,Desconexión del EDAC,ORURO,EMIRSA,CNR,07:49,08:40,0.7,Desconexión de las unidades BUL01 y BUL02.
2013-11-19,Desconexión de Carga,ORURO,ELFEO,D,15:46,15:51,16.0,Desconexión de la línea en 69 kV Huayñacota-Sud.
2013-11-19,Desconexión de Carga,SUCRE,CESSA,D,16:49,17:03,11.9,"Desconexión de los alimentadores CESSA 1, CESSA2 y CESSA 3 por descargas atmosféricas."
2013-11-29,Desconexión del EDAC,TRINIDAD,ENDED,D,14:32,14:36,0.24,Desconexión de la unidad YAN.
2013-11-29,Desconexión del EDAC,POTOSI,MSCR,CNR,14:32,14:39,0.87,Desconexión de la unidad YAN.
2013-11-29,Desconexión del EDAC,ORURO,ELFEO,D,14:33,14:41,1.0,Desconexión de la unidad YAN.
2013-11-29,Desconexión del EDAC,COCHABAMBA,ELFEC,D,14:33,14:57,3.5,Desconexión de la unidad YAN.
2013-11-29,Desconexión del EDAC,SUCRE,CESSA,D,14:34,14:36,2.4,Desconexión de la unidad YAN.
2013-11-29,Desconexión del EDAC,SANTA CRUZ,CRE,D,14:34,14:36,0.8,Desconexión de la unidad YAN.
2013-12-05,Colapso Total,TRINIDAD,ENDED,D,15:20,16:35,14.1,Falla en la línea en 115 kV Kenko - Alto Achachicala.
2013-12-05,Colapso Total,LA PAZ,DELAPAZ,D,15:20,17:51,203.4,Falla en la línea en 115 kV Kenko - Alto Achachicala.
2013-12-06,Desconexión de Carga,TRINIDAD,ENDED,D,15:42,15:49,3.9,Desconexión de la línea en 115 kV Caranavi-Yucumo-San Borja-San Ignacio de Moxos.
2013-12-06,Desconexión del EDAC,TRINIDAD,ENDED,D,15:42,16:01,4.2,Desconexión de la línea en 115 kV San Ignacio de Moxos de Moxos-Trinidad.
2013-12-06,Desconexión del EDAC,TRINIDAD,ENDED,D,17:38,17:49,3.6,Desconexión de la línea en 115 kV San Ignacio de Moxos de Moxos-Trinidad.
2013-12-06,Desconexión de Carga,TRINIDAD,ENDED,D,17:38,18:44,3.6,Desconexión de la línea en 115 kV Caranavi-Yucumo-San Borja-San Ignacio de Moxos.
2013-12-06,Desconexión de Carga,TRINIDAD,ENDED,D,18:14,18:20,3.1,Desconexión de la línea en 115 kV Caranavi-Yucumo-San Borja-San Ignacio de Moxos.
2013-12-06,Desconexión del EDAC,TRINIDAD,ENDED,D,18:14,18:25,1.6,Desconexión de la línea en 115 kV San Ignacio de Moxos de Moxos-Trinidad.
2013-12-06,Desconexión de Carga,TRINIDAD,ENDED,D,18:25,18:38,2.9,Desconexión de la línea en 115 kV Caranavi-Yucumo-San Borja-San Ignacio de Moxos.
2013-12-06,Desconexión del EDAC,TRINIDAD,ENDED,D,18:25,18:43,1.3,Desconexión de la línea en 115 kV San Ignacio de Moxos de Moxos-Trinidad.
2013-12-06,Desconexión de Carga,LA PAZ,DELAPAZ,D,18:28,18:35,3.4,Desconexión de la línea en 115 kV Caranavi - Chuspipata.
2013-12-10,Desconexión de Carga,TRINIDAD,ENDED,D,11:01,11:08,3.6,Desconexión de la línea en 115 kV Caranavi - Yucumo.
2013-12-10,Desconexión del EDAC,TRINIDAD,ENDED,D,11:01,11:18,3.3,Desconexión de la línea en 115 kV Trinidad - San Ignacio de Moxos.
2013-12-10,Desconexión de Carga,LA PAZ,DELAPAZ,D,11:44,12:13,7.3,Falla en el transformador de potencia TRALP06902.
2013-12-11,Desconexión de Carga,SUCRE,CESSA,D,09:13,10:10,8.5,"Perturbación de voltaje, ver Informe Preliminar de Falla N° 354-13"
2013-12-11,Desconexión de Carga,TRINIDAD,ENDED,D,18:19,18:30,5.3,Desconexión de las líneas en 24.9kV Trinidad - Rebaje y Trinidad - Central Moxos.
2013-12-12,Desconexión de Carga,LA PAZ,DELAPAZ,D,11:56,12:27,3.7,Desconexión de la línea en 115 kV Caranavi - Chuspipata.
2013-12-12,Desconexión de Carga,LA PAZ,DELAPAZ,D,11:56,12:27,3.7,Desconexión de la línea en 115 kV Caranavi - Chuspipata.
2013-12-12,Desconexión de Carga,TRINIDAD,ENDED,D,11:56,12:32,2.96,Desconexión de la línea en 115 kV Caranavi - Trinidad.
2013-12-12,Colapso Total,TRINIDAD,ENDED,D,11:56,12:32,12.4,Desconexión de la línea en 115 kV Chuquiaguillo-Chuspipata y desconexión de unidades en Central Moxos.
2013-12-12,Desconexión de Carga,TRINIDAD,ENDED,D,11:56,12:32,2.96,Desconexión de la línea en 115 kV Caranavi - Trinidad.
2013-12-12,Colapso Total,TRINIDAD,ENDED,D,11:56,12:32,12.4,Desconexión de la línea en 115 kV Chuquiaguillo-Chuspipata y desconexión de unidades en Central Moxos.
2013-12-12,Desconexión del EDAC,SANTA CRUZ,CRE,D,11:57,12:04,3.5,Desconexión de la línea en 115 kV Chuquiaguillo-Chuspipata.
2013-12-12,Desconexión del EDAC,COCHABAMBA,ELFEC,D,11:57,12:04,3.0,Desconexión de la línea en 115 kV Chuquiaguillo-Chuspipata.
2013-12-12,Desconexión del EDAC,SUCRE,CESSA,D,11:57,12:04,2.5,Desconexión de la línea en 115 kV Chuquiaguillo-Chuspipata.
2013-12-12,Desconexión del EDAC,SANTA CRUZ,CRE,D,11:57,12:04,3.5,Desconexión de la línea en 115 kV Chuquiaguillo-Chuspipata.
2013-12-12,Desconexión del EDAC,COCHABAMBA,ELFEC,D,11:57,12:04,3.0,Desconexión de la línea en 115 kV Chuquiaguillo-Chuspipata.
2013-12-12,Desconexión del EDAC,SUCRE,CESSA,D,11:57,12:04,2.5,Desconexión de la línea en 115 kV Chuquiaguillo-Chuspipata.
2013-12-12,Desconexión del EDAC,ORURO,CMVINTO,CNR,11:57,12:05,2.0,Desconexión de la línea en 115 kV Chuquiaguillo-Chuspipata.
2013-12-12,Desconexión del EDAC,ORURO,CMVINTO,CNR,11:57,12:05,2.0,Desconexión de la línea en 115 kV Chuquiaguillo-Chuspipata.
2013-12-12,Desconexión del EDAC,ORURO,ELFEO,D,11:57,12:07,1.5,Desconexión de la línea en 115 kV Chuquiaguillo-Chuspipata.
2013-12-12,Desconexión del EDAC,ORURO,ELFEO,D,11:57,12:07,1.5,Desconexión de la línea en 115 kV Chuquiaguillo-Chuspipata.
2013-12-12,Desconexión del EDAC,POTOSI,MSCR,CNR,11:57,12:08,0.9,Desconexión de la línea en 115 kV Chuquiaguillo-Chuspipata.
2013-12-12,Desconexión del EDAC,POTOSI,MSCR,CNR,11:57,12:08,0.9,Desconexión de la línea en 115 kV Chuquiaguillo-Chuspipata.
2013-12-12,Desconexión del EDAC,LA PAZ,DELAPAZ,D,11:57,12:27,3.7,Desconexión de la línea en 115 kV Chuquiaguillo-Chuspipata.
2013-12-12,Desconexión del EDAC,LA PAZ,DELAPAZ,D,11:57,12:27,3.7,Desconexión de la línea en 115 kV Chuquiaguillo-Chuspipata.
2013-12-13,Desconexión de Carga,ORURO,ELFEO,D,15:21,15:28,17.0,Desconexión de la línea HUY-SUD069.
2013-12-16,Desconexión del EDAC,TRINIDAD,ENDED,D,17:10,17:22,3.23,Desconexión de línea en 115 kV Yucumo - San Borja.
2013-12-25,Desconexión de Carga,TRINIDAD,ENDED,D,13:31,13:38,2.74,Desconexión de la línea en 115 kV Caranavi - Yucumo.
2013-12-25,Desconexión del EDAC,TRINIDAD,ENDED,D,13:31,13:49,1.62,Desconexión de la línea en 115 kV San Ignacio de Moxos - Trinidad.
2013-12-28,Desconexión de Carga,COCHABAMBA,COBOCE,CNR,17:43,17:50,9.5,Reconexión de la línea en 115 kV Valle Hermoso - Catavi.
2013-12-30,Desconexión de Carga,TRINIDAD,ENDED,D,12:23,12:29,3.47,Desconexión de la línea en 115 kV Caranavi - Yucumo.
2013-12-30,Desconexión del EDAC,TRINIDAD,ENDED,D,12:23,12:55,5.11,Desconexión de la línea en 115 kV San Ignacio de Moxos - Trinidad.
2013-12-31,Desconexión del EDAC,TRINIDAD,ENDED,D,23:38,23:47,4.3,Desconexión de la línea en 115 kV San Ignacio de Moxos - Trinidad.
2014-01-01,Desconexión del EDAC,COCHABAMBA,ELFEC,D,19:11,19:16,3.2,Desbalance de potencia entre oferta y demanda.
2014-01-01,Desconexión del EDAC,POTOSI,MSCR,CNR,19:11,19:18,1.1,Desbalance de potencia entre oferta y demanda.
2014-01-01,Desconexión del EDAC,TRINIDAD,ENDED,D,19:11,19:20,0.46,Desbalance de potencia entre oferta y demanda.
2014-01-01,Desconexión del EDAC,SUCRE,CESSA,D,19:11,19:20,2.6,Desbalance de potencia entre oferta y demanda.
2014-01-01,Desconexión del EDAC,ORURO,ELFEO,D,19:11,19:28,1.7,Desbalance de potencia entre oferta y demanda.
2014-01-01,Desconexión del EDAC,SANTA CRUZ,CRE,D,19:12,19:23,0.9,Desbalance de potencia entre oferta y demanda.
2014-01-02,Desconexión de Carga,TRINIDAD,ENDED,D,14:23,14:41,5.5,Desconexión de la línea TRI-ABR024.
2014-01-06,Desconexión de Carga,SUCRE,CESSA,D,21:28,21:35,14.0,Desconexión de la línea en 14.9 kV Sucre-Fancesa.
2014-01-12,Desconexión del EDAC,LA PAZ,DELAPAZ,D,00:28,00:30,4.8,"Disparo de unidades generadoras BUL01, BUL02 y BUL03."
2014-01-12,Desconexión del EDAC,SUCRE,CESSA,D,00:28,00:31,1.7,"Disparo de unidades generadoras BUL01, BUL02 y BUL03."
2014-01-12,Desconexión del EDAC,COCHABAMBA,ELFEC,D,00:28,00:32,2.6,"Disparo de unidades generadoras BUL01, BUL02 y BUL03."
2014-01-12,Desconexión del EDAC,TRINIDAD,ENDED,D,00:28,00:33,0.45,"Disparo de unidades generadoras BUL01, BUL02 y BUL03."
2014-01-12,Desconexión del EDAC,SANTA CRUZ,CRE,D,00:28,00:34,2.4,"Disparo de unidades generadoras BUL01, BUL02 y BUL03."
2014-01-12,Desconexión del EDAC,ORURO,ELFEO,D,00:28,00:37,1.7,"Disparo de unidades generadoras BUL01, BUL02 y BUL03."
2014-01-12,Desconexión del EDAC,ORURO,CMVINTO,CNR,00:28,00:43,1.0,"Disparo de unidades generadoras BUL01, BUL02 y BUL03."
2014-01-12,Desconexión del EDAC,POTOSI,MSCR,CNR,00:28,00:44,1.1,"Disparo de unidades generadoras BUL01, BUL02 y BUL03."
2014-01-12,Desconexión del EDAC,ORURO,EMIRSA,CNR,00:28,00:58,0.3,"Disparo de unidades generadoras BUL01, BUL02 y BUL03."
2014-01-12,Desconexión del EDAC,LA PAZ,DELAPAZ,D,01:47,01:50,8.5,"Reconexión de la línea en 115 kV Chuspipata- Pichu, disparo de las unidades YAN y CHJ."
2014-01-19,Desconexión de Carga,POTOSI,MSCR,CNR,23:58,24:00,28.3,"Operación protección de bajo voltaje, reconexión de la línea CAR-CHI230."
2014-01-24,Desconexión de Carga,TRINIDAD,ENDED,D,03:56,03:59,1.86,Desconexión de la línea en 24.9 kV Trinidad -13 de Abril (IM42).
2014-01-24,Desconexión del EDAC,TRINIDAD,ENDED,D,03:56,04:05,1.56,Desconexión de la línea en 24.9 kV Trinidad - Central Moxos (IM44).
2014-01-29,Desconexión de Carga,ORURO,ELFEO,D,07:29,07:35,15.5,Desconexión de la línea en 69 kV Huayñacota - Sud.
2014-02-01,Desconexión de Carga,ORURO,ELFEO,D,14:44,14:57,6.7,Desconexión de la línea en 69 kV Cuadro Siglo - Sud.
2014-02-04,Desconexión de Carga,COCHABAMBA,COBOCE,CNR,01:40,01:47,4.06,Operación de la protección de bajo voltaje.
2014-02-04,Desconexión de Carga,SUCRE,CESSA,D,01:40,02:40,8.0,Variación de voltaje.
2014-02-04,Desconexión de Carga,POTOSI,MSCR,CNR,01:40,03:05,44.07,Operación del Esquema de Interdisparos.
2014-02-04,Desconexión de Carga,POTOSI,SEPSA,D,01:40,03:27,10.19,Operación del Esquema de Interdisparos.
2014-02-04,Desconexión de Carga,TRINIDAD,ENDED,D,01:41,01:57,2.02,Desconexión de las líneas en 115 kV CRN-YUC-SBO-MOX-TRI.
2014-02-04,Desconexión del EDAC,TRINIDAD,ENDED,D,01:41,02:06,1.4,Desconexión de las líneas en 115 kV CRN-YUC-SBO-MOX-TRI.
2014-02-06,Desconexión del EDAC,SANTA CRUZ,CRE,D,07:07,07:14,0.8,Desconexión de las unidades BUL01 y BUL02.
2014-02-06,Desconexión del EDAC,ORURO,ELFEO,D,07:07,07:14,0.5,Desconexión de las unidades BUL01 y BUL02.
2014-02-06,Desconexión del EDAC,COCHABAMBA,ELFEC,D,07:07,07:21,2.8,Desconexión de las unidades BUL01 y BUL02.
2014-02-06,Desconexión del EDAC,TRINIDAD,ENDED,D,07:07,07:22,0.44,Desconexión de las unidades BUL01 y BUL02.
2014-02-06,Desconexión del EDAC,POTOSI,MSCR,CNR,07:07,07:26,1.21,Desconexión de las unidades BUL01 y BUL02.
2014-02-07,Desconexión de Carga,TRINIDAD,ENDED,D,18:47,19:46,1.8,Desconexión de la línea TRI-MOS024 y de las unidades de central Moxos.
2014-02-08,Desconexión del EDAC,TRINIDAD,ENDED,D,06:12,06:22,0.16,Desconexión de las línea en 115 kV Caranavi-Yucumo y Trinidad-San Ignacio de Moxos.
2014-02-08,Desconexión de Carga,TRINIDAD,ENDED,D,06:12,11:30,1.63,Desconexión de las línea en 115 kV Caranavi-Yucumo-San Borja - San Ignacio de Moxos.
2014-02-08,Desconexión de Carga,ORURO,ELFEO,D,15:41,15:48,14.0,Desconexión de la línea en 69 kV Huayñacota-Sud.
2014-02-08,Desconexión de Carga,ORURO,ELFEO,D,16:56,17:02,5.0,Desconexión de la línea en 69 kV Cuadro Siglo-Avicaya.
2014-02-08,Desconexión de Carga,COCHABAMBA,ELFEC,D,19:26,19:29,7.1,Desconexión del transformador TRCAL11501.
2014-02-09,Desconexión de Carga,COCHABAMBA,COBOCE,CNR,15:04,15:08,12.5,Reconexión de la línea en 115 kV Valle Hermoso - Catavi.
2014-02-13,Desconexión de Carga,TRINIDAD,ENDED,D,16:05,16:39,4.39,Apertura del reconectador OVR salida interruptor IM43 de S/E Trinidad.
2014-02-14,Desconexión de Carga,TRINIDAD,ENDED,D,06:46,06:53,1.62,Desconexión de las líneas en 115 kV Caranavi - Yucumo y San Ignacio de Moxos - Trinidad.
2014-02-14,Desconexión del EDAC,TRINIDAD,ENDED,D,06:46,06:58,1.45,Desconexión de la línea en 115 kV San Ignacio de Moxos-Trinidad.
2014-02-15,Desconexión de Carga,TRINIDAD,ENDED,D,12:19,12:25,2.23,Desconexión de las líneas en 115 kV Caranavi-Yucumo y San Ignacio de Moxos-Trinidad.
2014-02-15,Desconexión del EDAC,TRINIDAD,ENDED,D,12:19,12:29,3.29,Desconexión de las líneas en 115 kV Caranavi-Yucumo y San Ignacio de Moxos-Trinidad.
2014-02-15,Desconexión del EDAC,TRINIDAD,ENDED,D,12:39,13:33,4.8,Desconexión de las líneas en 115 kV Caranavi-Yucumo y San Ignacio de Moxos-Trinidad.
2014-02-15,Desconexión de Carga,TRINIDAD,ENDED,D,12:39,15:52,2.0,Desconexión de las líneas en 115 kV Caranavi-Yucumo y San Ignacio de Moxos-Trinidad.
2014-02-16,Desconexión del EDAC,TRINIDAD,ENDED,D,10:35,11:02,4.57,"Desconexión de las líneas Caranavi-Yucumo, San Ignacio de Moxos-Trinidad."
2014-02-16,Desconexión de Carga,TRINIDAD,ENDED,D,10:35,11:25,2.25,"Desconexión de las líneas Caranavi-Yucumo, San Ignacio de Moxos-Trinidad."
2014-02-16,Desconexión de Carga,TRINIDAD,ENDED,D,12:13,12:18,2.37,"Desconexión de las líneas Caranavi-Yucumo, San Ignacio de Moxos-Trinidad."
2014-02-16,Desconexión del EDAC,TRINIDAD,ENDED,D,12:13,12:21,1.9,"Desconexión de las líneas Caranavi-Yucumo, San Ignacio de Moxos-Trinidad."
2014-02-16,Desconexión del EDAC,TRINIDAD,ENDED,D,13:17,14:02,1.9,"Desconexión de las líneas Caranavi-Yucumo, San Ignacio de Moxos-Trinidad."
2014-02-16,Desconexión de Carga,TRINIDAD,ENDED,D,13:17,16:01,2.27,"Desconexión de las líneas Caranavi-Yucumo, San Ignacio de Moxos-Trinidad."
2014-02-16,Desconexión del EDAC,TRINIDAD,ENDED,D,16:28,16:48,1.31,"Desconexión de las líneas Caranavi-Yucumo, San Ignacio de Moxos-Trinidad."
2014-02-16,Desconexión de Carga,TRINIDAD,ENDED,D,16:28,17:24,0.91,"Desconexión de las líneas Caranavi-Yucumo, San Ignacio de Moxos-Trinidad."
2014-02-17,Desconexión del EDAC,TRINIDAD,ENDED,D,06:23,06:34,1.62,No determinada.
2014-02-17,Desconexión de Carga,TRINIDAD,ENDED,D,09:49,09:56,2.82,Desconexión de la línea Caranavi-Yucumo.
2014-02-17,Desconexión del EDAC,TRINIDAD,ENDED,D,11:02,266:52,0.43,"Desconexión de las líneas Caranavi-Yucumo, San Ignacio de Moxos-Trinidad."
2014-02-17,Desconexión de Carga,TRINIDAD,ENDED,D,11:02,390:57,2.58,"Desconexión de las líneas Caranavi-Yucumo, San Ignacio de Moxos-Trinidad."
2014-02-19,Desconexión del EDAC,COCHABAMBA,ELFEC,D,02:48,03:02,5.3,Desconexión de la unidad GCH10.
2014-02-19,Desconexión del EDAC,LA PAZ,DELAPAZ,D,02:48,03:04,5.9,Desconexión de la unidad GCH10.
2014-02-19,Desconexión del EDAC,TRINIDAD,ENDED,D,02:48,03:07,0.98,Desconexión de la unidad GCH10.
2014-02-19,Desconexión del EDAC,POTOSI,SEPSA,D,02:48,03:09,1.8,Desconexión de la unidad GCH10.
2014-02-19,Desconexión del EDAC,SUCRE,CESSA,D,02:48,03:12,1.6,Desconexión de la unidad GCH10.
2014-02-19,Desconexión del EDAC,ORURO,ELFEO,D,02:48,03:14,2.8,Desconexión de la unidad GCH10.
2014-02-19,Desconexión del EDAC,POTOSI,EMIRSA,CNR,02:48,03:14,0.8,Desconexión de la unidad GCH10.
2014-02-19,Desconexión del EDAC,POTOSI,MSCR,CNR,02:48,03:23,2.36,Desconexión de la unidad GCH10.
2014-02-19,Desconexión del EDAC,SANTA CRUZ,CRE,D,02:48,03:24,14.8,Desconexión de la unidad GCH10.
2014-02-20,Desconexión de Carga,TRINIDAD,ENDED,D,01:20,01:27,2.37,Desconexión de la línea en 115 kV Caranavi-Yucumo.
2014-02-20,Desconexión del EDAC,TRINIDAD,ENDED,D,01:20,01:32,3.18,Desconexión de la línea en 115 kV San Ignacio de Moxos - Trinidad.
2014-02-20,Desconexión del EDAC,TRINIDAD,ENDED,D,16:39,16:47,1.92,Desconexión de la línea en 115 kV San Ignacio de Moxos - Trinidad.
2014-02-22,Desconexión de Carga,ORURO,ELFEO,D,10:36,10:44,17.0,Desconexión de línea en 69 kV Huayñacota - Sud.
2014-02-24,Desconexión de Carga,LA PAZ,DELAPAZ,D,11:31,11:31,23.4,Reconexión de la línea en 115 kV Alto Achachicala - Kenko.
2014-02-24,Desconexión del EDAC,TRINIDAD,ENDED,D,12:26,12:37,3.58,Desconexión de línea en 115 kV San Ignacio de Moxos - Trinidad.
2014-02-27,Desconexión de Carga,ORURO,CMVINTO,CNR,18:35,21:11,4.7,Desconexión de la línea VIN-CMV069.
2014-02-28,Desconexión de Carga,ORURO,ELFEO,D,19:57,20:15,18.5,Desconexión de las líneas en 69 kV Huayñacota - Miguillas y Sud - Norte.
2014-03-03,Desconexión de Carga,SANTA CRUZ,CRE,D,01:57,02:21,16.7,Desconexión de línea en 115 kV Arboleda  Montero.
2014-03-03,Desconexión de Carga,SANTA CRUZ,CRE,D,03:21,03:31,14.9,Desconexión de línea en 115 kV Arboleda  Montero.
2014-03-03,Desconexión de Carga,TRINIDAD,ENDED,D,11:59,12:04,2.76,Desconexión de la línea en 115 kV Caranavi - Yucumo.
2014-03-03,Desconexión del EDAC,TRINIDAD,ENDED,D,11:59,12:07,2.81,Desconexión de la línea en 115 kV San Ignacio de Moxos - Trinidad.
2014-03-06,Desconexión de Carga,ORURO,ELFEO,D,16:24,16:30,7.6,Desconexión de la línea en 69 kV Cuadro Siglo - Bolívar - Avicaya - Quillacas.
2014-03-06,Regulación de Voltaje,COCHABAMBA,ELFEC,D,19:13,19:59,2.34,Requerimiento de potencia en el SIN.
2014-03-06,Regulación de Voltaje,LA PAZ,DELAPAZ,D,19:13,19:59,4.0,Requerimiento de potencia en el SIN.
2014-03-06,Regulación de Voltaje,SANTA CRUZ,CRE,D,19:13,19:59,9.5,Requerimiento de potencia en el SIN.
2014-03-06,Regulación de Voltaje,SUCRE,CESSA,D,19:13,19:59,0.6,Requerimiento de potencia en el SIN.
2014-03-06,Regulación de Voltaje,POTOSI,SEPSA,D,19:13,19:59,0.5,Requerimiento de potencia en el SIN.
2014-03-06,Regulación de Voltaje,ORURO,ELFEO,D,19:13,19:59,0.8,Requerimiento de potencia en el SIN.
2014-03-07,Desconexión de Carga,LA PAZ,DELAPAZ,D,22:03,22:16,5.6,"Desconexión de las líneas CHS-TCH115, TRI-MOS024 y unidades CHJ,CJL01, CJL02."
2014-03-07,Desconexión de Carga,TRINIDAD,ENDED,D,22:03,22:20,17.16,"Desconexión de las líneas CHS-TCH115, TRI-MOS024 y unidades CHJ,CJL01, CJL02."
2014-03-07,Desconexión del EDAC,TRINIDAD,ENDED,D,22:03,22:44,1.6,"Desconexión de las líneas CHS-TCH115, TRI-MOS024 y unidades CHJ,CJL01, CJL02."
2014-03-08,Regulación de Voltaje,COCHABAMBA,ELFEC,D,18:31,19:47,4.0,Requerimiento de potencia en el SIN.
2014-03-08,Regulación de Voltaje,SANTA CRUZ,CRE,D,18:31,19:47,9.0,Requerimiento de potencia en el SIN.
2014-03-08,Regulación de Voltaje,LA PAZ,DELAPAZ,D,18:31,19:47,7.0,Requerimiento de potencia en el SIN.
2014-03-08,Regulación de Voltaje,SUCRE,CESSA,D,18:31,19:47,0.5,Requerimiento de potencia en el SIN.
2014-03-08,Regulación de Voltaje,POTOSI,SEPSA,D,18:31,19:49,0.6,Requerimiento de potencia en el SIN.
2014-03-08,Regulación de Voltaje,ORURO,ELFEO,D,18:31,19:49,0.55,Requerimiento de potencia en el SIN.
2014-03-09,Regulación de Voltaje,LA PAZ,DELAPAZ,D,19:40,21:11,9.0,Parada de emergencia de unidades GCH09 y GCH12.
2014-03-09,Regulación de Voltaje,SANTA CRUZ,CRE,D,19:40,21:11,8.0,Parada de emergencia de unidades GCH09 y GCH12.
2014-03-09,Regulación de Voltaje,COCHABAMBA,ELFEC,D,19:40,21:12,3.3,Parada de emergencia de unidades GCH09 y GCH12.
2014-03-09,Regulación de Voltaje,SUCRE,CESSA,D,19:41,21:12,0.5,Parada de emergencia de unidades GCH09 y GCH12.
2014-03-09,Regulación de Voltaje,POTOSI,SEPSA,D,19:41,21:12,0.6,Parada de emergencia de unidades GCH09 y GCH12.
2014-03-09,Regulación de Voltaje,ORURO,ELFEO,D,19:41,21:12,0.55,Parada de emergencia de unidades GCH09 y GCH12.
2014-03-10,Desconexión de Carga,LA PAZ,DELAPAZ,D,13:00,13:15,3.98,Desconexión línea 115 kV Tap Chuquiaguillo-Chuspipta.
2014-03-10,Desconexión de Carga,TRINIDAD,ENDED,D,13:00,13:16,2.91,Desconexión líneas 115 kV Tap Chuquiaguillo - Chuspipata y San Ignacio de Moxos - Trinidad.
2014-03-10,Desconexión del EDAC,TRINIDAD,ENDED,D,13:00,13:28,6.11,"Operó protección de Separación de áreas, desconexión línea 115 kV San Ignacio de Moxos-Trinidad."
2014-03-10,Regulación de Voltaje,COCHABAMBA,ELFEC,D,14:18,16:28,2.5,Requerimiento de potencia en el SIN.
2014-03-10,Regulación de Voltaje,LA PAZ,DELAPAZ,D,14:19,16:29,9.0,Requerimiento de potencia en el SIN.
2014-03-10,Regulación de Voltaje,SANTA CRUZ,CRE,D,14:20,16:28,10.0,Requerimiento de potencia en el SIN.
2014-03-10,Regulación de Voltaje,POTOSI,SEPSA,D,14:20,16:28,0.65,Requerimiento de potencia en el SIN.
2014-03-10,Regulación de Voltaje,SUCRE,CESSA,D,14:20,16:28,0.5,Requerimiento de potencia en el SIN.
2014-03-10,Regulación de Voltaje,ORURO,ELFEO,D,14:20,16:28,0.6,Requerimiento de potencia en el SIN.
2014-03-10,Regulación de Voltaje,COCHABAMBA,ELFEC,D,18:33,20:18,3.8,Requerimiento de potencia en el SIN.
2014-03-10,Regulación de Voltaje,SANTA CRUZ,CRE,D,18:33,20:18,10.0,Requerimiento de potencia en el SIN.
2014-03-10,Regulación de Voltaje,LA PAZ,DELAPAZ,D,18:33,20:19,9.0,Requerimiento de potencia en el SIN.
2014-03-10,Regulación de Voltaje,POTOSI,SEPSA,D,18:37,20:18,0.4,Requerimiento de potencia en el SIN.
2014-03-10,Regulación de Voltaje,ORURO,ELFEO,D,18:37,20:18,0.5,Requerimiento de potencia en el SIN.
2014-03-10,Regulación de Voltaje,SUCRE,CESSA,D,18:38,20:18,0.5,Requerimiento de potencia en el SIN.
2014-03-11,Desconexión del EDAC,TRINIDAD,ENDED,D,03:58,04:06,1.65,Desconexión de línea en 115 kV San Ignacio de Moxos-Trinidad.
2014-03-11,Desconexión de Carga,LA PAZ,DELAPAZ,D,14:43,14:57,40.4,Desconexión de línea en 115 kV Kenko - Pampahasi-Tap Chuquiaguillo.
2014-03-11,Desconexión de Carga,LA PAZ,DELAPAZ,D,15:09,15:11,20.0,Desconexión de línea en 115 kV Kenko - Pampahasi.
2014-03-12,Regulación de Voltaje,LA PAZ,DELAPAZ,D,18:43,20:23,10.0,Requerimiento de potencia en el SIN.
2014-03-12,Regulación de Voltaje,COCHABAMBA,ELFEC,D,18:43,20:23,3.5,Requerimiento de potencia en el SIN.
2014-03-12,Regulación de Voltaje,SANTA CRUZ,CRE,D,18:43,20:23,11.0,Requerimiento de potencia en el SIN.
2014-03-12,Regulación de Voltaje,SUCRE,CESSA,D,18:43,20:23,0.5,Requerimiento de potencia en el SIN.
2014-03-12,Regulación de Voltaje,ORURO,ELFEO,D,18:43,20:23,0.6,Requerimiento de potencia en el SIN.
2014-03-12,Regulación de Voltaje,POTOSI,ELFEO,D,18:43,20:23,0.8,Requerimiento de potencia en el SIN.
2014-03-13,Regulación de Voltaje,COCHABAMBA,ELFEC,D,18:30,21:20,3.5,Requerimiento de potencia en el SIN.
2014-03-13,Regulación de Voltaje,SANTA CRUZ,CRE,D,18:30,21:20,13.0,Requerimiento de potencia en el SIN.
2014-03-13,Regulación de Voltaje,SUCRE,CESSA,D,18:30,21:20,0.7,Requerimiento de potencia en el SIN.
2014-03-13,Regulación de Voltaje,POTOSI,SEPSA,D,18:30,21:20,0.75,Requerimiento de potencia en el SIN.
2014-03-13,Regulación de Voltaje,ORURO,ELFEO,D,18:30,21:20,0.7,Requerimiento de potencia en el SIN.
2014-03-13,Regulación de Voltaje,LA PAZ,DELAPAZ,D,18:30,21:22,11.0,Requerimiento de potencia en el SIN.
2014-03-13,Desconexión de Carga Manual,POTOSI,MSCR,CNR,19:49,20:41,7.0,Requerimiento de potencia en el SIN (ver Informe de Falla Nº 123).
2014-03-13,Desconexión de Carga Manual,COCHABAMBA,COBOCE,CNR,19:49,20:42,1.9,Requerimiento de potencia en el SIN (ver Informe de Falla Nº 123).
2014-03-13,Desconexión de Carga Manual,ORURO,CMVINTO,CNR,19:56,20:43,0.8,Requerimiento de potencia en el SIN (ver Informe de Falla Nº 123).
2014-03-13,Desconexión de Carga Manual,ORURO,EMIRSA,CNR,20:00,20:43,0.3,Requerimiento de potencia en el SIN (ver Informe de Falla Nº 123).
2014-03-14,Regulación de Voltaje,COCHABAMBA,ELFEC,D,18:30,21:00,3.8,Requerimiento de potencia en el SIN.
2014-03-14,Regulación de Voltaje,SANTA CRUZ,CRE,D,18:30,21:00,13.0,Requerimiento de potencia en el SIN.
2014-03-14,Regulación de Voltaje,LA PAZ,DELAPAZ,D,18:30,21:00,11.0,Requerimiento de potencia en el SIN.
2014-03-14,Regulación de Voltaje,SUCRE,CESSA,D,18:30,21:00,0.6,Requerimiento de potencia en el SIN.
2014-03-14,Regulación de Voltaje,ORURO,ELFEO,D,18:30,21:00,0.65,Requerimiento de potencia en el SIN.
2014-03-14,Regulación de Voltaje,POTOSI,SEPSA,D,18:30,21:01,0.7,Requerimiento de potencia en el SIN.
2014-03-30,Desconexión de Carga,LA PAZ,DELAPAZ,D,08:00,08:15,26.9,Desconexión de la línea en 115 kV Kenko - Pampahasi.
2014-04-03,Regulación de Voltaje,COCHABAMBA,ELFEC,D,14:46,16:00,3.0,Indisponibilidad forzada de las unidades de BUL02 y VHE01.
2014-04-03,Regulación de Voltaje,LA PAZ,DELAPAZ,D,14:46,16:01,7.0,Indisponibilidad forzada de las unidades de BUL02 y VHE01.
2014-04-03,Regulación de Voltaje,POTOSI,SEPSA,D,14:47,16:02,0.6,Indisponibilidad forzada de las unidades de BUL02 y VHE01.
2014-04-03,Regulación de Voltaje,ORURO,ELFEO,D,14:47,16:02,0.6,Indisponibilidad forzada de las unidades de BUL02 y VHE01.
2014-04-03,Regulación de Voltaje,SUCRE,CESSA,D,14:47,16:02,0.53,Indisponibilidad forzada de las unidades de BUL02 y VHE01.
2014-04-03,Regulación de Voltaje,SANTA CRUZ,CRE,D,14:48,16:01,12.0,Indisponibilidad forzada de las unidades de BUL02 y VHE01.
2014-04-03,Regulación de Voltaje,LA PAZ,DELAPAZ,D,18:15,20:40,9.0,Indisponibilidad forzada de las unidades de BUL02 y VHE01.
2014-04-03,Regulación de Voltaje,COCHABAMBA,ELFEC,D,18:15,20:41,3.38,Indisponibilidad forzada de las unidades de BUL02 y VHE01.
2014-04-03,Regulación de Voltaje,SANTA CRUZ,CRE,D,18:16,20:40,10.0,Indisponibilidad forzada de las unidades de BUL02 y VHE01.
2014-04-03,Regulación de Voltaje,POTOSI,SEPSA,D,18:16,20:44,0.8,Indisponibilidad forzada de las unidades de BUL02 y VHE01.
2014-04-03,Regulación de Voltaje,ORURO,ELFEO,D,18:16,20:44,0.9,Indisponibilidad forzada de las unidades de BUL02 y VHE01.
2014-04-03,Regulación de Voltaje,SUCRE,CESSA,D,18:16,20:44,0.7,Indisponibilidad forzada de las unidades de BUL02 y VHE01.
2014-04-03,Desconexión de Carga Manual,POTOSI,MSCR,CNR,19:09,20:01,5.0,Indisponibilidad forzada de las unidades de BUL02 y VHE01 (ver Informe de Falla Nº 132)
2014-04-03,Desconexión de Carga Manual,COCHABAMBA,COBOCE,CNR,19:09,20:03,1.2,Indisponibilidad forzada de las unidades de BUL02 y VHE01 (ver Informe de Falla Nº 132)
2014-04-03,Desconexión de Carga Manual,ORURO,EMIRSA,CNR,19:10,20:01,0.2,Indisponibilidad forzada de las unidades de BUL02 y VHE01 (ver Informe de Falla Nº 132)
2014-04-03,Desconexión de Carga Manual,POTOSI,MSCR,CNR,19:13,20:10,7.19,Indisponibilidad forzada de las unidades de BUL02 y VHE01 (ver Informe de Falla Nº 132)
2014-04-03,Desconexión de Carga Manual,COCHABAMBA,COBOCE,CNR,19:13,20:11,1.2,Indisponibilidad forzada de las unidades de BUL02 y VHE01 (ver Informe de Falla Nº 132)
2014-04-03,Desconexión de Carga Manual,ORURO,CMVINTO,CNR,19:13,20:12,1.0,Indisponibilidad forzada de las unidades de BUL02 y VHE01 (ver Informe de Falla Nº 132)
2014-04-03,Desconexión de Carga Manual,ORURO,EMIRSA,CNR,19:13,20:15,0.19,Indisponibilidad forzada de las unidades de BUL02 y VHE01 (ver Informe de Falla Nº 132)
2014-04-05,Desconexión de Carga,SANTA CRUZ,CRE,D,21:15,21:16,12.1,Desconexión del transformador de potencia TRPAL06902 de S/E Pailón.
2014-04-08,Regulación de Voltaje,LA PAZ,DELAPAZ,D,18:52,19:20,3.0,Requerimiento de potencia en el SIN.
2014-04-08,Regulación de Voltaje,COCHABAMBA,ELFEC,D,18:52,19:20,3.0,Requerimiento de potencia en el SIN.
2014-04-08,Regulación de Voltaje,SANTA CRUZ,CRE,D,18:52,19:20,5.0,Requerimiento de potencia en el SIN.
2014-04-09,Regulación de Voltaje,ORURO,ELFEO,D,18:30,21:41,0.63,Requerimiento de potencia en el SIN.
2014-04-09,Regulación de Voltaje,LA PAZ,DELAPAZ,D,18:30,21:41,8.0,Requerimiento de potencia en el SIN.
2014-04-09,Regulación de Voltaje,SANTA CRUZ,CRE,D,18:30,21:41,10.0,Requerimiento de potencia en el SIN.
2014-04-09,Regulación de Voltaje,COCHABAMBA,ELFEC,D,18:30,21:41,3.0,Requerimiento de potencia en el SIN.
2014-04-09,Regulación de Voltaje,SUCRE,CESSA,D,18:30,21:41,0.57,Requerimiento de potencia en el SIN.
2014-04-09,Regulación de Voltaje,POTOSI,SEPSA,D,18:30,21:41,0.5,Requerimiento de potencia en el SIN.
2014-04-09,Desconexión del EDAC,LA PAZ,DELAPAZ,D,20:19,20:21,8.1,Desconexión de la unidad BUL01.
2014-04-09,Desconexión del EDAC,COCHABAMBA,ELFEC,D,20:19,20:21,5.0,Desconexión de la unidad BUL01.
2014-04-09,Desconexión del EDAC,SANTA CRUZ,CRE,D,20:19,20:23,12.1,Desconexión de la unidad BUL01.
2014-04-09,Desconexión del EDAC,POTOSI,MSCR,CNR,20:19,20:23,1.5,Desconexión de la unidad BUL01.
2014-04-09,Desconexión del EDAC,TRINIDAD,ENDED,D,20:19,20:25,1.13,Desconexión de la unidad BUL01.
2014-04-09,Desconexión del EDAC,ORURO,ELFEO,D,20:19,20:27,2.5,Desconexión de la unidad BUL01.
2014-04-09,Desconexión del EDAC,ORURO,EMIRSA,CNR,20:19,20:32,0.4,Desconexión de la unidad BUL01.
2014-04-09,Desconexión del EDAC,ORURO,CMVINTO,CNR,20:19,20:33,1.8,Desconexión de la unidad BUL01.
2014-04-09,Desconexión del EDAC,SUCRE,CESSA,D,20:19,20:37,3.0,Desconexión de la unidad BUL01.
2014-04-10,Regulación de Voltaje,COCHABAMBA,ELFEC,D,18:48,20:00,3.0,Requerimiento de potencia en el SIN.
2014-04-10,Regulación de Voltaje,LA PAZ,DELAPAZ,D,18:48,20:00,5.0,Requerimiento de potencia en el SIN.
2014-04-10,Regulación de Voltaje,SANTA CRUZ,CRE,D,18:48,20:00,9.0,Requerimiento de potencia en el SIN.
2014-04-10,Regulación de Voltaje,POTOSI,SEPSA,D,18:48,20:00,0.15,Requerimiento de potencia en el SIN.
2014-04-10,Regulación de Voltaje,ORURO,ELFEO,D,18:48,20:00,0.4,Requerimiento de potencia en el SIN.
2014-04-10,Regulación de Voltaje,SUCRE,CESSA,D,18:48,20:00,0.15,Requerimiento de potencia en el SIN.
2014-04-12,Desconexión de Carga,ORURO,ELFEO,D,15:07,15:15,14.3,Desconexión de la línea en 69 kV Huayñacota-Sud.
2014-04-15,Desconexión de Carga,SANTA CRUZ,CRE,D,20:25,22:31,22.6,"Choque de vehículo contra poste de 69 kV, línea Nueva Jerusalén - Warnes."
2014-04-17,Desconexión de Carga,SANTA CRUZ,CRE,D,16:06,16:28,18.0,Desconexión de la línea en 69 kV Nueva Jerusalen-Viru Viru-Warnes.
2014-04-20,Desconexión de Carga,LA PAZ,DELAPAZ,D,19:11,19:46,14.0,Desconexión de la línea KEN-TAR-TEM069.
2014-04-22,Desconexión de Carga,COCHABAMBA,ELFEC,D,09:40,09:45,31.5,Desconexión de la línea en 115 kV Valle Hermoso-Rafael Urquidi.
2014-04-22,Desconexión de Carga,SANTA CRUZ,CRE,D,10:28,11:32,19.9,Desconexión de la línea en 69 kV Feria Exposición-Mapaiso.
2014-04-25,Desconexión de Carga,LA PAZ,DELAPAZ,D,11:39,11:48,10.1,Desconexión de la línea Alto Achachicala - Avenida Arce.
2014-04-29,Desconexión de Carga,SANTA CRUZ,CRE,D,14:13,14:28,19.9,Desconexión de la línea en 69 kV Nueva Jerusalén - Viru Viru - Warnes.
2014-05-01,Desconexión de Carga,POTOSI,SEPSA,D,19:09,20:18,14.8,Desconexión del autotransformador ATPOT115.
2014-05-02,Regulación de Voltaje,COCHABAMBA,ELFEC,D,18:24,19:52,3.0,"Requerimiento de potencia en el SIN, disparo de la unidad SCZ02."
2014-05-02,Regulación de Voltaje,LA PAZ,DELAPAZ,D,18:25,19:52,7.0,"Requerimiento de potencia en el SIN, disparo de la unidad SCZ02."
2014-05-02,Regulación de Voltaje,SANTA CRUZ,CRE,D,18:25,19:52,7.0,"Requerimiento de potencia en el SIN, disparo de la unidad SCZ02."
2014-05-02,Regulación de Voltaje,POTOSI,SEPSA,D,18:30,19:52,0.15,"Requerimiento de potencia en el SIN, disparo de la unidad SCZ02."
2014-05-02,Regulación de Voltaje,ORURO,ELFEO,D,18:30,19:52,0.3,"Requerimiento de potencia en el SIN, disparo de la unidad SCZ02."
2014-05-02,Regulación de Voltaje,SUCRE,CESSA,D,18:30,19:52,0.15,"Requerimiento de potencia en el SIN, disparo de la unidad SCZ02."
2014-05-08,Desconexión de Carga,ORURO,ELFEO,D,12:46,12:53,15.9,Desconexión de la línea en 69 kV Huayñacota-Sud.
2014-05-21,Desconexión de Carga,POTOSI,SEPSA,D,13:59,14:03,9.6,Desconexión de la línea PUN-ATO115 debido a contacto accidental durante trabajos en sistema de protecciones.
2014-05-22,Desconexión de Carga,TRINIDAD,ENDED,D,03:30,03:58,2.08,Desconexión de la línea en 115 kV Caranavi-Yucumo-San Ignacio de Moxos.
2014-05-22,Desconexión del EDAC,TRINIDAD,ENDED,D,03:30,04:07,2.65,Desconexión de la línea en 115 kV San Ignacio de Moxos - Trinidad.
2014-05-23,Desconexión de Carga,SANTA CRUZ,CRE,D,00:33,00:41,14.4,Desconexión de la línea ARB-MON115.
2014-05-23,Desconexión de Carga,SANTA CRUZ,CRE,D,01:37,01:42,11.8,Desconexión de la línea ARB-MON115.
2014-05-23,Desconexión de Carga,SANTA CRUZ,CRE,D,02:16,03:04,12.7,Desconexión de la línea NJE-WAR069
2014-05-23,Desconexión de Carga,SANTA CRUZ,CRE,D,02:30,05:21,16.9,Desconexión de la línea FER-MAP069
2014-05-23,Desconexión de Carga,SANTA CRUZ,CRE,D,03:43,06:08,10.5,Desconexión de la línea ARB-MON115.
2014-05-24,Desconexión de Carga,POTOSI,SEPSA,D,15:19,15:31,3.5,Desconexión de la línea en 69 kV Punutuma-Punutuma Hidro y desconexión unidades Sistema Yura.
2014-05-24,Desconexión de Carga,POTOSI,MSCR,CNR,15:19,16:11,26.7,"Desconexión de la línea en 230 Punutuma - San Cristóbal, operó protección de sobre voltaje."
2014-05-24,Desconexión de Carga,POTOSI,MSCR,CNR,22:54,23:52,41.4,"Desconexión de la línea en 230 Punutuma - San Cristóbal, operó protección de sobre voltaje."
2014-05-24,Desconexión de Carga,POTOSI,SEPSA,D,22:54,24:00,3.5,Desconexión de la línea en 69 kV Punutuma-Punutuma Hidro y desconexión unidades Sistema Yura.
2014-05-25,Desconexión de Carga,POTOSI,MSCR,CNR,11:13,11:16,39.5,Desconexión de la línea de 230 kV Punutuma-San Cristóbal.
2014-05-25,Desconexión de Carga,POTOSI,SEPSA,D,11:13,11:46,10.3,Desconexión de la línea en 69 kV Potosí-San Bartolomé.
2014-05-25,Desconexión de Carga,COCHABAMBA,ELFEC,D,15:30,16:54,9.0,Terceros (incendio).
2014-05-28,Desconexión de Carga,POTOSI,SEPSA,D,18:44,19:11,34.2,Desconexión de la línea en 69 kV Potosí - Velarde II.
2014-06-04,Desconexión de Carga,COCHABAMBA,ELFEC,D,12:51,13:21,28.5,Desconexión de la línea CEN-QUI115.
2014-06-10,Desconexión de Carga,POTOSI,SEPSA,D,14:30,15:05,7.8,Desconexión de la línea en 230 kV Santivañez - Sucre y operación del Esquema de Interdisparos.
2014-06-10,Desconexión de Carga,POTOSI,ENDED,D,14:30,15:14,1.4,Desconexión de la línea en 230 kV Santivañez - Sucre y operación del Esquema de Interdisparos.
2014-06-10,Desconexión de Carga,POTOSI,MSCR,CNR,14:30,15:29,23.42,Desconexión de la línea en 230 kV Santivañez - Sucre y operación del Esquema de Interdisparos.
2014-06-16,Colapso Total,TRINIDAD,ENDED,D,17:48,18:09,10.6,Desconexión del Transformador TRTRI11501 y desconexión de las unidades de central Moxos.
2014-06-16,Desconexión de Carga,TRINIDAD,ENDED,D,18:11,18:36,5.7,Desconexión del Transformador TRTRI11501
2014-06-16,Desconexión de Carga,TRINIDAD,ENDED,D,19:50,19:56,7.2,Desconexión del Transformador TRTRI11501
2014-06-17,Desconexión de EDAC,Trinidad,ENDED,D,18:10,18:32,0.86,Desconexión del transformador TRTTRI11501.
2014-07-09,Desconexión de Carga,SANTA CRUZ,CRE,D,13:17,13:41,16.9,Desconexión de la línea en 69 kV Nueva Jerusalén - Viru Viru - Warnes.
2014-07-17,Regulación de Voltaje,SANTA CRUZ,CRE,D,18:36,19:34,5.0,Requerimiento de potencia en el SIN.
2014-07-17,Regulación de Voltaje,COCHABAMBA,ELFEC,D,18:37,19:32,3.37,Requerimiento de potencia en el SIN.
2014-07-17,Regulación de Voltaje,POTOSI,SEPSA,D,18:37,19:32,0.64,Requerimiento de potencia en el SIN.
2014-07-17,Regulación de Voltaje,ORURO,ELFEO,D,18:37,19:32,0.7,Requerimiento de potencia en el SIN.
2014-07-17,Regulación de Voltaje,SUCRE,CESSA,D,18:37,19:32,0.6,Requerimiento de potencia en el SIN.
2014-07-17,Regulación de Voltaje,LA PAZ,DELAPAZ,D,18:37,19:33,5.0,Requerimiento de potencia en el SIN.
2014-07-18,Desconexión del EDAC,TRINIDAD,ENDED,D,10:18,10:24,0.59,Desconexión de las unidades GCH10 y GCH12.
2014-07-18,Desconexión del EDAC,COCHABAMBA,ELFEC,D,10:18,10:28,4.6,Desconexión de las unidades GCH10 y GCH12.
2014-07-18,Desconexión del EDAC,LA PAZ,DELAPAZ,D,10:18,10:29,6.9,Desconexión de las unidades GCH10 y GCH12.
2014-07-18,Desconexión del EDAC,SUCRE,CESSA,D,10:18,10:29,2.4,Desconexión de las unidades GCH10 y GCH12.
2014-07-18,Desconexión del EDAC,POTOSI,SEPSA,D,10:18,10:30,3.67,Desconexión de las unidades GCH10 y GCH12.
2014-07-18,Desconexión del EDAC,ORURO,EMIRSA,CNR,10:18,10:30,0.7,Desconexión de las unidades GCH10 y GCH12.
2014-07-18,Desconexión del EDAC,SANTA CRUZ,CRE,D,10:18,10:31,8.8,Desconexión de las unidades GCH10 y GCH12.
2014-07-18,Desconexión del EDAC,POTOSI,MSCR,CNR,10:18,10:31,0.62,Desconexión de las unidades GCH10 y GCH12.
2014-07-18,Desconexión del EDAC,COCHABAMBA,COBOCE,CNR,10:18,10:31,2.4,Desconexión de las unidades GCH10 y GCH12.
2014-07-18,Desconexión del EDAC,ORURO,CMVINTO,CNR,10:18,10:31,0.6,Desconexión de las unidades GCH10 y GCH12.
2014-07-18,Desconexión del EDAC,ORURO,ELFEO,D,10:18,10:48,2.4,Desconexión de las unidades GCH10 y GCH12.
2014-07-20,Desconexión del EDAC,Cochabamba,COBOCE,CNR,09:22,09:37,1.0,Desconexión de la unidad BUL02.
2014-07-22,Desconexión del EDAC,Trinidad,ENDED,,10:15,10:27,0.65,Desconexión del transformador TRTRI11501.
2014-07-23,Regulación de Voltaje,SANTA CRUZ,CRE,D,18:15,21:15,6.0,Requerimiento de potencia en el SIN.
2014-07-23,Regulación de Voltaje,LA PAZ,DELAPAZ,D,18:15,21:15,5.4,Requerimiento de potencia en el SIN.
2014-07-23,Regulación de Voltaje,COCHABAMBA,ELFEC,D,18:15,21:15,3.0,Requerimiento de potencia en el SIN.
2014-07-23,Regulación de Voltaje,SUCRE,CESSA,D,18:15,21:15,0.66,Requerimiento de potencia en el SIN.
2014-07-23,Regulación de Voltaje,ORURO,ELFEO,D,18:15,21:15,0.64,Requerimiento de potencia en el SIN.
2014-07-23,Regulación de Voltaje,POTOSI,SEPSA,D,18:15,21:15,0.4,Requerimiento de potencia en el SIN.
2014-07-24,Desconexión de Carga,COCHABAMBA,ELFEC,D,18:49,19:04,19.4,Desconexión del transformador TRYPF11503.
2014-07-24,Desconexión de Carga,COCHABAMBA,ELFEC,D,18:49,19:04,19.4,Desconexión del transformador TRYPF11503.
2014-07-24,Desconexión de Carga,LA PAZ,DELAPAZ,D,19:33,23:13,6.6,Desconexión línea en 115 kV Chuspipata-Caranavi.
2014-07-24,Desconexión de Carga,LA PAZ,DELAPAZ,D,19:33,23:13,6.6,Desconexión línea en 115 kV Chuspipata-Caranavi.
2014-07-24,Desconexión de Carga,TRINIDAD,ENDED,D,19:33,23:16,3.76,Desconexión línea en 115 kV Caranavi - Yucumo y San Ignacio de Moxos - Trinidad.
2014-07-24,Desconexión de Carga,TRINIDAD,ENDED,D,19:33,23:16,3.76,Desconexión línea en 115 kV Caranavi - Yucumo y San Ignacio de Moxos - Trinidad.
2014-07-28,Desconexión de Carga,ORURO,ELFEO,D,16:20,16:31,12.0,Desconexión de la línea en 69 kV Huayñacota - Sud.
2014-08-07,Desconexión de Carga,SANTA CRUZ,CRE,D,11:54,13:37,23.8,Volantín en línea de 69 kV Trompillo - Mapaiso.
2014-08-10,Desconexión de Carga,COCHABAMBA,ELFEC,D,05:18,05:35,20.2,Desconexión de la línea CEN-QUI115.
2014-08-13,Desconexión de Carga,SANTA CRUZ,CRE,D,04:07,04:51,15.1,Desconexión de la línea en 115 kV Arboleda - Montero y disparo de la unidad generadora GBE01.
2014-08-13,Desconexión de Carga,SANTA CRUZ,CRE,D,05:29,08:02,12.8,Desconexión de la línea en 115 kV Arboleda - Montero.
2014-08-16,Desconexión de Carga,ORURO,ELFEO,D,17:41,17:54,11.5,Desconexión de la línea en 69 kV Huayñacota- Sud.
2014-08-17,Desconexión del EDAC,TRINIDAD,ENDED,D,02:18,02:26,1.1,Desconexión de las líneas SBO-MOX115 y MOX-TRI115.
2014-08-25,Desconexión del EDAC,TRINIDAD,ENDED,D,12:22,13:23,3.43,Desconexión de la línea CHS-TCH115.
2014-08-25,Desconexión de Carga,TRINIDAD,ENDED,D,12:22,13:23,8.8,Desconexión de la línea CHS-TCH115.
2014-08-25,Desconexión de Carga,LA PAZ,DELAPAZ,D,12:22,14:30,4.6,Desconexión de la línea CHS-TCH115.
2014-08-25,Desconexión del EDAC,TRINIDAD,ENDED,D,15:14,15:43,7.03,Desconexión de la línea CHS-TCH115.
2014-08-25,Desconexión de Carga,LA PAZ,DELAPAZ,D,15:14,16:43,5.09,Desconexión de la línea CHS-TCH115.
2014-08-25,Desconexión de Carga,TRINIDAD,ENDED,D,15:14,17:00,3.55,Desconexión de la línea CHS-TCH115.
2014-08-25,Desconexión de Carga,COCHABAMBA,ELFEC,D,15:56,16:19,15.06,Desconexión del TRARO115.
2014-09-01,Desconexión de Carga,TRINIDAD,ENDED,D,18:13,18:18,3.5,Reconexión de la línea CHS-CRN115.
2014-09-01,Desconexión del EDAC,TRINIDAD,ENDED,D,18:13,18:27,3.4,Reconexión de la línea CHS-CRN115.
2014-09-02,Desconexión de Carga,SANTA CRUZ,CRE,D,09:53,09:56,19.0,Desconexión de la línea Nueva Jerusalem-Viru Viru-Warnes.
2014-09-03,Desconexión del EDAC,TRINIDAD,ENDED,D,14:42,14:52,1.3,Desconexión por sobrecorriente ATPUN11501.
2014-09-03,Desconexión del EDAC,ORURO,CMVINTO,CNR,14:42,14:55,1.9,Desconexión por sobrecorriente ATPUN11501.
2014-09-03,Desconexión del EDAC,SUCRE,CESSA,D,14:42,15:00,2.4,Desconexión por sobrecorriente ATPUN11501.
2014-09-03,Desconexión del EDAC,ORURO,ELFEO,D,14:42,15:07,1.8,Desconexión por sobrecorriente ATPUN11501.
2014-09-03,Desconexión del EDAC,ORURO,EMIRSA,CNR,14:42,15:10,0.7,Desconexión por sobrecorriente ATPUN11501.
2014-09-03,Desconexión del EDAC,LA PAZ,DELAPAZ,D,14:42,15:36,7.6,Desconexión por sobrecorriente ATPUN11501.
2014-09-03,Desconexión del EDAC,SANTA CRUZ,CRE,D,14:42,15:40,16.5,Desconexión por sobrecorriente ATPUN11501.
2014-09-03,Desconexión del EDAC,COCHABAMBA,ELFEC,D,14:42,15:46,3.9,Desconexión por sobrecorriente ATPUN11501.
2014-09-03,Desconexión del EDAC,POTOSI,SEPSA,D,14:42,15:52,7.2,Desconexión por sobrecorriente ATPUN11501.
2014-09-03,Desconexión del EDAC,COCHABAMBA,COBOCE,CNR,14:42,16:09,4.0,Desconexión por sobrecorriente ATPUN11501.
2014-09-03,Desconexión del EDAC,TARIJA,SETAR,D,14:42,16:37,10.3,Desconexión ATTAJ23001.
2014-09-03,Regulación de Voltaje,COCHABAMBA,ELFEC,D,15:29,18:04,3.0,Requerimiento de potencia en el SIN.
2014-09-03,Regulación de Voltaje,SANTA CRUZ,CRE,D,15:29,18:04,9.0,Requerimiento de potencia en el SIN.
2014-09-03,Regulación de Voltaje,LA PAZ,DELAPAZ,D,15:29,18:04,7.0,Requerimiento de potencia en el SIN.
2014-09-03,Regulación de Voltaje,POTOSI,SEPSA,D,15:29,18:04,0.5,Requerimiento de potencia en el SIN.
2014-09-03,Regulación de Voltaje,SUCRE,CESSA,D,15:29,18:04,0.5,Requerimiento de potencia en el SIN.
2014-09-03,Regulación de Voltaje,ORURO,ELFEO,D,15:29,18:04,0.6,Requerimiento de potencia en el SIN.
2014-09-03,Desconexión de Carga,COCHABAMBA,ELFEC,D,20:06,20:49,29.7,Animal (gato sobre transformador de potencia).
2014-09-04,Desconexión de Carga,ORURO,ELFEO,D,14:20,14:26,16.5,Desconexión de línea en 69 kV Huayñacota - Sud.
2014-09-06,Desconexión de Carga,ORURO,ELFEO,D,10:12,10:19,15.07,Terceros (contacto accidental de maquinaria pesada con tirante de línea de 69 kV).
2014-09-09,Desconexión del EDAC,TRINIDAD,ENDED,D,08:54,09:42,4.06,Desconexión de la línea TRI-MOS024 y unidades Central Moxos.
2014-09-09,Desconexión del EDAC,ORURO,ELFEO,D,17:15,17:33,0.5,Desconexión de las líneas en 230 kV Punutuma-Las Carreras-Tarija.
2014-09-09,Desconexión del EDAC,COCHABAMBA,ELFEC,D,17:15,17:34,4.9,Desconexión de las líneas en 230 kV Punutuma-Las Carreras-Tarija.
2014-09-09,Desconexión del EDAC,SUCRE,CESSA,D,17:15,17:34,2.0,Desconexión de las líneas en 230 kV Punutuma-Las Carreras-Tarija.
2014-09-09,Desconexión del EDAC,COCHABAMBA,COBOCE,CNR,17:15,17:44,4.0,Desconexión de las líneas en 230 kV Punutuma-Las Carreras-Tarija.
2014-09-09,Desconexión del EDAC,TARIJA,ENDED,D,17:15,17:49,0.93,Desconexión de las líneas en 230 kV Punutuma-Las Carreras-Tarija.
2014-09-09,Desconexión del EDAC,TARIJA,SETAR,D,17:15,17:51,11.0,Desconexión de las líneas en 230 kV Punutuma-Las Carreras-Tarija.
2014-09-09,Desconexión de Carga,POTOSI,MSCR,CNR,17:24,17:45,23.84,Energización de transformadores de S/E Termoeléctrica del Sur.
2014-09-10,Desconexión de Carga,COCHABAMBA,ELFEC,D,19:13,20:02,14.0,Desconexión del transformador TRYPF11503
2014-09-11,Desconexión de Carga,TRINIDAD,ENDED,D,04:33,04:51,2.51,Reconexión automática de la línea en 115 kV Chuspipata - Caranavi.
2014-09-11,Desconexión del EDAC,TRINIDAD,ENDED,D,04:33,04:51,4.89,Reconexión automática de la línea en 115 kV Chuspipata - Caranavi.
2014-09-14,Desconexión de Carga,SUCRE,CESSA,D,18:48,19:49,10.3,"Desconexión de los alimentadores CESSA01, 02 y 03."
2014-09-24,Desconexión de Carga,TRINIDAD,ENDED,D,17:00,17:10,3.64,Desconexión de la línea en 115 kV Caranavi-Yucumo-San Ignacio de Moxos.
2014-09-24,Desconexión del EDAC,TRINIDAD,ENDED,D,17:00,17:17,7.7,Desconexión de la línea en 115 kV San Ignacio de Moxos - Trinidad.
2014-09-25,Desconexión de Carga,ORURO,ELFEO,D,08:20,08:30,8.3,Desconexión de la línea CAT- CSI069.
2014-09-25,Desconexión de Carga,LA PAZ,DELAPAZ,D,14:01,14:09,13.3,Desconexión de la línea KEN-TEM069.
2014-09-25,Desconexión de Carga,SANTA CRUZ,CRE,D,14:57,15:00,19.3,Desconexión de la línea Nueva Jerusalem-Viru Viru-Warnes.
2014-09-28,Desconexión de Carga,LA PAZ,DELAPAZ,D,12:40,12:45,3.55,Desconexión línea en 115 kV Tap Chuquiaguillo - Chuspipata - Trinidad.
2014-09-28,Desconexión de Carga,TRINIDAD,ENDED,D,12:40,12:49,3.03,Desconexión línea en 115 kV Tap Chuquiaguillo - Chuspipata - Trinidad.
2014-09-28,Desconexión del EDAC,TRINIDAD,ENDED,D,12:40,12:57,4.9,Desconexión de la línea en 115 kV San Ignacio de Moxos - Trinidad.
2014-10-02,Desconexión de Carga,TRINIDAD,ENDED,D,07:19,07:27,3.1,Desconexión línea en 115 kV Caranavi-Yucumo y San Ignacio de Moxos - Trinidad.
2014-10-02,Desconexión del EDAC,TRINIDAD,ENDED,D,07:19,07:31,5.6,Desconexión de la línea en 115 kV San Ignacio de Moxos - Trinidad.
2014-10-03,Desconexión de Carga,SANTA CRUZ,CRE,D,15:37,15:43,19.8,"Terceros, contacto accidental de carga con línea de 69 kV."
2014-10-05,Desconexión de Carga,TRINIDAD,ENDED,D,20:47,20:53,5.6,Desconexión de las líneas en 115 kV Caranavi - Yucumo y San Ignacio de Moxos - Trinidad.
2014-10-05,Desconexión del EDAC,TRINIDAD,ENDED,D,20:47,20:54,7.6,Desconexión de la línea en 115 kV San Ignacio de Moxos - Trinidad.
2014-10-10,Desconexión de Carga,ORURO,ELFEO,D,15:07,15:17,7.0,Desconexión de la línea en 69 kV Cuadro Siglo - Bolívar - Avicaya - Quillacas.
2014-10-10,Desconexión de Carga,COCHABAMBA,COBOCE,CNR,15:39,16:06,9.3,Reconexión automática de la línea en 115 kV Valle Hermoso - Catavi.
2014-10-11,Desconexión de Carga,TARIJA,SETAR,D,08:06,09:37,2.4,Falla en autotransformador ATYAG23001.
2014-10-13,Desconexión de Carga,TRINIDAD,ENDED,D,19:28,19:50,6.46,Desconexión de la línea en 24.9 kV Central Moxos - Rebaje Trinidad.
2014-10-15,Desconexión de Carga,COCHABAMBA,ELFEC,D,16:07,16:43,5.7,Falla en seccionador del TRCAL11501.
2014-10-21,Desconexión de Carga,SANTA CRUZ,CRE,D,17:42,19:25,19.7,Desconexión del TRNJE069011
2014-10-24,Desconexión de Carga,SUCRE,CESSA,D,13:01,13:11,10.26,"Desconexión de los alimentadores CESSA1, CESSA2 y CESSA3"
2014-10-26,Desconexión de Carga,POTOSI,MSCR,CNR,05:32,05:36,4.22,Desconexión de la línea PUN-SCR230
2014-10-26,Desconexión de Carga,POTOSI,ENDED,D,05:32,05:40,0.63,Desconexión de la línea PUN-SCR230
2014-10-28,Desconexión de Carga,LA PAZ,DELAPAZ,D,19:08,19:16,15.7,Desconexión de la línea KEN-TEM069.
2014-10-29,Regulación de Voltaje,LA PAZ,DELAPAZ,D,18:53,19:41,10.0,"Requerimiento de potencia en el SIN, disparo de las unidades BUL02, BUL03 y KEN02."
2014-10-29,Regulación de Voltaje,SANTA CRUZ,CRE,D,18:53,19:48,6.0,"Requerimiento de potencia en el SIN, disparo de las unidades BUL02, BUL03 y KEN02."
2014-10-29,Regulación de Voltaje,COCHABAMBA,ELFEC,D,18:53,19:50,3.2,"Requerimiento de potencia en el SIN, disparo de las unidades BUL02, BUL03 y KEN02."
2014-10-29,Regulación de Voltaje,POTOSI,SEPSA,D,18:53,19:50,5.0,"Requerimiento de potencia en el SIN, disparo de las unidades BUL02, BUL03 y KEN02."
2014-10-29,Regulación de Voltaje,ORURO,ELFEO,D,18:53,19:50,0.6,"Requerimiento de potencia en el SIN, disparo de las unidades BUL02, BUL03 y KEN02."
2014-10-29,Regulación de Voltaje,SUCRE,CESSA,D,18:53,19:50,0.5,"Requerimiento de potencia en el SIN, disparo de las unidades BUL02, BUL03 y KEN02."
2014-10-31,Desconexión de Carga,SANTA CRUZ,CRE,D,14:07,14:12,15.2,Desconexión de la línea en 69 kV Primero de Mayo - Pailón
2014-11-01,Desconexión del EDAC,TRINIDAD,ENDED,D,21:46,21:53,7.8,"Desconexión de las líneas TCH-CHS115, MOX-TRI115 y unidades de Central Moxos."
2014-11-01,Desconexión de Carga,TRINIDAD,ENDED,D,21:46,21:53,6.5,"Desconexión de las líneas TCH-CHS115, MOX-TRI115 y unidades de Central Moxos."
2014-11-03,Desconexión de Carga,TRINIDAD,ENDED,D,13:17,14:00,3.94,Desconexión línea en 115 kV Tap Chuquiaguillo - Chuspipata - Trinidad.
2014-11-03,Desconexión de Carga,LA PAZ,DELAPAZ,D,13:17,14:10,4.4,Desconexión línea en 115 kV Tap Chuquiaguillo - Chuspipata - Trinidad.
2014-11-03,Desconexión del EDAC,TRINIDAD,ENDED,D,13:17,14:16,6.19,Desconexión de la línea en 115 kV San Ignacio de Moxos - Trinidad.
2014-11-07,Desconexión de Carga,POTOSI,SEPSA,D,16:48,19:43,4.7,Desconexión de la línea POT-SBA069.
2014-11-09,Desconexión de carga,SANTA CRUZ,CRE,D,17:53,24:00,18.9,Desconexión del Transformador TRPLM06901.
2014-11-13,Desconexión del EDAC,TRINIDAD,ENDED,D,09:53,10:37,3.2,Desconexión de las líneas 115 kV Caranavi-Yucumo y San Ignacio de Moxos-Trinidad.
2014-11-13,Desconexión de Carga,TRINIDAD,ENDED,D,09:53,24:00,2.7,Desconexión de la línea en 115 kV Caranavi-Yucumo.
2014-11-13,Desconexión de Carga,COCHABAMBA,ELFEC,D,13:49,13:59,33.0,Desconexión de la línea en 115 kV Central-Quillacollo.
2014-11-14,Desconexión de Carga,ORURO,ELFEO,D,15:28,15:36,16.5,Desconexión de la línea en 69 kV Huayñacota - Sud.
2014-11-21,Desconexión de Carga,TARIJA,SETAR,D,15:20,15:34,3.33,Desconexión de la línea en 230 kV Tarija - Yaguacua.
2014-11-21,Desconexión del EDAC,SANTA CRUZ,CRE,D,15:20,15:38,6.0,Desconexión de la línea en 230 kV Tarija - Yaguacua.
2014-11-21,Desconexión del EDAC,ORURO,ELFEO,D,15:20,15:39,0.45,Desconexión de la línea en 230 kV Tarija - Yaguacua.
2014-11-21,Desconexión del EDAC,COCHABAMBA,ELFEC,D,15:20,15:40,6.6,Desconexión de la línea en 230 kV Tarija - Yaguacua.
2014-11-21,Desconexión del EDAC,SUCRE,CESSA,D,15:20,15:40,2.4,Desconexión de la línea en 230 kV Tarija - Yaguacua.
2014-11-21,Desconexión del EDAC,TRINIDAD,ENDED,D,15:20,15:41,0.96,Desconexión de la línea en 230 kV Tarija - Yaguacua.
2014-11-21,Desconexión del EDAC,POTOSI,MSCR,CNR,15:20,15:41,0.3,Desconexión de la línea en 230 kV Tarija - Yaguacua.
2014-11-21,Colapso Total,ORURO,CMVINTO,CNR,16:05,16:10,5.13,Desconexión del autotransformador ATVIN11501.
2014-11-21,Colapso Total,ORURO,ELFEO,D,16:05,16:34,60.47,Desconexión del ATVIN11501.
2014-11-28,Desconexión de Carga,TRINIDAD,ENDED,D,00:40,00:52,2.94,Desconexión de las líneas CRN-YUC115 y MOX-TRI115.
2014-11-28,Desconexión del EDAC,TRINIDAD,ENDED,D,00:40,00:56,4.64,Desconexión de la línea MOX-TRI115.
2014-11-29,Desconexión de Carga,LA PAZ,DELAPAZ,D,12:14,12:22,4.8,Desconexión de la línea Tiquimani - Tap Chuquiaguillo - Pampahasi.
2014-11-29,Desconexión de Carga,TRINIDAD,ENDED,D,12:14,12:26,3.42,Desconexión de la línea Tiquimani - Tap Chuquiaguillo - Pampahasi.
2014-11-29,Desconexión del EDAC,TRINIDAD,ENDED,D,12:14,12:37,6.54,Desconexión de la línea Tiquimani - Tap Chuquiaguillo - Pampahasi.
2014-12-01,Desconexión de Carga,COCHABAMBA,ELFEC,D,04:41,06:44,13.6,Desconexión de los transformadores TRCHI23001 y TRCHI23002.
2014-12-01,Desconexión del EDAC,TRINIDAD,ENDED,D,12:41,12:44,1.8,Desconexión de la línea Kenko - Caiconi - Alto Achachicala.
2014-12-01,Desconexión de Carga,LA PAZ,DELAPAZ,D,12:41,12:58,12.0,Desconexión de la línea Kenko - Caiconi - Alto Achachicala.
2014-12-01,Desconexión del EDAC,LA PAZ,DELAPAZ,D,12:41,12:58,8.0,Desconexión de la línea Kenko - Caiconi - Alto Achachicala.
2014-12-01,Desconexión de Carga,COCHABAMBA,ELFEC,D,19:40,19:45,17.6,Desconexión del transformador TRYPF11503.
2014-12-02,Desconexión de Carga,ORURO,ELFEO,D,14:57,15:02,12.5,Desconexión de la línea en 69 kV Huayñacota - Sud.
2014-12-02,Desconexión de Carga,POTOSI,SEPSA,D,17:22,18:10,9.9,Desconexión de la línea POT-SBA069.
2014-12-02,Desconexión de Carga,COCHABAMBA,ELFEC,D,19:25,19:27,17.4,Desconexión del transformador TRYPF11503.
2014-12-04,Desconexión de Carga,TRINIDAD,ENDED,D,17:47,18:00,6.13,Desconexión de la líneas TRI-MO024 y MOS-OJR024.
2014-12-04,Desconexión de Carga,TRINIDAD,ENDED,D,18:04,18:15,12.5,Desconexión del transformador TRTRI11501.
2014-12-07,Desconexión del EDAC,TRINIDAD,ENDED,D,02:56,03:23,6.8,Desconexión de las unidades MOA02 y MOA06.
2014-12-07,Desconexión de Carga,TRINIDAD,ENDED,D,02:56,03:39,1.1,Desconexión de la línea en 115 kV San Ignacio de Moxos - Trinidad.
2014-12-07,Desconexión de Carga,POTOSI,SEPSA,D,05:22,07:02,10.6,Desconexión de la línea en 69 kV Potosí - San Bartolomé.
2014-12-08,Desconexión del EDAC,TARIJA,SETAR,D,14:53,15:23,10.8,Desconexión de la línea en 24.9 kV Tarija - Villa Avaroa.
2014-12-08,Colapso Total,SANTA CRUZ,CRE,D,14:53,15:40,441.0,"Desconexión de los autotransformadores ATGCH23001, ATGCH23002, ATURU230 y unidades generadoras de central Guaracachi y Santa Cruz."
2014-12-08,Desconexión de Carga,SANTA CRUZ,CRE,D,15:40,16:20,173.0,"Indisponibilidad del autotransformador ATGCH23001 y unidades GCH09, GCH11, GCH12."
2014-12-08,Desconexión de Carga,SANTA CRUZ,CESSA,D,16:20,16:26,188.0,"Desconexión del autotransformador ATGCH23001 e indisponibilidad del ATGCH23002, unidades GCH09, GCH11 y GCH12."
2014-12-08,Desconexión de Carga,SANTA CRUZ,CRE,D,16:26,17:07,153.0,"Indisponibilidad del autotransformador ATGCH23001, unidades GCH09, GCH11 y GCH12."
2014-12-08,Desconexión de Carga Manual,SANTA CRUZ,CRE,D,16:27,16:40,15.0,"Desconexión del autotransformador ATGCH23001 e indisponibilidad del autotrasnformador ATGCH23002, sobrecarga en la linea de 230 kV Carrasco-Arboleda."
2014-12-08,Desconexión de Carga,SANTA CRUZ,CRE,D,17:07,19:24,115.0,"Indisponibilidad del autotransformador ATGCH23001, unidades GCH11 y GCH12."
2014-12-08,Desconexión de Carga,SANTA CRUZ,CRE,D,19:24,21:50,32.0,"Indisponibilidad unidades GCH11 y GCH12, capacidad de transferencia en las líneas de 230 kV Carrasco - Arboleda y Carrasco - Warnes."
2014-12-08,Desconexión de Carga,SANTA CRUZ,CRE,D,21:50,22:54,20.0,"Indisponibilidad unidades GCH11 y GCH12, capacidad de transferencia en las líneas de 230 kV Carrasco - Arboleda y Carrasco - Warnes."
2014-12-09,Desconexión de Carga,ORURO,ELFEO,D,14:00,15:30,15.0,Descargas atmosféricas.
2014-12-11,Desconexión de Carga,COCHABAMBA,COBOCE,CNR,01:08,02:00,7.1,Variación de voltaje en el Sistema.
2014-12-11,Desconexión de Carga,SUCRE,CESSA,D,01:08,02:04,4.0,Variación de voltaje en el Sistema.
2014-12-11,Desconexión del EDAC,TRINIDAD,ENDED,D,03:13,04:06,5.2,"Desconexión por transferencia de disparo de la línea en 115 kV, San Ignacio de Moxos - Trinidad."
2014-12-11,Desconexión de Carga,TRINIDAD,ENDED,D,03:13,05:30,3.05,"Desconexión de las líneas en 115 kV, Chuspipata - Caranavi y San Ignacio de Moxos - Trinidad."
2014-12-11,Desconexión de Carga,LA PAZ,DELAPAZ,D,03:13,05:54,6.75,"Desconexión de las líneas en 115 kV, Chuspipata - Caranavi, San Ignacio de Moxos - Trinidad."
2014-12-16,Desconexión de Carga,LA PAZ,DELAPAZ,D,13:15,13:23,6.58,"Desconexión de las líneas en 115 kV Tiquimani - Tap Chuquiaguillo - Pampahasi y unidades CJL02, YAN y CHJ."
2014-12-16,Desconexión de Carga,TRINIDAD,ENDED,D,13:15,13:25,4.2,"Desconexión de las líneas en 115 kV Tiquimani - Tap Chuquiaguillo - Pampahasi y unidades CJL02, YAN y CHJ."
2014-12-16,Desconexión del EDAC,LA PAZ,DELAPAZ,D,13:15,13:29,18.5,Desconexión de las líneas en 115 kV Tiquimani - Tap Chuquiaguillo - Pampahasi y Tiquimani - Alto Achachicala II.
2014-12-17,Desconexión de Carga,ORURO,ELFEO,D,13:06,13:11,6.8,Desconexión de la línea en 69 kV Cuadro Siglo-Avicaya.
2014-12-19,Desconexión de Carga,ORURO,ELFEO,D,17:39,17:42,9.5,Desconexión de la línea en 69 kV Cuadro Siglo - Sud.
2014-12-23,Desconexión de Carga,COCHABAMBA,ELFEC,D,12:11,12:20,9.3,"Desconexión del transformador TRCAL11502, por falsa señal de temperatura del devanado."
2014-12-25,Desconexión de Carga,ORURO,ELFEO,D,21:20,24:00,7.5,Desconexión de la línea en 69 kV Cuadro Siglo - Sud.
2014-12-29,Desconexión de Carga,POTOSI,MSCR,CNR,12:28,12:41,20.6,Reconexión de la línea en 230 kV Punutuma - Sucre.
2014-12-29,Desconexión de Carga,TARIJA,SETAR,D,20:48,21:04,12.4,Desconexión de la línea Caiza - Yacuiba por descargas atmosféricas.
2014-12-30,Desconexión de Carga,TARIJA,SETAR,D,07:40,07:50,7.1,Desconexión de la línea Caiza - Yacuiba por vegetación próxima a la línea.
2014-12-31,Desconexión de Carga,TARIJA,SETAR,D,17:16,17:21,4.4,Desconexión de la línea en 69 kV Yaguacua-Villamontes.
2015-01-01,Desconexión de Carga,TARIJA,SETAR,D,05:44,05:48,4.1,Desconexión de la línea en 69 kV Yaguacua-Villamontes.
2015-01-01,Desconexión de Carga,TARIJA,SETAR,D,23:08,23:20,4.8,Desconexión de la línea en 69 kV Yaguacua-Villamontes.
2015-01-02,Desconexión de Carga,LA PAZ,DELAPAZ,D,22:30,22:37,4.0,Desconexión de la línea en 115 kV Tap Chuquiaguillo - Chuspipata.
2015-01-02,Desconexión de Carga,TRINIDAD,ENDED,D,22:30,22:45,5.14,Desconexión de la línea en 115 kV Tap Chuquiaguillo - Chuspipata.
2015-01-02,Desconexión del EDAC,TRINIDAD,ENDED,D,22:30,22:51,7.95,"Desconexión por transferencia de disparo de la línea en 115 kV, San Ignacio de Moxos - Trinidad."
2015-01-05,Desconexión del EDAC,COCHABAMBA,ELFEC,D,21:20,21:24,8.2,Falla en transformador de tensión en S/E Guaracachi y disparo de unidades generadoras de central Guaracachi y Santa Cruz.
2015-01-05,Desconexión del EDAC,TRINIDAD,ENDED,D,21:20,21:24,2.27,Falla en transformador de tensión en S/E Guaracachi y disparo de unidades generadoras de central Guaracachi y Santa Cruz.
2015-01-05,Desconexión del EDAC,TARIJA,SETAR,D,21:20,21:24,0.5,Falla en transformador de tensión en S/E Guaracachi y disparo de unidades generadoras de central Guaracachi y Santa Cruz.
2015-01-05,Desconexión del EDAC,POTOSI,MSCR,CNR,21:20,21:26,0.8,Falla en transformador de tensión en S/E Guaracachi y disparo de unidades generadoras de central Guaracachi y Santa Cruz.
2015-01-05,Desconexión del EDAC,LA PAZ,DELAPAZ,D,21:20,21:29,10.9,Falla en transformador de tensión en S/E Guaracachi y disparo de unidades generadoras de central Guaracachi y Santa Cruz.
2015-01-05,Desconexión del EDAC,TARIJA,SETAR,D,21:20,21:35,0.5,Falla en transformador de tensión en S/E Guaracachi y disparo de unidades generadoras de central Guaracachi y Santa Cruz.
2015-01-05,Desconexión del EDAC,ORURO,ELFEO,D,21:20,21:38,2.3,Falla en transformador de tensión en S/E Guaracachi y disparo de unidades generadoras de central Guaracachi y Santa Cruz.
2015-01-05,Desconexión del EDAC,SUCRE,CESSA,D,21:20,21:43,4.3,Falla en transformador de tensión en S/E Guaracachi y disparo de unidades generadoras de central Guaracachi y Santa Cruz.
2015-01-05,Desconexión del EDAC,COCHABAMBA,COBOCE,CNR,21:20,22:00,4.0,Falla en transformador de tensión en S/E Guaracachi y disparo de unidades generadoras de central Guaracachi y Santa Cruz.
2015-01-05,Desconexión del EDAC,POTOSI,SEPSA,D,21:20,22:11,4.8,Falla en transformador de tensión en S/E Guaracachi y disparo de unidades generadoras de central Guaracachi y Santa Cruz.
2015-01-05,Desconexión del EDAC,SANTA CRUZ,CRE,D,21:20,22:30,7.0,Falla en transformador de tensión en S/E Guaracachi y disparo de unidades generadoras de central Guaracachi y Santa Cruz.
2015-01-05,Desconexión de Carga,SANTA CRUZ,CRE,D,21:20,23:51,243.0,Falla en transformador de tensión en S/E Guaracachi y disparo de unidades generadoras de central Guaracachi y Santa Cruz.
2015-01-05,Desconexión de Carga Manual,SANTA CRUZ,CRE,D,21:34,21:41,68.0,Límite de transferencia en la línea en 230 kV Carrasco Arboleda.
2015-01-05,Regulación de Voltaje,SANTA CRUZ,CRE,D,22:17,23:56,5.0,Límite de transferencia en la línea en 230 kV Carrasco-Arboleda.
2015-01-05,Desconexión de Carga Manual,SANTA CRUZ,CRE,D,23:18,23:51,10.0,"Límite de transferencia en la línea en 230 kV Carrasco-Arboleda, debido a reducción de carga de la unidad GCH10 por falla en blower."
2015-01-05,Desconexión de Carga Manual,SANTA CRUZ,CRE,D,23:22,23:51,27.0,"Límite de transferencia en la línea en 230 kV Carrasco-Arboleda, debido a disparo de la unidad GCH10(35 MW)."
2015-01-06,Desconexión del EDAC,TRINIDAD,ENDED,D,15:51,15:54,4.3,Desconexión de la línea en 115 kV San Ignacio de Moxos - Trinidad.
2015-01-10,Desconexión de Carga,ORURO,ELFEO,D,12:27,12:33,12.0,Desconexión de la línea en 69 kV Huayñacota - Sud.
2015-01-10,Desconexión de Carga,TARIJA,SETAR,D,13:07,13:17,8.9,Desconexión de la línea en 69 kV Caiza - Yacuiba.
2015-01-11,Desconexión de Carga,SANTA CRUZ,CRE,D,13:58,14:24,15.3,Desconexión del transformador TRPAL06902 de S/E Pailon.
2015-01-14,Desconexión de Carga,ORURO,ELFEO,D,13:36,13:42,16.6,Desconexión de la línea en 69 kV Huayñacota - Sud.
2015-01-16,Desconexión de Carga,SANTA CRUZ,CRE,D,11:00,11:01,9.5,Desconexión del interruptor 12DB2 de lado de baja del transformador TRWAR06902.
2015-01-16,Desconexión de Carga,ORURO,ELFEO,D,12:02,12:32,17.0,Desconexión de la línea en 69 kV Huayñacota - Sud.
2015-01-18,Desconexión del EDAC,LA PAZ,DELAPAZ,D,04:42,04:46,3.0,Desconexión del TRPIC11501.
2015-01-18,Desconexión del EDAC,TRINIDAD,ENDED,D,04:42,04:51,0.7,Reconexión de la línea en 115 kV Pichu - Chuspipata y disparo de las unidades CHJ y YAN.
2015-01-18,Desconexión de Carga,LA PAZ,DELAPAZ,D,05:35,05:47,2.5,Desconexión del TRPIC11501.
2015-01-18,Desconexión de Carga,LA PAZ,DELAPAZ,D,05:52,05:57,2.5,Desconexión del TRPIC11501.
2015-01-18,Desconexión de Carga,LA PAZ,DELAPAZ,D,05:59,11:58,2.5,Desconexión del TRPIC11501.
2015-01-18,Desconexión del EDAC,TRINIDAD,ENDED,D,12:19,12:45,2.85,Desconexión de la línea en 115 kV San Ignacio de Moxos - Trinidad.
2015-01-18,Desconexión de Carga,TRINIDAD,ENDED,D,12:19,12:45,3.12,Desconexión de la línea en 115 kV Carnavi - Yucumo
2015-01-19,Desconexión del EDAC,TRINIDAD,ENDED,D,09:27,10:07,3.45,Desconexión de la línea en 115 kV San Ignacio de Moxos - Trinidad.
2015-01-19,Desconexión de Carga,TRINIDAD,ENDED,D,09:27,10:18,3.27,Desconexión de la línea en 115 kV Caranavi-Yucumo.
2015-01-21,Desconexión del EDAC,TRINIDAD,ENDED,D,07:43,08:14,3.82,"Desconexión de la línea en 115 kV San Ignacio de Moxos- Trinidad, separación de áreas."
2015-01-21,Desconexión de Carga,TRINIDAD,ENDED,D,07:43,08:35,2.84,Desconexión de la línea en 115 kV Tiquimani - Tap Chuquiaguillo-Pampahasi y San Ignacio de Moxos - Trinidad.
2015-01-21,Desconexión de Carga,LA PAZ,DELAPAZ,D,07:43,08:51,5.48,Desconexión de la línea en 115 kV Tiquimani - Tap Chuquiaguillo-Pampahasi y San Ignacio de Moxos - Trinidad.
2015-01-21,Desconexión del EDAC,LA PAZ,DELAPAZ,D,07:53,08:15,16.6,"Perturbación en el sistema, intento de cierre fallido del interruptor A3-570 en S/E PAM."
2015-01-26,Desconexión del EDAC,TRINIDAD,ENDED,D,03:32,03:39,2.46,"Desconexión MOX-TRI, por transferencia de disparo, reconexión automática de la línea en 115 kV Yucumo - San Borja"
2015-01-30,Desconexión de Carga,TRINIDAD,ENDED,D,06:39,06:44,0.68,Desconexión de las líneas en 115 kV San Borja - San Ignacio de Moxos - Trinidad.
2015-01-30,Desconexión del EDAC,TRINIDAD,ENDED,D,06:39,06:53,1.16,"Desconexión de la línea San Ignacio de Moxos - Trinidad, por transferencia de disparo."
2015-01-30,Desconexión de Carga,SANTA CRUZ,CRE,D,11:19,12:18,56.6,Desconexión de las líneas en 69 kV Guaracachi - Primero de Mayo - Parque Industrial.
2015-02-02,Desconexión de Carga,TRINIDAD,ENDED,D,16:01,16:07,1.5,Desconexión de la línea en 115 kV Yucumo - San Borja.
2015-02-02,Desconexión del EDAC,TRINIDAD,ENDED,D,16:01,16:08,7.68,"Desconexión MOX-TRI, por transferencia de disparo."
2015-02-05,Desconexión de Carga,ORURO,ELFEO,D,12:08,12:15,9.0,Desconexión de la línea en 69 kV Cuadro Siglo - Sud.
2015-02-09,Desconexión de Carga,LA PAZ,DELAPAZ,D,12:15,12:21,54.4,Desconexión de la línea en 115 kV Kenko-Pampahasi.
2015-02-10,Desconexión de Carga,TARIJA,SETAR,D,17:22,17:37,6.84,"Desconexión de la línea CAZ-YAU069, debido a vientos fuertes."
2015-02-11,Desconexión de Carga,TRINIDAD,ENDED,D,19:07,19:12,4.6,Desconexión de línea en 115 kV Caranavi - Yucumo.
2015-02-11,Desconexión del EDAC,TRINIDAD,ENDED,D,19:07,19:18,6.51,"Desconexión de línea en 115 kV San Ignacio de Moxos - Trinidad, esquema de transferencia de disparo."
2015-02-12,Desconexión de Carga,ORURO,ELFEO,D,17:02,17:08,7.5,Desconexión de línea en 69 kV Cuadro Siglo - Avicaya.
2015-02-16,Desconexión de Carga,POTOSI,MSCR,CNR,22:30,24:00,20.8,Falla en transformador de excitación de los Molinos Bolas Nº1 y Bolas Nº2.
2015-02-17,Desconexión de Carga,LA PAZ,DELAPAZ,D,00:32,00:37,2.95,Desconexión de la línea en 115 kV Chuspipata - Caranavi.
2015-02-17,Desconexión de Carga,TRINIDAD,ENDED,D,00:32,00:52,4.1,Desconexión de la línea en 115 kV Chuspipata - Caranavi.
2015-02-17,Desconexión del EDAC,TRINIDAD,ENDED,D,00:32,00:52,1.5,"Desconexión de la línea en 115 kV San Ignacio de Moxos - Trinidad, transferencia de disparo."
2015-02-17,Desconexión de Carga,LA PAZ,DELAPAZ,D,00:39,00:44,2.95,Desconexión de la línea en 115 kV Chuspipata - Caranavi.
2015-02-18,Desconexión de Carga,COCHABAMBA,ELFEC,D,20:21,20:55,27.6,Desconexión de la línea en 115 kV Rafael Urquidi-YPFB.
2015-02-20,Desconexión de Carga,COCHABAMBA,ELFEC,D,13:53,14:46,5.4,"Desconexión del transformador TRCAL11501, por pararrayo dañado."
2015-02-21,Desconexión de Carga,SANTA CRUZ,CRE,D,06:06,06:12,11.4,Desconexión del transformador TRMON11501.
2015-02-23,Desconexión de Carga,LA PAZ,DELAPAZ,D,17:21,17:26,23.5,Desconexión de la línea 115 kV Kenko-Cosmos-Rio Seco-Alto Achachicala.
2015-02-24,Desconexión de Carga,SANTA CRUZ,CRE,D,16:18,16:39,23.0,"Desconexión del transformador TRGCH06903, debido a contacto accidental."
2015-03-02,Desconexión de Carga,POTOSI,SEPSA,D,05:08,06:09,10.3,"Desconexión de la línea Potosí - San Bartolomé, debido al esquema de interdisparos."
2015-03-03,Desconexión de Carga,TARIJA,ENDED,D,19:06,19:32,11.0,"Desconexión del TRYAU06901, por falla en línea de media tensión."
2015-03-03,Desconexión del EDAC,TRINIDAD,ENDED,D,20:41,20:55,3.28,Desconexión de las líneas en 115 kV Tiquimani-Sainani y Tiquimani-Chururaqui.
2015-03-03,Desconexión del EDAC,SUCRE,CESSA,D,20:41,21:00,3.0,Desconexión de las líneas en 115 kV Tiquimani-Sainani y Tiquimani-Chururaqui.
2015-03-03,Desconexión del EDAC,POTOSI,SEPSA,D,20:41,21:00,5.0,Desconexión de las líneas en 115 kV Tiquimani-Sainani y Tiquimani-Chururaqui.
2015-03-03,Desconexión del EDAC,COCHABAMBA,ELFEC,D,20:41,21:01,8.27,Desconexión de las líneas en 115 kV Tiquimani-Sainani y Tiquimani-Chururaqui.
2015-03-03,Desconexión del EDAC,SANTA CRUZ,CRE,D,20:41,21:02,21.8,Desconexión de las líneas en 115 kV Tiquimani-Sainani y Tiquimani-Chururaqui.
2015-03-03,Desconexión del EDAC,ORURO,ELFEO,D,20:41,21:04,2.2,Desconexión de las líneas en 115 kV Tiquimani-Sainani y Tiquimani-Chururaqui.
2015-03-03,Desconexión del EDAC,LA PAZ,DELAPAZ,D,20:41,21:05,8.18,Desconexión de las líneas en 115 kV Tiquimani-Sainani y Tiquimani-Chururaqui.
2015-03-03,Desconexión del EDAC,POTOSI,MSCR,CNR,20:41,21:05,0.7,Desconexión de las líneas en 115 kV Tiquimani-Sainani y Tiquimani-Chururaqui.
2015-03-03,Desconexión del EDAC,ORURO,CMVINTO,CNR,20:41,21:05,2.0,Desconexión de las líneas en 115 kV Tiquimani-Sainani y Tiquimani-Chururaqui.
2015-03-03,Desconexión del EDAC,TARIJA,SETAR,D,20:41,21:12,0.52,Desconexión de las líneas en 115 kV Tiquimani-Sainani y Tiquimani-Chururaqui.
2015-03-03,Desconexión del EDAC,COCHABAMBA,COBOCE,CNR,20:41,21:16,4.0,Desconexión de las líneas en 115 kV Tiquimani-Sainani y Tiquimani-Chururaqui.
2015-03-03,Desconexión de Carga,TRINIDAD,ENDED,D,23:22,23:34,3.43,"Esquema de transferencia de disparo, desconexión de las líneas en 115 kV Chuspipata-Caranavi y San Ignacio de Moxos - Trinidad."
2015-03-03,Desconexión del EDAC,TRINIDAD,ENDED,D,23:22,23:41,7.7,"Esquema de transferencia de disparo, desconexión de la línea en 115 kV San Ignacio de Moxos - Trinidad."
2015-03-03,Desconexión de Carga,LA PAZ,DELAPAZ,D,23:27,23:42,5.07,"Desconexión de las líneas en 115 kV Tap Chuquiaguillo- Chuspipata, Chuspipata-Caranavi y Chuspipata-Pichu."
2015-03-05,Desconexión del EDAC,TARIJA,SETAR,D,17:04,18:22,3.4,Desconexión de la línea en 24. 9 kV Tarija - Villa Avaroa.
2015-03-08,Desconexión de Carga,TRINIDAD,ENDED,D,05:20,05:39,1.94,Desconexión de las línea Caranavi - Yucumo - San Borja.
2015-03-08,Desconexión de Carga,LA PAZ,DELAPAZ,D,05:20,09:06,2.34,Desconexión de las línea Caranavi - Yucumo - San Borja.
2015-03-08,Desconexión de Carga,LA PAZ,DELAPAZ,D,11:28,13:26,3.46,Descoenxión de la línea Caranavi - Yucumo.
2015-03-08,Desconexión de Carga,LA PAZ,DELAPAZ,D,22:12,22:20,5.87,"Desconexión de la línea Cumbre - Chuspipata y desconexión de unidades generadoras CHJ, YAN y Central Moxos."
2015-03-08,Colapso Total,TRINIDAD,ENDED,D,22:12,22:29,17.3,"Desconexión de la línea Cumbre - Chuspipata y desconexión de unidades generadoras CHJ, YAN y Central Moxos."
2015-03-12,Desconexión del EDAC,LA PAZ,DELAPAZ,D,04:47,04:54,3.38,Desconexión de las líneas en 115 kV Tiquimani-Sainani y Tiquimani-Chururaqui.
2015-03-12,Desconexión del EDAC,TRINIDAD,ENDED,D,04:47,04:57,1.38,Desconexión de las líneas en 115 kV Tiquimani-Sainani y Tiquimani-Chururaqui.
2015-03-12,Desconexión del EDAC,TRINIDAD,ENDED,D,05:28,05:30,1.3,Desconexión de las líneas en 115 kV Tiquimani-Sainani y Tiquimani-Chururaqui.
2015-03-12,Desconexión del EDAC,ORURO,ELFEO,D,05:28,05:39,2.4,Desconexión de las líneas en 115 kV Tiquimani-Sainani y Tiquimani-Chururaqui.
2015-03-12,Desconexión del EDAC,LA PAZ,DELAPAZ,D,05:28,05:40,15.5,Desconexión de las líneas en 115 kV Tiquimani-Sainani y Tiquimani-Chururaqui.
2015-03-12,Desconexión del EDAC,SANTA CRUZ,CRE,D,05:28,05:42,20.07,Desconexión de las líneas en 115 kV Tiquimani-Sainani y Tiquimani-Chururaqui.
2015-03-12,Colapso Total,ORURO,ELFEO,D,16:11,16:19,57.2,Desconexión de las líneas en 69 kV Vinto-Sud y Catavi-Cuadro Siglo.
2015-03-12,Desconexión del EDAC,POTOSI,MSCR,CNR,16:11,16:22,3.24,Desconexión de las líneas en 69 kV Vinto-Sud y Catavi-Cuadro Siglo.
2015-03-12,Desconexión de Carga,ORURO,ELFEO,D,16:41,16:49,5.6,Desconexión de las líneas en 69 kV Cuadro Siglo-Sud.
2015-03-14,Desconexión del EDAC,TRINIDAD,ENDED,D,02:12,02:41,1.53,Desconexión de las unidades YAN y CHJ.
2015-03-14,Desconexión de Carga,LA PAZ,DELAPAZ,D,02:15,02:20,3.5,Desconexión de la línea en 115 kV Chuspipata - Caranavi.
2015-03-14,Desconexión de Carga,TRINIDAD,ENDED,D,02:15,02:23,3.45,Desconexión de la línea en 115 kV Chuspipata - Caranavi.
2015-03-14,Desconexión del EDAC,TRINIDAD,ENDED,D,02:15,02:42,4.24,"Desconexión de la línea en 115 kV San Ignacio de Moxos - Trinidad, transferencia de disparo."
2015-03-14,Desconexión de Carga,TRINIDAD,ENDED,D,02:27,02:32,3.0,Reconexión de la línea en 115 kV Chuspipata - Caranavi.
2015-03-16,Desconexión de Carga,SANTA CRUZ,CRE,D,05:21,05:43,8.55,Desconexión de la línea en 69 kV Primero de Mayo - Pailón.
2015-03-20,Desconexión de Carga,COCHABAMBA,COBOCE,CNR,15:25,15:28,7.3,Reconexión de la línea en 115 kV Valle Hermoso-Catavi.
2015-03-20,Desconexión de Carga,SANTA CRUZ,CRE,D,16:05,16:09,14.0,Desconexión de la línea en 69 kV Villa Primero de Mayo-Pailón.
2015-03-26,Desconexión del EDAC,TRINIDAD,ENDED,D,09:33,09:36,1.6,Desconexión de línea en 115 kV Cumbre - Tiquimani.
2015-03-26,Desconexión del EDAC,LA PAZ,DELAPAZ,D,09:33,09:48,9.48,Desconexión de línea en 115 kV Cumbre - Tiquimani.
2015-04-14,Desconexión de Carga,POTOSI,SEPSA,D,21:32,23:24,28.7,Desconexión de la línea en 69 kV Potosí - Velarde II.
2015-04-15,Desconexión de Carga,LA PAZ,DELAPAZ,D,10:24,10:39,27.5,"Desconexión de la línea KEN-TIL069, por contacto de objeto metálico a línea de 69 kV."
2015-04-17,Desconexión de Carga,POTOSI,SEPSA,D,13:43,14:05,11.3,"Desconexión del transformador TRVEL06908, debido a contacto de objeto metálico a línea de M.T."
2015-04-20,Desconexión de Carga,SANTA CRUZ,CRE,D,10:30,10:38,13.7,"Terceros (contacto accidental de retroexcavadora con la línea en 69 kV, tramo Viru Viru -Warnes)."
2015-04-20,Desconexión de Carga,LA PAZ,DELAPAZ,D,12:35,12:38,19.2,Desconexión de la línea Kenko - Caiconi - Alto Achachicala.
2015-04-20,Desconexión de Carga,LA PAZ,DELAPAZ,D,12:48,12:50,14.7,Desconexión de la línea Kenko - Caiconi - Alto Achachicala.
2015-04-21,Desconexión del EDAC,TRINIDAD,ENDED,D,01:58,02:08,1.8,"Desconexión de línea en 115 kV San Ignacio de Moxos - Trinidad, esquema de transferencia de disparo."
2015-04-21,Desconexión de Carga,TRINIDAD,ENDED,D,01:58,02:19,3.32,Desconexión de línea en 115 kV Caranavi - Yucumo.
2015-04-23,Desconexión de Carga,POTOSI,SEPSA,D,15:32,16:25,9.8,Esquema de Interdisparos por desconexión de línea en 115 kV Catavi - Potosí.
2015-04-25,Desconexión del EDAC,TARIJA,SETAR,D,11:27,11:57,7.7,Desconexión de línea en 24.9 kV Tarija - Villa Avaroa.
2015-04-26,Desconexión de Carga,SANTA CRUZ,CRE,D,08:25,08:36,8.3,Desconexión de línea Nueva Jerusalén - Viru Viru - Warnes.
2015-05-03,Desconexión de Carga Manual,SANTA CRUZ,CRE,D,04:23,04:53,30.55,Trabajos programados en la barra de 69 kV de S/E Guaracachi.
2015-05-03,Desconexión de Carga Manual,SANTA CRUZ,CRE,D,04:53,06:16,26.51,Trabajos programados en la barra de 69 kV de S/E Guaracachi.
2015-05-03,Desconexión de Carga Manual,SANTA CRUZ,CRE,D,06:16,06:33,23.96,Trabajos programados en la barra de 69 kV de S/E Guaracachi.
2015-05-03,Desconexión de Carga Manual,SANTA CRUZ,CRE,D,06:33,08:05,14.32,Trabajos programados en la barra de 69 kV de S/E Guaracachi.
2015-05-03,Desconexión de Carga Manual,SANTA CRUZ,CRE,D,08:05,08:20,16.82,Trabajos programados en la barra de 69 kV de S/E Guaracachi.
2015-05-03,Desconexión de Carga Manual,SANTA CRUZ,CRE,D,08:20,08:39,20.12,Trabajos programados en la barra de 69 kV de S/E Guaracachi.
2015-05-03,Desconexión de Carga Manual,SANTA CRUZ,CRE,D,08:39,09:00,23.71,Trabajos programados en la barra de 69 kV de S/E Guaracachi.
2015-05-03,Desconexión de Carga Manual,SANTA CRUZ,CRE,D,09:00,09:28,26.07,Trabajos programados en la barra de 69 kV de S/E Guaracachi.
2015-05-11,Desconexión de Carga,POTOSI,MSCR,CNR,06:08,06:19,12.1,Desconexión del Molino SAG.
2015-05-12,Desconexión de Carga,POTOSI,SEPSA,D,15:44,18:00,10.2,"Desconexión de la línea POT-SBA069, causa no determinada."
2015-05-21,Desconexión de Carga,POTOSI,SEPSA,D,16:17,18:09,11.5,"Desconexión de la línea Potosí - San Bartolomé, causa no determinada."
2015-05-22,Desconexión de Carga,POTOSI,SEPSA,D,16:18,18:13,11.6,"Desconexión de la línea Potosí - San Bartolomé, causa no determinada."
2015-05-23,Desconexión de Carga,POTOSI,SEPSA,D,15:55,17:31,10.1,"Desconexión de la línea Potosí - San Bartolomé, causa no determinada."
2015-05-26,Desconexión de Carga,TRINIDAD,ENDED,D,11:59,12:24,1.1,Desconexión de línea en 115 kV Chuspipata - Caranavi.
2015-05-26,Desconexión de Carga,LA PAZ,DELAPAZ,D,11:59,13:05,3.9,Desconexión de línea en 115 kV Chuspipata - Caranavi.
2015-05-26,Desconexión de Carga,TRINIDAD,ENDED,D,11:59,13:11,3.36,Desconexión de línea en 115 kV Chuspipata - Caranavi.
2015-06-02,Desconexión del EDAC,TRINIDAD,ENDED,D,10:05,10:18,3.6,Desconexión de línea en 115 kV San Ignacio de Moxos - Trinidad.
2015-06-07,Desconexión de Carga,POTOSI,SEPSA,D,16:40,18:08,10.9,"Desconexión de la línea en 69 kV Potosí-San Bartolomé, causa no determinada."
2015-06-09,Desconexión de Carga,SANTA CRUZ,CRE,D,14:50,15:24,13.0,Desconexión de la línea en 69 kV Nueva Jerusalén-Viru Viru.
2015-06-09,Desconexión de Carga,POTOSI,SEPSA,D,16:28,18:01,10.6,Desconexión de la línea en 69 kV Potosí-San Bartolomé.
2015-06-10,Desconexión de Carga,SANTA CRUZ,CRE,D,09:24,10:03,12.8,Desconexión de la línea en 69 kV Nueva Jerusalén - Viru Viru.
2015-06-11,Desconexión de Carga,POTOSI,SEPSA,D,16:41,17:49,11.3,Desconexión de la línea en 69 kV Potosí-San Bartolomé.
2015-06-13,Desconexión de Carga,SANTA CRUZ,CRE,D,10:25,10:44,9.5,Desconexión de la línea en 69 kV Guaracachi-Villa Primero de Mayo-Pailón.
2015-06-13,Desconexión de Carga,POTOSI,SEPSA,D,16:46,18:20,9.6,Desconexión de la línea en 69 kV Potosí-San Bartolomé.
2015-06-14,Desconexión del EDAC,TRINIDAD,ENDED,D,08:19,08:25,1.1,Activación de primera etapa de gradiente del EDAC.
2015-06-14,Desconexión de Carga,TRINIDAD,ENDED,D,08:24,08:40,2.1,"Desconexión de la línea en 115 kV Yucumo - San Borja, por sobrevoltaje."
2015-06-14,Desconexión de Carga,LA PAZ,DELAPAZ,D,08:24,08:48,2.2,"Desconexión de la línea en 115 kV Yucumo - San Borja, por sobrevoltaje."
2015-06-14,Desconexión de Carga,LA PAZ,DELAPAZ,D,08:49,09:21,0.5,"Desconexión de la línea en 115 kV Caranavi - Yucumo, por sobrevoltaje."
2015-06-14,Desconexión del EDAC,TRINIDAD,ENDED,D,09:22,09:29,0.6,Activación de primera etapa de subfrecuencia del EDAC.
2015-06-16,Desconexión de Carga,POTOSI,SEPSA,D,15:49,17:32,8.23,Desconexión de la línea en 69 kV Potosí-San Bartolomé.
2015-06-18,Desconexión de Carga,TRINIDAD,ENDED,D,08:44,09:21,3.36,Desconexión de la línea en 115 kV Chuspipata-Caranavi.
2015-06-18,Desconexión de Carga,LA PAZ,DELAPAZ,D,08:44,09:58,1.2,Desconexión de la línea en 115 kV Chuspipata-Caranavi.
2015-06-18,Desconexión de Carga,LA PAZ,DELAPAZ,D,08:44,11:31,2.8,Desconexión de la línea en 115 kV Chuspipata-Caranavi.
2015-06-19,Desconexión del EDAC,SANTA CRUZ,CRE,D,08:54,09:19,20.5,"Desconexión de la línea en 230 kV Tarija - Yaguacua, desconexión de las unidades SUR01,02,03,04."
2015-06-19,Desconexión del EDAC,POTOSI,SEPSA,D,08:54,09:19,5.0,"Desconexión de la línea en 230 kV Tarija - Yaguacua, desconexión de las unidades SUR01,02,03,04."
2015-06-19,Desconexión del EDAC,COCHABAMBA,ELFEC,D,08:54,09:20,7.7,"Desconexión de la línea en 230 kV Tarija - Yaguacua, desconexión de las unidades SUR01,02,03,04."
2015-06-19,Desconexión del EDAC,ORURO,ELFEO,D,08:54,09:22,3.7,"Desconexión de la línea en 230 kV Tarija - Yaguacua, desconexión de las unidades SUR01,02,03,04."
2015-06-19,Desconexión del EDAC,SUCRE,CESSA,D,08:54,09:22,4.8,"Desconexión de la línea en 230 kV Tarija - Yaguacua, desconexión de las unidades SUR01,02,03,04."
2015-06-19,Desconexión del EDAC,LA PAZ,DELAPAZ,D,08:54,09:23,9.95,"Desconexión de la línea en 230 kV Tarija - Yaguacua, desconexión de las unidades SUR01,02,03,04."
2015-06-19,Desconexión del EDAC,POTOSI,EMSC,CNR,08:54,09:23,3.6,"Desconexión de la línea en 230 kV Tarija - Yaguacua, desconexión de las unidades SUR01,02,03,04."
2015-06-19,Desconexión del EDAC,TARIJA,SETAR,D,08:54,09:31,3.0,"Desconexión de la línea en 230 kV Tarija - Yaguacua, desconexión de las unidades SUR01,02,03,04."
2015-06-19,Desconexión de Carga,TARIJA,SETARY,D,08:54,23:40,2.8,"Desconexión de la línea en 230 kV Tarija - Yaguacua, desconexión de las unidades SUR01,02,03,04."
2015-06-19,Desconexión de Carga,POTOSI,SEPSA,D,16:00,18:01,11.1,Desconexión de la línea en 69 kV Potosí-San Bartolomé.
2015-06-20,Desconexión de Carga,POTOSI,SEPSA,D,16:16,17:30,10.7,Desconexión de la línea en 69 kV Potosí-San Bartolomé.
2015-06-22,Desconexión de Carga,POTOSI,SEPSA,D,17:00,17:16,11.1,Desconexión de la línea en 69 kV Potosí-San Bartolomé.
2015-06-25,Desconexión de Carga,SUCRE,CESSA,D,08:56,09:49,15.8,Desconexión del transformador TRSUC06901.
2015-06-30,Desconexión de Carga,ORURO,ELFEO,D,03:01,03:04,5.0,Desconexión de la línea en 69 kV Cuadro Siglo-Bolivar-Avicaya.
2015-06-30,Desconexión de Carga,ORURO,ELFEO,D,04:01,10:04,6.4,Desconexión de la línea en 69 kV Cuadro Siglo-Bolivar-Avicaya.
2015-07-04,Desconexión de Carga,ORURO,ELFEO,D,13:05,14:12,20.7,Desconexión de la línea en 69 kV Huayñacota - Sud.
2015-07-04,Desconexión de Carga,ORURO,ELFEO,D,14:12,15:31,14.4,Indisponibilidad de la línea en 69 kV Huayñacota - Tap Norte.
2015-07-04,Desconexión de Carga,ORURO,ELFEO,D,15:31,19:01,10.5,Indisponibilidad de la línea en 69 kV Huayñacota - Caracollo.
2015-07-09,Desconexión de Carga,LA PAZ,DELAPAZ,D,14:24,14:55,14.8,Desconexión de la línea en 69 kV Kenko-Avenida Arce-Caiconi- Achachicala-Alto Achachicala.
2015-07-09,Desconexión de Carga,LA PAZ,DELAPAZ,D,14:55,15:04,8.2,Desconexión de la línea en 69 kV Kenko-Avenida Arce-Caiconi- Achachicala-Alto Achachicala.
2015-07-09,Desconexión de Carga,LA PAZ,DELAPAZ,D,15:04,15:36,4.6,Desconexión de la línea en 69 kV Kenko-Avenida Arce-Caiconi- Achachicala-Alto Achachicala.
2015-07-15,Desconexión de Carga,TRINIDAD,ENDED,D,12:37,12:41,3.7,Desconexión de la línea en 115 kV Caranavi-Yucumo-San Borja-San Ignacio de Moxos.
2015-07-15,Desconexión del EDAC,TRINIDAD,ENDED,D,12:37,12:47,3.7,Desconexión de la línea en 115 kV San Ignacio de Moxos-Trinidad.
2015-07-15,Desconexión del EDAC,TRINIDAD,ENDED,D,16:39,16:42,1.67,"Causa no determinada, ver Informe de Falla 0212-15."
2015-07-24,Desconexión de Carga,LA PAZ,DELAPAZ,D,17:59,18:28,15.6,Desconexión de la línea en 69 kV Kenko - Alto Achachicala.
2015-07-24,Desconexión de Carga,POTOSI,SEPSA,D,23:30,24:00,6.2,Falla en mufla a la salida del cable subterráneo del alimentador C.
2015-07-25,Desconexión de Carga,POTOSI,CESSA,D,00:00,00:21,6.2,Falla en mufla de salida de cable subterráneo del alimentador C.
2015-07-26,Desconexión de Carga Manual,SANTA CRUZ,CRE,D,03:01,04:04,5.0,Limite de transferencia en la línea en 230 kV Arboleda - Urubo y trabajos de repotenciamiento en la barra GCH069.
2015-07-26,Desconexión de Carga Manual,SANTA CRUZ,CRE,D,10:28,11:43,4.6,Limite de transferencia en la línea en 230 kV Arboleda - Urubo y trabajos de repotenciamiento en la barra GCH069.
2015-07-26,Desconexión de Carga Manual,SANTA CRUZ,CRE,D,11:00,11:43,4.7,Limite de transferencia en la línea en 230 kV Arboleda - Urubo y trabajos de repotenciamiento en la barra GCH069.
2015-07-30,Desconexión del EDAC,TARIJA,SETAR,D,05:50,05:59,3.91,Desconexión de línea en 24.9 kV Tarija - Villa Avaroa (Terceros) .
2015-07-30,Colapso Total,TARIJA,SETAR,D,05:59,07:29,12.62,Activación de la protección de separación de áreas (problemas en generación La Tablada).
2015-07-31,Desconexión de Carga,SANTA CRUZ,CRE,D,08:13,08:24,35.6,Desconexión de la línea en 69 kV Trompillo - Palmar.
2015-07-31,Desconexión de Carga,ORURO,ELFEO,D,18:31,18:44,14.0,Desconexión de la línea en 69 kV Huayñacota - Sud.
2015-08-03,Desconexión de Carga,LA PAZ,DELAPAZ,D,16:47,16:51,14.5,Desconexión de la línea en 69 kV Kenko - Alto Achachicala.
2015-08-09,Desconexión de Carga,ORURO,ELFEO,D,14:19,15:00,5.5,Desconexión de la línea en 69 kV Cuadro Siglo - Avicaya.
2015-08-09,Desconexión de Carga,ORURO,ELFEO,D,15:02,16:06,1.5,Desconexión de la línea en 69 kV Cuadro Siglo - Avicaya.
2015-08-12,Desconexión de Carga,ORURO,ELFEO,D,05:54,06:53,5.1,Desconexión de la línea en 69 kV Sud - Cuadro Siglo.
2015-08-12,Desconexión de Carga,TARIJA,SETARV,D,08:07,08:32,2.6,Desconexión de línea en 230 kV Punutuma - Las Carreras - Tarija y disparo de las unidades de Termoeléctrica del Sur.
2015-08-12,Desconexión de Carga,TARIJA,SETARY,D,08:07,08:32,6.28,Desconexión de línea en 230 kV Punutuma - Las Carreras - Tarija y disparo de las unidades de Termoeléctrica del Sur.
2015-08-12,Desconexión del EDAC,TARIJA,SETAR,D,08:07,08:33,7.69,Desconexión de línea en 230 kV Punutuma - Las Carreras - Tarija y disparo de las unidades de Termoeléctrica del Sur.
2015-08-12,Desconexión de Carga,POTOSI,EMSC,CNR,08:07,08:35,16.5,Desconexión de línea en 230 kV Punutuma - Las Carreras - Tarija y disparo de las unidades de Termoeléctrica del Sur.
2015-08-17,Desconexión del EDAC,ORURO,ELFEO,D,12:30,12:40,1.7,"Desconexión de la línea en 230 kV Punutuma- Las carreras, Disparo de SUR01, SUR02, SUR03 y SUR04."
2015-08-17,Desconexión del EDAC,COCHABAMBA,ELFEC,D,12:30,12:45,7.0,"Desconexión de la línea en 230 kV Punutuma- Las carreras, Disparo de SUR01, SUR02, SUR03 y SUR04."
2015-08-17,Desconexión del EDAC,LA PAZ,DELAPAZ,D,12:30,12:45,6.24,"Desconexión de la línea en 230 kV Punutuma- Las carreras, Disparo de SUR01, SUR02, SUR03 y SUR04."
2015-08-17,Desconexión del EDAC,ORURO,CMVINTO,CNR,12:30,12:49,2.0,"Desconexión de la línea en 230 kV Punutuma- Las carreras, Disparo de SUR01, SUR02, SUR03 y SUR04."
2015-08-17,Desconexión del EDAC,SANTA CRUZ,CRE,D,12:30,12:50,8.7,"Desconexión de la línea en 230 kV Punutuma- Las carreras, Disparo de SUR01, SUR02, SUR03 y SUR04."
2015-08-17,Desconexión de Carga,TARIJA,SETARV,D,12:30,12:50,2.43,"Desconexión de la línea en 230 kV Punutuma- Las carreras, Disparo de SUR01, SUR02, SUR03 y SUR04."
2015-08-17,Desconexión de Carga,TARIJA,SETARY,D,12:30,12:50,6.7,"Desconexión de la línea en 230 kV Punutuma- Las carreras, Disparo de SUR01, SUR02, SUR03 y SUR04."
2015-08-17,Desconexión del EDAC,POTOSI,SEPSA,D,12:30,12:53,4.3,"Desconexión de la línea en 230 kV Punutuma- Las carreras, Disparo de SUR01, SUR02, SUR03 y SUR04."
2015-08-17,Desconexión del EDAC,SUCRE,CESSA,D,12:30,12:55,2.7,"Desconexión de la línea en 230 kV Punutuma- Las carreras, Disparo de SUR01, SUR02, SUR03 y SUR04."
2015-08-17,Desconexión del EDAC,TRINIDAD,ENDED,D,12:30,12:55,0.67,"Desconexión de la línea en 230 kV Punutuma- Las carreras, Disparo de SUR01, SUR02, SUR03 y SUR04."
2015-08-17,Desconexión de Carga,TARIJA,ENDED,D,12:30,12:57,0.9,"Desconexión de la línea en 230 kV Punutuma- Las carreras, Disparo de SUR01, SUR02, SUR03 y SUR04."
2015-08-17,Desconexión del EDAC,TARIJA,SETAR,D,12:30,13:04,9.5,"Desconexión de la línea en 230 kV Punutuma- Las carreras, Disparo de SUR01, SUR02, SUR03 y SUR04."
2015-08-17,Desconexión del EDAC,POTOSI,EMSC,CNR,12:30,13:15,2.5,"Desconexión de la línea en 230 kV Punutuma- Las carreras, Disparo de SUR01, SUR02, SUR03 y SUR04."
2015-08-17,Desconexión de Carga,POTOSI,EMSC,CNR,12:36,13:05,33.0,Operó protección de bajo voltaje.
2015-08-18,Desconexión de Carga,TRINIDAD,ENDED,D,01:40,01:54,7.28,Desconexión de la línea TRI-MOS024 y del transformador TRTRI11501.
2015-08-18,Desconexión de Carga,TARIJA,SETARY,D,18:21,18:26,8.86,Desconexión de la línea en 69 kV Caiza-Yacuiba.
2015-09-07,Desconexión de Carga,SANTA CRUZ,CRE,D,11:29,11:31,14.9,Desconexión de línea en 69 kV Nueva Jerusalén - Viru Viru.
2015-09-10,Desconexión de Carga,LA PAZ,DELAPAZ,D,09:06,09:11,16.0,Desconexión línea en 69 kV Kenko -Alto Achachicala.
2015-09-17,Desconexión de Carga,LA PAZ,DELAPAZ,D,17:20,17:30,12.05,Desconexión de la línea en 69 kV Kenko - Tarapaca - Tembladerani.
2015-09-18,Desconexión de Carga,COCHABAMBA,ELFEC,D,08:35,09:39,5.2,Desconexión del transformador de potencia TRCHI23002.
2015-09-20,Desconexión de Carga,SANTA CRUZ,CRE,D,22:55,23:59,19.1,Desconexión del transformador TRFER069
2015-09-23,Desconexión de Carga,SANTA CRUZ,CRE,D,17:27,17:31,15.8,Desconexión de línea en 69 kV Nueva Jerusalén - Viru Viru - Warnes.
2015-09-23,Desconexión de Carga,LA PAZ,DELAPAZ,D,18:36,18:40,21.0,Desconexión de la línea en 69 kV Alto Achachicala - Tembladerani.
2015-09-29,Desconexión de Carga,COCHABAMBA,COBOCE,CNR,08:05,08:08,11.0,Desconexión de la línea en 115 kV Arocagua-Sacaba.
2015-09-29,Desconexión del EDAC,ORURO,ELFEO,D,08:05,08:09,3.8,Desconexión de la línea en 115 kV Arocagua-Sacaba.
2015-09-29,Desconexión de Carga,ORURO,EMVINTO,CNR,08:05,09:15,4.0,Desconexión de la línea en 115 kV Arocagua-Sacaba.
2015-09-29,Desconexión de Carga,TRINIDAD,ENDED,D,09:50,10:47,5.45,Desconexión de la línea en 24.9 kV Trinidad-Central Moxos.
2015-09-29,Desconexión del EDAC,TRINIDAD,ENDED,D,15:13,15:17,2.2,Desconexión de línea en 115 kV Chuspipata - Pichu.
2015-10-16,Desconexión de Carga,SANTA CRUZ,CRE,D,03:40,10:49,15.5,Desconexión del transformador TRPLM06901.
2015-10-19,Desconexión de Carga,SANTA CRUZ,CRE,D,16:44,17:26,26.2,"Desconexión del Transformador TRNJE06901, debido a caída de árbol sobre línea de M.T."
2015-10-21,Desconexión de Carga,ORURO,ELFEO,D,17:23,17:29,11.0,Desconexión de la línea en 69 kV Huayñacota - Sud.
2015-10-24,Desconexión del EDAC,TARIJA,SETAR,D,10:43,11:40,9.78,Desconexión de la línea en 24.9 kV Tarija - Villa Avaroa.
2015-10-24,Colapso Total,TARIJA,SETAR,D,10:43,11:40,13.42,Cortocircuito en el seccionador D721-a de S/E Villa Avaroa por mal contacto de cierre.
2015-10-29,Desconexión de Carga,SANTA CRUZ,CRE,D,11:51,11:56,15.7,Desconexión de la línea en 69 kV Primero de Mayo  Pailón.
2015-10-30,Desconexión del EDAC,TRINIDAD,ENDED,D,16:36,16:52,7.83,Desconexión de la línea en 115 kV Cumbre - Chuspipata.
2015-10-30,Desconexión de Carga,LA PAZ,DELAPAZ,D,16:36,17:06,4.9,Desconexión de la línea en 115 kV Cumbre - Chuspipata.
2015-10-30,Desconexión de Carga,TRINIDAD,ENDED,D,16:36,17:08,4.8,Desconexión de la línea en 115 kV Cumbre - Chuspipata.
2015-10-30,Desconexión del EDAC,SUCRE,CESSA,D,17:34,17:39,2.7,"Desconexión de unidades WAR01, WAR02, WAR03, WAR04 y WAR05."
2015-10-30,Desconexión del EDAC,TARIJA,SETAR,D,17:34,17:39,3.8,"Desconexión de unidades WAR01, WAR02, WAR03, WAR04 y WAR05."
2015-10-30,Desconexión del EDAC,COCHABAMBA,ELFEC,D,17:34,17:41,6.3,"Desconexión de unidades WAR01, WAR02, WAR03, WAR04 y WAR05."
2015-10-30,Desconexión del EDAC,LA PAZ,DELAPAZ,D,17:34,17:42,6.7,"Desconexión de unidades WAR01, WAR02, WAR03, WAR04 y WAR05."
2015-10-30,Desconexión del EDAC,ORURO,ELFEO,D,17:34,17:42,1.0,"Desconexión de unidades WAR01, WAR02, WAR03, WAR04 y WAR05."
2015-10-30,Desconexión del EDAC,TRINIDAD,ENDED,D,17:34,17:42,1.5,"Desconexión de unidades WAR01, WAR02, WAR03, WAR04 y WAR05."
2015-10-30,Desconexión del EDAC,POTOSI,EMSC,CNR,17:34,17:44,2.5,"Desconexión de unidades WAR01, WAR02, WAR03, WAR04 y WAR05."
2015-10-30,Desconexión del EDAC,COCHABAMBA,COBOCE,CNR,17:34,17:44,4.0,"Desconexión de unidades WAR01, WAR02, WAR03, WAR04 y WAR05."
2015-10-30,Desconexión del EDAC,TARIJA,SETARV,D,17:34,17:44,0.3,"Desconexión de unidades WAR01, WAR02, WAR03, WAR04 y WAR05."
2015-10-30,Desconexión del EDAC,SANTA CRUZ,CRE,D,17:34,17:48,11.2,"Desconexión de unidades WAR01, WAR02, WAR03, WAR04 y WAR05."
2015-10-30,Desconexión del EDAC,POTOSI,SEPSA,D,17:34,17:49,4.3,"Desconexión de unidades WAR01, WAR02, WAR03, WAR04 y WAR05."
2015-10-30,Desconexión del EDAC,ORURO,EMVINTO,CNR,17:34,17:52,2.0,"Desconexión de unidades WAR01, WAR02, WAR03, WAR04 y WAR05."
2015-10-30,Desconexión de Carga,LA PAZ,DELAPAZ,D,18:17,18:22,5.13,Desconexión de la línea en 115 kV Chuspipata - Caranavi.
2015-10-30,Desconexión del EDAC,TRINIDAD,ENDED,D,18:17,18:25,7.5,Desconexión de la línea en 115 kV Chuspipata - Caranavi.
2015-10-30,Desconexión de Carga,TRINIDAD,ENDED,D,18:17,18:40,5.44,Desconexión de la línea en 115 kV Chuspipata - Caranavi.
2015-11-05,Desconexión de Carga,TRINIDAD,ENDED,D,05:32,05:38,2.95,Desconexión de la línea en 115 kV Caranavi-Yucumo.
2015-11-05,Desconexión del EDAC,TRINIDAD,ENDED,D,05:32,05:41,3.09,Desconexión de la línea en 115 kV Caranavi-Yucumo.
2015-11-10,Desconexión del EDAC,TRINIDAD,ENDED,D,13:15,13:18,1.85,Desconexión de la unidad CUT05.
2015-11-10,Desconexión del EDAC,TRINIDAD,ENDED,D,13:23,13:28,1.48,"Desconexión de las unidades ALT02, CUT04, CUT02 y BOT03."
2015-11-10,Desconexión de Carga,POTOSI,SEPSA,D,16:04,16:32,6.0,Desconexión de la línea POT-VEL115.
2015-11-10,Desconexión de Carga,POTOSI,SEPSA,D,16:26,16:43,14.3,Desconexión de la línea POT-VEL069.
2015-11-17,Desconexión de Carga,COCHABAMBA,ELFEC,D,11:23,11:31,40.0,Desconexión de la línea en 115 kV Valle-Hermoso-Rafael Urquidi.
2015-11-18,Desconexión de Carga,POTOSI,SEPSA,D,12:43,13:15,3.0,Desconexión de la línea PUH-PUN069.
2015-11-19,Desconexión de Carga,TARIJA,SETARV,D,08:48,09:13,3.9,Desconexión de la línea 69 kV Yaguacua-Villamontes.
2015-11-19,Desconexión de Carga,LA PAZ,DELAPAZ,D,14:51,14:55,4.8,Desconexión de la línea 115 kV Caranavi-Chuspipata.
2015-11-19,Desconexión de EDAC,TRINIDAD,ENDED,D,14:51,16:29,9.47,Desconexión de la línea 115 kV San Ignacio de Moxos-Trinidad.
2015-11-19,Desconexión de Carga,TRINIDAD,ENDED,D,14:51,16:32,5.58,Desconexión de la línea 115 kV Caranavi-Yucumo.
2015-11-19,Desconexión de Carga Manual,LA PAZ,DELAPAZ,D,16:17,16:19,4.1,Desconexión de la línea 115 kV Caranavi-Chuspipata.
2015-11-20,Desconexión de Carga,LA PAZ,DELAPAZ,D,01:16,02:12,4.6,Desconexión del transformador TRCOS11502 de S/E Cosmos.
2015-11-23,Desconexión de Carga,LA PAZ,DELAPAZ,D,18:49,20:28,6.1,Desconexión del transformador de potencia TRAAC069.
2015-11-27,Desconexión del EDAC,TRINIDAD,ENDED,D,08:24,08:34,3.77,Desconexión de la línea en 115 kV San Ignacio de Moxos- Trinidad.
2015-11-27,Desconexión de Carga,TRINIDAD,ENDED,D,08:24,08:34,5.48,Desconexión de la línea en 115 kV Caranavi - Yucumo.
2015-11-27,Desconexión de Carga,LA PAZ,DELAPAZ,D,11:48,12:00,4.0,Desconexión de la línea en 115 kV Cumbre - Chuspipata..
2015-11-27,Desconexión de Carga,TRINIDAD,ENDED,D,11:48,12:05,5.58,Desconexión de la línea en 115 kV Caranavi - Yucumo.
2015-11-27,Desconexión del EDAC,TRINIDAD,ENDED,D,11:48,12:10,8.0,Desconexión de la línea en 115 kV San Ignacio de Moxos- Trinidad.
2015-11-30,Desconexión de Carga,SANTA CRUZ,CRE,D,14:25,14:33,11.2,Desconexión de la línea en 69 kV Pailón - Villa Primero de Mayo.
2015-12-01,Desconexión de Carga,SUCRE,CESSA,D,16:15,16:18,6.2,Reconexión de la línea en 69 kV Sucre - Aranjuez.
2015-12-02,Desconexión de Carga,SANTA CRUZ,CRE,D,14:27,14:53,24.5,Desconexión del transformador de potencia TRPAR06901 de S/E Paraíso.
2015-12-04,Desconexión de Carga,TARIJA,SETARY,D,17:51,18:30,5.3,Desconexión del autotransformador ATYAG23001.
2015-12-04,Desconexión de Carga,TARIJA,SETARV,D,17:51,18:30,11.5,Desconexión del autotransformador ATYAG23001.
2015-12-04,Desconexión de Carga,TARIJA,SETARY,D,22:22,22:53,6.0,Desconexión de la línea en 69 kV Yaguacua - Caiza
2015-12-09,Desconexión de Carga,SANTA CRUZ,CRE,D,14:22,14:33,10.0,Desconexión de la línea en 69 kV Guaracachi- Primero de Mayo.
2015-12-09,Desconexión del EDAC,SANTA CRUZ,CRE,D,14:22,14:34,4.8,Desconexión de la línea en 69 kV Guaracachi- Primero de Mayo.
2015-12-09,Desconexión de Carga,TARIJA,SETARY,D,17:15,17:54,8.6,Desconexión de la línea en 69 kV Caiza-Yacuiba.
2015-12-10,Desconexión de Carga,ORURO,ELFEO,D,18:47,18:54,17.0,Desconexión de la línea Huayñacota-Sud.
2015-12-10,Desconexión de Carga,LA PAZ,DELAPAZ,D,22:05,22:22,4.9,Desconexión de la línea en 115 kV Cumbre - Chuspipata.
2015-12-10,Desconexión de Carga,TRINIDAD,ENDE DELBENI,D,22:05,22:22,6.71,Desconexión de la línea en 115 kV Cumbre - Chuspipata.
2015-12-10,Desconexión del EDAC,TRINIDAD,ENDE DELBENI,D,22:05,22:25,7.14,Desconexión de la línea en 115 kV San Ignacio de Moxos- Trinidad.
2015-12-11,Desconexión de Carga,SANTA CRUZ,CRE,D,15:03,15:31,17.76,Desconexión de la línea Nueva Jerusalém - Viru Viru - Warnes.
2015-12-11,Desconexión de Carga,ORURO,ELFEO,D,16:59,17:09,13.0,Desconexión de la línea Huayñacota-Sud.
2015-12-13,Desconexión de Carga,TRINIDAD,ENDE DELBENI,D,03:46,04:13,7.2,"Desconexión de línea en 24.9 kV Trinidad  Central Moxos y de los alimentadores IM42, IM43 y IM45."
2015-12-13,Desconexión de Carga,TARIJA,SETAR,D,08:06,12:10,12.8,Desconexión de unidades generadoras de central Térmica.
2015-12-19,Desconexión del EDAC,TRINIDAD,ENDE DELBENI,D,01:03,01:05,1.6,Reconexión de la línea en 115 kV Chuspipata-Caranavi.
2015-12-21,Desconexión de Carga,LA PAZ,DELAPAZ,D,14:35,14:43,33.9,Desconexión de la línea en 115 kV Cota Cota - Bolognia - Pampahasi - Cumbre.
2015-12-22,Desconexión de Carga,LA PAZ,DELAPAZ,D,18:24,18:28,10.03,Desconexión de la línea en 69kV Alto Achachicala  Achachicala  Caiconi.
2015-12-24,Desconexión de Carga,SUCRE,CESSA,D,05:58,07:40,12.01,Desconexión del transformador TRSUC06901 de S/E Sucre.
2015-12-29,Desconexión de Carga,TRINIDAD,ENDE DELBENI,D,06:53,07:10,3.0,Reconexión de la línea en 115 kV Chuspipata - Caranavi
2015-12-29,Desconexión del EDAC,TRINIDAD,ENDE DELBENI,D,06:53,07:16,3.6,Reconexión de la línea en 115 kV Chuspipata - Caranavi
2016-01-01,Desconexión de Carga,ORURO,ELFEO,D,02:13,02:57,26.0,"Desconexión de las líneas Vinto - Sud, Socamani - Sud y Cuadro Siglo - Sud."
2016-01-06,Desconexión de Carga,SANTA CRUZ,CRE,D,04:27,04:30,11.9,Desconexión de la línea en 69 kV Villa Primero de Mayo-Pailón.
2016-01-07,Desconexión del EDAC,TRINIDAD,ENDE DELBENI,D,14:02,14:06,0.6,Desconexión de línea en 230 kV Las Carreras - Tarija.
2016-01-07,Desconexión del EDAC,SUCRE,CESSA,D,14:02,14:11,2.6,Desconexión de línea en 230 kV Las Carreras - Tarija.
2016-01-07,Desconexión de Carga,POTOSI,EMSC,CNR,14:02,14:53,2.6,Perturbación en el sistema.
2016-01-07,Desconexión de Carga,ORURO,ELFEO,D,19:39,19:47,9.5,Desconexión de línea en 69 kV Sud - Cuadro Siglo.
2016-01-07,Desconexión de Carga,POTOSI,EMSC,CNR,21:48,21:56,2.5,Perturbación en el sistema.
2016-01-11,Desconexión de Carga,LA PAZ,DELAPAZ,D,03:12,03:21,7.71,Desconexión de la línea en 115 kV Cumbre - Chuspipata.
2016-01-11,Desconexión de Carga,TRINIDAD,ENDE DELBENI,D,03:12,03:23,3.18,Desconexión de la línea en 115 kV Cumbre - Chuspipata.
2016-01-11,Desconexión del EDAC,TRINIDAD,ENDE DELBENI,D,03:12,03:30,4.81,Desconexión de la línea en 115 kV San Ignacio de Moxos- Trinidad.
2016-01-12,Desconexión de Carga,Trinidad,ENDE DELBENI,G,11:22,12:00,5.27,Desconexión de las líneas TRI-MOS02401 y TRI-MOS02402.
2016-01-26,Desconexión de Carga,LA PAZ,DELAPAZ,D,01:23,01:29,2.0,"Esquema interdisparos, desconexión TRPIC115 y línea Caranavi - Yucumo."
2016-01-26,Desconexión de Carga,TRINIDAD,ENDE DELBENI,D,01:23,01:36,4.37,Desconexión de la línea en 115 kV Caranavi - Yucumo.
2016-01-26,Desconexión del EDAC,TRINIDAD,ENDE DELBENI,D,01:23,01:43,5.62,"Esquema interdisparos, desconexión de la línea en 115 kV San Ignacio de Moxos - Trinidad."
2016-01-28,Desconexión del EDAC,COCHABAMBA,ELFEC,D,21:48,21:58,2.4,"Reconexión de la línea CAR-ARB230 kV y Disparo de las unidades de BUL02, VHE05,07,08, CAR01, ERI03."
2016-01-28,Desconexión del EDAC,TARIJA,SETARV,D,21:48,21:58,0.5,"Reconexión de la línea CAR-ARB230 kV y Disparo de las unidades de BUL02, VHE05,07,08, CAR01, ERI03."
2016-01-28,Desconexión del EDAC,ORURO,ELFEO,D,21:48,22:08,3.2,"Reconexión de la línea CAR-ARB230 kV y Disparo de las unidades de BUL02, VHE05,07,08, CAR01, ERI03."
2016-01-28,Desconexión del EDAC,POTOSI,EMSC,CNR,21:48,22:09,1.22,"Reconexión de la línea CAR-ARB230 kV y Disparo de las unidades de BUL02, VHE05,07,08, CAR01, ERI03."
2016-01-28,Desconexión del EDAC,COCHABAMBA,COBOCE,CNR,21:48,22:13,4.0,"Reconexión de la línea CAR-ARB230 kV y Disparo de las unidades de BUL02, VHE05,07,08, CAR01, ERI03."
2016-01-28,Desconexión del EDAC,SANTA CRUZ,CRE,D,21:55,22:00,8.5,"Reconexión de la línea CAR-ARB230 kV y Disparo de las unidades de BUL02, VHE05,07,08, CAR01, ERI03."
2016-02-06,Desconexión de Carga,LA PAZ,DELAPAZ,D,12:52,13:12,14.2,Desconexión de la línea en 69 kV Alto Achachicala - Tembladerani.
2016-02-17,Desconexión de Carga Manual,ORURO,ELFEO,D,14:23,14:25,4.0,"Proceso de restitución, desconexión de la línea en 69 kV Sud-Este-Tesa."
2016-02-19,Desconexión del EDAC,SANTA CRUZ,CRE,D,16:01,17:00,79.5,Desconexión de la unidad GCH09 y reducción de la generación de la unidad GCH12.
2016-02-29,Desconexión del EDAC,SUCRE,CESSA,D,15:38,15:46,4.7,"Desconexión de las unidades de WAR01,02,03,04 y WAR05."
2016-02-29,Desconexión del EDAC,COCHABAMBA,ELFEC,D,15:38,15:49,23.0,"Desconexión de las unidades de WAR01,02,03,04 y WAR05."
2016-02-29,Desconexión del EDAC,POTOSI,EMIRSA,CNR,15:38,15:51,0.6,"Desconexión de las unidades de WAR01,02,03,04 y WAR05."
2016-02-29,Desconexión del EDAC,LA PAZ,DELAPAZ,D,15:38,15:54,24.95,"Desconexión de las unidades de WAR01,02,03,04 y WAR05."
2016-02-29,Desconexión del EDAC,TRINIDAD,ENDE DELBENI,D,15:38,15:55,2.2,"Desconexión de las unidades de WAR01,02,03,04 y WAR05."
2016-02-29,Desconexión del EDAC,POTOSI,SEPSA,D,15:38,15:55,5.9,"Desconexión de las unidades de WAR01,02,03,04 y WAR05."
2016-02-29,Desconexión del EDAC,ORURO,ELFEO,D,15:38,15:56,10.0,"Desconexión de las unidades de WAR01,02,03,04 y WAR05."
2016-02-29,Desconexión del EDAC,TARIJA,SETARV,D,15:38,16:00,0.35,"Desconexión de las unidades de WAR01,02,03,04 y WAR05."
2016-02-29,Desconexión del EDAC,SANTA CRUZ,CRE,D,15:38,16:03,70.0,"Desconexión de las unidades de WAR01,02,03,04 y WAR05."
2016-02-29,Desconexión del EDAC,POTOSI,EMSC,CNR,15:38,16:10,15.0,"Desconexión de las unidades de WAR01,02,03,04 y WAR05."
2016-02-29,Desconexión del EDAC,SANTA CRUZ,EMDEECRUZ,D,15:38,16:31,0.2,"Desconexión de las unidades de WAR01,02,03,04 y WAR05."
2016-02-29,Desconexión del EDAC,COCHABAMBA,COBOCE,CNR,15:38,16:41,4.0,"Desconexión de las unidades de WAR01,02,03,04 y WAR05."
2016-03-09,Desconexión de Carga,ORURO,ELFEO,D,11:21,11:36,8.9,Desconexión de la línea en 69 kV Cuadro Siglo -Sud.
2016-03-10,Desconexión de Carga,ORURO,ELFEO,D,12:26,14:12,6.5,Desconexión de la línea en 69 kV Sud - Cuadro Siglo.
2016-03-16,Regulación de Voltaje,SANTA CRUZ,CRE,D,14:40,16:16,7.0,"Mantenimiento de GCH12, potencias limitadas en Centrales Warnes y Guaracachi y límite de transferencia en la línea 230 kV Carrasco-Arboleda."
2016-03-16,Desconexión de Carga,SANTA CRUZ,CRE,D,17:33,19:51,22.0,Desconexión del transformador TRMAP06901.
2016-03-19,Desconexión de Carga,POTOSI,SEPSA,D,06:02,07:38,9.8,"Operó Esquema Interdisparos, sobrecarga de la línea en 69 kV Karachipampa - Potosi."
2016-03-19,Desconexión de Carga,TRINIDAD,ENDE DELBENI,D,19:14,19:22,5.6,Desconexión de la línea 115 kV Caranavi - Yucumo y Esquema Interdisparos Trinidad - San Ignacio de Moxos.
2016-03-19,Desconexión de Carga,TRINIDAD,DELAPAZ,D,19:14,19:27,0.6,Desconexión de la línea 115 kV Caranavi - Yucumo y Esquema Interdisparos Trinidad - San Ignacio de Moxos.
2016-03-19,Desconexión del EDAC,TRINIDAD,ENDE DELBENI,D,19:14,19:29,3.6,Desconexión de la línea 115 kV Caranavi - Yucumo y Esquema Interdisparos Trinidad - San Ignacio de Moxos.
2016-03-21,Desconexión del EDAC,COCHABAMBA,ELFEC,D,11:19,11:24,5.8,"Disparo de unidades GCH09, GCH10."
2016-03-21,Desconexión del EDAC,TARIJA,SETARV,D,11:19,11:24,0.27,"Disparo de unidades GCH09, GCH10."
2016-03-21,Desconexión del EDAC,LA PAZ,DELAPAZ,D,11:19,11:25,6.5,"Disparo de unidades GCH09, GCH10."
2016-03-21,Desconexión del EDAC,ORURO,ELFEO,D,11:19,11:25,1.6,"Disparo de unidades GCH09, GCH10."
2016-03-21,Desconexión del EDAC,SUCRE,CESSA,D,11:19,11:26,2.3,"Disparo de unidades GCH09, GCH10."
2016-03-21,Desconexión del EDAC,COCHABAMBA,COBOCE,CNR,11:19,11:26,4.0,"Disparo de unidades GCH09, GCH10."
2016-03-21,Desconexión del EDAC,TARIJA,SETAR,D,11:19,11:27,2.4,"Disparo de unidades GCH09, GCH10."
2016-03-21,Desconexión del EDAC,POTOSI,EMSC,CNR,11:19,11:27,1.5,"Disparo de unidades GCH09, GCH10."
2016-03-21,Desconexión del EDAC,TRINIDAD,ENDE DELBENI,D,11:19,11:28,0.5,"Disparo de unidades GCH09, GCH10."
2016-03-21,Desconexión del EDAC,ORURO,EMIRSA,CNR,11:19,11:28,0.8,"Disparo de unidades GCH09, GCH10."
2016-03-21,Desconexión del EDAC,SANTA CRUZ,CRE,D,11:19,11:31,18.0,"Disparo de unidades GCH09, GCH10."
2016-03-21,Desconexión del EDAC,POTOSI,SEPSA,D,11:19,11:32,3.1,"Disparo de unidades GCH09, GCH10."
2016-03-21,Desconexión del EDAC,ORURO,EMVINTO,CNR,11:19,11:38,2.2,"Disparo de unidades GCH09, GCH10."
2016-03-21,Desconexión del EDAC,SANTA CRUZ,EMDEECRUZ,D,11:19,12:08,0.15,"Disparo de unidades GCH09, GCH10."
2016-03-22,Desconexión del EDAC,TRINIDAD,ENDE DELBENI,D,09:03,09:18,2.9,Desconexión de la línea en 115 kV Caranavi - Yucumo.
2016-03-26,Desconexión de Carga,TRINIDAD,ENDE DELBENI,D,10:20,10:53,3.29,"Activación del esquema de interdisparos, desconexión de la línea 115 kV Trinidad - San Ignacio de Moxos."
2016-03-26,Desconexión de Carga,LA PAZ,DELAPAZ,D,10:20,11:02,0.45,"Activación del esquema de interdisparos, desconexión de la línea 115 kV Trinidad - San Ignacio de Moxos."
2016-04-04,Desconexión de Carga,SANTA CRUZ,CRE,D,14:54,15:03,30.9,"Desconexión de transformador TRCHN11501, contacto accidental (actualizacion de firmware de relé diferencial)."
2016-04-04,Desconexión de Carga,SANTA CRUZ,CRE,D,15:03,15:06,29.5,"Desconexión de transformador TRCHN11501, contacto accidental (actualizacion de firmware de relé diferencial)."
2016-04-04,Desconexión de Carga,SANTA CRUZ,CRE,D,15:06,15:12,30.9,"Desconexión de transformador TRCHN11501, contacto accidental (actualizacion de firmware de relé diferencial)."
2016-04-05,Desconexión de Carga,SANTA CRUZ,CRE,D,17:48,18:01,42.4,"Desconexión de la línea en 115 kV Chané-Montero, contacto accidental (actualización de firmware de relé diferencial)."
2016-04-08,Desconexión de Carga,TARIJA,SETAR,D,19:50,20:11,3.6,Desconexión de las líneas en 24.9 kV Villa Avaroa - La Tablada y La Tablada - San Jacinto.
2016-04-09,Desconexión de Carga,TARIJA,SETARY,D,08:22,09:16,5.9,Desconexión de la línea en 69 kV Caiza-Yacuiba.
2016-04-09,Desconexión de Carga,TRINIDAD,ENDE DELBENI,D,14:02,14:09,4.9,Reconexión de la línea en 115 kV Chuspipata - Caranavi.
2016-04-09,Desconexión del EDAC,TRINIDAD,ENDE DELBENI,D,14:02,14:12,10.6,Reconexión de la línea en 115 kV Chuspipata - Caranavi.
2016-04-10,Desconexión de Carga,TRINIDAD,ENDE DELBENI,D,05:06,05:12,4.16,Desconexión de la línea 115 kV Caranavi - Yucumo y Esquema Interdisparos Trinidad - San Ignacio de Moxos.
2016-04-10,Desconexión del EDAC,TRINIDAD,ENDE DELBENI,D,05:06,05:20,8.1,Desconexión de la línea 115 kV Caranavi - Yucumo y Esquema Interdisparos Trinidad - San Ignacio de Moxos.
2016-04-15,Desconexión del EDAC,ORURO,ELFEO,D,21:12,21:31,1.1,Desconexión de la línea en 230 kV Tarija-Yaguacua.
2016-04-15,Desconexión del EDAC,POTOSI,SEPSA,D,21:12,21:31,2.4,Desconexión de la línea en 230 kV Tarija-Yaguacua.
2016-04-15,Desconexión del EDAC,POTOSI,EMSC,CNR,21:12,21:32,1.5,Desconexión de la línea en 230 kV Tarija-Yaguacua.
2016-04-15,Desconexión del EDAC,COCHABAMBA,COBOCE,CNR,21:12,21:34,4.0,Desconexión de la línea en 230 kV Tarija-Yaguacua.
2016-04-15,Desconexión del EDAC,ORURO,EMIRSA,CNR,21:12,21:40,0.12,Desconexión de la línea en 230 kV Tarija-Yaguacua.
2016-04-16,Desconexión del EDAC,TRINIDAD,ENDED,D,15:23,15:30,3.2,Desconexión de las líneas Punutuma-Las Carreras-Tarija.
2016-04-16,Desconexión del EDAC,COCHABAMBA,ELFEC,D,15:23,15:31,6.0,Desconexión de las líneas Punutuma-Las Carreras-Tarija.
2016-04-16,Desconexión del EDAC,LA PAZ,DELAPAZ,D,15:23,15:32,5.3,Desconexión de las líneas Punutuma-Las Carreras-Tarija.
2016-04-16,Desconexión del EDAC,SANTA CRUZ,CRE,D,15:23,15:32,14.3,Desconexión de las líneas Punutuma-Las Carreras-Tarija.
2016-04-16,Desconexión del EDAC,ORURO,ELFEO,D,15:23,15:33,2.1,Desconexión de las líneas Punutuma-Las Carreras-Tarija.
2016-04-16,Desconexión del EDAC,SUCRE,CESSA,D,15:23,15:34,3.0,Desconexión de las líneas Punutuma-Las Carreras-Tarija.
2016-04-16,Desconexión del EDAC,POTOSI,EMSC,CNR,15:23,15:34,1.55,Desconexión de las líneas Punutuma-Las Carreras-Tarija.
2016-04-16,Desconexión del EDAC,ORURO,EMIRSA,CNR,15:23,15:38,0.0,Desconexión de las líneas Punutuma-Las Carreras-Tarija.
2016-04-16,Desconexión del EDAC,ORURO,CMVINTO,CNR,15:23,15:38,2.2,Desconexión de las líneas Punutuma-Las Carreras-Tarija.
2016-04-16,Desconexión de Carga,POTOSI,ENDED,D,15:23,15:42,1.4,Desconexión de las líneas Punutuma-Las Carreras-Tarija.
2016-04-16,Desconexión del EDAC,SANTA CRUZ,EMDEECRUZ,D,15:23,17:31,0.15,Desconexión de las líneas Punutuma-Las Carreras-Tarija.
2016-04-18,Desconexión de Carga,LA PAZ,DELAPAZ,D,13:41,14:00,19.4,"Desconexión de la línea en 115 kV Cota Cota - Bolognia, Bolognia - Pampahasi, Pampahasi -Cumbre."
2016-04-19,Desconexión de Carga,TRINIDAD,ENDE DELBENI,D,17:00,17:05,5.6,Reconexión de la línea en 115 kV Chuspipata - Caranavi.
2016-04-19,Desconexión del EDAC,TRINIDAD,ENDE DELBENI,D,17:00,17:09,4.8,Reconexión de la línea en 115 kV Chuspipata - Caranavi.
2016-04-19,Desconexión de Carga,TRINIDAD,ENDE DELBENI,D,17:33,17:40,5.3,Reconexión de la línea en 115 kV Chuspipata - Caranavi.
2016-04-19,Desconexión del EDAC,TRINIDAD,ENDE DELBENI,D,17:33,17:41,4.4,Reconexión de la línea en 115 kV Chuspipata - Caranavi.
2016-04-19,Desconexión de Carga,LA PAZ,DELAPAZ,D,21:46,21:51,24.95,"Desconexión de la línea en 115 kV Cota Cota - Bolognia, Bolognia - Pampahasi, Pampahasi -Cumbre."
2016-04-21,Desconexión de Carga,COCHABAMBA,ELFEC,D,14:05,14:35,26.0,Desconexión de la línea en 115 kV Colcapirhua - Quillacollo.
2016-04-22,Desconexión del EDAC,TARIJA,SETAR,D,03:19,03:43,3.5,Desconexión de las unidades SJA01 y SJA02.
2016-04-22,Desconexión de Carga,TARIJA,SETAR,D,03:43,04:54,2.44,"Condiciones operativas, trabajos de instalación de reguladores de voltaje e indisponibilidad de SJA02."
2016-04-22,Desconexión de Carga,TARIJA,SETAR,D,04:54,05:08,3.5,"Condiciones operativas, trabajos de instalación de reguladores de voltaje, disparo de SJA01 e indisponibilidad de SJA02."
2016-04-22,Desconexión de Carga,TARIJA,SETAR,D,05:08,05:33,1.5,"Condiciones operativas, trabajos de instalación de reguladores de voltaje e indisponibilidad de SJA02."
2016-04-22,Desconexión de Carga,TARIJA,SETAR,D,05:33,06:20,0.5,"Condiciones operativas, trabajos de instalación de reguladores de voltaje e indisponibilidad de SJA02."
2016-04-22,Desconexión de Carga,TARIJA,SETAR,D,06:20,06:44,3.6,"Condiciones operativas, trabajos de instalación de reguladores de voltaje e indisponibilidad de SJA02."
2016-04-22,Desconexión de Carga,TARIJA,SETAR,D,06:44,07:17,2.0,"Condiciones operativas, trabajos de instalación de reguladores de voltaje e indisponibilidad de SJA02."
2016-04-24,Desconexión de Carga Manual,TARIJA,SETAR,D,03:01,12:18,2.08,Trabajos de SETAR de instalación de reguladores de tensión de 300 A en S/E La Tablada.
2016-04-24,Desconexión de Carga Manual,TRINIDAD,ENDE DELBENI,D,05:31,07:02,1.95,Trabajos de ENDE DELBENI de readecuación de línea en media tensión en 24.9 kV de S/E Trinidad.
2016-05-06,Desconexión de Carga,POTOSI,SEPSA,D,07:20,08:06,9.6,Desconexión de la línea en 69 kV Potosí - San Bartolomé.
2016-05-07,Desconexión de Carga,COCHABAMBA,COBOCE,CNR,07:57,09:00,9.7,Desconexión de la línea en 230 kV Carrasco - Santivañez.
2016-05-16,Desconexión de Carga,POTOSI,SEPSA,D,16:36,16:42,9.9,Desconexión del alimentador San Antonio y del transformador TRVEL11501.
2016-05-24,Desconexión del EDAC,TRINIDAD,ENDE DELBENI,D,08:18,08:28,2.08,"Activación del esquema de interdisparos, desconexión de la línea 115 kV Trinidad - San Ignacio de Moxos."
2016-05-29,Desconexión del EDAC,TRINIDAD,ENDE DELBENI,D,06:15,06:21,2.7,No determinada.
2016-05-29,Desconexión del EDAC,TRINIDAD,ENDE DELBENI,D,08:41,09:07,2.01,No determinada.
2016-05-29,Desconexión del EDAC,TRINIDAD,ENDE DELBENI,D,08:46,08:47,0.61,Proceso de restitución del Alimentador IM45.
2016-05-29,Desconexión del EDAC,TRINIDAD,ENDE DELBENI,D,08:54,08:56,0.61,Proceso de restitución del Alimentador IM45.
2016-05-29,Desconexión del EDAC,TRINIDAD,ENDE DELBENI,D,11:26,11:40,2.26,"Desconexión de la línea en 115 kV, Caranavi-Yucumo."
2016-05-29,Desconexión de Carga Manual,TRINIDAD,ENDE DELBENI,D,11:27,11:35,2.1,"Desconexión de la línea en 115 kV Trinidad-San Ignacio de Moxos, debido a sobretensión."
2016-05-29,Desconexión de Carga Manual,TRINIDAD,DELAPAZ,D,11:27,11:35,0.7,"Desconexión de la línea en 115 kV Trinidad-San Ignacio de Moxos, debido a sobretensión."
2016-06-22,Desconexión del EDAC,TRINIDAD,ENDE DELBENI,D,08:19,08:21,2.0,Desconexión de la línea en 230 kV Chimoré-San Jose.
2016-06-22,Desconexión del EDAC,COCHABAMBA,ELFEC,D,08:19,08:37,7.87,Desconexión de la línea en 230 kV Chimoré-San Jose.
2016-06-29,Desconexión de Carga,POTOSI,SEPSA,D,16:44,17:04,13.8,Operación de esquema de interdisparos por apertura de interruptor A431 de S/E Potosí.
2016-06-29,Desconexión de Carga,LA PAZ,DELAPAZ,D,16:55,17:06,28.06,"Terceros, contacto de material de construcción (bolsa de yeso) con línea de M.T."
2016-06-29,Desconexión de Carga,SUCRE,CESSA,D,18:16,19:22,15.3,"Terceros, quema de pastizales."
2016-07-03,Desconexión de Carga,Área Tarija,SETAR,D,0.77083333,0.78541666,8.0,Desconexión de las líneas LTA-VAV02401 y LTA-SJA02401.
2016-07-03,Desconexión de Carga,Área Central,ELFEC,D,0.93194444,0.94930555,16.8,Desconexión del transformador TRCAL11501.
2016-07-10,Regulación de Voltaje,SANTA CRUZ,CRE,D,09:30,11:44,6.0,Por trabajos en barras de Guaracachi.
2016-07-10,Desconexión de Carga,SANTA CRUZ,CRE,D,11:18,11:44,3.0,Por trabajos en barras de Guaracachi.
2016-07-12,Desconexión de Carga,SANTA CRUZ,CRE,D,09:04,09:13,17.2,Desconexión del tansformador TRGUP11501 de S/E Guapilo.
2016-07-18,Desconexión de Carga,LA PAZ,DELAPAZ,D,17:18,17:28,1.8,Desconexión de línea en 115 kV Caranavi - Yucumo y Esquema Interdisparos línea San Ignacio de Moxos - Trinidad.
2016-07-18,Desconexión del EDAC,TRINIDAD,ENDE DELBENI,D,17:18,17:29,2.1,Desconexión de línea en 115 kV Caranavi - Yucumo y Esquema Interdisparos línea San Ignacio de Moxos - Trinidad.
2016-07-18,Desconexión de Carga,TRINIDAD,ENDE DELBENI,D,17:18,17:29,4.49,Desconexión de línea en 115 kV Caranavi - Yucumo y Esquema Interdisparos línea San Ignacio de Moxos - Trinidad.
2016-07-28,Desconexión de Carga,SANTA CRUZ,CRE,D,16:02,16:08,19.3,Desconexión del transformador TRMAP06901.
2016-08-05,Desconexión de Carga,TRINIDAD,ENDE DELBENI,D,08:25,08:37,1.94,"Desconexión de línea en 115 kV Yucumo - San Borja y EDAC Separación de Áreas, San Ignacio de Moxos - Trinidad."
2016-08-05,Desconexión del EDAC,TRINIDAD,ENDE DELBENI,D,08:25,08:39,6.2,"Desconexión de línea en 115 kV Yucumo - San Borja y EDAC Separación de Áreas, San Ignacio de Moxos - Trinidad."
2016-08-05,Desconexión de Carga Manual,TRINIDAD,ENDE DELBENI,D,08:26,08:37,1.4,Descuido en la operación
2016-08-18,Desconexión de Carga Manual,TRINIDAD,ENDE DELBENI,D,10:09,10:11,3.1,"Requerimiento operativo, disparo de las unidades generadoras de Central Moxos."
2016-08-18,Desconexión de Carga,TRINIDAD,ENDE DELBENI,D,16:46,16:58,2.89,Desconexión de línea en 115 kV Yucumo - San Borja y Esquema Interdisparos línea San Ignacio de Moxos - Trinidad.
2016-08-18,Desconexión del EDAC,TRINIDAD,ENDE DELBENI,D,16:46,17:03,8.26,Desconexión de línea en 115 kV Yucumo - San Borja y Esquema Interdisparos línea San Ignacio de Moxos - Trinidad.
2016-08-18,Desconexión de Carga Manual,TRINIDAD,ENDE DELBENI,D,16:49,16:52,0.37,Desconexión del transformador TRYUC11501 de S/E Yucumo.
2016-08-20,Desconexión de Carga,TARIJA,SETAR,D,22:52,23:59,7.3,Desconexión de la línea en 24.9 kV La Tablada - Villa Avaroa.
2016-08-20,Desconexión de Carga,SANTA CRUZ,CRE,D,23:34,24:00,7.3,Desconexión de la línea en 69 kV Parque Industrial - Nueva Jerusalén y Nueva Jerusalén - Warnes.
2016-08-21,Desconexión de Carga,SANTA CRUZ,CRE,D,00:00,00:09,7.3,Desconexión de la línea en 69 kV Parque Industrial - Nueva Jerusalén y Nueva Jerusalén - Warnes.
2016-08-21,Desconexión de Carga,SANTA CRUZ,CRE,D,01:32,04:22,14.9,Desconexión de la línea en 115 kV Warnes - Guapilo.
2016-08-21,Desconexión del EDAC,LA PAZ,DELAPAZ,D,11:11,11:31,20.9,"Desconexión de las líneas en 230 kV Tarija - Yaguacua1, 2 y desconexión de las unidades ERI01, ERI02, ERI03, ARJ08 y SUR01."
2016-08-21,Desconexión del EDAC,TARIJA,SETAR,D,11:11,11:32,8.8,"Desconexión de las líneas en 230 kV Tarija - Yaguacua1, 2 y desconexión de las unidades ERI01, ERI02, ERI03, ARJ08 y SUR01."
2016-08-21,Desconexión del EDAC,SANTA CRUZ,EMDEECRUZ,D,11:11,11:32,0.05,"Desconexión de las líneas en 230 kV Tarija - Yaguacua1, 2 y desconexión de las unidades ERI01, ERI02, ERI03, ARJ08 y SUR01."
2016-08-21,Desconexión del EDAC,SUCRE,CESSA,D,11:11,11:34,5.7,"Desconexión de las líneas en 230 kV Tarija - Yaguacua1, 2 y desconexión de las unidades ERI01, ERI02, ERI03, ARJ08 y SUR01."
2016-08-21,Desconexión del EDAC,ORURO,EMVINTO,CNR,11:11,11:35,2.2,"Desconexión de las líneas en 230 kV Tarija - Yaguacua1, 2 y desconexión de las unidades ERI01, ERI02, ERI03, ARJ08 y SUR01."
2016-08-21,Desconexión del EDAC,COCHABAMBA,ELFEC,D,11:11,11:36,16.0,"Desconexión de las líneas en 230 kV Tarija - Yaguacua1, 2 y desconexión de las unidades ERI01, ERI02, ERI03, ARJ08 y SUR01."
2016-08-21,Desconexión del EDAC,SANTA CRUZ,CRE,D,11:11,11:47,41.6,"Desconexión de las líneas en 230 kV Tarija - Yaguacua1, 2 y desconexión de las unidades ERI01, ERI02, ERI03, ARJ08 y SUR01."
2016-08-21,Desconexión del EDAC,ORURO,ELFEO,D,11:11,11:48,8.7,"Desconexión de las líneas en 230 kV Tarija - Yaguacua1, 2 y desconexión de las unidades ERI01, ERI02, ERI03, ARJ08 y SUR01."
2016-08-21,Desconexión del EDAC,POTOSI,SEPSA,D,11:11,11:53,8.1,"Desconexión de las líneas en 230 kV Tarija - Yaguacua1, 2 y desconexión de las unidades ERI01, ERI02, ERI03, ARJ08 y SUR01."
2016-08-21,Desconexión del EDAC,POTOSI,EMSC,CNR,11:11,13:15,29.5,"Desconexión de las líneas en 230 kV Tarija - Yaguacua1, 2 y desconexión de las unidades ERI01, ERI02, ERI03, ARJ08 y SUR01."
2016-08-21,Desconexión del EDAC,COCHABAMBA,COBOCE,CNR,11:11,14:15,3.4,"Desconexión de las líneas en 230 kV Tarija - Yaguacua1, 2 y desconexión de las unidades ERI01, ERI02, ERI03, ARJ08 y SUR01."
2016-09-02,Desconexión de Carga,COCHABAMBA,ELFEC,D,19:44,20:11,3.5,Desconexión de la línea en 115 kV Valle Hermoso - Catavi.
2016-09-02,Desconexión de Carga,POTOSI,SEPSA,D,19:44,20:40,0.4,Desconexión de la línea en 115 kV Valle Hermoso - Catavi.
2016-09-02,Desconexión de Carga,COCHABAMBA,COBOCE,CNR,19:44,20:40,10.8,Desconexión de la línea en 115 kV Valle Hermoso - Catavi.
2016-09-02,Desconexión de Carga,POTOSI,SEPSA,D,21:12,21:16,0.4,Proceso de restitución de la línea en 115 kV Valle Hermoso - Catavi.
2016-09-02,Desconexión de Carga,COCHABAMBA,COBOCE,CNR,21:12,21:16,10.8,Proceso de restitución de la línea en 115 kV Valle Hermoso - Catavi.
2016-09-09,Desconexión del EDAC,TRINIDAD,ENDE DELBENI,D,21:42,21:53,4.35,Desconexión de la línea en 115 kV San Ignacio de Moxos  Trinidad.
2016-09-10,Desconexión del EDAC,TRINIDAD,ENDE DELBENI,D,09:06,09:18,2.9,No determinada.
2016-09-11,Desconexión del EDAC,TRINIDAD,ENDE DELBENI,D,05:56,06:09,2.6,No determinada.
2016-09-15,Desconexión de Carga,COCHABAMBA,COBOCE,CNR,14:17,14:24,8.0,Operó protección de bajo voltaje.
2016-09-15,Desconexión de Carga,COCHABAMBA,ELFEC,D,14:17,14:39,67.64,Desconexión de la línea en 115 kV Arocagua - Central.
2016-09-16,Desconexión del EDAC,TRINIDAD,ENDE DELBENI,D,16:17,16:21,3.5,No determinada.
2016-09-20,Desconexión de Carga,POTOSI,SEPSA,D,04:31,05:59,6.19,Desconexión de la línea en 69 kV Telamayu - Tupiza - Villazón.
2016-09-20,Desconexión de Carga Manual,POTOSI,SEPSA,D,07:41,07:48,5.13,Desconexión de la línea en 69 kV Telamayu - Tupiza.
2016-09-20,Desconexión de Carga Manual,POTOSI,SEPSA,D,08:52,08:55,2.53,Desconexión de la línea en 69 kV Telamayu - Tupiza.
2016-09-21,Desconexión del EDAC,TRINIDAD,ENDE DELBENI,D,12:53,13:02,6.0,Reconexión de la línea en 115 kV Cumbre - Chuspipata.
2016-09-21,Desconexión de Carga,LA PAZ,DELAPAZ,D,12:53,13:12,3.0,Reconexión de la línea en 115 kV Cumbre - Chuspipata.
2016-09-21,Desconexión del EDAC,TRINIDAD,ENDE DELBENI,D,13:13,13:20,5.8,Reconexión de la línea en 115 kV Cumbre - Chuspipata.
2016-09-21,Desconexión de Carga,LA PAZ,DELAPAZ,D,13:13,15:13,3.0,Reconexión de la línea en 115 kV Cumbre - Chuspipata.
2016-09-23,Desconexión de Carga,TRINIDAD,ENDE DELBENI,D,12:09,12:15,5.19,Reconexión de la línea en 115 kV Caranavi - Chuspipata.
2016-09-23,Desconexión del EDAC,TRINIDAD,ENDE DELBENI,D,12:09,12:20,7.0,Desconexión de la línea en 115 kV San Ignacio de Moxos - Trinidad.
2016-09-23,Desconexión de Carga,LA PAZ,DELAPAZ,D,12:09,12:20,2.84,Reconexión de la línea en 115 kV Caranavi - Chuspipata.
2016-09-24,Desconexión de Carga,COCHABAMBA,COBOCE,CNR,08:05,09:30,9.0,Reconexión de línea en 115 kV Sacaca - Coboce.
2016-09-25,Desconexión de Carga,POTOSI,SEPSA,D,16:38,16:59,1.7,Desconexión de la unidad KIL01.
2016-09-28,Desconexión de Carga,SANTA CRUZ,CRE,D,12:44,12:55,3.2,Desconexión de la línea en 69 kV Nueva Jerusalén - Viru Viru - Warnes.
2016-09-28,Desconexión de Carga Manual,SANTA CRUZ,CRE,D,13:18,14:05,1.8,Desconexión de la línea en 69 kV Nueva Jerusalén - Viru Viru - Warnes.
2016-09-30,Desconexión de Carga,POTOSI,EMSC,CNR,12:56,13:23,41.2,Reconexión de la línea PUN-UYU230.
2016-10-01,Desconexión de Carga,TARIJA,SETAR,D,08:38,09:15,16.7,Desconexión de las líneas TAJ-VAV02401 y TAJ-VAV02402.
2016-10-05,Desconexión de Carga,COCHABAMBA,ELFEC,D,09:09,09:43,29.2,Desconexión de la línea en 115 kV Colcapirhua-Quillacollo.
2016-10-11,Desconexión de Carga,SANTA CRUZ,CRE,D,15:04,15:12,28.0,Falla en celda de interruptor del alimentador ALI_01_16.
2016-10-11,Desconexión de Carga,SANTA CRUZ,CRE,D,17:05,17:19,14.0,Desconexión de la línea en 115 kV Arboleda - Montero.
2016-10-15,Desconexión del EDAC,TRINIDAD,ENDE DELBENI,D,07:16,07:34,2.65,"Desconexión de las unidades ARJ08, WAR01, WAR02, WAR03, WAR04, WAR05, GCH10, VHE02 y VHE03."
2016-10-15,Desconexión del EDAC,TARIJA,SETAR,D,07:16,07:38,9.8,"Desconexión de las unidades ARJ08, WAR01, WAR02, WAR03, WAR04, WAR05, GCH10, VHE02 y VHE03."
2016-10-15,Desconexión del EDAC,COCHABAMBA,ELFEC,D,07:16,07:41,26.8,"Desconexión de las unidades ARJ08, WAR01, WAR02, WAR03, WAR04, WAR05, GCH10, VHE02 y VHE03."
2016-10-15,Desconexión del EDAC,POTOSI,SEPSA,D,07:16,07:42,5.7,"Desconexión de las unidades ARJ08, WAR01, WAR02, WAR03, WAR04, WAR05, GCH10, VHE02 y VHE03."
2016-10-15,Desconexión del EDAC,LA PAZ,DELAPAZ,D,07:16,07:44,38.8,"Desconexión de las unidades ARJ08, WAR01, WAR02, WAR03, WAR04, WAR05, GCH10, VHE02 y VHE03."
2016-10-15,Desconexión del EDAC,ORURO,ELFEO,D,07:16,07:46,11.0,"Desconexión de las unidades ARJ08, WAR01, WAR02, WAR03, WAR04, WAR05, GCH10, VHE02 y VHE03."
2016-10-15,Desconexión del EDAC,TARIJA,SETARV,D,07:16,07:53,1.35,"Desconexión de las unidades ARJ08, WAR01, WAR02, WAR03, WAR04, WAR05, GCH10, VHE02 y VHE03."
2016-10-15,Desconexión del EDAC,COCHABAMBA,COBOCE,CNR,07:16,07:54,4.8,"Desconexión de las unidades ARJ08, WAR01, WAR02, WAR03, WAR04, WAR05, GCH10, VHE02 y VHE03."
2016-10-15,Desconexión del EDAC,SANTA CRUZ,CRE,D,07:16,07:57,88.2,"Desconexión de las unidades ARJ08, WAR01, WAR02, WAR03, WAR04, WAR05, GCH10, VHE02 y VHE03."
2016-10-15,Desconexión del EDAC,TARIJA,SETARY,D,07:16,08:18,1.9,"Desconexión de las unidades ARJ08, WAR01, WAR02, WAR03, WAR04, WAR05, GCH10, VHE02 y VHE03."
2016-10-15,Desconexión del EDAC,SUCRE,CESSA,D,07:16,08:24,9.9,"Desconexión de las unidades ARJ08, WAR01, WAR02, WAR03, WAR04, WAR05, GCH10, VHE02 y VHE03."
2016-10-15,Desconexión del EDAC,ORURO,CMVINTO,CNR,07:16,09:10,1.8,"Desconexión de las unidades ARJ08, WAR01, WAR02, WAR03, WAR04, WAR05, GCH10, VHE02 y VHE03."
2016-10-15,Desconexión del EDAC,SANTA CRUZ,EMDEECRUZ,D,07:16,09:14,0.08,"Desconexión de las unidades ARJ08, WAR01, WAR02, WAR03, WAR04, WAR05, GCH10, VHE02 y VHE03."
2016-10-15,Desconexión del EDAC,POTOSI,EMSC,CNR,07:16,09:24,22.0,"Desconexión de las unidades ARJ08, WAR01, WAR02, WAR03, WAR04, WAR05, GCH10, VHE02 y VHE03."
2016-10-17,Desconexión del EDAC,SANTA CRUZ,CRE,D,14:51,15:06,51.0,Activación del EDAC por bajo voltaje.
2016-10-17,Desconexión de Carga,SANTA CRUZ,CRE,D,14:51,15:47,5.7,Desconexión de línea en 69 kV Nueva Jerusalén - Warnes.
2016-10-18,Desconexión de Carga,SANTA CRUZ,CRE,D,15:17,15:20,5.9,Rama sobre línea de media tensión en alimentador ALI_01_12.
2016-10-18,Desconexión del EDAC - Bajo Voltaje,SANTA CRUZ,CRE,D,15:17,15:21,25.8,"Perturbación, desconexión del alimentador ALI_01_12."
2016-10-19,Desconexión de Carga,SANTA CRUZ,CRE,D,14:53,15:05,28.2,Falla en ramal del alimentador ALI_09_13.
2016-10-19,Regulación de Voltaje,SANTA CRUZ,CRE,D,15:23,18:11,9.0,"Requerimiento de potencia en Área Oriental, disparo unidad GCH06."
2016-10-19,Desconexión de Carga Manual,SANTA CRUZ,CRE,D,15:33,16:42,5.9,"Requerimiento de potencia en Área Oriental, disparo unidad GCH06."
2016-10-19,Desconexión de Carga Manual,SANTA CRUZ,CRE,D,15:34,16:38,4.2,"Requerimiento de potencia en Área Oriental, disparo unidad GCH06."
2016-10-19,Desconexión de Carga Manual,SANTA CRUZ,CRE,D,15:40,16:40,5.2,"Requerimiento de potencia en Área Oriental, disparo unidad GCH06."
2016-10-22,Desconexión de Carga,ORURO,ELFEO,D,15:52,16:15,7.7,Desconexión de la línea en 69 kV Cuadro Siglo - Bolivar.
2016-10-25,Desconexión de Carga,LA PAZ,DELAPAZ,D,13:52,14:00,6.49,"Contacto accidental, ocasionó la apertura de interruptor principal de media tensión del transformador TRCOT11502."
2016-10-25,Desconexión de Carga,LA PAZ,DELAPAZ,D,14:05,14:09,6.63,"Contacto accidental, ocasionó la apertura de interruptor principal de media tensión del transformador TRCOT11502."
2016-10-26,Desconexión de Carga Manual,SANTA CRUZ,CRE,D,18:00,18:22,15.9,"Apertura de emergencia del interruptor general de M.T. del transformador TRPMA06901, arco eléctrico en celda del interruptor del alimentador ALI _05_11."
2016-10-27,Desconexión de Carga,COCHABAMBA,ELFEC,D,08:19,08:29,13.82,Desconexión de la línea en 115 kV Rafael Urquidi - Alalay.
2016-10-29,Desconexión de Carga,ORURO,ELFEO,D,11:35,12:34,5.8,"Desconexión de la línea en 69 kV Cuadro Siglo - Bolívar - Avica ya - Quilla cas, fuertes vientos."
2016-10-29,Desconexión de Carga,ORURO,ELFEO,D,13:33,14:09,4.6,"Desconexión de la línea en 69 kV Cuadro Siglo - Bolívar - Avica ya - Quilla cas, descargas atmosféricas."
2016-10-30,Desconexión del EDAC,TARIJA,SETAR,D,06:43,07:48,1.4,Disparo de la unidad SUR01.
2016-10-30,Desconexión del EDAC,TARIJA,SETARY,D,06:43,07:48,0.3,Disparo de la unidad SUR01.
2016-10-30,Desconexión del EDAC,TARIJA,SETARV,D,06:43,07:51,0.32,Disparo de la unidad SUR01.
2016-10-30,Desconexión del EDAC,TRINIDAD,ENDE DELBENI,D,12:00,12:08,2.9,Operación del relé de gradiente del EDAC.
2016-10-30,Desconexión de Carga,ORURO,ELFEO,D,22:07,22:14,9.2,Desconexión de la línea en 69 kV Cuadro Siglo - Bolívar.
2016-10-30,Desconexión de Carga,ORURO,ELFEO,D,22:15,22:52,2.7,Desconexión de la línea en 69 kV Cuadro Siglo - Bolívar.
2016-10-30,Desconexión de Carga,ORURO,ELFEO,D,22:55,24:00,2.7,Desconexión de la línea en 69 kV Cuadro Siglo - Bolívar.
2016-10-31,Desconexión de Carga,ORURO,ELFEO,D,00:00,11:44,2.7,Desconexión de la línea en 69 kV Cuadro Siglo - Bolívar.
2016-11-02,Desconexión de Carga,SANTA CRUZ,CRE,D,05:49,05:58,6.87,Desconexión de la línea en 69 kV Pailón - Villa Primero de Mayo.
2016-11-12,Desconexión del EDAC,TRINIDAD,ENDE DELBENI,D,08:35,08:57,4.82,Desconexión de la línea en 115 kV San Ignacio de Moxos- Trinidad.
2016-11-12,Desconexión de Carga,LA PAZ,DELAPAZ,D,08:35,08:58,2.29,Desconexión de la línea en 115 kV Caranavi - Yucumo.
2016-11-12,Desconexión de Carga,TRINIDAD,ENDE DELBENI,D,08:35,08:59,3.47,Desconexión de la línea en 115 kV Caranavi - Yucumo.
2016-11-13,Desconexión de Carga,TRINIDAD,ENDE DELBENI,D,05:30,05:39,8.7,Disparo de las unidades de Central Moxos.
2016-11-17,Desconexión de Carga,POTOSI,EMSC,CNR,18:55,19:06,10.0,"Perturbación en el SIN, desconexión de la línea en 230 kV Santivañez - Palca2."
2016-11-17,Desconexión de Carga,COCHABAMBA,COBOCE,CNR,18:55,19:10,3.5,"Perturbación en el SIN, desconexión de la línea en 230 kV Santivañez - Palca2."
2016-11-17,Desconexión de Carga,SUCRE,CESSA,D,18:55,19:55,4.0,"Perturbación en el SIN, desconexión de la línea en 230 kV Santivañez - Palca2."
2016-11-23,Desconexión del EDAC,TRINIDAD,ENDE DELBENI,D,12:02,12:10,3.12,Desconexión de la línea en 115 kV San Ignacio de Moxos  Trinidad.
2016-11-25,Desconexión de Carga,ORURO,ELFEO,D,16:22,16:39,8.0,"Desconexión de las líneas HUY-SOC069, HUY-VIN069 y HUY-MIG069."
2016-11-26,Desconexión de Carga,TARIJA,SETAR,D,16:25,16:36,7.2,Desconexión de la línea 24.9 kV Villa Avaroa - La Tablada.
2016-12-01,Desconexión de Carga,POTOSI,SEPSA,D,14:58,16:00,6.4,Desconexión de la línea en 69 kV Potosí-Velarde II.
2016-12-10,Desconexión de Carga,SANTA CRUZ,CRE,D,10:56,11:10,11.7,Desconexión de la línea en 69 kV Primero de Mayo - Pailón.
2016-12-14,Desconexión de Carga,TRINIDAD,ENDE DELBENI,D,01:15,01:26,2.95,Desconexión de la línea en 115 kV Caranavi - Yucumo.
2016-12-14,Desconexión del EDAC,TRINIDAD,ENDE DELBENI,D,01:15,01:40,6.7,Desconexión de la línea en 115 kV San Ignacio de Moxos - Trinidad.
2016-12-14,Desconexión de Carga,LA PAZ,DELAPAZ,D,01:15,01:55,3.9,Desconexión de la línea en 115 kV Caranavi - Yucumo.
2016-12-14,Desconexión de Carga,TRINIDAD,ENDE DELBENI,D,01:29,02:01,1.26,Desconexión de la línea en 115 kV Caranavi - Yucumo.
2016-12-17,Desconexión de Carga,POTOSI,EMSC,CNR,18:33,18:42,41.7,Desconexión de las líneas en 230 kV PUN - UYU y UYU - SCR.
2016-12-17,Desconexión de Carga,POTOSI,ENDED,D,18:33,18:46,1.7,Desconexión de las líneas en 230 kV PUN - UYU y UYU - SCR.
2016-12-26,Desconexión de Carga,COCHABAMBA,COBOCE,CNR,00:58,01:06,12.9,Reconexión de línea en 115 kV Valle Hermoso - Catavi.
2016-12-27,Desconexión de Carga,TARIJA,SETAR,D,05:20,06:58,10.4,Desconexión transformador TRTAJ11502 de S/E Tarija.
2016-12-28,Desconexión de Carga,ORURO,ELFEO,D,05:31,05:44,6.5,Desconexión de la línea en 69 kV Huayñacota-Socomani.
2016-12-30,Desconexión de Carga,POTOSI,SEPSA,D,14:11,14:23,0.8,Desconexión de la línea PUN-UYU230.
2016-12-30,Desconexión de Carga,POTOSI,ENDED,D,14:11,14:23,1.2,Desconexión de la línea PUN-UYU230.
2016-12-30,Desconexión de Carga,POTOSI,EMSC,CNR,14:11,14:23,43.9,Desconexión de la línea PUN-UYU230.
2016-12-30,Desconexión de Carga,POTOSI,EMSC,CNR,15:27,15:33,35.6,Desconexión de la línea PUN-UYU230.
2016-12-30,Desconexión de Carga,POTOSI,SEPSA,D,15:27,15:33,0.8,Desconexión de la línea PUN-UYU230.
2016-12-30,Desconexión de Carga,POTOSI,ENDED,D,15:27,15:33,1.1,Desconexión de la línea PUN-UYU230.
2017-01-01,Desconexión de Carga,ORURO,ELFEO,D,15:06,15:15,5.0,Desconexiòn de la lìnea en 69 kV Huyañacota - Socomani.
2017-01-01,Desconexión de Carga,TRINIDAD,ENDE DELBENI,D,19:40,19:48,3.7,"Desconexión de las líneas Cumbre - Chuspipata, Caranavi - Yucumo y San Ignacio de Moxos - Trinidad."
2017-01-01,Desconexión del EDAC,TRINIDAD,ENDE DELBENI,D,19:40,19:48,8.4,Desconexión de las líneas Cumbre - Chuspipata y San Ignacio de Moxos - Trinidad.
2017-01-01,Desconexión de Carga,LA PAZ,DELAPAZ,D,19:40,19:54,7.3,"Desconexión de las líneas Cumbre - Chuspipata, Caranavi - Yucumo y San Ignacio de Moxos - Trinidad."
2017-01-02,Desconexión de Carga,TRINIDAD,ENDE DELBENI,D,15:28,15:32,3.1,"Desconexión de las líneas Cumbre - Chuspipata, Caranavi - Yucumo y San Ignacio de Moxos - Trinidad."
2017-01-02,Desconexión del EDAC,TRINIDAD,ENDE DELBENI,D,15:28,15:37,6.9,Desconexión de las líneas Cumbre - Chuspipata y San Ignacio de Moxos - Trinidad.
2017-01-02,Desconexión del EDAC,LA PAZ,DELAPAZ,D,15:28,15:39,4.3,"Desconexión de las líneas Cumbre - Chuspipata, Caranavi - Yucumo y San Ignacio de Moxos - Trinidad."
2017-01-07,Desconexión del EDAC,LA PAZ,DELAPAZ,D,19:46,19:58,9.46,"Desconexión de las unidades YAN, SCZ01 y SCZ02."
2017-01-07,Desconexión del EDAC,COCHABAMBA,ELFEC,D,19:46,19:58,5.0,"Desconexión de las unidades YAN, SCZ01 y SCZ02."
2017-01-07,Desconexión del EDAC,TARIJA,SETARV,D,19:46,19:59,1.5,"Desconexión de las unidades YAN, SCZ01 y SCZ02."
2017-01-07,Desconexión del EDAC,SANTA CRUZ,CRE,D,19:46,20:00,9.51,"Desconexión de las unidades YAN, SCZ01 y SCZ02."
2017-01-07,Desconexión del EDAC,TARIJA,SETAR,D,19:46,20:02,2.5,"Desconexión de las unidades YAN, SCZ01 y SCZ02."
2017-01-07,Desconexión del EDAC,POTOSI,EMSC,CNR,19:46,20:03,1.86,"Desconexión de las unidades YAN, SCZ01 y SCZ02."
2017-01-07,Desconexión del EDAC,ORURO,ENDE ORURO,D,19:46,20:05,4.5,"Desconexión de las unidades YAN, SCZ01 y SCZ02."
2017-01-07,Desconexión del EDAC,POTOSI,SEPSA,D,19:46,20:05,3.78,"Desconexión de las unidades YAN, SCZ01 y SCZ02."
2017-01-07,Desconexión del EDAC,SUCRE,CESSA,D,19:46,20:19,3.8,"Desconexión de las unidades YAN, SCZ01 y SCZ02."
2017-01-07,Desconexión del EDAC,COCHABAMBA,COBOCE,CNR,19:46,20:21,3.5,"Desconexión de las unidades YAN, SCZ01 y SCZ02."
2017-01-07,Desconexión del EDAC,SANTA CRUZ,EMDEECRUZ,D,19:46,21:55,0.07,"Desconexión de las unidades YAN, SCZ01 y SCZ02."
2017-01-10,Desconexión de Carga,TRINIDAD,ENDE DELBENI,D,14:31,14:38,3.5,Desconexión de las líneas en 115 kV Caranavi - Yucumo y San Ignacio de Moxos - Trinidad.
2017-01-10,Desconexión de Carga,LA PAZ,DELAPAZ,D,14:31,14:43,4.3,Desconexión de las líneas en 115 kV Caranavi - Yucumo y San Ignacio de Moxos - Trinidad.
2017-01-10,Desconexión del EDAC,TRINIDAD,ENDE DELBENI,D,14:31,14:44,7.7,Desconexión de la línea en 115 kV San Ignacio de Moxos - Trinidad.
2017-01-18,Desconexión de Carga,Oriental,CRE,D,18:51,19:03,10.2,Desconexión de la línea en 69 kV Paión - Villa Primero de Mayo
2017-01-18,Desconexión de Carga,Oriental,CRE,D,19:41,19:50,15.6,Desconexión de la línea en 115 kV Arboleda - Montero.
2017-01-19,Regulación de Voltaje,SANTA CRUZ,CRE,D,13:50,17:49,9.0,Indisponibilidad de las unidades GCH10 y GCH02.
2017-01-26,Desconexión de Carga,SANTA CRUZ,CRE,D,18:59,19:14,12.0,Desconexión del transformador TRMON11502.
2017-01-31,Desconexión de Carga,POTOSI,SEPSA,D,13:55,14:03,5.57,Desconexión de la línea en 69 kV Telamayu - Tupiza - Villazón.
2017-02-05,Desconexión de Carga,LA PAZ,DELAPAZ,D,05:41,05:45,1.97,Reconexión de la línea en 115 kV Chuspipata - Pichu.
2017-02-05,Desconexión del EDAC,TRINIDAD,ENDE DELBENI,D,05:41,05:49,2.5,Reconexión de la línea en 115 kV Chuspipata - Pichu.
2017-02-05,Desconexión del EDAC,TRINIDAD,ENDE DELBENI,D,07:30,07:38,2.6,Desconexión de la línea en 115 kV San Ignacio de Moxos-Trinidad.
2017-02-05,Desconexión de Carga,TRINIDAD,ENDE DELBENI,D,07:30,07:38,2.1,Desconexión de la línea en 115 kV Caranavi-Yucumo.
2017-02-05,Desconexión de Carga,LA PAZ,DELAPAZ,D,07:30,07:41,1.7,Desconexión de la línea en 115 kV Caranavi-Yucumo.
2017-02-05,Desconexión de Carga,ORURO,ENDE ORURO,D,17:05,17:16,2.9,Desconexión de línea en 69 kV Cuadro Siglo - Sud.
2017-02-08,Desconexión de Carga,LA PAZ,DELAPAZ,D,08:24,08:33,22.8,Desconexión de la línea en 69 kV Kenko-Viacha.
2017-02-08,Desconexión de Carga,SANTA CRUZ,CRE,D,13:13,13:21,4.1,Desconexión de la línea en 69 kV Nueva Jerusalén - Warnes.
2017-02-10,Desconexión de Carga,TARIJA,SETARY,D,17:31,18:10,8.9,Desconexión de la línea en 69 kV Yaguacua-Caiza.
2017-02-10,Desconexión de Carga,TARIJA,SETARV,D,17:33,18:00,5.1,Desconexión de la línea en 69 kV Yaguacua-Villamontes.
2017-02-10,Desconexión de Carga,TARIJA,SETARV,D,18:11,19:05,3.7,Desconexión de la línea en 69 kV Yaguacua-Villamontes.
2017-02-11,Desconexión de Carga,TRINIDAD,ENDE DELBENI,D,03:17,03:22,2.51,Desconexión de la línea en 115 kV Caranavi-Yucumo y San Ignacio de Moxos-Trinidad.
2017-02-11,Desconexión del EDAC,TRINIDAD,ENDE DELBENI,D,03:17,03:25,6.1,Desconexión de la línea en 115 kV San Ignacio de Moxos-Trinidad.
2017-02-11,Desconexión de Carga,LA PAZ,DELAPAZ,D,03:17,03:27,1.6,Desconexión de la línea en 115 kV Caranavi-Yucumo y San Ignacio de Moxos-Trinidad.
2017-02-14,Desconexión de Carga,SANTA CRUZ,CRE,D,16:39,16:50,18.4,Desconexión del transformador TRPLM06901.
2017-02-20,Desconexión de Carga,TRINIDAD,ENDE DELBENI,D,03:23,03:29,1.25,Desconexión de las líneas en 115 kV San Borja - San Ignacio de Moxos y San Ignacio de Moxos - Trinidad.
2017-02-20,Desconexión del EDAC,TRINIDAD,ENDE DELBENI,D,03:23,03:30,4.74,Desconexión de la línea en 115 kV San Ignacio de Moxos - Trinidad.
2017-02-22,Desconexión del EDAC,POTOSI,EMSC,CNR,14:57,15:02,1.2,Desconexión de la unidad YAN.
2017-02-22,Desconexión del EDAC,SANTA CRUZ,CRE,D,14:57,15:03,4.9,Desconexión de la unidad YAN.
2017-02-22,Desconexión del EDAC,ORURO,ENDE ORURO,D,14:57,15:04,0.8,Desconexión de la unidad YAN.
2017-02-22,Desconexión del EDAC,COCHABAMBA,ELFEC,D,14:57,15:05,1.6,Desconexión de la unidad YAN.
2017-02-22,Desconexión del EDAC,TRINIDAD,ENDE DELBENI,D,22:30,22:32,3.9,Reconexión de la línea en 115 kV Caranavi - Yucumo.
2017-02-27,Desconexión del EDAC,COCHABAMBA,COBOCE,CNR,17:07,17:20,4.0,Desconexión de las líneas en 230 kV Tarija - Yaguacua 1 y Tarija - Yaguacua 2.
2017-02-27,Desconexión del EDAC,SANTA CRUZ,CRE,D,17:07,17:23,14.6,Desconexión de las líneas en 230 kV Tarija - Yaguacua 1 y Tarija - Yaguacua 2.
2017-02-27,Desconexión del EDAC,LA PAZ,DELAPAZ,D,17:07,17:23,10.0,Desconexión de las líneas en 230 kV Tarija - Yaguacua 1 y Tarija - Yaguacua 2.
2017-02-27,Desconexión del EDAC,TARIJA,SETAR,D,17:07,17:24,3.1,Desconexión de las líneas en 230 kV Tarija - Yaguacua 1 y Tarija - Yaguacua 2.
2017-02-27,Desconexión del EDAC,COCHABAMBA,ELFEC,D,17:07,17:25,5.6,Desconexión de las líneas en 230 kV Tarija - Yaguacua 1 y Tarija - Yaguacua 2.
2017-02-27,Desconexión del EDAC,ORURO,ENDE ORURO,D,17:07,17:25,1.8,Desconexión de las líneas en 230 kV Tarija - Yaguacua 1 y Tarija - Yaguacua 2.
2017-02-27,Desconexión del EDAC,SUCRE,CESSA,D,17:07,17:27,2.3,Desconexión de las líneas en 230 kV Tarija - Yaguacua 1 y Tarija - Yaguacua 2.
2017-02-27,Desconexión del EDAC,TRINIDAD,ENDE DELBENI,D,17:07,17:29,3.13,Desconexión de las líneas en 230 kV Tarija - Yaguacua 1 y Tarija - Yaguacua 2.
2017-02-27,Desconexión del EDAC,POTOSI,EMSC,CNR,17:07,17:30,3.1,Desconexión de las líneas en 230 kV Tarija - Yaguacua 1 y Tarija - Yaguacua 2.
2017-02-27,Desconexión del EDAC,POTOSI,SEPSA,D,17:07,17:31,11.1,Desconexión de las líneas en 230 kV Tarija - Yaguacua 1 y Tarija - Yaguacua 2.
2017-02-27,Desconexión del EDAC,ORURO,CMVINTO,CNR,17:07,17:35,1.8,Desconexión de las líneas en 230 kV Tarija - Yaguacua 1 y Tarija - Yaguacua 2.
2017-02-27,Desconexión del EDAC,SANTA CRUZ,EMDEECRUZ,D,17:07,17:57,0.16,Desconexión de las líneas en 230 kV Tarija - Yaguacua 1 y Tarija - Yaguacua 2.
2017-03-05,Desconexión de Carga,LA PAZ,DELAPAZ,D,08:38,08:56,1.68,Desconexión de las líneas en 115 kV Caranavi-Yucumo y San Ignacio de Moxos-Trinidad.
2017-03-05,Desconexión del EDAC,TRINIDAD,ENDE DELBENI,D,08:38,09:03,5.06,Desconexión de la línea en 115 kV San Ignacio de Moxos-Trinidad.
2017-03-05,Desconexión de Carga,TRINIDAD,ENDE DELBENI,D,08:38,09:03,1.27,Desconexión de las líneas en 115 kV Caranavi-Yucumo y San Ignacio de Moxos-Trinidad.
2017-03-05,Desconexión de Carga,TRINIDAD,ENDE DELBENI,D,08:38,09:16,1.38,Desconexión de las líneas en 115 kV Caranavi-Yucumo y San Ignacio de Moxos-Trinidad.
2017-03-06,Desconexión de Carga,Oriental,CRE,D,01:52,02:01,11.5,Desconexión de la línea en 69 kV Primero de Mayo - Pailón.
2017-03-09,Desconexión de Carga,LA PAZ,DELAPAZ,D,10:25,10:29,30.0,Desconexión de la línea en 69 kV Kenko - Tilata - Viacha.
2017-03-09,Desconexión de Carga,TARIJA,SETAR,D,20:36,20:51,10.0,Desconexión de la línea en 24.9 kV Villa Avaroa - La Tablada.
2017-03-12,Desconexión de Carga,LA PAZ,DELAPAZ,D,09:54,10:20,6.0,Desconexión del transformador TRCOS11502 de S/E Cosmos.
2017-03-17,Desconexión de Carga,TRINIDAD,ENDE DELBENI,D,09:49,10:01,0.3,Desconexión de las líneas San Borja - San Ignacio de Moxos y San Ignacio de Moxos - Trinidad.
2017-03-17,Desconexión del EDAC,TRINIDAD,ENDE DELBENI,D,09:49,10:04,2.35,Desconexión de la línea San Ignacio de Moxos - Trinidad.
2017-03-17,Desconexión del EDAC,TRINIDAD,ENDE DELBENI,D,09:59,10:03,2.4,Proceso de restitución del alimentador IM45.
2017-03-17,Desconexión del EDAC,TRINIDAD,ENDE DELBENI,D,10:51,11:02,2.47,Desconexión de la línea San Ignacio de Moxos - Trinidad.
2017-03-17,Desconexión de Carga,TRINIDAD,ENDE DELBENI,D,10:51,11:17,0.3,Desconexión de las líneas San Borja - San Ignacio de Moxos y San Ignacio de Moxos - Trinidad.
2017-03-17,Desconexión de Carga,TRINIDAD,ENDE DELBENI,D,11:31,11:44,0.5,Desconexión de las líneas San Borja - San Ignacio de Moxos y San Ignacio de Moxos - Trinidad.
2017-03-17,Desconexión del EDAC,TRINIDAD,ENDE DELBENI,D,11:31,11:46,2.51,Desconexión de la línea San Ignacio de Moxos - Trinidad.
2017-03-28,Desconexión de Carga,TRINIDAD,ENDE DELBENI,D,06:36,06:43,2.24,Desconexión de la línea en 115 kV Caranavi-Yucumo.
2017-03-28,Desconexión del EDAC,TRINIDAD,ENDE DELBENI,D,06:36,06:44,4.7,Desconexión de la línea en 115 kV San Ignacio de Moxos-Trinidad.
2017-03-28,Desconexión de Carga,LA PAZ,DELAPAZ,D,06:36,07:07,1.62,Desconexión de la línea en 115 kV Caranavi-Yucumo.
2017-04-03,Desconexión de Carga,SUCRE,CESSA,D,04:39,04:47,8.3,Desconexión de la línea en 69 kV Aranjuez - Sucre y del autotransformador ATSUC23001.
2017-04-03,Desconexión de Carga Manual,SUCRE,CESSA,D,07:52,07:54,8.0,"Parada unidad ARJ08, problemas de sincronización en el interruptor B532."
2017-04-03,Desconexión de Carga,LA PAZ,DELAPAZ,D,17:00,17:01,8.8,Desconexión de línea en 69 kV Alto Achachicala - Achachicala - Caiconi.
2017-04-03,Desconexión de Carga,ORURO,ENDE ORURO,D,22:47,22:58,5.5,Desconexión de línea en 69 kV Cuadro Siglo-Sud.
2017-04-08,Desconexión de Carga,ORURO,ENDE ORURO,D,13:05,13:13,9.0,Desconexión de la línea en 69 kV Huayñacota - Socomani.
2017-04-09,Desconexión de Carga,TRINIDAD,ENDE DELBENI,D,04:00,04:11,2.18,Desconexión de la línea en 115 kV Caranavi-Yucumo.
2017-04-09,Desconexión del EDAC,TRINIDAD,ENDE DELBENI,D,04:00,04:15,2.48,Desconexión de la línea en 115 kV San Ignacio de Moxos-Trinidad.
2017-04-09,Desconexión de Carga,LA PAZ,DELAPAZ,D,04:00,04:16,2.46,Desconexión de la línea en 115 kV Caranavi-Yucumo.
2017-04-10,Desconexión de Carga,COCHABAMBA,ELFEC,D,20:16,20:45,6.2,Desconexión del transformador TRALA11502.
2017-04-11,Desconexión de Carga,ORURO,ENDE ORURO,D,04:34,04:43,5.5,Desconexión de línea en 69 kV Huayñacota - Socomani.
2017-04-11,Desconexión de Carga,ORURO,ENDE ORURO,D,13:04,13:08,8.5,Desconexión de línea en 69 kV Huayñacota - Socomani.
2017-04-21,Desconexión de Carga,SANTA CRUZ,CRE,D,03:01,03:50,6.6,Desconexión de la línea en 69 kV Nueva Jerusalén - Warnes.
2017-04-26,Desconexión del EDAC,Trinidad,ENDE DELBENI,D,08:19,08:25,5.81,Desconexión de la línea en 115 kV San Ignacio de Moxos - Trinidad.
2017-05-02,Desconexión del EDAC,TRINIDAD,ENDE DELBENI,D,11:58,12:06,6.88,Desconexión de línea en 115 kV San Ignacio de Moxos-Trinidad.
2017-05-04,Desconexión de Carga,TRINIDAD,ENDE DELBENI,D,08:33,08:36,1.22,Desconexión de líneas en 115 kV San Borja - San Ignacio de Moxos y San Ignacio de Moxos - Trinidad.
2017-05-04,Desconexión del EDAC,TRINIDAD,ENDE DELBENI,D,08:33,08:39,5.82,Desconexión de línea en 115 kV San Ignacio de Moxos - Trinidad.
2017-05-04,Desconexión de Carga,SANTA CRUZ,CRE,D,11:41,11:58,10.6,Desconexión de la línea en 69 kV Villa Primero de Mayo - Pailón.
2017-05-21,Desconexión de Carga,TARIJA,SETARY,D,21:54,24:00,0.8,Falla en el transformador TRCAZ06901 de S/E Caiza.
2017-05-21,Desconexión de Carga,TARIJA,SETARY,D,22:10,23:16,8.0,Desconexión de las líneas en 69 kV Yaguacua - Caiza y Caiza - Yacuiba.
2017-05-25,Regulación de Voltaje,LA PAZ,DELAPAZ,D,18:30,19:39,8.0,"Requerimiento de potencia en el SIN, indisponibilidad de las unidades GCH11, SUR03 y ERI03."
2017-05-25,Regulación de Voltaje,SANTA CRUZ,CRE,D,18:31,19:46,9.0,"Requerimiento de potencia en el SIN, indisponibilidad de las unidades GCH11, SUR03 y ERI03."
2017-05-25,Regulación de Voltaje,COCHABAMBA,ELFEC,D,18:32,19:32,3.0,"Requerimiento de potencia en el SIN, indisponibilidad de las unidades GCH11, SUR03 y ERI03."
2017-06-01,Desconexión de Carga Manual,LA PAZ,DELAPAZ,D,10:49,11:53,1.97,"Desconexión de emergencia del transformador TRPIC115, falla en coductor de CT fase A línea CJL-PIC024."
2017-06-09,Desconexión de Carga,LA PAZ,DELAPAZ,D,06:40,08:28,5.7,Desconexión de la línea en 69 kV Alto Achachicala - Achacachi - Chaguaya.
2017-06-09,Desconexión de Carga,LA PAZ,DELAPAZ,D,08:45,08:52,17.27,Desconexión de la línea en 69 kV Alto Achachicala - Tembladerani.
2017-06-15,Desconexión del EDAC,TRINIDAD,ENDE DELBENI,D,15:37,15:55,6.6,Desconexión de línea en 115 kV San Ignacio de Moxos-Trinidad.
2017-06-19,Desconexión de Carga,COCHABAMBA,ELFEC,D,00:38,00:45,13.1,Desconexión de los transformadores TRYPF11502 y TRYPF11503.
2017-06-19,Desconexión de Carga Manual,LA PAZ,DELAPAZ,D,07:37,08:49,2.6,Desconexión de emergencia del transformador TRPIC115.
2017-06-19,Desconexión de Carga Manual,LA PAZ,DELAPAZ,D,10:41,10:42,26.0,Desenergización de emergencia de S/E Viacha.
2017-06-22,Desconexión de Carga,SANTA CRUZ,CRE,D,12:53,14:22,14.0,Desconexión de la línea en 69 kV Nueva Jerusalén - Viru Viru - Warnes.
2017-06-22,Desconexión de Carga,COCHABAMBA,ELFEC,D,18:17,18:29,39.8,Desconexión de la línea en 115 kV Central - Colcapirhua.
2017-07-09,Desconexión del EDAC,TRINIDAD,ENDE DELBENI,D,06:06,06:17,2.27,"Desconexión del ATBRE23002, ARB-MON115, de las unidades de central termoeléctrica Warnes y GBE01."
2017-07-09,Desconexión de Carga,SANTA CRUZ,CRE,D,06:06,06:18,39.8,"Desconexión del ATBRE23002, ARB-MON115 y de las unidades de central termoeléctrica Warnes."
2017-07-09,Desconexión del EDAC,ORURO,EMVINTO,CNR,06:06,06:20,3.0,"Desconexión del ATBRE23002, ARB-MON115, de las unidades de central termoeléctrica Warnes y GBE01."
2017-07-09,Desconexión del EDAC,SUCRE,CESSA,D,06:06,06:25,4.0,"Desconexión del ATBRE23002, ARB-MON115, de las unidades de central termoeléctrica Warnes y GBE01."
2017-07-09,Desconexión del EDAC,TARIJA,SETARV,D,06:06,06:28,1.2,"Desconexión del ATBRE23002, ARB-MON115, de las unidades de central termoeléctrica Warnes y GBE01."
2017-07-09,Desconexión del EDAC,POTOSI,SEPSA,D,06:06,06:29,9.2,"Desconexión del ATBRE23002, ARB-MON115, de las unidades de central termoeléctrica Warnes y GBE01."
2017-07-09,Desconexión del EDAC,SANTA CRUZ,CRE,D,06:06,06:32,50.8,"Desconexión del ATBRE23002, ARB-MON115, de las unidades de central termoeléctrica Warnes y GBE01."
2017-07-09,Desconexión del EDAC,ORURO,ENDE ORURO,D,06:06,06:34,5.6,"Desconexión del ATBRE23002, ARB-MON115, de las unidades de central termoeléctrica Warnes y GBE01."
2017-07-09,Desconexión del EDAC,COCHABAMBA,ELFEC,D,06:06,06:34,10.0,"Desconexión del ATBRE23002, ARB-MON115, de las unidades de central termoeléctrica Warnes y GBE01."
2017-07-09,Desconexión del EDAC,LA PAZ,DELAPAZ,D,06:06,06:37,23.57,"Desconexión del ATBRE23002, ARB-MON115, de las unidades de central termoeléctrica Warnes y GBE01."
2017-07-09,Desconexión del EDAC,TARIJA,SETARY,D,06:06,06:40,2.1,"Desconexión del ATBRE23002, ARB-MON115, de las unidades de central termoeléctrica Warnes y GBE01."
2017-07-09,Desconexión del EDAC,TARIJA,SETAR,D,06:06,06:40,5.6,"Desconexión del ATBRE23002, ARB-MON115, de las unidades de central termoeléctrica Warnes y GBE01."
2017-07-09,Desconexión del EDAC,POTOSI,EMSC,CNR,06:06,06:41,24.76,"Desconexión del ATBRE23002, ARB-MON115, de las unidades de central termoeléctrica Warnes y GBE01."
2017-07-09,Desconexión del EDAC,SANTA CRUZ,EMDEECRUZ,D,06:06,08:49,1.0,"Desconexión del ATBRE23002, ARB-MON115, de las unidades de central termoeléctrica Warnes y GBE01."
2017-07-09,Desconexión del EDAC,COCHABAMBA,COBOCE,CNR,06:06,24:00,4.0,"Desconexión del ATBRE23002, ARB-MON115, de las unidades de central termoeléctrica Warnes y GBE01."
2017-07-21,Desconexión del EDAC,TRINIDAD,ENDE DELBENI,D,08:34,08:53,1.9,Operación del relé de gradiente de frecuencia del EDAC
2017-07-23,Desconexión de Carga,SANTA CRUZ,CRE,D,11:01,11:10,9.6,Desconexión de la línea en 69 kV Primero de Mayo - Pailón.
2017-07-25,Desconexión de Carga,SUCRE,CESSA,D,17:12,17:20,11.0,"Perturbación en el Sistema, descoenxión de la línea en 115 kV Potosí - Velarde II."
2017-07-25,Desconexión de Carga,POTOSI,SEPSA,D,17:12,17:38,25.0,Desconexión de la línea en 115 kV Potosí-Velarde II.
2017-07-25,Desconexión de Carga,POTOSI,EMSC,CNR,17:12,17:39,22.7,"Perturbación en el Sistema, descoenxión de la línea en 115 kV Potosí - Velarde II."
2017-07-25,Desconexión de Carga,POTOSI,SEPSA,D,17:12,18:15,6.0,"Perturbación en el Sistema, descoenxión de la línea en 115 kV Potosí - Velarde II."
2017-08-01,Desconexión del EDAC,TRINIDAD,ENDE DELBENI,D,21:38,21:53,8.59,Desconexión de la línea en 115 kV San Ignacio de Moxos - Trinidad.
2017-08-01,Desconexión de Carga,TRINIDAD,ENDE DELBENI,D,21:38,21:53,7.7,Desconexión de la línea en 115 kV Caranavi - Yucumo.
2017-08-01,Desconexión de Carga,LA PAZ,DELAPAZ,D,21:38,22:32,17.18,Desconexión de las líneas en 115 kV Cota Cota - Bolognia y Bolognia - Pampahasi.
2017-08-20,Desconexión del EDAC,TRINIDAD,ENDE DELBENI,D,16:50,17:00,2.84,Desconexión de alimetador IM45 por operación del relé de Gradiente de Frecuencia del EDAC.
2017-08-26,Desconexión del EDAC,TRINIDAD,ENDE DELBENI,D,13:26,13:27,3.5,Desconexión de alimentador IM45 por operación de la 1ra etapa de Gradiente de Frecuencia del EDAC.
2017-08-28,Desconexión de Carga,ORURO,ENDE ORURO,D,00:19,00:28,6.0,Desconexión de la línea en 69 kV Huayñacota - Socomani.
2017-08-28,Desconexión de Carga,COCHABAMBA,ELFEC,D,05:01,05:09,10.21,Desconexión de la línea en 115 kV Sacaba - Paracaya.
2017-08-28,Desconexión de Carga,COCHABAMBA,ELFEC,D,05:37,05:42,10.84,Desconexión de la línea en 115 kV Sacaba - Paracaya.
2017-09-04,Desconexión de Carga,POTOSI,SEPSA,D,10:32,13:51,2.1,Desconexión de la unidad KIL01.
2017-09-05,Desconexión de Carga,TRINIDAD,ENDE DELBENI,D,12:05,12:09,1.1,Desconexión de las líneas en 115 kV San Borja - San Ignacio de Moxos y San Ignacio de Moxos - Trinidad.
2017-09-05,Desconexión del EDAC,TRINIDAD,ENDE DELBENI,D,12:05,12:14,2.5,Desconexión de las líneas en 115 kV San Borja - San Ignacio de Moxos y San Ignacio de Moxos - Trinidad.
2017-09-06,Desconexión de Carga,TRINIDAD,ENDE DELBENI,D,10:56,11:01,2.27,Desconexión de las líneas en 115 kV Yucumo - San Borja y San Ignacio de Moxos - Trinidad.
2017-09-06,Desconexión del EDAC,TRINIDAD,ENDE DELBENI,D,10:56,11:03,5.57,Desconexión de las líneas en 115 kV Yucumo - San Borja y San Ignacio de Moxos - Trinidad.
2017-09-06,Desconexión de Carga,POTOSI,SEPSA,D,22:59,24:00,2.3,Desconexión de la unidad de KIL01.
2017-09-07,Desconexión de Carga,SANTA CRUZ,CRE,D,12:09,13:05,17.0,Desconexión del transformador TRGCH06903.
2017-09-11,Desconexión del EDAC,COCHABAMBA,ELFEC,D,09:09,09:49,71.9,Operó protección diferencial de barra en S/E Carrasco.
2017-09-11,Desconexión del EDAC,ORURO,EMVINTO,CNR,09:09,09:49,0.5,Operó protección diferencial de barra en S/E Carrasco.
2017-09-11,Desconexión del EDAC,POTOSI,SEPSA,D,09:09,09:54,26.6,Operó protección diferencial de barra en S/E Carrasco.
2017-09-11,Desconexión de Carga,POTOSI,SEPSA,D,09:09,09:54,13.4,Operó protección diferencial de barra en S/E Carrasco.
2017-09-11,Desconexión del EDAC,TRINIDAD,ENDE DELBENI,D,09:09,10:04,5.98,Operó protección diferencial de barra en S/E Carrasco.
2017-09-11,Desconexión del EDAC,SUCRE,CESSA,D,09:09,10:06,26.09,Operó protección diferencial de barra en S/E Carrasco.
2017-09-11,Desconexión del EDAC,LA PAZ,DELAPAZ,D,09:09,10:09,105.0,Operó protección diferencial de barra en S/E Carrasco.
2017-09-11,Desconexión del EDAC,COCHABAMBA,COBOCE,CNR,09:09,10:13,3.3,Operó protección diferencial de barra en S/E Carrasco.
2017-09-11,Desconexión del EDAC,ORURO,ENDE ORURO,D,09:09,10:23,19.5,Operó protección diferencial de barra en S/E Carrasco.
2017-09-11,Desconexión de Carga,ORURO,ENDE ORURO,D,09:09,10:23,2.2,Operó protección diferencial de barra en S/E Carrasco.
2017-09-11,Desconexión del EDAC,POTOSI,EMSC,CNR,09:09,10:34,4.4,Operó protección diferencial de barra en S/E Carrasco.
2017-09-11,Desconexión de Carga,POTOSI,EMSC,CNR,09:09,10:34,36.6,Operó protección diferencial de barra en S/E Carrasco.
2017-09-14,Desconexión de Carga,TRINIDAD,ENDE DELBENI,D,05:26,05:30,1.06,Desconexión de la línea en 115 kV San Borja - San Ignacio de Moxos.
2017-09-14,Desconexión del EDAC,TRINIDAD,ENDE DELBENI,D,05:26,05:32,2.65,Desconexión de la línea en 115 kV San Ignacio de Moxos - Trinidad.
2017-09-14,Desconexión de Carga,SANTA CRUZ,CRE,D,09:31,09:49,68.8,Activación del sistema de protección DAC por potencia en S/E Guaracachi.
2017-09-26,Desconexión de Carga,TARIJA,SETARY,D,01:03,01:09,7.2,Desconexión de línea en 69 kV Caiza-Yacuiba.
2017-09-26,Desconexión de Carga,TARIJA,SETARY,D,14:24,16:54,9.1,Desconexión de línea en 69 kV Caiza-Yacuiba.
2017-10-01,Desconexión de Carga Manual,TARIJA,SETAR,D,02:56,03:30,0.9,Desconexión manual de emergencia de alimentador A2 El Molino.
2017-10-04,Desconexión de Carga,ORURO,ENDE ORURO,D,06:07,06:31,9.1,Parada de emergencia de la unidad CRB y disparo de las unidades CHO02 y CHO03.
2017-10-18,Desconexión de Carga,TRINIDAD,ENDE DELBENI,D,13:20,13:25,3.99,"Desconexión de las líneas en 115 kV Chuspipata - Cumbre, Caranavi - Yucumo y San Ignacio de Moxos - Trinidad."
2017-10-18,Desconexión del EDAC,TRINIDAD,ENDE DELBENI,D,13:20,13:29,7.99,Desconexión de las líneas en 115 kV Chuspipata - Cumbre y San Ignacio de Moxos - Trinidad.
2017-10-18,Desconexión de Carga,LA PAZ,DELAPAZ,D,13:20,13:36,6.43,"Desconexión de las líneas en 115 kV Chuspipata - Cumbre, Caranavi - Yucumo y San Ignacio de Moxos - Trinidad."
2017-10-18,Desconexión de Carga,LA PAZ,DELAPAZ,D,14:17,14:42,15.01,Desconexión de la línea en 69 kV Alto Achachicala - Tap Munaypata - Alto La Paz - Tembladerani.
2017-10-24,Desconexión del EDAC,COCHABAMBA,ELFEC,D,06:20,06:21,1.7,Disparo de la unidad GCH12.
2017-10-24,Desconexión del EDAC,POTOSI,EMSC,CNR,06:20,06:31,2.0,Disparo de la unidad GCH12.
2017-10-24,Desconexión del EDAC,ORURO,ENDE DEORURO,D,06:20,06:33,0.8,Disparo de la unidad GCH12.
2017-10-24,Desconexión del EDAC,POTOSI,SEPSA,D,06:20,06:40,6.4,Disparo de la unidad GCH12.
2017-10-24,Desconexión de Carga,LA PAZ,DELAPAZ,D,13:25,13:41,19.4,Desconexión de la línea en 69 kV Alto Achachicala - Tap Munaypata - Alto La Paz - Tembladerani.
2017-11-04,Desconexión de Carga,LA PAZ,DELAPAZ,D,15:51,15:56,8.5,Desconexión de las líneas en 115 kV Chuspipata-Caranavi y San Ignacio de Moxos-Trinidad.
2017-11-04,Desconexión de Carga,LA PAZ,DELAPAZ,D,15:51,15:57,2.5,Desconexión de la línea en 115 kV Chuspipata - Pichu.
2017-11-04,Desconexión de Carga,TRINIDAD,ENDE DELBENI,D,15:51,15:57,3.6,Desconexión de las líneas en 115 kV Chuspipata-Caranavi y San Ignacio de Moxos-Trinidad.
2017-11-04,Desconexión del EDAC,TRINIDAD,ENDE DELBENI,D,15:51,16:02,7.5,Desconexión de la línea San Ignacio de Moxos-Trinidad.
2017-11-09,Desconexión de Carga,SANTA CRUZ,CRE,D,16:42,17:02,41.0,Desconexión de S/E Mapaiso.
2017-11-22,Desconexión de Carga,SANTA CRUZ,CRE,D,11:39,13:08,12.0,Desconexión de la línea en 115 kV Arboleda-Montero y desconexión del autotransformador ATARB230.
2017-11-30,Desconexión del EDAC,ORURO,ENDE ORURO,D,22:29,22:36,1.2,Desconexión de línea en 69 kV Huayñacota - Vinto y disparo de unidades sistema Miguillas.
2017-12-04,Desconexión de Carga,ORURO,ENDE DEORURO,D,13:24,13:28,8.0,Desconexión de la línea en 69 kV Cuadro Siglo - Bolivar - Avicaya - Quillacas.
2017-12-04,Desconexión de Carga,LA PAZ,DELAPAZ,D,21:42,21:45,6.82,"Desconexión de las líneas en 115 kV Chuspipata - Cumbre, Caranavi - Yucumo y San Ignacio de Moxos - Trinidad."
2017-12-04,Desconexión de Carga,TRINIDAD,ENDE DELBENI,D,21:42,21:49,4.74,"Desconexión de las líneas en 115 kV Chuspipata - Cumbre, Caranavi - Yucumo y San Ignacio de Moxos - Trinidad."
2017-12-04,Desconexión del EDAC,TRINIDAD,ENDE DELBENI,D,21:42,21:53,8.87,Desconexión de las líneas en 115 kV Chuspipata - Cumbre y San Ignacio de Moxos - Trinidad.
2017-12-06,Desconexión de Carga,SANTA CRUZ,CRE,D,21:29,21:52,22.0,Desconexión de transformador TRNJE06901 de S/E Nueva Jerusalén.
2017-12-14,Desconexión de Carga Manual,SANTA CRUZ,CRE,D,19:10,19:19,26.6,Desconexión del transformador TRPIN06901 de S/E Parque Industrial.
2017-12-16,Desconexión del EDAC,TARIJA,SETARV,D,08:39,08:47,0.4,"Desconexión de las unidades de VHE01, VHE02, VHE03, VHE04, VHE05, VHE06, VHE07 y VHE08, reducción de potencia de GCH12 y WAR01, WAR02 Y WAR03."
2017-12-16,Desconexión del EDAC,POTOSI,EMSC,CNR,08:39,08:48,6.58,"Desconexión de las unidades de VHE01, VHE02, VHE03, VHE04, VHE05, VHE06, VHE07 y VHE08, reducción de potencia de GCH12 y WAR01, WAR02 Y WAR03."
2017-12-16,Desconexión del EDAC,SUCRE,CESSA,D,08:39,08:51,2.7,"Desconexión de las unidades de VHE01, VHE02, VHE03, VHE04, VHE05, VHE06, VHE07 y VHE08, reducción de potencia de GCH12 y WAR01, WAR02 Y WAR03."
2017-12-16,Desconexión del EDAC,LA PAZ,DELAPAZ,D,08:39,08:52,7.98,"Desconexión de las unidades de VHE01, VHE02, VHE03, VHE04, VHE05, VHE06, VHE07 y VHE08, reducción de potencia de GCH12 y WAR01, WAR02 Y WAR03."
2017-12-16,Desconexión del EDAC,COCHABAMBA,ELFEC,D,08:39,08:54,13.6,"Desconexión de las unidades de VHE01, VHE02, VHE03, VHE04, VHE05, VHE06, VHE07 y VHE08, reducción de potencia de GCH12 y WAR01, WAR02 Y WAR03."
2017-12-16,Desconexión del EDAC,ORURO,ENDE ORURO,D,08:39,08:59,4.4,"Desconexión de las unidades de VHE01, VHE02, VHE03, VHE04, VHE05, VHE06, VHE07 y VHE08, reducción de potencia de GCH12 y WAR01, WAR02 Y WAR03."
2017-12-16,Desconexión del EDAC,POTOSI,SEPSA,D,08:39,09:01,5.4,"Desconexión de las unidades de VHE01, VHE02, VHE03, VHE04, VHE05, VHE06, VHE07 y VHE08, reducción de potencia de GCH12 y WAR01, WAR02 Y WAR03."
2017-12-16,Desconexión del EDAC,SANTA CRUZ,CRE,D,08:39,09:03,34.5,"Desconexión de las unidades de VHE01, VHE02, VHE03, VHE04, VHE05, VHE06, VHE07 y VHE08, reducción de potencia de GCH12 y WAR01, WAR02 Y WAR03."
2017-12-16,Desconexión del EDAC,POTOSI,CMVINTO,CNR,08:39,09:04,1.8,"Desconexión de las unidades de VHE01, VHE02, VHE03, VHE04, VHE05, VHE06, VHE07 y VHE08, reducción de potencia de GCH12 y WAR01, WAR02 Y WAR03."
2017-12-16,Desconexión del EDAC,TARIJA,SETARY,D,08:39,09:12,0.71,"Desconexión de las unidades de VHE01, VHE02, VHE03, VHE04, VHE05, VHE06, VHE07 y VHE08, reducción de potencia de GCH12 y WAR01, WAR02 Y WAR03."
2017-12-16,Desconexión del EDAC,TARIJA,SETAR,D,08:39,09:16,2.0,"Desconexión de las unidades de VHE01, VHE02, VHE03, VHE04, VHE05, VHE06, VHE07 y VHE08, reducción de potencia de GCH12 y WAR01, WAR02 Y WAR03."
2017-12-16,Desconexión del EDAC,COCHABAMBA,COBOCE,CNR,08:39,09:45,3.3,"Desconexión de las unidades de VHE01, VHE02, VHE03, VHE04, VHE05, VHE06, VHE07 y VHE08, reducción de potencia de GCH12 y WAR01, WAR02 Y WAR03."
2017-12-16,Desconexión del EDAC,SANTA CRUZ,EMDEECRUZ,D,08:39,09:52,0.3,"Desconexión de las unidades de VHE01, VHE02, VHE03, VHE04, VHE05, VHE06, VHE07 y VHE08, reducción de potencia de GCH12 y WAR01, WAR02 Y WAR03."
2017-12-17,Desconexión de Carga,TARIJA,SETAR,D,18:19,18:56,3.3,Operó esquema de interdisparos y desconexión línea TAJ-VAV02402.
2017-12-17,Desconexión de Carga,TARIJA,SETAR,D,18:19,19:07,13.9,Desconexión de líneas TAJ-VAV02401 y TAJ-VAV02402.
2017-12-24,Desconexión de Carga,TRINIDAD,ENDE DELBENI,D,09:00,09:12,2.43,Desconexión de la línea en 115 kV Caranavi - Yucumo.
2017-12-24,Desconexión del EDAC,TRINIDAD,ENDE DELBENI,D,09:00,09:14,4.9,Desconexión de la línea en 115 kV San Ignacio de Moxos - Trinidad.
2017-12-24,Desconexión de Carga,LA PAZ,DELAPAZ,D,09:00,09:16,1.55,Desconexión de la línea en 115 kV Caranavi - Yucumo.
2017-12-31,Desconexión de Carga,TARIJA,SETAR,D,13:21,14:00,14.15,Desconexión de líneas TAJ-VAV02401 y TAJ-VAV02402 y desconexión unidades SJA01 y SJA02.
2018-01-01,Desconexión de Carga,TARIJA,SETARY,D,01:58,03:15,10.3,Desconexión de la línea en 69 kV Yaguacua - Caiza.
2018-01-02,Desconexión de Carga,SANTA CRUZ,CRE,D,05:04,05:12,11.9,Desconexión del transformador TRPLM06901 de S/E Palmar.
2018-01-02,Desconexión de Carga Manual,SANTA CRUZ,CRE,D,07:14,07:41,7.2,Desconexión del transformador TRGCH06903 de S/E Guaracachi.
2018-01-02,Desconexión del EDAC,TRINIDAD,ENDE DELBENI,D,23:42,23:44,3.8,Reconexión de la línea en 115 kV Caranavi-Yucumo.
2018-01-05,Desconexión de Carga,LA PAZ,DELAPAZ,D,14:53,15:07,11.2,Desconexión línea en 69 kV Kenko  Tarapacá - Tembladerani.
2018-01-05,Desconexión de Carga,TARIJA,SETARY,D,19:29,20:03,12.2,Desconexión de la línea en 69 kV Yaguacua - Caiza.
2018-01-11,Desconexión de Carga,SANTA CRUZ,CRE,D,15:10,15:44,17.7,Desconexión de la línea en 69 kV Nueva Jerusalén  Viru Viru- Warnes.
2018-01-13,Desconexión de Carga,POTOSI,ENDED,D,12:54,13:10,1.85,"Desconexión líneas en 230 kV Sucre-Punutuma, Punutuma - Uyuni."
2018-01-13,Desconexión de Carga,POTOSI,EMSC,CNR,12:54,13:12,41.2,"Desconexión líneas en 230 kV Sucre-Punutuma, Punutuma - Uyuni."
2018-01-13,Colapso Total,TARIJA,SETAR,D,12:57,13:41,22.9,"Desconexión línea 230 kV Sucre-Punutuma, Punutuma - Las Carreras."
2018-01-13,Colapso Total,TARIJA,SETARV,D,12:57,13:44,4.4,"Desconexión línea 230 kV Sucre-Punutuma, Punutuma - Las Carreras."
2018-01-13,Colapso Total,TARIJA,SETARY,D,12:57,13:45,8.2,"Desconexión línea 230 kV Sucre-Punutuma, Punutuma - Las Carreras."
2018-01-16,Desconexión de Carga,SUCRE,CESSA,D,12:30,12:50,6.6,Desconexión del transformador TRARJ06904 de S/E Aranjuez.
2018-01-25,Desconexión de Carga,SANTA CRUZ,CRE,D,11:26,11:53,16.48,Desconexión línea en 69 kV Nueva Jerusalén - Viru Viru - Warnes.
2018-01-28,Desconexión de Carga,TRINIDAD,ENDE DELBENI,D,05:51,05:55,2.51,Desconexión de la línea en 115 kV Caranavi - Yucumo.
2018-01-28,Desconexión del EDAC,TRINIDAD,ENDE DELBENI,D,05:51,06:02,4.41,Desconexión de la línea en 115 kV San Ignacio de Moxos - Trinidad.
2018-01-28,Desconexión de Carga,LA PAZ,DELAPAZ,D,05:51,06:05,1.76,Desconexión de la línea en 115 kV Caranavi - Yucumo.
2018-02-02,Desconexión de Carga,TRINIDAD,ENDE DELBENI,D,01:02,01:10,2.7,Desconexión de la línea CRN-YUC115.
2018-02-02,Desconexión del EDAC,TRINIDAD,ENDE DELBENI,D,01:02,01:13,5.29,Desconexión de la línea MOX-TRI115.
2018-02-02,Desconexión de Carga,TRINIDAD,DELAPAZ,D,01:02,01:17,3.26,Desconexión de la línea CRN-YUC115.
2018-02-14,Desconexión del EDAC,TRINIDAD,ENDE DELBENI,D,18:55,18:57,3.4,Desconexión de las líneas en 115 kV Tiquimani  Sainani y Tiquimani - Chururaqui.
2018-02-19,Desconexión del EDAC,LA PAZ,DELAPAZ,D,14:10,14:20,4.72,No determinada.
2018-02-21,Desconexión de Carga,ORURO,ENDE ORURO,D,11:08,11:26,7.4,Desconexión de la línea Sud - Tap Norte - Socomani.
2018-02-21,Desconexión de Carga,LA PAZ,DELAPAZ,D,13:50,13:53,2.49,Desconexión de la línea en 115 kV Caranavi - Yucumo.
2018-02-21,Desconexión de Carga,TRINIDAD,ENDE DELBENI,D,13:50,13:54,3.72,Desconexión de la línea en 115 kV Caranavi - Yucumo.
2018-02-21,Desconexión del EDAC,TRINIDAD,ENDE DELBENI,D,13:50,13:56,6.64,Desconexión de la línea en 115 kV San Ignacio de Moxos - Trinidad.
2018-02-21,Desconexión de Carga,SANTA CRUZ,CRE,D,16:25,16:38,16.0,Desconexión de transformador TRNJE06901 de S/E Nueva Jersusalén.
2018-02-26,Colapso Total,TRINIDAD,ENDE DELBENI,D,08:28,08:33,13.94,Contacto de ave con barra de 24.9 kV en Central Moxos.
2018-03-12,Desconexión de Carga,LA PAZ,DELAPAZ,D,01:52,02:06,0.9,Desconexión transformador TRPIC115 por transferencia de disparo del interruptor A381.
2018-03-12,Desconexión del EDAC,TRINIDAD,ENDE DELBENI,D,01:54,02:01,3.3,Reconexión de la línea en 115 kV Chuspipata - Pichu.
2018-03-21,Desconexión de Carga,POTOSI,SEPSA,D,19:03,19:09,11.1,Desconexión de la línea en 115 kV Punutuma - Atocha.
2018-03-24,Desconexión de Carga,ORURO,ENDE ORURO,D,12:00,12:08,7.5,Desconexión línea en 69 kV Socomani-Huayñacota.
2018-03-24,Desconexión de Carga,ORURO,ENDE ORURO,D,14:09,14:22,7.5,Desconexión línea en 69 kV Socomani-Huayñacota.
2018-03-25,Desconexión del EDAC,TRINIDAD,ENDE DELBENI,D,06:44,06:46,2.0,Desconexión de la línea en 115 kV Caranavi - Huaji.
2018-03-26,Desconexión de Carga,COCHABAMBA,ELFEC,D,12:27,12:34,15.0,Desconexión de la línea en 115 kV Rafael Urquidi  Alalay.
2018-03-28,Desconexión del EDAC,SANTA CRUZ,CRE,D,14:26,14:43,9.15,Déficit de generación en el SIN por desconexión de la barra de Punutuma 230 kV.
2018-03-28,Desconexión del EDAC,COCHABAMBA,ELFEC,D,14:26,14:44,5.1,Déficit de generación en el SIN por desconexión de la barra de Punutuma 230 kV.
2018-03-28,Desconexión del EDAC,SUCRE,CESSA,D,14:26,14:44,3.0,Déficit de generación en el SIN por desconexión de la barra de Punutuma 230 kV.
2018-03-28,Desconexión del EDAC,POTOSI,SEPSA,D,14:26,14:44,7.5,Déficit de generación en el SIN por desconexión de la barra de Punutuma 230 kV.
2018-03-28,Desconexión del EDAC,ORURO,ENDE ORURO,D,14:26,14:46,1.28,Déficit de generación en el SIN por desconexión de la barra de Punutuma 230 kV.
2018-03-28,Desconexión de Carga,POTOSI,EMSC,CNR,14:26,14:46,43.9,Desconexión de línea en 230 kV Uyuni - Minera San Cristóbal.
2018-03-28,Desconexión del EDAC,COCHABAMBA,COBOCE,CNR,14:26,14:56,3.5,Déficit de generación en el SIN por desconexión de la barra de Punutuma 230 kV.
2018-03-28,Desconexión de Carga,POTOSI,SEPSA,D,14:26,15:12,7.4,Desconexión de línea en 69 kV Potosí - San Bartolomé.
2018-03-28,Desconexión del EDAC,SANTA CRUZ,EMDEECRUZ,D,14:26,15:37,0.8,Déficit de generación en el SIN por desconexión de la barra de Punutuma 230 kV.
2018-04-01,Desconexión de Carga,TARIJA,SETARV,D,16:02,16:38,2.4,Desconexión de línea en 69 kV Yaguacua - Villamontes.
2018-04-02,Desconexión de Carga,TRINIDAD,ENDE DELBENI,D,15:58,16:06,1.7,Desconexión de líneas en 115 kV San Borja - San Ignacio de Moxos y San Ignacio de Moxos - Trinidad.
2018-04-02,Desconexión del EDAC,TRINIDAD,ENDE DELBENI,D,15:58,16:08,2.9,Desconexión de línea en 115 kV San Ignacio de Moxos - Trinidad.
2018-04-13,Desconexión de Carga,TRINIDAD,ENDE DELBENI,D,03:53,04:18,2.35,Desconexión de la línea en 115 kV Caranavi - Yucumo.
2018-04-13,Desconexión del EDAC,TRINIDAD,ENDE DELBENI,D,03:53,04:23,4.64,Desconexión de la línea en 115 kV San Ignacio de Moxos - Trinidad.
2018-04-13,Desconexión de Carga,LA PAZ,DELAPAZ,D,03:53,04:23,3.24,"Desconexión de las líneas en 115 kV Caranavi - Chuspipata, Caranavi - Yucumo y Caranavi - Huaji."
2018-04-18,Desconexión de Carga,SANTA CRUZ,CRE,D,10:33,10:38,15.88,Desconexión de la línea en 69 kV Nueva Jerusalén - Warnes.
2018-04-29,Desconexión de Carga,COCHABAMBA,ELFEC,D,12:18,12:23,12.0,Desconexión de línea en 115 kV Rafael Urquidi  Alalay.
2018-04-30,Desconexión de Carga,ORURO,ENDE ORURO,D,09:32,09:39,6.0,Desconexión de la línea en 69 kV Socomani - Sud.
2018-04-30,Desconexión de Carga,LA PAZ,DELAPAZ,D,13:09,13:12,16.7,Desconexión de la línea en 69 kV Alto Achachicala - Tap Munaypata - Alto La Paz.
2018-05-03,Desconexión de Carga,Trinidad,ENDE DELBENI,D,23:25,23:31,3.4,Desconexión de las líneas en 115 kV Yucumo - San Borja y San Ignacio de Moxos - Trinidad.
2018-05-03,Desconexión de Carga,Norte,DELAPAZ,D,23:25,23:36,2.4,Desconexión de las líneas en 115 kV Yucumo - San Borja y San Ignacio de Moxos - Trinidad.
2018-05-04,Desconexión de Carga,TRINIDAD,ENDE DELBENI,D,09:16,09:21,1.5,Desconexión de la línea en 115 kV Yucumo - San Borja.
2018-05-04,Desconexión del EDAC,TRINIDAD,ENDE DELBENI,D,09:16,09:23,3.17,Desconexión de la línea en 115 kV San Ignacio de Moxos - Trinidad.
2018-05-04,Desconexión del EDAC,LA PAZ,DELAPAZ,D,15:03,15:10,9.9,Reconexión de la línea en 115 kV Chuspipata - Caranavi.
2018-05-04,Desconexión del EDAC,TRINIDAD,ENDE DELBENI,D,15:03,15:12,2.8,Desconexión de la línea en 115 kV San Ignacio de Moxos - Trinidad.
2018-05-04,Desconexión de Carga,TRINIDAD,ENDE DELBENI,D,15:03,15:13,3.05,Desconexión de la línea en 115 kV Caranavi - Yucumo y San Ignacio de Moxos - Trinidad.
2018-05-04,Desconexión de Carga,LA PAZ,DELAPAZ,D,15:03,15:14,2.1,Desconexión de la línea en 115 kV Caranavi - Yucumo y San Ignacio de Moxos - Trinidad.
2018-05-21,Desconexión de Carga,LA PAZ,DELAPAZ,D,10:50,10:53,10.8,Desconexión de línea en 69 kV Kenko - Tembladerani.
2018-06-03,Desconexión del EDAC,TRINIDAD,ENDE DELBENI,D,09:39,09:43,1.4,Desconexión de la línea en 115 kV Alto Achachicala - Tiquimani II.
2018-06-06,Desconexión de Carga,SANTA CRUZ,CRE,D,15:45,15:52,3.1,Desconexión de línea en 230 kV Bélgica - Troncos.
2018-06-22,Desconexión de Carga,TRINIDAD,ENDE DELBENI,D,09:50,09:56,1.14,Desconexión del transformador TRMOX11501.
2018-07-05,Desconexión de Carga,SANTA CRUZ,CRE,D,17:50,18:17,18.3,Desconexión de la línea en 115 kV Warnes  Guapilo y el transformador TRGUP11501.
2018-07-05,Desconexión de Carga,SANTA CRUZ,CRE,D,18:26,18:30,13.3,Desconexión del transformador TRGUP11501.
2018-07-17,Desconexión de Carga,LA PAZ,DELAPAZ,D,15:42,16:10,11.4,Desconexión de la línea en 115 kV Avenida Arce - Rosassani.
2018-07-18,Desconexión de Carga,ORURO,ENDE ORURO,D,18:09,18:13,7.5,Desconexión de la línea en 69 kV Cuadro Siglo - Bolívar - Avicaya - Quillacas.
2018-07-29,Colapso Total,TARIJA,SETAR,D,12:19,12:34,19.2,Desconexión del transformador TRTAJ11502.
2018-08-02,Desconexión de Carga,POTOSI,EMSC,CNR,13:44,19:23,34.4,Desconexión de la línea en 230 kV Uyuni - Litio - San Cristóbal.
2018-08-02,Desconexión de Carga,POTOSI,SEPSA,D,13:44,19:23,0.5,Desconexión de la línea en 230 kV Uyuni - Litio - San Cristóbal.
2018-08-13,Desconexión de Carga,TARIJA,SETARY,D,16:55,18:57,7.1,Desconexión del transformador TRYAU06901.
2018-08-30,Desconexión de Carga,SANTA CRUZ,CRE,D,12:25,12:54,25.7,"Contacto de bolsa de plastico en barra de 69 kV en S/E Mapaiso, desconexión de líneas FER-MAP069 y BRE-MAP06901."
2018-08-30,Desconexión de Carga,SANTA CRUZ,CRE,D,12:25,13:39,8.0,"Contacto de bolsa de plastico en barra de 69 kV en S/E Mapaiso, desconexión de líneas FER-MAP069 y BRE-MAP06901."
2018-08-31,Desconexión de Carga,TRINIDAD,ENDE DELBENI,D,23:58,24:00,3.38,Desconexión de las líneas CRN-YUC115 y MOX-TRI115.
2018-08-31,Desconexión de Carga,LA PAZ,DELAPAZ,D,23:58,24:00,2.49,Desconexión de las líneas CRN-YUC115 y MOX-TRI115.
2018-08-31,Desconexión del EDAC,TRINIDAD,ENDE DELBENI,D,23:58,24:00,3.91,Desconexión de la línea MOX-TRI115.
2018-09-01,Desconexión de Carga,TRINIDAD,ENDE DELBENI,D,00:00,00:06,3.38,Desconexión de las líneas CRN-YUC115 y MOX-TRI115.
2018-09-01,Desconexión del EDAC,TRINIDAD,ENDE DELBENI,D,00:00,00:06,3.91,Desconexión de la línea MOX-TRI115.
2018-09-01,Desconexión de Carga,LA PAZ,DELAPAZ,D,00:00,00:14,2.49,Desconexión de las líneas CRN-YUC115 y MOX-TRI115.
2018-09-16,Desconexión de Carga,ORURO,ENDE ORURO,D,12:46,13:00,6.6,Desconexión de la línea en 69 kV Socomani - Sud.
2018-09-28,Desconexión de Carga,ORURO,ENDE ORURO,D,08:46,08:57,8.7,Desconexión de la líneas en 69 kV Catavi - Cuadro Siglo y Cuadro Siglo - Avicaya.
2018-09-28,Desconexión de Carga,COCHABAMBA,ELFEC,D,15:18,15:47,16.3,Desconexión de la línea en 115 kV Rafael Urquidi - YPFB.
2018-10-19,Desconexión de Carga,SANTA CRUZ,CRE,D,10:57,11:34,8.2,Desconexión de la línea en 69 kV Nueva Jerusalén - Viru Viru- Warnes.
2018-10-22,Desconexión del EDAC,LA PAZ,DELAPAZ,D,08:34,08:37,5.9,Desconexión de los inversores de Planta Solar Uyuni.
2018-10-22,Desconexión de Carga,LA PAZ,DELAPAZ,D,11:13,11:17,10.7,Desconexión del transformador de potencia TRCOS11502.
2018-10-26,Desconexión de Carga,COCHABAMBA,ELFEC,D,12:11,12:20,26.0,Desconexión de línea en 115 kV Colcapirhua - Quillacollo.
2018-10-27,Desconexión de Carga,LA PAZ,DELAPAZ,D,14:31,14:36,18.8,Desconexión de línea en 69 kV Tembladerani - Alto La Paz  Tap Munaypata - Alto Achachicala.
2018-10-30,Desconexión de Carga,POTOSI,ENDE ORURO,D,12:49,13:06,1.8,Desconexión de la línea en 230 kV Punutuma - Uyuni.
2018-10-30,Desconexión de Carga,POTOSI,SEPSA,D,12:49,13:15,0.5,Desconexión de la línea en 230 kV Litio - San Cristóbal.
2018-10-30,Desconexión de Carga,POTOSI,ENDE (YLB),D,12:49,13:15,3.6,Desconexión de la línea en 230 kV Uyuni - Litio.
2018-10-30,Desconexión de Carga,POTOSI,EMSC,CNR,12:49,14:28,16.8,Desconexión de la línea en 230 kV Litio - San Cristóbal.
2018-10-31,Desconexión del EDAC,COCHABAMBA,ELFEC,D,17:07,17:12,6.9,"Disparo de las unidades BUL01, BUL02, BUL03 y reducción de potencia de GCH12."
2018-10-31,Desconexión del EDAC,TARIJA,SETARY,D,17:07,17:12,0.34,"Disparo de las unidades BUL01, BUL02, BUL03 y reducción de potencia de GCH12."
2018-10-31,Desconexión del EDAC,SANTA CRUZ,CRE,D,17:07,17:13,17.7,"Disparo de las unidades BUL01, BUL02, BUL03 y reducción de potencia de GCH12."
2018-10-31,Desconexión del EDAC,TRINIDAD,ENDE DELBENI,D,17:07,17:13,7.3,"Disparo de las unidades BUL01, BUL02, BUL03 y reducción de potencia de GCH12."
2018-10-31,Desconexión del EDAC,ORURO,ENDE ORURO,D,17:07,17:14,2.0,"Disparo de las unidades BUL01, BUL02, BUL03 y reducción de potencia de GCH12."
2018-10-31,Desconexión del EDAC,POTOSI,EMSC,CNR,17:07,17:16,1.56,"Disparo de las unidades BUL01, BUL02, BUL03 y reducción de potencia de GCH12."
2018-10-31,Desconexión del EDAC,TARIJA,SETARV,D,17:07,17:16,0.42,"Disparo de las unidades BUL01, BUL02, BUL03 y reducción de potencia de GCH12."
2018-10-31,Desconexión del EDAC,SUCRE,CESSA,D,17:07,17:17,7.0,"Disparo de las unidades BUL01, BUL02, BUL03 y reducción de potencia de GCH12."
2018-10-31,Desconexión del EDAC,TARIJA,SETAR,D,17:07,17:34,2.9,"Disparo de las unidades BUL01, BUL02, BUL03 y reducción de potencia de GCH12."
2018-11-01,Desconexión de Carga,SANTA CRUZ,CRE,D,16:53,16:56,8.3,Desconexión de la línea en 69 kV Nueva Jerusalén - Viru Viru - Warnes.
2018-11-06,Desconexión del EDAC,COCHABAMBA,ELFEC,D,10:26,10:29,1.7,"Desconexión de las unidades BUL01, BUL02 y BUL03."
2018-11-06,Desconexión del EDAC,SUCRE,CESSA,D,10:26,10:31,2.3,"Desconexión de las unidades BUL01, BUL02 y BUL03."
2018-11-06,Desconexión del EDAC,TRINIDAD,ENDE DELBENI,D,10:26,10:32,5.35,"Desconexión de las unidades BUL01, BUL02 y BUL03."
2018-11-06,Desconexión del EDAC,ORURO,ENDE ORURO,D,10:26,10:33,1.8,"Desconexión de las unidades BUL01, BUL02 y BUL03."
2018-11-06,Desconexión del EDAC,TARIJA,SETARV,D,10:26,10:33,0.36,"Desconexión de las unidades BUL01, BUL02 y BUL03."
2018-11-06,Desconexión del EDAC,TARIJA,SETARY,D,10:26,10:36,0.3,"Desconexión de las unidades BUL01, BUL02 y BUL03."
2018-11-06,Desconexión del EDAC,TARIJA,SETAR,D,10:26,10:37,3.0,"Desconexión de las unidades BUL01, BUL02 y BUL03."
2018-11-06,Desconexión del EDAC,POTOSI,EMSC,CNR,10:26,10:39,1.7,"Desconexión de las unidades BUL01, BUL02 y BUL03."
2018-11-06,Desconexión del EDAC,ORURO,EMVINTO,CNR,10:26,10:48,0.45,"Desconexión de las unidades BUL01, BUL02 y BUL03."
2018-11-10,Desconexión de Carga,SANTA CRUZ,CRE,D,10:02,10:35,8.7,Desconexión de la línea en 69 kV Nueva Jerusalén - Viru Viru - Warnes.
2018-11-11,Desconexión de Carga,SANTA CRUZ,CRE,D,10:54,11:11,19.3,Desconexión de la línea en 115 kV Montero - Arboleda.
2018-11-11,Desconexión de Carga,SANTA CRUZ,CRE,D,11:32,11:47,18.8,Desconexión de la línea en 115 kV Montero - Arboleda.
2018-11-13,Desconexión de Carga,LA PAZ,DELAPAZ,D,04:37,04:43,11.4,Desconexión de las líneas en 115 kV Cota Cota-Bolognia-Tap Bahai-Pampahasi.
2018-11-13,Desconexión de Carga,ORURO,ENDE ORURO,D,13:58,14:04,8.0,Desconexión de la línea en 69 kV Socomani - Sud.
2018-11-19,Desconexión de Carga,SANTA CRUZ,CRE,D,00:32,00:41,14.56,Desconexión del transformador TRPLM06901.
2018-11-22,Desconexión del EDAC,TARIJA,SETARY,D,07:34,07:39,0.32,"Desconexión de línea en 230 kV CAR-BUL230, disparo de unidades BUL01, BUL02, BUL03 y CAR02."
2018-11-22,Desconexión del EDAC,COCHABAMBA,COBOCE,CNR,07:34,07:39,0.6,"Desconexión de línea en 230 kV CAR-BUL230, disparo de unidades BUL01, BUL02, BUL03 y CAR02."
2018-11-22,Desconexión del EDAC,TARIJA,SETARV,D,07:34,07:41,0.3,"Desconexión de línea en 230 kV CAR-BUL230, disparo de unidades BUL01, BUL02, BUL03 y CAR02."
2018-11-22,Desconexión del EDAC,POTOSI,EMSC,CNR,07:34,07:45,2.8,"Desconexión de línea en 230 kV CAR-BUL230, disparo de unidades BUL01, BUL02, BUL03 y CAR02."
2018-11-22,Desconexión del EDAC,SUCRE,CESSA,D,07:34,07:47,3.0,"Desconexión de línea en 230 kV CAR-BUL230, disparo de unidades BUL01, BUL02, BUL03 y CAR02."
2018-11-22,Desconexión del EDAC,ORURO,CMVINTO,CNR,07:34,07:50,0.45,"Desconexión de línea en 230 kV CAR-BUL230, disparo de unidades BUL01, BUL02, BUL03 y CAR02."
2018-11-22,Desconexión del EDAC,TARIJA,SETAR,D,07:34,07:54,2.0,"Desconexión de línea en 230 kV CAR-BUL230, disparo de unidades BUL01, BUL02, BUL03 y CAR02."
2018-11-23,Desconexión de Carga,TRINIDAD,ENDE DELBENI,D,13:02,13:05,1.8,Desconexión de la línea en 115 kV San Borja- San Ignacio de Moxos.
2018-11-23,Desconexión del EDAC,TRINIDAD,ENDE DELBENI,D,13:02,13:13,3.18,Desconexión de la línea en 115 kV San Ignacio de Moxos - Trinidad.
2018-11-28,Regulación de Voltaje,SANTA CRUZ,CRE,D,14:22,15:27,8.0,Disparo de la unidad WAR05 y sobrecarga en las líneas en 230 kV Carrasco - Bélgica y Carrasco - Arboleda.
2018-12-01,Desconexión de Carga,LA PAZ,DELAPAZ,D,19:06,19:36,3.93,"Desconexión de líneas en 115 kV Chuspipata-Caranavi, Chuspipata-Pichu y Cumbre-Chuspipata."
2018-12-13,Desconexión de Carga,LA PAZ,DELAPAZ,D,13:53,14:04,11.5,Desconexión del transformador TRRSE11501.
2018-12-13,Desconexión de Carga,TRINIDAD,ENDE DELBENI,D,14:36,14:40,1.6,Desconexión línea 115 kV San Ignacio de Moxos - San Borja.
2018-12-13,Desconexión del EDAC,TRINIDAD,ENDE DELBENI,D,14:36,14:46,3.8,Desconexión de línea en 115 kV San Ignacio de Moxos - Trinidad.
2018-12-14,Desconexión de Carga,LA PAZ,DELAPAZ,D,11:42,12:07,34.2,Desconexión Kenko - Tilata.
2018-12-14,Desconexión de Carga,POTOSI,SEPSA,D,18:31,20:32,3.5,Desconexión de la línea PUN-PUH069.
2018-12-14,Desconexión de Carga,POTOSI,ENDED,D,19:51,20:06,4.0,Desconexión de la línea UYU-LIT23001.
2018-12-14,Desconexión de Carga,POTOSI,SEPSA,D,19:51,20:30,0.3,Desconexión de la línea UYU-LIT23001.
2018-12-14,Desconexión de Carga,POTOSI,EMSC,CNR,19:51,20:30,39.7,Desconexión de la línea UYU-LIT23001.
2018-12-16,Colapso Total,TRINIDAD,ENDE DELBENI,D,04:47,07:12,10.5,Desconexión de las unidades de central Moxos.
2018-12-16,Desconexión de Carga,TARIJA,SETAR,D,06:27,08:24,5.0,Desconexión de las unidades de central San Jacinto.
2018-12-20,Desconexión de Carga,SANTA CRUZ,CRE,D,10:46,10:58,11.5,Desconexión de la línea en 69 kV Warnes - Viru Viru.
2018-12-26,Desconexión de Carga,TARIJA,SETAR,D,18:39,19:22,17.3,Desconexión del transformador TRATAJ11502.
2018-12-30,Desconexión de Carga,TRINIDAD,ENDE DELBENI,D,01:04,01:44,4.85,Desconexión de línea en 115 kV Caranavi - Yucumo.
2018-12-30,Desconexión de Carga,TRINIDAD,DELAPAZ,D,01:04,01:45,2.43,Desconexión de línea en 115 kV Caranavi - Yucumo.
2019-01-03,Desconexión de Carga,TRINIDAD,ENDE DELBENI,D,13:37,13:42,3.3,Desconexión de línea en 115 kV Caranavi  Yucumo.
2019-01-03,Desconexión de Carga,LA PAZ,DELAPAZ,D,13:37,13:48,2.2,Desconexión de línea en 115 kV Caranavi  Yucumo.
2019-01-03,Desconexión de Carga Manual,TRINIDAD,ENDE DELBENI,D,13:44,13:50,1.6,Condiciones operativas de sincronismo para el área Trinidad.
2019-01-04,Desconexión de Carga,TARIJA,SETAR,D,15:09,15:27,15.4,"Desconexión del transformador TRTRAJ1502, LTA-VAV02401 y LTA-VAV02402."
2019-01-04,Desconexión de Carga,TARIJA,SETAR,D,15:27,15:45,9.6,Desconexión del transformador TRTRAJ1502 y LTA-VAV02401.
2019-01-04,Desconexión de Carga,TARIJA,SETAR,D,15:45,15:54,15.4,Desconexión del transformador TRTRAJ1502 y LTA-VAV02401.
2019-01-09,Desconexión de Carga,LA PAZ,DELAPAZ,D,11:27,11:31,19.0,Desconexión de línea en 69 kV Tembladerani-Alto Achachicala.
2019-01-11,Desconexión de Carga,TARIJA,SETAR,D,02:22,02:52,13.0,"Desconexión del alimentador El Valle, LTA_VAV02401 y unidades de central San Jacinto."
2019-01-15,Desconexión del EDAC,SUCRE,CESSA,D,17:49,17:58,2.3,Desconexión de línea en 230 kV Punutuma - Las Carreras.
2019-01-15,Desconexión de Carga,TARIJA,ENDED,D,17:49,18:04,3.8,Desconexión de línea en 230 kV Punutuma - Las Carreras.
2019-01-19,Desconexión de Carga,LA PAZ,DELAPAZ,D,12:14,12:19,29.8,Desconexión de la línea en 69 kV Kenko-Tilata-Viacha.
2019-01-25,Desconexión de Carga,TRINIDAD,ENDE DELBENI,D,03:40,03:50,1.19,Desconexión de líneas en 115 kV San Borja - San Ignacio de Moxos y San Ignacio de Moxos - Trinidad.
2019-01-25,Desconexión del EDAC,TRINIDAD,ENDE DELBENI,D,03:43,03:47,2.57,Desconexión de línea en 115 kV San Ignacio de Moxos - Trinidad y disparo de la unidad MOS11.
2019-01-25,Desconexión del EDAC,TRINIDAD,ENDE DELBENI,D,03:44,03:48,2.54,Desconexión de línea en 115 kV San Ignacio de Moxos - Trinidad y disparo de la unidad MOS11.
2019-01-27,Desconexión de Carga,POTOSI,SEPSA,D,16:51,17:02,0.44,Desconexión de la línea UYU-LIT23001.
2019-01-27,Desconexión de Carga,POTOSI,ENDE,D,16:51,17:06,3.6,Desconexión de la línea UYU-LIT23001.
2019-01-27,Desconexión de Carga,POTOSI,EMSC,CNR,16:51,17:30,40.6,Desconexión de la línea UYU-LIT23001.
2019-01-31,Desconexión del EDAC,POTOSI,EMSC,CNR,16:27,16:40,1.7,Desconexión de la línea en 230 kV Punutuma - Las Carreras.
2019-01-31,Desconexión de Carga,POTOSI,ENDED,D,16:27,16:46,4.9,Desconexión de la línea en 230 kV Punutuma - Las Carreras.
2019-01-31,Desconexión del EDAC,COCHABAMBA,COBOCE,CNR,16:27,16:53,4.0,Desconexión de la línea en 230 kV Punutuma - Las Carreras.
2019-02-02,Desconexión del EDAC,TRINIDAD,ENDE DELBENI,D,11:40,11:57,2.87,Desconexión de línea en 115 kV San Ignacio de Moxos - Trinidad.
2019-02-02,Desconexión de Carga,TARIJA,SETAR,D,21:48,23:03,18.3,Desconexión del transformador TRTAJ11502 y disparo de unidades SJA01 y SJA02.
2019-02-07,Desconexión de Carga Manual,LA PAZ,DELAPAZ,D,07:30,16:50,1.65,Indisponibilidad de línea en 115 kV Caranavi - Yucumo y límite de capacidad de central Rurrenabaque.
2019-02-07,Desconexión de Carga,TRINIDAD,ENDED,D,08:30,08:45,0.8,Desconexión de unidad SBO01 de S/E San Borja.
2019-02-07,Desconexión de Carga,TRINIDAD,ENDED,D,09:20,09:30,0.31,Desconexión de unidad SIM02 de S/E San Ignacio de Moxos.
2019-02-07,Desconexión de Carga,TRINIDAD,ENDED,D,10:00,10:55,0.86,Desconexión de unidad RRE02 de S/E Rurrenabaque.
2019-02-07,Desconexión de Carga,TRINIDAD,ENDED,D,11:27,17:08,0.78,Desconexión de unidades RRE01 y RRE02 de S/E Rurrenabaque.
2019-02-07,Desconexión de Carga Manual,TRINIDAD,ENDED,D,14:10,17:04,0.17,Mayor demanda en la población San Ignacio de Moxos.
2019-02-07,Desconexión del EDAC,SUCRE,CESSA,D,15:15,15:28,2.7,Desconexión de alimentador C de S/E Laguna.
2019-02-08,Desconexión de Carga Manual,LA PAZ,DELAPAZ,D,07:07,17:29,1.91,Indisponibilidad de línea en 115 kV Caranavi - Yucumo y límite de capacidad de central Rurrenabaque.
2019-02-08,Desconexión de Carga Manual,TRINIDAD,ENDE DELBENI,D,07:16,07:30,0.1,Indisponibilidad de la unidad RRE02.
2019-02-08,Desconexión de Carga,TRINIDAD,ENDE DELBENI,D,09:27,09:38,0.63,Desconexión de la unidad SIM02.
2019-02-08,Desconexión de Carga Manual,TRINIDAD,ENDE DELBENI,D,17:55,18:01,0.9,"Desenergización de S/E San Borja, cierre de seccionador bypass 22-c y restitución de S/E San Ignacio de Moxos."
2019-02-11,Desconexión de Carga,POTOSI,EMSC,CNR,18:30,18:35,43.8,Desconexión de línea en 230 kV Litio-San Cristóbal.
2019-02-11,Desconexión de Carga,POTOSI,SEPSA,D,18:30,18:35,0.5,Desconexión de línea en 230 kV Litio-San Cristóbal.
2019-02-12,Desconexión de Carga,SANTA CRUZ,CRE,D,15:36,15:41,16.5,Apertura de interruptor principal de MT. 9DB2 del transformador TRMAP06902.
2019-02-21,Desconexión de Carga,TRINIDAD,ENDE DELBENI,D,18:30,18:54,15.26,Desconexión del transformador TRTRI11501 y disparo de unidades de central Moxos.
2019-02-23,Desconexión del EDAC,COCHABAMBA,ELFEC,D,13:13,13:18,10.2,Reconexión de línea en 115 kV Corani - Arocagua.
2019-02-23,Desconexión del EDAC,POTOSI,EMSC,CNR,13:13,13:23,6.37,Reconexión de línea en 115 kV Corani - Arocagua.
2019-02-24,Desconexión de Carga,TARIJA,SETAR,D,18:05,18:45,7.2,"Desconexión de la línea de 24,9 kV Villa Avaroa - La Tablada."
2019-02-25,Desconexión de Carga,POTOSI,EMSC,CNR,16:56,17:30,41.6,Desconexión de línea en 230 kV Litio - San Cristóbal.
2019-02-25,Desconexión de Carga,POTOSI,SEPSA,D,16:56,17:30,0.7,Desconexión de línea en 230 kV Litio - San Cristóbal.
2019-03-02,Desconexión de Carga Manual,POTOSI,SEPSA,D,22:17,22:44,0.48,Conector dañado en el CT de S/E Velarde II
2019-03-04,Desconexión de Carga,ORURO,ENDE DEORURO,D,13:55,14:17,9.5,Desconexión de la línea en 69 kV Catavi - Cuadro Siglo - Sud.
2019-04-01,Desconexión del EDAC,POTOSI,EMSC,CNR,00:04,00:09,4.0,Desconexión de laS líneaS en 230 kV Punutuma - Las Carreras y Las Carreras - Tarija.
2019-04-01,Desconexión del EDAC,SANTA CRUZ,CRE,D,00:04,00:10,12.5,Desconexión de laS líneaS en 230 kV Punutuma - Las Carreras y Las Carreras - Tarija.
2019-04-01,Desconexión del EDAC,LA PAZ,DELAPAZ,D,00:04,00:11,6.0,Desconexión de laS líneaS en 230 kV Punutuma - Las Carreras y Las Carreras - Tarija.
2019-04-01,Desconexión del EDAC,TRINIDAD,ENDE DELBENI,D,00:04,00:11,3.93,Desconexión de laS líneaS en 230 kV Punutuma - Las Carreras y Las Carreras - Tarija.
2019-04-01,Desconexión del EDAC,POTOSI,SEPSA,D,00:04,00:16,1.6,Desconexión de laS líneaS en 230 kV Punutuma - Las Carreras y Las Carreras - Tarija.
2019-04-01,Desconexión del EDAC,ORURO,ENDE ORURO,D,00:04,00:22,1.2,Desconexión de laS líneaS en 230 kV Punutuma - Las Carreras y Las Carreras - Tarija.
2019-04-01,Desconexión del EDAC,SUCRE,CESSA,D,00:04,00:30,1.8,Desconexión de laS líneaS en 230 kV Punutuma - Las Carreras y Las Carreras - Tarija.
2019-04-01,Desconexión del EDAC,COCHABAMBA,ELFEC,D,00:04,00:33,4.93,Desconexión de laS líneaS en 230 kV Punutuma - Las Carreras y Las Carreras - Tarija.
2019-04-01,Desconexión del EDAC,ORURO,EMVINTO,CNR,00:04,00:50,1.46,Desconexión de laS líneaS en 230 kV Punutuma - Las Carreras y Las Carreras - Tarija.
2019-04-05,Colapso Total,TRINIDAD,ENDE DELBENI,D,16:09,16:23,16.6,Desconexión de la línea en 115 kV San Ignacio de Moxos - Trinidad y unidades generadoras de Central Moxos.
2019-04-11,Desconexión de Carga,LA PAZ,DELAPAZ,D,13:49,13:52,33.0,Desconexión de la línea en 69 kV Kenko - Tilata - Viacha.
2019-04-14,Desconexión del EDAC,SANTA CRUZ,CRE,D,14:29,14:32,3.3,Desconexión de línea en 230 kV Carrasco - Chimoré.
2019-04-14,Desconexión de Carga,COCHABAMBA,COBOCE,CNR,14:29,15:06,3.0,Desconexión de línea en 230 kV Carrasco - Chimoré.
2019-04-20,Desconexión de Carga,TARIJA,SETARY,D,19:32,22:47,10.9,Desconexión del la línea en 69 kV Caiza - Yacuiba.
2019-04-22,Desconexión del EDAC,TRINIDAD,ENDE DELBENI,D,18:04,18:07,3.39,Reconexión de la línea en 115 kV Caranavi  Huaji.
2019-04-23,Desconexión del EDAC,TRINIDAD,ENDE DELBENI,D,04:11,04:20,2.82,Desconexión de la línea en 115 kV San Ignacio de Moxos - Trinidad.
2019-04-23,Desconexión de Carga,TRINIDAD,ENDE DELBENI,D,04:11,04:25,2.44,Desconexión de las líneas en 115 kV Caranavi - Yucumo y San Ignacio de Moxos - Trinidad.
2019-04-23,Desconexión de Carga,LA PAZ,DELAPAZ,D,04:11,04:25,2.2,Desconexión de las líneas en 115 kV Caranavi - Yucumo y San Ignacio de Moxos - Trinidad.
2019-05-06,Desconexión de Carga,COCHABAMBA,ELFEC,D,11:33,11:39,10.7,Desconexión de la línea en 115 kV Sacaba - Paracaya.
2019-05-09,Desconexión de Carga,TRINIDAD,SETAR,D,09:42,10:05,7.4,Desconexión de la línea LTA-VAV02401.
2019-05-16,Desconexión del EDAC,COCHABAMBA,ELFEC,D,12:09,12:15,3.6,"Desconexión del ciclo combinado SUR30, SUR31, SUR32 y unidades en prueba SUR40 y SUR42."
2019-05-16,Desconexión del EDAC,TRINIDAD,ENDE DELBENI,D,12:09,12:18,2.48,"Desconexión del ciclo combinado SUR30, SUR31, SUR32 y unidades en prueba SUR40 y SUR42."
2019-05-16,Desconexión del EDAC,TARIJA,SETARV,D,12:09,12:19,0.28,"Desconexión del ciclo combinado SUR30, SUR31, SUR32 y unidades en prueba SUR40 y SUR42."
2019-05-16,Desconexión del EDAC,SANTA CRUZ,CRE,D,12:09,12:20,12.2,"Desconexión del ciclo combinado SUR30, SUR31, SUR32 y unidades en prueba SUR40 y SUR42."
2019-05-16,Desconexión del EDAC,LA PAZ,DELAPAZ,D,12:09,12:20,8.86,"Desconexión del ciclo combinado SUR30, SUR31, SUR32 y unidades en prueba SUR40 y SUR42."
2019-05-16,Desconexión del EDAC,SUCRE,CESSA,D,12:09,12:21,2.0,"Desconexión del ciclo combinado SUR30, SUR31, SUR32 y unidades en prueba SUR40 y SUR42."
2019-05-16,Desconexión del EDAC,POTOSI,SEPSA,D,12:09,12:21,1.93,"Desconexión del ciclo combinado SUR30, SUR31, SUR32 y unidades en prueba SUR40 y SUR42."
2019-05-16,Desconexión del EDAC,ORURO,ENDE ORURO,D,12:09,12:24,1.5,"Desconexión del ciclo combinado SUR30, SUR31, SUR32 y unidades en prueba SUR40 y SUR42."
2019-05-16,Desconexión del EDAC,TARIJA,SETARY,D,12:09,12:26,0.28,"Desconexión del ciclo combinado SUR30, SUR31, SUR32 y unidades en prueba SUR40 y SUR42."
2019-05-16,Desconexión del EDAC,POTOSI,EMSC,CNR,12:09,12:26,1.82,"Desconexión del ciclo combinado SUR30, SUR31, SUR32 y unidades en prueba SUR40 y SUR42."
2019-05-16,Desconexión del EDAC,POTOSI,ENDED,D,12:09,12:30,0.74,"Desconexión del ciclo combinado SUR30, SUR31, SUR32 y unidades en prueba SUR40 y SUR42."
2019-05-16,Desconexión del EDAC,TARIJA,SETAR,D,12:09,12:31,2.1,"Desconexión del ciclo combinado SUR30, SUR31, SUR32 y unidades en prueba SUR40 y SUR42."
2019-05-16,Desconexión del EDAC,SANTA CRUZ,EMDEECRUZ,D,12:09,12:39,0.56,"Desconexión del ciclo combinado SUR30, SUR31, SUR32 y unidades en prueba SUR40 y SUR42."
2019-05-18,Desconexión del EDAC,SANTA CRUZ,CRE,D,10:25,10:34,7.9,Desconexión de unidades WAR03 y WAR05.
2019-05-18,Desconexión del EDAC,ORURO,ENDE ORURO,D,10:25,10:35,19.0,Desconexión de unidades WAR03 y WAR05.
2019-05-18,Desconexión del EDAC,COCHABAMBA,COBOCE,CNR,10:25,10:46,4.0,Desconexión de unidades WAR03 y WAR05.
2019-05-23,Desconexión de Carga,LA PAZ,DELAPAZ,D,18:01,18:05,12.5,Desconexión de la línea Kenko-Tarapacá-Tembladerani.
2019-05-24,Desconexión de Carga,TARIJA,SETARY,D,12:53,13:51,7.24,Desconexión de las líneas en 69 kV Yaguacua-Caiza y Caiza-Yacuiba.
2019-06-03,Desconexión de Carga Manual,POTOSI,SEPSA,D,08:22,08:57,0.5,Desconexión de emergencia de la línea en 115 kV Catavi - Potosí.
2019-07-03,Desconexión de Carga,TARIJA,SETAR,D,14:24,14:46,15.9,Desconexión de la línea en 24.9 kV La Tablada - Villa Avaroa.
2019-07-03,Desconexión de Carga Manual,LA PAZ,DELAPAZ,D,20:52,24:00,5.0,Desconexión de las líneas en 69 kV Alto Achachicala - Huarina - Achacachi  Chaguaya .
2019-07-25,Desconexión del EDAC,SUCRE,CESSA,D,14:02,14:05,2.5,Reconexión de línea en 230 kV Santivañez - Pagador.
2019-07-25,Desconexión del EDAC,ORURO,ENDE ORURO,D,14:02,14:07,4.3,Reconexión de línea en 230 kV Santivañez - Pagador.
2019-07-30,Desconexión de Carga,LA PAZ,DELAPAZ,D,13:17,13:25,14.3,Desconexión de las líneas en 115 kV Pampahasi - Bolognia y Bolognia - Cota Cota.
2019-08-01,Desconexión de Carga,SANTA CRUZ,CRE,D,13:02,13:08,9.7,Desconexión de la línea en 69 kV Villa Primero de Mayo - Pailón.
2019-08-10,Desconexión de Carga,TRINIDAD,ENDE DELBENI,D,06:00,06:03,1.2,Desconexión de las líneas en 115 kV San Borja - San Ignacio de Moxos y San Ignacio de Moxos - Trinidad.
2019-08-10,Desconexión del EDAC,TRINIDAD,ENDE DELBENI,D,06:00,06:04,2.23,Desconexión de las líneas en 115 kV San Borja - San Ignacio de Moxos y San Ignacio de Moxos - Trinidad.
2019-08-16,Colapso Total,TARIJA,SETAR,D,11:23,12:09,19.5,Desconexión del ATTAJ23001 y los transformadores TRTAJ11501 y TRTAJ11502.
2019-08-29,Desconexión de Carga,LA PAZ,DELAPAZ,D,11:35,11:38,30.6,Desconexión de la línea 69 kV Kenko - Tilata.
2019-08-29,Desconexión de Carga,LA PAZ,DELAPAZ,D,11:45,11:48,14.9,Desconexión de la línea 69 kV Kenko - Tarapacá - Tembladerani.
2019-08-29,Desconexión de Carga,COCHABAMBA,ELFEC,D,13:25,13:51,15.0,Desconexión del transformador TRQUI11501 de S/E Quillacollo.
2019-08-31,Desconexión de Carga,POTOSI,EMSC,CNR,15:58,16:05,3.1,Desconexión de la línea en 230 kV Litio - San Cristóbal.
2019-08-31,Desconexión de Carga,POTOSI,SEPSA,D,15:58,16:05,0.6,Desconexión de la línea en 230 kV Litio - San Cristóbal.
2019-09-25,Desconexión de Carga,POTOSI,EMSC,CNR,16:27,17:12,37.3,Desconexión de línea en 230 kV Litio - San Cristóbal.
2019-09-25,Desconexión de Carga,POTOSI,EMSC,CNR,17:47,18:34,22.7,Desconexión de línea en 230 kV Litio - San Cristóbal.
2019-10-29,Desconexión de Carga,COCHABAMBA,ELFEC,D,15:18,15:24,30.63,Desconexión de la línea en 115 kV Arocagua - Central.
2019-10-30,Colapso Total,TARIJA,SETAR,D,20:11,21:12,35.9,Condiciones climáticas adversas (granizada).
2019-11-09,Desconexión de Carga,TARIJA,SETAR,D,20:58,21:28,16.9,Desconexión del transformador TRTAJ11502 y líneas en 24.9 kV Tarija -Villa Avaroa 1 y Tarija -Villa Avaroa 2.
2019-11-14,Desconexión de Carga,LA PAZ,DELAPAZ,D,15:32,15:40,2.3,Desconexión de las líneas CRN-YUC115 y MOX-TRI115.
2019-11-14,Desconexión de Carga,TRINIDAD,ENDE DELBENI,D,15:32,15:42,3.63,Desconexión de las líneas CRN-YUC115 y MOX-TRI115.
2019-11-14,Desconexión de Carga,TRINIDAD,ENDE DELBENI,D,15:32,15:43,11.34,Operación sistema DAC en S/E Trinidad.
2019-12-05,Desconexión del EDAC,TARIJA,SETAR,D,00:19,00:41,2.5,"Desconexión de la línea en 115 kV Tiquimani - Huaji 1 y 2, disparo de las unidades SAI, CHU01, CHU02, HAR01, HAR02, CAH01, CAH02 y SIS05."
2019-12-15,Desconexión de Carga,TRINIDAD,ENDE DELBENI,D,13:12,13:18,5.2,Desconexión de las líneas CRN-YUC115 y MOX-TRI115.
2019-12-15,Desconexión de Carga,LA PAZ,DELAPAZ,D,13:12,13:19,2.3,Desconexión de las líneas CRN-YUC115 y MOX-TRI115.
2019-12-15,Desconexión de Carga,TRINIDAD,ENDE DELBENI,D,13:12,13:25,11.2,Operación sistema DAC en S/E Trinidad.
2019-12-18,Desconexión de Carga,TRINIDAD,ENDE DELBENI,D,22:17,22:26,3.65,Desconexión de las líneas CRN-YUC115 y MOX-TRI115.
2019-12-18,Desconexión de Carga,LA PAZ,DELAPAZ,D,22:17,22:31,2.8,Desconexión de las líneas CRN-YUC115 y MOX-TRI115.
2019-12-18,Desconexión de Carga,TRINIDAD,ENDE DELBENI,D,22:17,22:38,13.06,Operación sistema DAC en S/E Trinidad.
2020-01-27,Desconexión de Carga,POTOSI,EMSC,CNR,14:47,14:59,40.5,Desconexión de línea en 230 kV Litio - San Cristóbal.
2020-01-27,Desconexión de Carga,POTOSI,SEPSA,D,14:47,15:03,0.4,Desconexión de línea en 230 kV Litio - San Cristóbal.
2020-01-27,Desconexión de Carga,POTOSI,SEPSA,D,14:47,15:28,8.0,Desconexión de línea en 69 kV Potosí - San Bartolomé.
2020-02-05,Desconexión de Carga,TRINIDAD,ENDE DELBENI,D,07:05,08:09,8.71,"Operación esquema DAC, desconexión de la línea 115 kV Caranavi - Yucumo."
2020-02-05,Desconexión de Carga,TRINIDAD,ENDE DELBENI,D,07:05,09:26,2.2,Desconexión de las líneas 115 kV Caranavi - Yucumo y San Ignacio de Moxos - Trinidad.
2020-02-05,Desconexión de Carga,TRINIDAD,DELAPAZ,D,07:05,12:45,1.73,Desconexión de las líneas 115 kV Caranavi - Yucumo y San Ignacio de Moxos - Trinidad.
2020-02-05,Desconexión de Carga,TRINIDAD,ENDE DELBENI,D,07:05,24:00,1.6,Desconexión de las líneas 115 kV Caranavi - Yucumo y San Ignacio de Moxos - Trinidad.
2020-02-05,Desconexión de Carga,TRINIDAD,DELAPAZ,D,12:45,24:00,1.23,Desconexión de las líneas 115 kV Caranavi - Yucumo y San Ignacio de Moxos - Trinidad.
2020-02-06,Desconexión de Carga,LA PAZ,DELAPAZ,D,00:00,00:32,1.23,Desconexión de las líneas 115 kV Caranavi - Yucumo y San Ignacio de Moxos - Trinidad.
2020-02-06,Desconexión de Carga,TRINIDAD,ENDE DELBENI,D,00:00,01:08,1.6,Desconexión de las líneas 115 kV Caranavi - Yucumo y San Ignacio de Moxos - Trinidad.
2020-02-06,Desconexión de Carga Manual,TRINIDAD,ENDE DELBENI,D,14:11,14:12,0.44,Indisponibilidad de la línea en 115 kV Caranavi - Yucumo y disponibilidad de unidades de generación en el Área Trinidad.
2020-02-06,Desconexión de Carga Manual,TRINIDAD,ENDE DELBENI,D,14:12,14:24,0.94,Indisponibilidad de la línea en 115 kV Caranavi - Yucumo y disponibilidad de unidades de generación en el Área Trinidad.
2020-02-06,Desconexión de Carga Manual,TRINIDAD,ENDE DELBENI,D,14:24,14:32,1.44,Indisponibilidad de la línea en 115 kV Caranavi - Yucumo y disponibilidad de unidades de generación en el Área Trinidad.
2020-02-06,Desconexión de Carga Manual,TRINIDAD,ENDE DELBENI,D,14:32,16:56,1.94,Indisponibilidad de la línea en 115 kV Caranavi - Yucumo y disponibilidad de unidades de generación en el Área Trinidad.
2020-02-06,Desconexión de Carga Manual,LA PAZ,DELAPAZ,D,19:06,22:57,1.2,Indisponibilidad de la línea en 115 kV Caranavi - Yucumo y disponibilidad de unidades de generación en el Área Trinidad.
2020-02-06,Desconexión de Carga Manual,TRINIDAD,ENDE DELBENI,D,19:07,19:09,1.7,Indisponibilidad de la línea en 115 kV Caranavi - Yucumo y disponibilidad de unidades de generación en el Área Trinidad.
2020-02-06,Desconexión de Carga Manual,TRINIDAD,ENDE DELBENI,D,19:09,19:11,2.2,Indisponibilidad de la línea en 115 kV Caranavi - Yucumo y disponibilidad de unidades de generación en el Área Trinidad.
2020-02-06,Desconexión de Carga Manual,TRINIDAD,ENDE DELBENI,D,19:11,23:02,2.64,Indisponibilidad de la línea en 115 kV Caranavi - Yucumo y disponibilidad de unidades de generación en el Área Trinidad.
2020-02-06,Desconexión de Carga Manual,TRINIDAD,ENDE DELBENI,D,23:02,23:07,2.14,Indisponibilidad de la línea en 115 kV Caranavi - Yucumo y disponibilidad de unidades de generación en el Área Trinidad.
2020-02-06,Desconexión de Carga Manual,TRINIDAD,ENDE DELBENI,D,23:07,23:22,1.64,Indisponibilidad de la línea en 115 kV Caranavi - Yucumo y disponibilidad de unidades de generación en el Área Trinidad.
2020-02-06,Desconexión de Carga Manual,TRINIDAD,ENDE DELBENI,D,23:22,23:52,1.14,Indisponibilidad de la línea en 115 kV Caranavi - Yucumo y disponibilidad de unidades de generación en el Área Trinidad.
2020-02-06,Desconexión de Carga Manual,TRINIDAD,ENDE DELBENI,D,23:52,23:55,0.84,Indisponibilidad de la línea en 115 kV Caranavi - Yucumo y disponibilidad de unidades de generación en el Área Trinidad.
2020-02-06,Desconexión de Carga Manual,TRINIDAD,ENDE DELBENI,D,23:55,24:00,0.74,Indisponibilidad de la línea en 115 kV Caranavi - Yucumo y disponibilidad de unidades de generación en el Área Trinidad.
2020-02-07,Desconexión de Carga Manual,TRINIDAD,ENDE DELBENI,D,00:00,00:35,0.74,Indisponibilidad de la línea en 115 kV Caranavi - Yucumo y disponibilidad de unidades de generación en el Área Trinidad.
2020-02-07,Desconexión de Carga Manual,TRINIDAD,ENDE DELBENI,D,13:16,13:17,0.44,Indisponibilidad de la línea en 115 kV Caranavi - Yucumo y disponibilidad de unidades de generación en el Área Trinidad.
2020-02-07,Desconexión de Carga Manual,TRINIDAD,ENDE DELBENI,D,13:17,17:08,0.84,Indisponibilidad de la línea en 115 kV Caranavi - Yucumo y disponibilidad de unidades de generación en el Área Trinidad.
2020-02-07,Desconexión de Carga Manual,TRINIDAD,ENDE DELBENI,D,14:16,17:37,0.5,Indisponibilidad de la línea en 115 kV Caranavi - Yucumo y disponibilidad de unidades de generación en el Área Trinidad.
2020-02-07,Desconexión de Carga Manual,TRINIDAD,DELAPAZ,D,14:24,24:00,0.4,Indisponibilidad de la línea en 115 kV Caranavi - Yucumo y disponibilidad de unidades de generación en el Área Trinidad.
2020-02-07,Desconexión de Carga Manual,TRINIDAD,DELAPAZ,D,14:39,24:00,0.5,Indisponibilidad de la línea en 115 kV Caranavi - Yucumo y disponibilidad de unidades de generación en el Área Trinidad.
2020-02-07,Desconexión de Carga Manual,TRINIDAD,ENDE DELBENI,D,14:47,17:38,0.5,Indisponibilidad de la línea en 115 kV Caranavi - Yucumo y disponibilidad de unidades de generación en el Área Trinidad.
2020-02-07,Desconexión de Carga Manual,TRINIDAD,ENDE DELBENI,D,14:50,24:00,0.3,Indisponibilidad de la línea en 115 kV Caranavi - Yucumo y disponibilidad de unidades de generación en el Área Trinidad.
2020-02-07,Desconexión de Carga Manual,TRINIDAD,ENDE DELBENI,D,14:52,24:00,0.3,Indisponibilidad de la línea en 115 kV Caranavi - Yucumo y disponibilidad de unidades de generación en el Área Trinidad.
2020-02-07,Desconexión de Carga Manual,TRINIDAD,ENDE DELBENI,D,15:05,24:00,0.5,Indisponibilidad de la línea en 115 kV Caranavi - Yucumo y disponibilidad de unidades de generación en el Área Trinidad.
2020-02-07,Desconexión de Carga Manual,TRINIDAD,ENDE DELBENI,D,15:09,24:00,0.5,Indisponibilidad de la línea en 115 kV Caranavi - Yucumo y disponibilidad de unidades de generación en el Área Trinidad.
2020-02-07,Desconexión de Carga Manual,TRINIDAD,ENDE DELBENI,D,18:55,22:39,0.5,Indisponibilidad de la línea en 115 kV Caranavi - Yucumo y disponibilidad de unidades de generación en el Área Trinidad.
2020-02-07,Desconexión de Carga Manual,TRINIDAD,ENDE DELBENI,D,18:57,23:45,0.5,Indisponibilidad de la línea en 115 kV Caranavi - Yucumo y disponibilidad de unidades de generación en el Área Trinidad.
2020-02-07,Desconexión de Carga Manual,TRINIDAD,ENDE DELBENI,D,19:02,24:00,0.6,Indisponibilidad de la línea en 115 kV Caranavi - Yucumo y disponibilidad de unidades de generación en el Área Trinidad.
2020-02-07,Desconexión de Carga Manual,TRINIDAD,ENDE DELBENI,D,19:05,23:43,0.3,Indisponibilidad de la línea en 115 kV Caranavi - Yucumo y disponibilidad de unidades de generación en el Área Trinidad.
2020-02-07,Desconexión de Carga Manual,TRINIDAD,ENDE DELBENI,D,19:11,19:47,0.7,Indisponibilidad de la línea en 115 kV Caranavi - Yucumo y disponibilidad de unidades de generación en el Área Trinidad.
2020-02-07,Desconexión de Carga Manual,TRINIDAD,ENDE DELBENI,D,19:20,24:00,0.7,Indisponibilidad de la línea en 115 kV Caranavi - Yucumo y disponibilidad de unidades de generación en el Área Trinidad.
2020-02-07,Desconexión de Carga Manual,TRINIDAD,ENDE DELBENI,D,19:43,23:06,0.7,Indisponibilidad de la línea en 115 kV Caranavi - Yucumo y disponibilidad de unidades de generación en el Área Trinidad.
2020-02-08,Desconexión de Carga Manual,TRINIDAD,ENDE DELBENI,D,00:00,00:12,0.56,Indisponibilidad de la línea en 115 kV Caranavi - Yucumo y disponibilidad de unidades de generación en el Área Trinidad.
2020-02-08,Desconexión de Carga Manual,LA PAZ,DELAPAZ,D,00:00,00:39,0.5,Indisponibilidad de la línea en 115 kV Caranavi - Yucumo y disponibilidad de unidades de generación en el Área Trinidad.
2020-02-08,Desconexión de Carga Manual,LA PAZ,DELAPAZ,D,00:00,00:48,0.4,Indisponibilidad de la línea en 115 kV Caranavi - Yucumo y disponibilidad de unidades de generación en el Área Trinidad.
2020-02-08,Desconexión de Carga Manual,TRINIDAD,ENDE DELBENI,D,00:00,00:56,0.6,Indisponibilidad de la línea en 115 kV Caranavi - Yucumo y disponibilidad de unidades de generación en el Área Trinidad.
2020-02-08,Desconexión de Carga Manual,TRINIDAD,ENDE DELBENI,D,00:00,00:59,0.3,Indisponibilidad de la línea en 115 kV Caranavi - Yucumo y disponibilidad de unidades de generación en el Área Trinidad.
2020-02-08,Desconexión de Carga Manual,TRINIDAD,ENDE DELBENI,D,00:00,01:11,0.5,Indisponibilidad de la línea en 115 kV Caranavi - Yucumo y disponibilidad de unidades de generación en el Área Trinidad.
2020-02-08,Desconexión de Carga Manual,TRINIDAD,ENDE DELBENI,D,00:00,01:13,0.3,Indisponibilidad de la línea en 115 kV Caranavi - Yucumo y disponibilidad de unidades de generación en el Área Trinidad.
2020-02-08,Desconexión de Carga Manual,TRINIDAD,ENDE DELBENI,D,00:00,01:32,0.5,Indisponibilidad de la línea en 115 kV Caranavi - Yucumo y disponibilidad de unidades de generación en el Área Trinidad.
2020-02-08,Desconexión de Carga Manual,TRINIDAD,ENDE DELBENI,D,14:03,16:30,0.3,Indisponibilidad de la línea en 115 kV Caranavi - Yucumo y disponibilidad de unidades de generación en el Área Trinidad.
2020-02-08,Desconexión de Carga Manual,TRINIDAD,ENDE DELBENI,D,14:03,17:44,0.4,Indisponibilidad de la línea en 115 kV Caranavi - Yucumo y disponibilidad de unidades de generación en el Área Trinidad.
2020-02-08,Desconexión de Carga Manual,TRINIDAD,ENDE DELBENI,D,14:03,24:00,0.4,Indisponibilidad de la línea en 115 kV Caranavi - Yucumo y disponibilidad de unidades de generación en el Área Trinidad.
2020-02-08,Desconexión de Carga Manual,LA PAZ,DELAPAZ,D,14:04,24:00,0.6,Indisponibilidad de la línea en 115 kV Caranavi - Yucumo y disponibilidad de unidades de generación en el Área Trinidad.
2020-02-08,Desconexión de Carga Manual,TRINIDAD,ENDE DELBENI,D,14:07,17:44,0.5,Indisponibilidad de la línea en 115 kV Caranavi - Yucumo y disponibilidad de unidades de generación en el Área Trinidad.
2020-02-08,Desconexión de Carga Manual,TRINIDAD,ENDE DELBENI,D,14:26,17:04,0.5,Indisponibilidad de la línea en 115 kV Caranavi - Yucumo y disponibilidad de unidades de generación en el Área Trinidad.
2020-02-08,Desconexión de Carga Manual,TRINIDAD,ENDE DELBENI,D,16:01,16:39,0.5,Indisponibilidad de la línea en 115 kV Caranavi - Yucumo y disponibilidad de unidades de generación en el Área Trinidad.
2020-02-08,Desconexión de Carga Manual,TRINIDAD,ENDE DELBENI,D,16:08,17:04,0.85,Indisponibilidad de la línea en 115 kV Caranavi - Yucumo y disponibilidad de unidades de generación en el Área Trinidad.
2020-02-08,Desconexión de Carga Manual,TRINIDAD,ENDE DELBENI,D,19:00,24:00,0.5,Indisponibilidad de la línea en 115 kV Caranavi - Yucumo y disponibilidad de unidades de generación en el Área Trinidad.
2020-02-08,Desconexión de Carga Manual,TRINIDAD,ENDE DELBENI,D,19:02,23:50,0.5,Indisponibilidad de la línea en 115 kV Caranavi - Yucumo y disponibilidad de unidades de generación en el Área Trinidad.
2020-02-08,Desconexión de Carga Manual,TRINIDAD,ENDE DELBENI,D,19:04,23:06,0.5,Indisponibilidad de la línea en 115 kV Caranavi - Yucumo y disponibilidad de unidades de generación en el Área Trinidad.
2020-02-08,Desconexión de Carga Manual,TRINIDAD,ENDE DELBENI,D,19:12,23:57,0.4,Indisponibilidad de la línea en 115 kV Caranavi - Yucumo y disponibilidad de unidades de generación en el Área Trinidad.
2020-02-08,Desconexión de Carga Manual,TRINIDAD,ENDE DELBENI,D,19:19,23:19,0.5,Indisponibilidad de la línea en 115 kV Caranavi - Yucumo y disponibilidad de unidades de generación en el Área Trinidad.
2020-02-08,Desconexión de Carga Manual,TRINIDAD,ENDE DELBENI,D,19:20,24:00,0.15,Indisponibilidad de la línea en 115 kV Caranavi - Yucumo y disponibilidad de unidades de generación en el Área Trinidad.
2020-02-08,Desconexión de Carga Manual,TRINIDAD,ENDE DELBENI,D,19:26,23:22,0.4,Indisponibilidad de la línea en 115 kV Caranavi - Yucumo y disponibilidad de unidades de generación en el Área Trinidad.
2020-02-08,Desconexión de Carga Manual,TRINIDAD,ENDE DELBENI,D,20:03,23:02,0.5,Indisponibilidad de la línea en 115 kV Caranavi - Yucumo y disponibilidad de unidades de generación en el Área Trinidad.
2020-02-09,Desconexión de Carga,TRINIDAD,ENDE DELBENI,D,00:00,00:13,0.15,Indisponibilidad de la línea en 115 kV Caranavi - Yucumo y disponibilidad de unidades de generación en el Área Trinidad.
2020-02-09,Desconexión de Carga,TRINIDAD,ENDE DELBENI,D,00:00,00:25,0.5,Indisponibilidad de la línea en 115 kV Caranavi - Yucumo y disponibilidad de unidades de generación en el Área Trinidad.
2020-02-09,Desconexión de Carga,TRINIDAD,DELAPAZ,D,00:00,00:40,0.6,Indisponibilidad de la línea en 115 kV Caranavi - Yucumo y disponibilidad de unidades de generación en el Área Trinidad.
2020-02-09,Desconexión de Carga,TRINIDAD,ENDE DELBENI,D,00:00,01:00,0.4,Indisponibilidad de la línea en 115 kV Caranavi - Yucumo y disponibilidad de unidades de generación en el Área Trinidad.
2020-02-10,Desconexión del EDAC,TRINIDAD,ENDE DELBENI,D,15:04,15:28,4.59,Desconexión de alimentador IM32 de S/E San Ignacio de Moxos.
2020-02-10,Desconexión de Carga,SANTA CRUZ,CRE,D,19:55,20:07,13.1,Desconexión del transformador TRFER11501.
2020-02-11,Desconexión de Carga,SANTA CRUZ,CRE,D,21:45,21:57,14.0,Desconexión del transformador TRZOO06902.
2020-02-12,Desconexión de Carga,COCHABAMBA,ELFEC,D,00:10,00:54,24.8,Desconexión de líneas en 115 kV Rafael Urquidi - Colcapirhua y Central Colcapirhua.
2020-02-12,Desconexión de Carga,LA PAZ,DELAPAZ,D,19:37,22:45,11.0,Desconexión de la en 69 kV línea Alto Achachicala-Huarina-Achacachi-Chaguaya.
2020-03-08,Desconexión del EDAC,POTOSI,SEPSA,D,08:03,08:51,8.5,"Operó protección de bajo voltaje, sobrecarga en la línea en 115 kV Punutuma - Potosí."
2020-03-08,Desconexión de Carga,POTOSI,EMSC,CNR,08:03,09:04,22.0,"Operó protección de bajo voltaje, sobrecarga en la línea en 115 kV Punutuma - Potosí."
2020-03-08,Desconexión del EDAC,TRINIDAD,ENDE DELBENI,D,08:04,08:05,2.7,"Operó transferencia de disparo SUR30,SUR40 y SUR41, sobrecarga en la línea en 115 kV Punutuma - Potosí."
2020-03-08,Desconexión del EDAC,COCHABAMBA,ELFEC,D,08:04,08:09,10.5,"Operó transferencia de disparo SUR30,SUR40 y SUR41, sobrecarga en la línea en 115 kV Punutuma - Potosí."
2020-03-08,Desconexión del EDAC,SANTA CRUZ,CRE,D,08:04,08:13,22.1,"Operó transferencia de disparo SUR30,SUR40 y SUR41, sobrecarga en la línea en 115 kV Punutuma - Potosí."
2020-03-08,Desconexión del EDAC,LA PAZ,DELAPAZ,D,08:04,08:22,25.75,"Operó transferencia de disparo SUR30,SUR40 y SUR41, sobrecarga en la línea en 115 kV Punutuma - Potosí."
2020-03-08,Desconexión del EDAC,ORURO,ENDE ORURO,D,08:04,08:22,6.7,"Operó transferencia de disparo SUR30,SUR40 y SUR41, sobrecarga en la línea en 115 kV Punutuma - Potosí."
2020-03-08,Desconexión del EDAC,SUCRE,CESSA,D,08:04,08:26,11.7,"Operó transferencia de disparo SUR30,SUR40 y SUR41, sobrecarga en la línea en 115 kV Punutuma - Potosí."
2020-03-20,Desconexión de Carga,TRINIDAD,ENDE DELBENI,D,00:14,00:19,3.1,Desconexión de línea CRN-YUC115.
2020-03-20,Desconexión del EDAC,TRINIDAD,ENDE DELBENI,D,00:14,00:26,4.5,Desconexión de línea MOX-TRI115.
2020-03-20,Desconexión de Carga,LA PAZ,DELAPAZ,D,00:14,00:29,2.2,Desconexión de línea CRN-YUC115.
2020-05-09,Desconexión del EDAC,LA PAZ,DELAPAZ,D,14:55,14:59,9.55,"Desconexión de la línea MIS-COL115, desconexión de unidades KAN, MIS03, Refinería Gualberto Villarroel."
2020-05-09,Desconexión de Carga,COCHABAMBA,COBOCE,CNR,14:55,14:59,3.0,"Desconexión de la línea MIS-COL115, desconexión de unidades KAN, MIS03, Refinería Gualberto Villarroel."
2020-05-09,Desconexión del EDAC,ORURO,ENDE ORURO,D,14:55,15:08,2.98,"Desconexión de la línea MIS-COL115, desconexión de unidades KAN, MIS03, Refinería Gualberto Villarroel."
2020-05-25,Desconexión de Carga,TRINIDAD,ENDE DELBENI,D,21:36,21:46,7.96,Operación de sistema DAC en S/E Trinidad.
2020-05-25,Desconexión de Carga,TRINIDAD,ENDE DELBENI,D,21:36,21:55,1.5,Desconexión de las líneas en 115 kV San Borja - San Ignacio de Moxos y San Ignacio de Moxos - Trinidad.
2020-05-30,Desconexión del EDAC,LA PAZ,DELAPAZ,D,10:13,10:15,5.48,"Desconexión de las unidades del medio ciclo combinado CCERI52, ver Informe de Falla 190-20."
2020-05-30,Desconexión del EDAC,TRINIDAD,ENDE DELBENI,D,10:13,10:15,2.68,"Desconexión de las unidades del medio ciclo combinado CCERI52, ver Informe de Falla 190-20."
2020-05-30,Desconexión del EDAC,POTOSI,EMSC,CNR,10:13,10:18,3.51,"Desconexión de las unidades del medio ciclo combinado CCERI52, ver Informe de Falla 190-20."
2020-05-30,Desconexión del EDAC,COCHABAMBA,ELFEC,D,10:13,10:19,4.1,"Desconexión de las unidades del medio ciclo combinado CCERI52, ver Informe de Falla 190-20."
2020-05-30,Desconexión del EDAC,SANTA CRUZ,CRE,D,10:13,10:20,8.18,"Desconexión de las unidades del medio ciclo combinado CCERI52, ver Informe de Falla 190-20."
2020-05-30,Desconexión del EDAC,SUCRE,CESSA,D,10:13,10:25,1.4,"Desconexión de las unidades del medio ciclo combinado CCERI52, ver Informe de Falla 190-20."
2020-05-30,Desconexión del EDAC,ORURO,ENDE ORURO,D,10:13,10:25,1.83,"Desconexión de las unidades del medio ciclo combinado CCERI52, ver Informe de Falla 190-20."
2020-05-30,Desconexión del EDAC,TARIJA,SETARV,D,10:13,10:26,0.3,"Desconexión de las unidades del medio ciclo combinado CCERI52, ver Informe de Falla 190-20."
2020-05-30,Desconexión del EDAC,TARIJA,SETARY,D,10:13,10:30,0.34,"Desconexión de las unidades del medio ciclo combinado CCERI52, ver Informe de Falla 190-20."
2020-05-30,Desconexión del EDAC,TARIJA,SETAR,D,10:13,10:44,1.8,"Desconexión de las unidades del medio ciclo combinado CCERI52, ver Informe de Falla 190-20."
2020-05-30,Desconexión del EDAC,POTOSI,SEPSA,D,10:13,10:45,1.5,"Desconexión de las unidades del medio ciclo combinado CCERI52, ver Informe de Falla 190-20."
2020-05-30,Desconexión del EDAC,POTOSI,ENDED,D,10:13,10:52,0.6,"Desconexión de las unidades del medio ciclo combinado CCERI52, ver Informe de Falla 190-20."
2020-05-30,Desconexión del EDAC,SANTA CRUZ,EMDEECRUZ,D,10:13,12:37,0.42,"Desconexión de las unidades del medio ciclo combinado CCERI52, ver Informe de Falla 190-20."
2020-06-11,Desconexión del EDAC,LA PAZ,DELAPAZ,D,01:35,01:39,14.8,"Desconexión de las unidades CCERI31, CCERI41 y BUL01."
2020-06-11,Desconexión del EDAC,POTOSI,EMSC,CNR,01:35,01:40,9.0,"Desconexión de las unidades CCERI31, CCERI41 y BUL01."
2020-06-11,Desconexión del EDAC,SANTA CRUZ,CRE,D,01:35,01:41,22.5,"Desconexión de las unidades CCERI31, CCERI41 y BUL01."
2020-06-11,Desconexión del EDAC,COCHABAMBA,ELFEC,D,01:35,01:41,7.9,"Desconexión de las unidades CCERI31, CCERI41 y BUL01."
2020-06-11,Desconexión del EDAC,POTOSI,SEPSA,D,01:35,01:44,1.45,"Desconexión de las unidades CCERI31, CCERI41 y BUL01."
2020-06-11,Desconexión del EDAC,TARIJA,SETARV,D,01:35,01:45,0.4,"Desconexión de las unidades CCERI31, CCERI41 y BUL01."
2020-06-11,Desconexión del EDAC,ORURO,ENDE ORURO,D,01:35,01:46,7.4,"Desconexión de las unidades CCERI31, CCERI41 y BUL01."
2020-06-11,Desconexión del EDAC,TARIJA,SETAR,D,01:35,01:46,1.9,"Desconexión de las unidades CCERI31, CCERI41 y BUL01."
2020-06-11,Desconexión del EDAC,TARIJA,SETARY,D,01:35,01:48,0.4,"Desconexión de las unidades CCERI31, CCERI41 y BUL01."
2020-06-11,Desconexión del EDAC,SUCRE,CESSA,D,01:35,01:49,1.7,"Desconexión de las unidades CCERI31, CCERI41 y BUL01."
2020-06-11,Desconexión del EDAC,COCHABAMBA,COBOCE,CNR,01:35,01:58,4.1,"Desconexión de las unidades CCERI31, CCERI41 y BUL01."
2020-06-11,Desconexión del EDAC,SANTA CRUZ,EMDEECRUZ,D,01:35,03:15,0.26,"Desconexión de las unidades CCERI31, CCERI41 y BUL01."
2020-06-11,Desconexión del EDAC,TRINIDAD,ENDE DELBENI,D,01:36,01:38,5.59,"Desconexión de las unidades CCERI31, CCERI41 y BUL01."
2020-08-04,Desconexión del EDAC,TRINIDAD,ENDE DELBENI,D,09:22,09:31,5.6,Desconexión de las unidades CCERI40 y BUL01.
2020-08-04,Desconexión del EDAC,ORURO,ENDE ORURO,D,09:22,09:33,5.0,Desconexión de las unidades CCERI40 y BUL01.
2020-08-04,Desconexión del EDAC,COCHABAMBA,ELFEC,D,09:22,09:35,9.0,Desconexión de las unidades CCERI40 y BUL01.
2020-08-04,Desconexión del EDAC,TARIJA,SETARY,D,09:22,09:35,0.4,Desconexión de las unidades CCERI40 y BUL01.
2020-08-04,Desconexión del EDAC,LA PAZ,DELAPAZ,D,09:22,09:36,18.38,Desconexión de las unidades CCERI40 y BUL01.
2020-08-04,Desconexión del EDAC,SANTA CRUZ,CRE,D,09:22,09:36,22.9,Desconexión de las unidades CCERI40 y BUL01.
2020-08-04,Desconexión del EDAC,TARIJA,SETAR,D,09:22,09:37,2.2,Desconexión de las unidades CCERI40 y BUL01.
2020-08-04,Desconexión del EDAC,POTOSI,SEPSA,D,09:22,09:38,4.89,Desconexión de las unidades CCERI40 y BUL01.
2020-08-04,Desconexión del EDAC,TARIJA,SETARV,D,09:22,09:38,3.4,Desconexión de las unidades CCERI40 y BUL01.
2020-08-04,Desconexión del EDAC,POTOSI,EMSC,CNR,09:22,09:40,10.8,Desconexión de las unidades CCERI40 y BUL01.
2020-08-04,Desconexión del EDAC,COCHABAMBA,COBOCE,CNR,09:22,09:41,2.9,Desconexión de las unidades CCERI40 y BUL01.
2020-08-04,Desconexión del EDAC,SUCRE,CESSA,D,09:22,09:43,2.4,Desconexión de las unidades CCERI40 y BUL01.
2020-08-04,Desconexión del EDAC,SANTA CRUZ,EMDEECRUZ,D,09:22,09:49,0.2,Desconexión de las unidades CCERI40 y BUL01.
2020-08-04,Desconexión del EDAC,POTOSI,ENDED,D,09:22,09:50,0.4,Desconexión de las unidades CCERI40 y BUL01.
2020-08-05,Desconexión del EDAC,COCHABAMBA,ELFEC,D,11:09,11:16,12.6,Desconexión de las unidades CCSUR40 y BUL01.
2020-08-05,Desconexión del EDAC,TRINIDAD,ENDE DELBENI,D,11:09,11:16,6.3,Desconexión de las unidades CCSUR40 y BUL01.
2020-08-05,Desconexión del EDAC,LA PAZ,DELAPAZ,D,11:09,11:19,24.0,Desconexión de las unidades CCSUR40 y BUL01.
2020-08-05,Desconexión del EDAC,SUCRE,CESSA,D,11:09,11:19,6.2,Desconexión de las unidades CCSUR40 y BUL01.
2020-08-05,Desconexión del EDAC,POTOSI,ENDED,D,11:09,11:20,0.38,Desconexión de las unidades CCSUR40 y BUL01.
2020-08-05,Desconexión del EDAC,SANTA CRUZ,CRE,D,11:09,11:21,29.9,Desconexión de las unidades CCSUR40 y BUL01.
2020-08-05,Desconexión del EDAC,ORURO,ENDE ORURO,D,11:09,11:23,9.0,Desconexión de las unidades CCSUR40 y BUL01.
2020-08-05,Desconexión del EDAC,TARIJA,SETARV,D,11:09,11:23,0.36,Desconexión de las unidades CCSUR40 y BUL01.
2020-08-05,Desconexión del EDAC,POTOSI,SEPSA,D,11:09,11:24,8.26,Desconexión de las unidades CCSUR40 y BUL01.
2020-08-05,Desconexión del EDAC,TARIJA,SETAR,D,11:09,11:26,2.2,Desconexión de las unidades CCSUR40 y BUL01.
2020-08-05,Desconexión del EDAC,TARIJA,SETARY,D,11:09,11:35,0.75,Desconexión de las unidades CCSUR40 y BUL01.
2020-08-05,Desconexión del EDAC,POTOSI,EMSC,CNR,11:09,11:37,6.5,Desconexión de las unidades CCSUR40 y BUL01.
2020-09-17,Desconexión del EDAC,TRINIDAD,ENDE DELBENI,D,03:36,03:41,3.54,Desconexión de la unidad CCSUR40.
2020-09-17,Desconexión del EDAC,LA PAZ,DELAPAZ,D,03:36,03:43,4.5,Desconexión de la unidad CCSUR40.
2020-09-17,Desconexión del EDAC,SUCRE,CESSA,D,03:36,03:43,1.3,Desconexión de la unidad CCSUR40.
2020-09-17,Desconexión del EDAC,SANTA CRUZ,CRE,D,03:36,03:44,8.5,Desconexión de la unidad CCSUR40.
2020-09-17,Desconexión del EDAC,COCHABAMBA,ELFEC,D,03:36,03:44,4.7,Desconexión de la unidad CCSUR40.
2020-09-17,Desconexión del EDAC,ORURO,ENDE ORURO,D,03:36,03:45,2.1,Desconexión de la unidad CCSUR40.
2020-09-17,Desconexión del EDAC,POTOSI,EMSC,CNR,03:36,03:45,1.63,Desconexión de la unidad CCSUR40.
2020-09-17,Desconexión del EDAC,POTOSI,SEPSA,D,03:36,03:52,1.2,Desconexión de la unidad CCSUR40.
2020-09-17,Desconexión del EDAC,TARIJA,SETAR,D,03:36,04:03,1.85,Desconexión de la unidad CCSUR40.
2020-09-17,Desconexión del EDAC,TARIJA,SETARY,D,03:36,04:04,0.48,Desconexión de la unidad CCSUR40.
2020-09-17,Desconexión del EDAC,POTOSI,ENDED,D,03:36,04:06,0.7,Desconexión de la unidad CCSUR40.
2020-09-17,Desconexión del EDAC,TARIJA,SETARV,D,03:36,04:32,0.42,Desconexión de la unidad CCSUR40.
2020-09-17,Desconexión del EDAC,SANTA CRUZ,EMDEECRUZ,D,03:36,04:33,0.74,Desconexión de la unidad CCSUR40.
2020-09-18,Desconexión de Carga,LA PAZ,DELAPAZ,D,14:40,14:44,1.63,Desconexión de las líneas CUM-CHS115 y CHS-PIC115.
2020-09-18,Desconexión de Carga,LA PAZ,DELAPAZ,D,14:40,15:04,1.36,Desconexión de las líneas CUM-CHS115 y CHS-PIC115.
2020-10-01,Desconexión del EDAC,POTOSI,EMSC,CNR,13:39,13:44,0.93,Reducción de generación en planta Solar Oruro y disparo de la unidad SIS05.
2020-10-13,Desconexión de Carga,TRINIDAD,ENDE DELBENI,D,12:04,12:13,1.86,"Desconexión de la línea en 115 kV Caranavi - Yucumo, S/E Yucumo."
2020-10-13,Desconexión de Carga,TRINIDAD,ENDE DELBENI,D,12:04,12:14,1.89,"Desconexión de la línea en 115 kV Caranavi - Yucumo, S/E San Borja."
2020-10-13,Desconexión de Carga,TRINIDAD,ENDE DELBENI,D,12:04,12:15,2.24,"Desconexión de la línea en 115 kV Caranavi - Yucumo, S/E San Ignacio de Moxos."
2020-10-13,Desconexión de Carga,LA PAZ,DELAPAZ,D,12:04,12:41,2.58,"Desconexión de la línea en 115 kV Caranavi - Yucumo, S/E San Buenaventura."
2020-10-13,Desconexión de Carga,TRINIDAD,ENDE DELBENI,D,12:04,12:48,15.58,"Operación esquema DAC en S/E Trinidad, desconexión de la línea en 115 kV Caranavi - Yucumo."
2020-11-03,Desconexión de Carga,SANTA CRUZ,ENDE DELBENI,D,08:13,08:20,3.7,"Desconexión de líneas en 24.9 kV TRI-MOS02401, TRI-MOS02402 y desconexión de generación Central Moxos."
2020-11-03,Desconexión de Carga,SANTA CRUZ,CRE,D,11:14,11:29,39.2,Desconexión de líneas en 115 kV Warnes-Guapilo y Guapilo-Plan Tres Mil.
2020-11-10,Desconexión de Carga,COCHABAMBA,ELFEC,D,13:02,13:05,30.0,Desconexión de la línea en 115 kV Colcapirhua - Quillacollo
2020-11-21,Desconexión de Carga Manual,TRINIDAD,ENDE DELBENI,D,10:16,10:35,0.47,Indisponibilidad de la línea en 115 kV Caranavi - Yucumo y de unidades de generación en el Área Trinidad.
2020-11-21,Desconexión de Carga Manual,TRINIDAD,ENDE DELBENI,D,10:19,10:37,1.4,Indisponibilidad de la línea en 115 kV Caranavi - Yucumo y de unidades de generación en el Área Trinidad.
2020-11-21,Desconexión de Carga Manual,TRINIDAD,ENDE DELBENI,D,11:17,20:02,0.98,Indisponibilidad de la línea en 115 kV Caranavi - Yucumo y de unidades de generación en el Área Trinidad.
2020-11-21,Desconexión de Carga Manual,TRINIDAD,ENDE DELBENI,D,11:24,21:24,0.73,Indisponibilidad de la línea en 115 kV Caranavi - Yucumo y de unidades de generación en el Área Trinidad.
2020-11-21,Desconexión de Carga Manual,TRINIDAD,ENDE DELBENI,D,11:26,20:39,0.41,Indisponibilidad de la línea en 115 kV Caranavi - Yucumo y de unidades de generación en el Área Trinidad.
2020-11-21,Desconexión de Carga Manual,TRINIDAD,ENDE DELBENI,D,13:16,20:12,0.47,Indisponibilidad de la línea en 115 kV Caranavi - Yucumo y de unidades de generación en el Área Trinidad.
2020-11-21,Desconexión de Carga Manual,TRINIDAD,DELAPAZ,D,13:23,22:58,0.5,Indisponibilidad de la línea en 115 kV Caranavi - Yucumo y de unidades de generación en el Área Trinidad.
2020-11-21,Desconexión de Carga Manual,TRINIDAD,ENDE DELBENI,D,16:05,18:20,0.6,Indisponibilidad de la línea en 115 kV Caranavi - Yucumo y de unidades de generación en el Área Trinidad.
2020-11-21,Desconexión del EDAC,TRINIDAD,ENDE DELBENI,D,17:45,18:06,6.4,Desconexión de la unidad YUC01.
2020-11-21,Desconexión de Carga Manual,TRINIDAD,ENDE DELBENI,D,18:06,23:38,1.0,Indisponibilidad de la línea en 115 kV Caranavi - Yucumo y de unidades de generación en el Área Trinidad.
2020-11-21,Desconexión de Carga Manual,TRINIDAD,ENDE DELBENI,D,18:53,24:00,2.4,Indisponibilidad de la línea en 115 kV Caranavi - Yucumo y de unidades de generación en el Área Trinidad.
2020-11-22,Desconexión de Carga Manual,TRINIDAD,ENDE DELBENI,D,00:00,03:35,2.4,Indisponibilidad de la línea en 115 kV Caranavi - Yucumo y de unidades de generación en el Área Trinidad.
2020-11-22,Desconexión del EDAC,TRINIDAD,ENDE DELBENI,D,06:20,06:38,5.1,Desconexión de alimentador IM32 de S/E San Ignacio de Moxos por operación de la protección de sobrecorriente.
2020-11-22,Desconexión de Carga Manual,TRINIDAD,ENDE DELBENI,D,11:57,18:59,0.47,Indisponibilidad de la línea en 115 kV Caranavi - Yucumo y de unidades de generación en el Área Trinidad.
2020-11-22,Desconexión de Carga Manual,TRINIDAD,ENDE DELBENI,D,12:01,19:08,0.5,Indisponibilidad de la línea en 115 kV Caranavi - Yucumo y de unidades de generación en el Área Trinidad.
2020-11-22,Desconexión de Carga Manual,TRINIDAD,ENDE DELBENI,D,13:17,19:18,0.53,Indisponibilidad de la línea en 115 kV Caranavi - Yucumo y de unidades de generación en el Área Trinidad.
2020-11-22,Desconexión de Carga Manual,TRINIDAD,ENDE DELBENI,D,13:18,16:53,0.55,Indisponibilidad de la línea en 115 kV Caranavi - Yucumo y de unidades de generación en el Área Trinidad.
2020-11-22,Desconexión de Carga Manual,TRINIDAD,ENDE DELBENI,D,13:48,16:41,0.5,Indisponibilidad de la línea en 115 kV Caranavi - Yucumo y de unidades de generación en el Área Trinidad.
2020-11-22,Desconexión de Carga Manual,TRINIDAD,ENDE DELBENI,D,14:09,16:38,0.5,Indisponibilidad de la línea en 115 kV Caranavi - Yucumo y de unidades de generación en el Área Trinidad.
2020-11-22,Desconexión de Carga Manual,TRINIDAD,ENDE DELBENI,D,14:11,16:40,0.5,Indisponibilidad de la línea en 115 kV Caranavi - Yucumo y de unidades de generación en el Área Trinidad.
2020-11-22,Desconexión de Carga Manual,TRINIDAD,ENDE DELBENI,D,18:43,18:57,0.6,Indisponibilidad de la línea en 115 kV Caranavi - Yucumo y de unidades de generación en el Área Trinidad.
2020-11-22,Desconexión de Carga Manual,TRINIDAD,ENDE DELBENI,D,18:43,18:58,0.5,Indisponibilidad de la línea en 115 kV Caranavi - Yucumo y de unidades de generación en el Área Trinidad.
2020-11-22,Desconexión de Carga Manual,TRINIDAD,ENDE DELBENI,D,18:46,18:56,0.5,Indisponibilidad de la línea en 115 kV Caranavi - Yucumo y de unidades de generación en el Área Trinidad.
2020-11-22,Desconexión de Carga Manual,LA PAZ,DELAPAZ,D,18:49,18:57,0.18,Indisponibilidad de la línea en 115 kV Caranavi - Yucumo y de unidades de generación en el Área Trinidad.
2020-12-12,Desconexión de Carga,POTOSI,SEPSA,D,12:38,13:23,10.5,Desconexión de autotransformador ATPOT11501 y línea KAR-POT069.
2021-01-16,Desconexión de Carga,POTOSI,SEPSA,D,10:12,10:41,28.74,Desconexión de la línea en 115 kV Potosí - Velarde II.
2021-01-17,Desconexión del EDAC,SANTA CRUZ,CRE,D,12:10,12:25,9.4,Desconexión de la línea en 230 kV Carrasco - Chimoré.
2021-01-17,Desconexión de Carga,POTOSI,SEPSA,D,12:10,13:22,46.4,"Desconexión líneas CAR-CHI230, POT_OCU115 y desconexión de unidades generadoras sistema Sur."
2021-01-17,Desconexión de Carga,SUCRE,CESSA,D,12:10,13:41,26.75,"Desconexión líneas CAR-CHI230, POT_OCU115 y desconexión de unidades generadoras sistema Sur."
2021-01-17,Desconexión de Carga,POTOSI,ENDED,D,12:10,14:04,2.9,"Desconexión líneas CAR-CHI230, POT_OCU115 y desconexión de unidades generadoras sistema Sur."
2021-01-17,Desconexión de Carga,TARIJA,SETAR,D,12:10,14:20,20.3,"Desconexión líneas CAR-CHI230, POT_OCU115 y desconexión de unidades generadoras sistema Sur."
2021-01-17,Desconexión de Carga,POTOSI,EMSC,CNR,12:10,14:49,46.6,"Desconexión líneas CAR-CHI230, POT_OCU115 y desconexión de unidades generadoras sistema Sur."
2021-01-17,Desconexión de Carga,TARIJA,SETARV,D,12:10,15:23,2.94,"Desconexión líneas CAR-CHI230, POT_OCU115 y desconexión de unidades generadoras sistema Sur."
2021-01-17,Desconexión de Carga,TARIJA,SETARY,D,12:10,15:23,5.73,"Desconexión líneas CAR-CHI230, POT_OCU115 y desconexión de unidades generadoras sistema Sur."
2021-01-17,Desconexión del EDAC,COCHABAMBA,ELFEC,D,13:05,13:10,9.1,Desconexión de la línea en 115 kV Colcapirhua-Misicuni.
2021-01-21,Desconexión de Carga,POTOSI,SEPSA,D,08:23,08:25,4.8,Desconexión de la línea en 69 kV Torre Huayco - Telamayu.
2021-01-21,Desconexión de Carga,ORURO,ENDE ORURO,D,10:50,11:37,0.35,Desconexión de la línea en 69 kV Huayñacota - Miguillas.
2021-01-21,Desconexión de Carga,ORURO,DELAPAZ,D,10:50,16:34,0.01,Desconexión de la línea en 69 kV Huayñacota - Miguillas.
2021-01-21,Desconexión de Carga,POTOSI,SEPSA,D,11:55,12:12,1.1,Desconexión de la línea en 69 kV Punutuma - Punutuma HIdro
2021-01-21,Desconexión del EDAC,COCHABAMBA,ELFEC,D,19:26,19:30,6.0,"Desconexión de la línea en 115 kV Pichu-Chuspipata y unidades YAN, CHJ."
2021-01-21,Desconexión de Carga,LA PAZ,DELAPAZ,D,19:26,19:30,3.5,Desconexión de la línea en 115 kV Pichu-Chuspipata y transformador TRPIC115.
2021-01-21,Desconexión del EDAC,LA PAZ,DELAPAZ,D,19:26,19:35,11.25,"Desconexión de la línea en 115 kV Pichu-Chuspipata y unidades YAN, CHJ."
2021-01-21,Desconexión del EDAC,TRINIDAD,ENDE DELBENI,D,19:26,19:36,11.25,"Desconexión de la línea en 115 kV Pichu-Chuspipata y unidades YAN, CHJ."
2021-01-21,Desconexión del EDAC,SANTA CRUZ,CRE,D,19:26,19:37,10.8,"Desconexión de la línea en 115 kV Pichu-Chuspipata y unidades YAN, CHJ."
2021-01-21,Desconexión del EDAC,TARIJA,SETAR,D,19:26,19:37,2.6,"Desconexión de la línea en 115 kV Pichu-Chuspipata y unidades YAN, CHJ."
2021-01-21,Desconexión del EDAC,POTOSI,SEPSA,D,19:26,19:38,2.3,"Desconexión de la línea en 115 kV Pichu-Chuspipata y unidades YAN, CHJ."
2021-01-21,Desconexión del EDAC,SUCRE,CESSA,D,19:26,19:39,2.4,"Desconexión de la línea en 115 kV Pichu-Chuspipata y unidades YAN, CHJ."
2021-01-21,Desconexión del EDAC,TARIJA,SETARV,D,19:26,19:40,0.4,"Desconexión de la línea en 115 kV Pichu-Chuspipata y unidades YAN, CHJ."
2021-01-21,Desconexión del EDAC,ORURO,ENDE ORURO,D,19:26,19:41,2.3,"Desconexión de la línea en 115 kV Pichu-Chuspipata y unidades YAN, CHJ."
2021-01-21,Desconexión del EDAC,TARIJA,SETARY,D,19:26,19:42,0.52,"Desconexión de la línea en 115 kV Pichu-Chuspipata y unidades YAN, CHJ."
2021-01-21,Desconexión del EDAC,POTOSI,EMSC,CNR,19:26,19:44,1.56,"Desconexión de la línea en 115 kV Pichu-Chuspipata y unidades YAN, CHJ."
2021-01-21,Desconexión del EDAC,COCHABAMBA,COBOCE,CNR,19:26,20:04,3.6,"Desconexión de la línea en 115 kV Pichu-Chuspipata y unidades YAN, CHJ."
2021-01-21,Desconexión del EDAC,SANTA CRUZ,EMDEECRUZ,D,19:26,20:05,0.59,"Desconexión de la línea en 115 kV Pichu-Chuspipata y unidades YAN, CHJ."
2021-01-25,Desconexión de Carga,TRINIDAD,ENDE DELBENI,D,09:31,09:36,10.07,"Desconexión de la línea en 115 kV San Ignacio de Moxos-Trinidad, operó esquema DAC."
2021-01-27,Desconexión del EDAC,LA PAZ,DELAPAZ,D,19:14,19:24,10.12,Desconexión de las unidades del ciclo combinado CCWAR30.
2021-01-27,Desconexión del EDAC,POTOSI,EMSC,CNR,19:14,19:25,1.56,Desconexión de las unidades del ciclo combinado CCWAR30.
2021-01-27,Desconexión del EDAC,COCHABAMBA,ELFEC,D,19:14,19:29,5.1,Desconexión de las unidades del ciclo combinado CCWAR30.
2021-01-27,Desconexión del EDAC,POTOSI,SEPSA,D,19:14,19:30,2.0,Desconexión de las unidades del ciclo combinado CCWAR30.
2021-01-27,Desconexión del EDAC,TRINIDAD,ENDE DELBENI,D,19:14,19:32,9.1,Desconexión de las unidades del ciclo combinado CCWAR30.
2021-01-27,Desconexión del EDAC,SANTA CRUZ,CRE,D,19:14,19:32,15.9,Desconexión de las unidades del ciclo combinado CCWAR30.
2021-01-27,Desconexión del EDAC,SUCRE,CESSA,D,19:14,19:35,2.2,Desconexión de las unidades del ciclo combinado CCWAR30.
2021-01-27,Desconexión del EDAC,ORURO,ENDE ORURO,D,19:14,19:37,2.1,Desconexión de las unidades del ciclo combinado CCWAR30.
2021-01-27,Desconexión del EDAC,POTOSI,ENDED,D,19:14,19:39,0.2,Desconexión de las unidades del ciclo combinado CCWAR30.
2021-01-27,Desconexión del EDAC,TARIJA,SETAR,D,19:14,19:43,2.6,Desconexión de las unidades del ciclo combinado CCWAR30.
2021-01-27,Desconexión del EDAC,TARIJA,SETARY,D,19:14,19:45,0.49,Desconexión de las unidades del ciclo combinado CCWAR30.
2021-01-27,Desconexión del EDAC,ORURO,EMDEECRUZ,D,19:14,20:09,0.18,Desconexión de las unidades del ciclo combinado CCWAR30.
2021-02-04,Desconexión del EDAC,ORURO,ENDE ORURO,D,10:30,10:33,1.9,Desconexión de las unidades ERI41 y ERI42.
2021-02-04,Desconexión del EDAC,TRINIDAD,ENDE DELBENI,D,10:30,10:37,7.0,Desconexión de las unidades ERI41 y ERI42.
2021-02-04,Desconexión del EDAC,POTOSI,SEPSA,D,10:30,10:41,2.0,Desconexión de las unidades ERI41 y ERI42.
2021-02-04,Desconexión del EDAC,SANTA CRUZ,CRE,D,10:30,10:42,11.3,Desconexión de las unidades ERI41 y ERI42.
2021-02-04,Desconexión del EDAC,COCHABAMBA,ELFEC,D,10:30,10:42,2.1,Desconexión de las unidades ERI41 y ERI42.
2021-02-04,Desconexión del EDAC,SUCRE,CESSA,D,10:30,10:43,2.1,Desconexión de las unidades ERI41 y ERI42.
2021-02-04,Desconexión del EDAC,LA PAZ,DELAPAZ,D,10:30,10:45,9.44,Desconexión de las unidades ERI41 y ERI42.
2021-02-04,Desconexión del EDAC,SANTA CRUZ,EMDEECRUZ,D,10:30,10:45,0.62,Desconexión de las unidades ERI41 y ERI42.
2021-02-04,Desconexión del EDAC,TARIJA,SETAR,D,10:30,10:46,2.6,Desconexión de las unidades ERI41 y ERI42.
2021-02-04,Desconexión del EDAC,COCHABAMBA,COBOCE,CNR,10:30,10:46,3.6,Desconexión de las unidades ERI41 y ERI42.
2021-02-04,Desconexión del EDAC,POTOSI,EMSC,CNR,10:30,10:51,1.34,Desconexión de las unidades ERI41 y ERI42.
2021-02-04,Desconexión del EDAC,TARIJA,SETARV,D,10:30,10:51,0.38,Desconexión de las unidades ERI41 y ERI42.
2021-02-04,Desconexión del EDAC,TARIJA,SETARY,D,10:30,10:52,0.38,Desconexión de las unidades ERI41 y ERI42.
2021-02-04,Desconexión del EDAC,POTOSI,ENDED,D,10:30,10:55,0.55,Desconexión de las unidades ERI41 y ERI42.
2021-02-06,Desconexión del EDAC,TARIJA,SETARV,D,09:31,09:35,0.34,Desconexión de las unidades del Ciclo Combinado CCERI40.
2021-02-06,Desconexión del EDAC,LA PAZ,DELAPAZ,D,09:31,09:36,8.22,Desconexión de las unidades del Ciclo Combinado CCERI40.
2021-02-06,Desconexión del EDAC,TARIJA,SETAR,D,09:31,09:38,2.4,Desconexión de las unidades del Ciclo Combinado CCERI40.
2021-02-06,Desconexión del EDAC,TRINIDAD,ENDE DELBENI,D,09:31,09:38,6.9,Desconexión de las unidades del Ciclo Combinado CCERI40.
2021-02-06,Desconexión del EDAC,SANTA CRUZ,CRE,D,09:31,09:41,11.7,Desconexión de las unidades del Ciclo Combinado CCERI40.
2021-02-06,Desconexión del EDAC,POTOSI,EMSC,CNR,09:31,09:41,0.8,Desconexión de las unidades del Ciclo Combinado CCERI40.
2021-02-06,Desconexión del EDAC,SUCRE,CESSA,D,09:31,09:43,1.7,Desconexión de las unidades del Ciclo Combinado CCERI40.
2021-02-06,Desconexión del EDAC,POTOSI,SEPSA,D,09:31,09:46,1.87,Desconexión de las unidades del Ciclo Combinado CCERI40.
2021-02-06,Desconexión del EDAC,POTOSI,ENDED,D,09:31,09:47,0.3,Desconexión de las unidades del Ciclo Combinado CCERI40.
2021-02-06,Desconexión del EDAC,COCHABAMBA,ELFEC,D,09:31,09:52,4.2,Desconexión de las unidades del Ciclo Combinado CCERI40.
2021-02-06,Desconexión del EDAC,COCHABAMBA,COBOCE,CNR,09:31,09:53,3.6,Desconexión de las unidades del Ciclo Combinado CCERI40.
2021-02-06,Desconexión del EDAC,TARIJA,SETARY,D,09:31,09:56,0.39,Desconexión de las unidades del Ciclo Combinado CCERI40.
2021-02-06,Desconexión del EDAC,ORURO,ENDE ORURO,D,09:31,09:58,1.7,Desconexión de las unidades del Ciclo Combinado CCERI40.
2021-02-06,Desconexión del EDAC,SANTA CRUZ,EMDEECRUZ,D,09:31,10:23,0.42,Desconexión de las unidades del Ciclo Combinado CCERI40.
2021-02-19,Desconexión del EDAC,TARIJA,SETARV,D,20:07,20:21,0.6,Desconexión de GCH10.
2021-02-19,Desconexión del EDAC,SANTA CRUZ,CRE,D,20:07,20:26,7.5,Desconexión de GCH10.
2021-02-19,Desconexión del EDAC,COCHABAMBA,ELFEC,D,20:07,20:27,7.1,Desconexión de GCH10.
2021-02-19,Desconexión del EDAC,ORURO,ENDE ORURO,D,20:07,20:31,2.1,Desconexión de GCH10.
2021-02-19,Desconexión del EDAC,TARIJA,SETAR,D,20:07,20:31,3.5,Desconexión de GCH10.
2021-02-19,Desconexión del EDAC,SUCRE,CESSA,D,20:07,20:32,2.1,Desconexión de GCH10.
2021-02-19,Desconexión del EDAC,POTOSI,SEPSA,D,20:07,20:33,3.07,Desconexión de GCH10.
2021-02-19,Desconexión del EDAC,POTOSI,EMSC,CNR,20:07,20:36,1.6,Desconexión de GCH10.
2021-02-19,Desconexión del EDAC,COCHABAMBA,COBOCE,CNR,20:07,20:45,3.6,Desconexión de GCH10.
2021-02-19,Desconexión del EDAC,TARIJA,SETARY,D,20:07,20:49,0.7,Desconexión de GCH10.
2021-03-04,Desconexión de Carga,TRINIDAD,ENDE DELBENI,D,09:29,09:36,12.0,"Desconexión de la línea en 115 kV San Ignacio de Moxos - Trinidad, activación del DAC en S/E Trinidad."
2021-03-27,Desconexión de Carga,TRINIDAD,ENDE DELBENI,D,03:55,04:01,1.58,Desconexión de la línea en 115 kV San Borja - San Ignacio de Moxos.
2021-03-27,Desconexión de Carga,TRINIDAD,ENDE DELBENI,D,03:55,04:18,11.12,"Desconexión de la línea en 115 kV San Borja - San Ignacio de Moxos, operó esquema DAC."
2021-04-10,Desconexión de Carga,TRINIDAD,ENDE DELBENI,D,13:46,13:52,12.28,"Desconexión de la línea en 115 kV San Ignacio de Moxos - Trinidad, operó sistema DAC."
2021-07-20,Desconexión del EDAC,COCHABAMBA,COBOCE,CNR,12:58,13:03,1.5,Desconexión de línea en 115 kV Rafael Urquidi - YPFB.
2021-07-29,Desconexión del EDAC,POTOSI,SEPSA,D,03:03,03:08,12.0,Desconexión de las líneas Las Carreras - Tarija 1 y Las Carreras -Tarija 2.
2021-07-29,Desconexión del EDAC,TRINIDAD,ENDE DELBENI,D,03:03,03:09,4.09,Desconexión de las líneas Las Carreras - Tarija 1 y Las Carreras -Tarija 2.
2021-07-29,Desconexión del EDAC,TARIJA,SETAR,D,03:03,03:17,1.8,Desconexión de las líneas Las Carreras - Tarija 1 y Las Carreras -Tarija 2.
2021-07-29,Desconexión del EDAC,TARIJA,SETARV,D,03:03,03:21,0.5,Desconexión de las líneas Las Carreras - Tarija 1 y Las Carreras -Tarija 2.
2021-07-29,Desconexión del EDAC,SUCRE,CESSA,D,03:03,03:22,7.7,Desconexión de las líneas Las Carreras - Tarija 1 y Las Carreras -Tarija 2.
2021-07-29,Desconexión del EDAC,COCHABAMBA,ELFEC,D,03:03,03:23,14.3,Desconexión de las líneas Las Carreras - Tarija 1 y Las Carreras -Tarija 2.
2021-07-29,Desconexión del EDAC,SANTA CRUZ,CRE,D,03:03,03:23,42.1,Desconexión de las líneas Las Carreras - Tarija 1 y Las Carreras -Tarija 2.
2021-07-29,Desconexión del EDAC,ORURO,ENDE ORURO,D,03:03,03:26,6.7,Desconexión de las líneas Las Carreras - Tarija 1 y Las Carreras -Tarija 2.
2021-07-29,Desconexión del EDAC,POTOSI,EMSC,CNR,03:03,03:27,33.7,Desconexión de las líneas Las Carreras - Tarija 1 y Las Carreras -Tarija 2.
2021-07-29,Desconexión del EDAC,TARIJA,SETARY,D,03:03,03:29,0.5,Desconexión de las líneas Las Carreras - Tarija 1 y Las Carreras -Tarija 2.
2021-07-29,Desconexión del EDAC,LA PAZ,DELAPAZ,D,03:03,03:31,18.84,Desconexión de las líneas Las Carreras - Tarija 1 y Las Carreras -Tarija 2.
2021-07-29,Desconexión del EDAC,SANTA CRUZ,ENDE,D,03:03,03:41,0.3,Desconexión de las líneas Las Carreras - Tarija 1 y Las Carreras -Tarija 2.
2021-07-29,Desconexión del EDAC,COCHABAMBA,COBOCE,CNR,03:03,03:46,5.33,Desconexión de las líneas Las Carreras - Tarija 1 y Las Carreras -Tarija 2.
2021-07-29,Desconexión del EDAC,SANTA CRUZ,EMDEECRUZ,D,03:03,03:51,0.4,Desconexión de las líneas Las Carreras - Tarija 1 y Las Carreras -Tarija 2.
2021-08-25,Desconexión del EDAC,LA PAZ,ENDE DELBENI,D,13:04,13:11,4.6,Desconexión de las unidades del ciclo combinado CCERI40.
2021-08-25,Desconexión del EDAC,TARIJA,SETAR,D,13:04,13:12,2.6,Desconexión de las unidades del ciclo combinado CCERI40.
2021-08-25,Desconexión del EDAC,SUCRE,CESSA,D,13:04,13:12,2.1,Desconexión de las unidades del ciclo combinado CCERI40.
2021-08-25,Desconexión del EDAC,SANTA CRUZ,CRE,D,13:04,13:12,11.3,Desconexión de las unidades del ciclo combinado CCERI40.
2021-08-25,Desconexión del EDAC,POTOSI,SEPSA,D,13:04,13:14,4.14,Desconexión de las unidades del ciclo combinado CCERI40.
2021-08-25,Desconexión del EDAC,POTOSI,EMSC,CNR,13:04,13:14,1.63,Desconexión de las unidades del ciclo combinado CCERI40.
2021-08-25,Desconexión del EDAC,COCHABAMBA,ELFEC,D,13:04,13:17,4.6,Desconexión de las unidades del ciclo combinado CCERI40.
2021-08-25,Desconexión del EDAC,LA PAZ,DELAPAZ,D,13:04,13:18,9.7,Desconexión de las unidades del ciclo combinado CCERI40.
2021-08-25,Desconexión del EDAC,ORURO,CMVINTO,CNR,13:04,13:26,1.9,Desconexión de las unidades del ciclo combinado CCERI40.
2021-08-25,Desconexión del EDAC,COCHABAMBA,COBOCE,CNR,13:04,13:27,3.8,Desconexión de las unidades del ciclo combinado CCERI40.
2021-08-25,Desconexión del EDAC,ORURO,ENDE ORURO,D,13:04,13:27,1.9,Desconexión de las unidades del ciclo combinado CCERI40.
2021-08-25,Desconexión del EDAC,SANTA CRUZ,EMDEECRUZ,D,13:04,13:31,0.81,Desconexión de las unidades del ciclo combinado CCERI40.
2021-08-25,Desconexión del EDAC,TARIJA,SETARV,D,13:04,13:32,0.3,Desconexión de las unidades del ciclo combinado CCERI40.
2021-08-25,Desconexión del EDAC,TARIJA,SETARY,D,13:04,13:43,0.2,Desconexión de las unidades del ciclo combinado CCERI40.
2021-08-25,Desconexión del EDAC,POTOSI,ENDED,D,13:04,14:31,0.9,Desconexión de las unidades del ciclo combinado CCERI40.
2021-09-06,Desconexión de Carga,TRINIDAD,ENDE DELBENI,D,10:59,11:06,13.43,"Operó sistema DAC en S/E Trinidad, desconexión de la línea en 115 kV San Ignacio de Moxos - Trinidad."
2021-09-06,Desconexión de Carga,TRINIDAD,ENDE DELBENI,D,12:04,12:11,14.21,"Operó sistema DAC en S/E Trinidad, desconexión de la línea en 115 kV San Ignacio de Moxos - Trinidad."
2021-09-11,Desconexión de Carga,ORURO,ENDE ORURO,D,14:11,14:16,6.5,Desconexión de línea Cuadro Siglo-Sud.
2021-09-11,Desconexión de Carga,COCHABAMBA,COBOCE,CNR,14:11,14:28,7.5,"Desconexión transformador TRCOB11503, operación de la protección de sobrevoltaje."
2021-09-11,Desconexión del EDAC,POTOSI,SEPSA,D,14:11,14:47,25.36,"Desconexión líneas VHE-IRP11501, POT-OCU115 y desconexión de unidades generadoras sistema Sur."
2021-09-11,Colapso Total,POTOSI,SEPSA,D,14:11,14:47,44.86,"Desconexión líneas VHE-IRP11501, POT-OCU115 y desconexión de unidades generadoras sistema Sur."
2021-09-11,Desconexión del EDAC,TARIJA,SETARY,D,14:11,15:24,4.82,"Desconexión líneas VHE-IRP11501, POT-OCU115 y desconexión de unidades generadoras sistema Sur."
2021-09-11,Colapso Total,TARIJA,SETARY,D,14:11,15:24,3.25,"Desconexión líneas VHE-IRP11501, POT-OCU115 y desconexión de unidades generadoras sistema Sur."
2021-09-11,Desconexión del EDAC,TARIJA,SETAR,D,14:11,15:29,10.5,"Desconexión líneas VHE-IRP11501, POT-OCU115 y desconexión de unidades generadoras sistema Sur."
2021-09-11,Colapso Total,TARIJA,SETAR,D,14:11,15:29,13.5,"Desconexión líneas VHE-IRP11501, POT-OCU115 y desconexión de unidades generadoras sistema Sur."
2021-09-11,Desconexión del EDAC,TARIJA,SETARV,D,14:11,15:30,3.5,"Desconexión líneas VHE-IRP11501, POT-OCU115 y desconexión de unidades generadoras sistema Sur."
2021-09-11,Desconexión del EDAC,SUCRE,CESSA,D,14:11,15:34,10.21,"Desconexión líneas VHE-IRP11501, POT-OCU115 y desconexión de unidades generadoras sistema Sur."
2021-09-11,Colapso Total,SUCRE,CESSA,D,14:11,15:34,23.3,"Desconexión líneas VHE-IRP11501, POT-OCU115 y desconexión de unidades generadoras sistema Sur."
2021-09-11,Desconexión del EDAC,POTOSI,ENDED,D,14:11,16:23,2.3,"Desconexión líneas VHE-IRP11501, POT-OCU115 y desconexión de unidades generadoras sistema Sur."
2021-09-11,Desconexión del EDAC,POTOSI,EMSC,CNR,14:11,16:33,25.95,"Desconexión líneas VHE-IRP11501, POT-OCU115 y desconexión de unidades generadoras sistema Sur."
2021-09-11,Colapso Total,POTOSI,EMSC,CNR,14:11,16:33,15.25,"Desconexión líneas VHE-IRP11501, POT-OCU115 y desconexión de unidades generadoras sistema Sur."
2021-09-11,Desconexión de Carga,POTOSI,ENDED,D,14:11,16:37,3.7,"Desconexión líneas VHE-IRP11501, POT-OCU115 y desconexión de unidades generadoras sistema Sur."
2021-09-11,Desconexión de Carga,TARIJA,SETAR,D,15:42,16:07,3.9,Desconexión de la línea en 230 kV Punutuma las Carreras.
2021-09-11,Desconexión de Carga,TARIJA,SETARV,D,15:42,16:15,1.96,Desconexión de la línea en 230 kV Punutuma las Carreras.
2021-09-11,Desconexión de Carga,TARIJA,SETARY,D,15:42,16:22,7.3,Desconexión de la línea en 230 kV Punutuma las Carreras.
2021-09-11,Desconexión de Carga,TARIJA,ENDED,D,15:42,16:38,1.9,Desconexión de la línea en 230 kV Punutuma las Carreras.
2021-12-04,Desconexión de Carga,SUCRE,CESSA,D,20:23,20:53,13.0,Desconexión de la línea en 115 kV Sucre - Plata y el autotransformador ATSUC23002.
2021-12-04,Desconexión del EDAC - Bajo Voltaje,SUCRE,CESSA,D,20:23,20:53,13.0,Desconexión de la línea en 115 kV Sucre - Plata y el autotransformador ATSUC23002.
2021-12-04,Desconexión de Carga,SANTA CRUZ,CRE,D,20:23,21:11,4.2,Desconexión de la línea en 115 kV Sucre - Plata y el autotransformador ATSUC23002.
2021-12-04,Desconexión del EDAC,ORURO,ENDE ORURO,D,20:49,20:51,1.51,"Desconexión de las unidades del ciclo combinado CCSUR30, SUR40 y SUR41."
2021-12-04,Desconexión del EDAC,SUCRE,CESSA,D,20:49,20:51,2.2,"Desconexión de las unidades del ciclo combinado CCSUR30, SUR40 y SUR41."
2021-12-04,Desconexión del EDAC,COCHABAMBA,ELFEC,D,20:49,20:58,6.35,"Desconexión de las unidades del ciclo combinado CCSUR30, SUR40 y SUR41."
2021-12-04,Desconexión del EDAC,LA PAZ,DELAPAZ,D,20:49,21:04,12.72,"Desconexión de las unidades del ciclo combinado CCSUR30, SUR40 y SUR41."
2021-12-04,Desconexión del EDAC,SANTA CRUZ,CRE,D,20:49,21:05,26.4,"Desconexión de las unidades del ciclo combinado CCSUR30, SUR40 y SUR41."
2021-12-04,Desconexión del EDAC,POTOSI,SEPSA,D,20:49,21:07,3.58,"Desconexión de las unidades del ciclo combinado CCSUR30, SUR40 y SUR41."
2021-12-04,Desconexión del EDAC,TRINIDAD,ENDE DELBENI,D,20:49,21:08,13.9,"Desconexión de las unidades del ciclo combinado CCSUR30, SUR40 y SUR41."
2021-12-04,Desconexión del EDAC,TARIJA,SETAR,D,20:49,21:12,2.8,"Desconexión de las unidades del ciclo combinado CCSUR30, SUR40 y SUR41."
2021-12-04,Desconexión del EDAC,POTOSI,EMSC,CNR,20:49,21:17,2.04,"Desconexión de las unidades del ciclo combinado CCSUR30, SUR40 y SUR41."
2021-12-04,Desconexión del EDAC,TARIJA,SETARV,D,20:49,21:17,0.63,"Desconexión de las unidades del ciclo combinado CCSUR30, SUR40 y SUR41."
2021-12-04,Desconexión del EDAC,POTOSI,ENDED,D,20:49,21:40,0.9,"Desconexión de las unidades del ciclo combinado CCSUR30, SUR40 y SUR41."
2021-12-04,Desconexión del EDAC,SANTA CRUZ,EMDEECRUZ,D,20:49,22:09,0.26,"Desconexión de las unidades del ciclo combinado CCSUR30, SUR40 y SUR41."
2021-12-04,Desconexión de Carga Manual,TRINIDAD,ENDE DELBENI,D,21:10,21:17,2.7,Regulación de voltaje en S/E Trinidad.
2021-12-04,Desconexión de Carga Manual,TRINIDAD,ENDE DELBENI,D,21:26,21:32,5.04,Regulación de voltaje en S/E Trinidad.
2021-12-12,Desconexión de Carga,TRINIDAD,ENDE DELBENI,D,06:04,06:09,2.8,Desconexión de la línea en 115 kV Caranavi-Yucumo.
2021-12-12,Desconexión de Carga,LA PAZ,DELAPAZ,D,06:04,06:11,2.2,Desconexión de la línea en 115 kV Caranavi-Yucumo.
2021-12-12,Desconexión de Carga,TRINIDAD,ENDE DELBENI,D,06:04,06:14,10.0,Desconexión de la línea en 115 kV Caranavi-Yucumo y operación del DAC Trinidad.
2021-12-14,Desconexión de Carga,TRINIDAD,ENDE DELBENI,D,10:12,10:17,4.13,Desconexión de las líneas en 115 kV Caranavi-Yucumo y San Ignacio de Moxos - Trinidad.
2021-12-14,Desconexión de Carga,LA PAZ,DELAPAZ,D,10:12,10:18,2.8,Desconexión de las líneas en 115 kV Caranavi-Yucumo y San Ignacio de Moxos - Trinidad.
2021-12-14,Desconexión de Carga,TRINIDAD,ENDE DELBENI,D,10:12,10:22,15.3,"Desconexión de las líneas en 115 kV Caranavi-Yucumo y San Ignacio de Moxos - Trinidad, operación del sistema DAC."
2021-12-27,Desconexión del EDAC,TARIJA,SETARV,D,10:44,10:48,0.4,Desconexión del ciclo combinado CCWAR30.
2021-12-27,Desconexión del EDAC,TARIJA,SETARY,D,10:44,10:53,0.48,Desconexión del ciclo combinado CCWAR30.
2021-12-27,Desconexión del EDAC,COCHABAMBA,ELFEC,D,10:44,10:56,3.36,Desconexión del ciclo combinado CCWAR30.
2021-12-27,Desconexión del EDAC,ORURO,ENDE ORURO,D,10:44,10:56,2.5,Desconexión del ciclo combinado CCWAR30.
2021-12-27,Desconexión del EDAC,LA PAZ,DELAPAZ,D,10:44,10:57,10.43,Desconexión del ciclo combinado CCWAR30.
2021-12-27,Desconexión del EDAC,TARIJA,SETAR,D,10:44,10:57,1.2,Desconexión del ciclo combinado CCWAR30.
2021-12-27,Desconexión del EDAC,SANTA CRUZ,CRE,D,10:44,11:08,27.8,Desconexión del ciclo combinado CCWAR30.
2021-12-27,Desconexión del EDAC,POTOSI,SEPSA,D,10:44,11:09,4.0,Desconexión del ciclo combinado CCWAR30.
2021-12-27,Desconexión del EDAC,SUCRE,CESSA,D,10:44,11:09,2.1,Desconexión del ciclo combinado CCWAR30.
2021-12-27,Desconexión del EDAC,POTOSI,EMSC,CNR,10:44,11:11,1.67,Desconexión del ciclo combinado CCWAR30.
2021-12-27,Desconexión del EDAC,SANTA CRUZ,EMDEECRUZ,D,10:44,11:14,0.64,Desconexión del ciclo combinado CCWAR30.
2021-12-27,Desconexión del EDAC,TRINIDAD,ENDE DELBENI,D,10:45,10:47,5.2,Desconexión del ciclo combinado CCWAR30.
2021-12-30,Desconexión de Carga,POTOSI,ENDE ORURO,D,16:41,16:58,0.7,Desconexión ATPUN230 y unidades de sistema Yura.
2021-12-30,Desconexión de Carga,POTOSI,SEPSA,D,16:41,17:07,2.6,Desconexión ATPUN230 y unidades de sistema Yura.
2021-12-31,Desconexión de Carga,SANTA CRUZ,CRE,D,16:43,16:52,4.1,Desconexión de línea PAD-MOT11501.
2021-12-31,Desconexión de Carga,SUCRE,CESSA,D,16:43,17:15,1.7,Desconexión de línea PAD-MOT11501.
2022-01-01,Desconexión del EDAC,SANTA CRUZ,CRE,D,12:08,12:14,8.8,Desconexión del medio ciclo CCWAR41 y reducción de generación en planta solar Uyuni.
2022-01-01,Desconexión del EDAC,LA PAZ,DELAPAZ,D,12:08,12:14,5.76,Desconexión del medio ciclo CCWAR41 y reducción de generación en planta solar Uyuni.
2022-01-01,Desconexión del EDAC,POTOSI,EMSC,CNR,12:08,12:17,0.95,Desconexión del medio ciclo CCWAR41 y reducción de generación en planta solar Uyuni.
2022-01-01,Desconexión del EDAC,TARIJA,SETARY,D,12:08,12:18,0.59,Desconexión del medio ciclo CCWAR41 y reducción de generación en planta solar Uyuni.
2022-01-01,Desconexión del EDAC,TARIJA,SETAR,D,12:08,12:18,0.8,Desconexión del medio ciclo CCWAR41 y reducción de generación en planta solar Uyuni.
2022-01-01,Desconexión del EDAC,POTOSI,SEPSA,D,12:08,12:21,4.0,Desconexión del medio ciclo CCWAR41 y reducción de generación en planta solar Uyuni.
2022-01-01,Desconexión del EDAC,COCHABAMBA,ELFEC,D,12:08,12:21,2.63,Desconexión del medio ciclo CCWAR41 y reducción de generación en planta solar Uyuni.
2022-01-01,Desconexión del EDAC,ORURO,ENDE ORURO,D,12:08,12:22,0.58,Desconexión del medio ciclo CCWAR41 y reducción de generación en planta solar Uyuni.
2022-01-01,Desconexión del EDAC,TARIJA,SETARV,D,12:08,12:32,0.61,Desconexión del medio ciclo CCWAR41 y reducción de generación en planta solar Uyuni.
2022-01-01,Desconexión del EDAC,SANTA CRUZ,EMDEECRUZ,D,12:08,13:24,0.12,Desconexión del medio ciclo CCWAR41 y reducción de generación en planta solar Uyuni.
2022-01-15,Desconexión de Carga,TRINIDAD,ENDE DELBENI,D,20:39,20:42,5.42,Disparo de las unidades de Central Moxos.
2022-01-15,Desconexión de Carga,TRINIDAD,ENDE DELBENI,D,20:39,20:43,17.88,Operación del sistema DAC en S/E Trinidad.
2022-01-28,Desconexión de Carga,TRINIDAD,ENDE DELBENI,D,06:35,06:39,1.35,Desconexión de la línea San Borja - San Ignacio de Moxos.
2022-01-28,Desconexión de Carga,TRINIDAD,ENDE DELBENI,D,06:35,06:52,10.18,Operación del sistema DAC en S/E Trinidad.
2022-02-11,Desconexión de Carga,COCHABAMBA,ELFEC,D,17:04,17:10,2.3,Desconexión de la línea en 115 kV Paracaya - Qollpana.
2022-02-11,Desconexión de Carga,COCHABAMBA,ELFEC,D,17:32,22:10,8.8,Desconexión de la línea en 115 kV Sacaba - Paracaya.
2022-02-11,Desconexión de Carga,COCHABAMBA,ELFEC,D,17:32,22:10,2.3,Desconexión de la línea en 115 kV Paracaya - Qollpana.
2022-02-12,Desconexión de Carga,POTOSI,EMSC,CNR,02:32,02:44,43.1,"Operó esquema de transferencia de disparo, desconexión de la línea en 230 kV Santivañez - Sucre."
2022-02-12,Desconexión de Carga,POTOSI,SEPSA,D,02:32,03:35,9.5,"Operó esquema de transferencia de disparo, desconexión de la línea en 230 kV Santivañez - Sucre."
2022-05-03,Desconexión del EDAC,SANTA CRUZ,CRE,D,04:08,04:16,18.74,Desconexión de las unidades del ciclo combinado CCERI30 y CCERI40.
2022-05-03,Desconexión del EDAC,COCHABAMBA,ELFEC,D,04:08,04:16,8.1,Desconexión de las unidades del ciclo combinado CCERI30 y CCERI40.
2022-05-03,Desconexión del EDAC,POTOSI,EMSC,CNR,04:08,04:16,3.61,Desconexión de las unidades del ciclo combinado CCERI30 y CCERI40.
2022-05-03,Desconexión del EDAC,POTOSI,SEPSA,D,04:08,04:18,7.0,Desconexión de las unidades del ciclo combinado CCERI30 y CCERI40.
2022-05-03,Desconexión del EDAC,ORURO,ENDE ORURO,D,04:08,04:18,1.9,Desconexión de las unidades del ciclo combinado CCERI30 y CCERI40.
2022-05-03,Desconexión del EDAC,TRINIDAD,ENDE DELBENI,D,04:08,04:19,3.7,Desconexión de las unidades del ciclo combinado CCERI30 y CCERI40.
2022-05-03,Desconexión del EDAC,TARIJA,SETARY,D,04:08,04:20,0.7,Desconexión de las unidades del ciclo combinado CCERI30 y CCERI40.
2022-05-03,Desconexión del EDAC,TARIJA,SETARV,D,04:08,04:23,3.97,Desconexión de las unidades del ciclo combinado CCERI30 y CCERI40.
2022-05-03,Desconexión del EDAC,TARIJA,SETAR,D,04:08,04:25,0.8,Desconexión de las unidades del ciclo combinado CCERI30 y CCERI40.
2022-05-03,Desconexión del EDAC,SANTA CRUZ,EMDEECRUZ,D,04:08,04:48,0.52,Desconexión de las unidades del ciclo combinado CCERI30 y CCERI40.
2022-05-03,Desconexión del EDAC,SUCRE,CESSA,D,04:08,04:55,2.0,Desconexión de las unidades del ciclo combinado CCERI30 y CCERI40.
2022-05-03,Desconexión del EDAC,POTOSI,ENDED,D,04:08,05:33,0.66,Desconexión de las unidades del ciclo combinado CCERI30 y CCERI40.
2022-07-10,Desconexión del EDAC,SANTA CRUZ,CRE,D,16:21,16:33,20.2,"Desconexión de la línea GCH-PAR069, reducción de generación en 48.4 MW de centrales eólicas El Dorado, San Julián y Warnes, operó la primera etapa de gradiente."
2022-07-16,Desconexión del EDAC,SANTA CRUZ,CRE,D,09:22,09:27,8.8,"Desconexión de las líneas BEL-TRN23001 y BEL-TRN23002, reducción de generación en 14.2 MW de central eólica San Julián, operó la primera etapa de gradiente."
2022-08-23,Desconexión de Carga,ORURO,ENDED,D,15:19,24:00,1.0,Desconexión de emergencia de línea en 115 kV Cataricagua - Lucianita.
2022-10-13,Desconexión del EDAC,SANTA CRUZ,CRE,D,03:18,03:23,9.8,"Desconexión de las unidades del ciclo combinado CCWAR30, ver Informe de Falla 274-20."
2022-10-13,Desconexión del EDAC,TARIJA,SETARY,D,03:18,03:24,1.3,"Desconexión de las unidades del ciclo combinado CCWAR30, ver Informe de Falla 274-20."
2022-10-13,Desconexión del EDAC,TARIJA,SETARV,D,03:18,03:24,0.45,"Desconexión de las unidades del ciclo combinado CCWAR30, ver Informe de Falla 274-20."
2022-10-13,Desconexión del EDAC,TRINIDAD,ENDE DELBENI,D,03:18,03:24,3.23,"Desconexión de las unidades del ciclo combinado CCWAR30, ver Informe de Falla 274-20."
2022-10-13,Desconexión del EDAC,POTOSI,SEPSA,D,03:18,03:25,6.0,"Desconexión de las unidades del ciclo combinado CCWAR30, ver Informe de Falla 274-20."
2022-10-13,Desconexión del EDAC,COCHABAMBA,ELFEC,D,03:18,03:25,4.0,"Desconexión de las unidades del ciclo combinado CCWAR30, ver Informe de Falla 274-20."
2022-10-13,Desconexión del EDAC,LA PAZ,DELAPAZ,D,03:18,03:27,5.6,"Desconexión de las unidades del ciclo combinado CCWAR30, ver Informe de Falla 274-20."
2022-10-13,Desconexión del EDAC,ORURO,ENDE ORURO,D,03:18,03:27,1.7,"Desconexión de las unidades del ciclo combinado CCWAR30, ver Informe de Falla 274-20."
2022-10-13,Desconexión del EDAC,SUCRE,CESSA,D,03:18,03:30,2.4,"Desconexión de las unidades del ciclo combinado CCWAR30, ver Informe de Falla 274-20."
2022-10-13,Desconexión del EDAC,TARIJA,SETAR,D,03:18,03:31,0.5,"Desconexión de las unidades del ciclo combinado CCWAR30, ver Informe de Falla 274-20."
2022-10-13,Desconexión del EDAC,POTOSI,EMSC,CNR,03:18,03:31,2.2,"Desconexión de las unidades del ciclo combinado CCWAR30, ver Informe de Falla 274-20."
2022-10-13,Desconexión del EDAC,COCHABAMBA,COBOCE,CNR,03:18,03:41,4.0,"Desconexión de las unidades del ciclo combinado CCWAR30, ver Informe de Falla 274-20."
2022-10-13,Desconexión del EDAC,SANTA CRUZ,LAS LOMAS,CNR,03:18,03:42,10.0,"Desconexión de las unidades del ciclo combinado CCWAR30, ver Informe de Falla 274-20."
2022-10-13,Desconexión del EDAC,POTOSI,ENDE,CNR,03:18,03:44,0.8,"Desconexión de las unidades del ciclo combinado CCWAR30, ver Informe de Falla 274-20."
2022-10-13,Desconexión del EDAC,SANTA CRUZ,EMDEECRUZ,D,03:18,04:11,0.74,"Desconexión de las unidades del ciclo combinado CCWAR30, ver Informe de Falla 274-20."
2022-11-01,Desconexión del EDAC,TARIJA,SETAR,D,08:42,08:54,2.3,Desconexión de la línea LCA-TAJ230.
2022-11-01,Desconexión del EDAC,ORURO,ENDE ORURO,D,09:45,09:49,2.0,Desconexión de la línea LCA-TAJ23002.
2022-11-01,Desconexión del EDAC,LA PAZ,DELAPAZ,D,09:45,09:50,7.9,Desconexión de la línea LCA-TAJ23002.
2022-11-01,Desconexión del EDAC,POTOSI,SEPSA,D,09:45,09:51,4.91,Desconexión de la línea LCA-TAJ23002.
2022-11-01,Desconexión del EDAC,COCHABAMBA,ELFEC,D,09:45,09:52,5.5,Desconexión de la línea LCA-TAJ23002.
2022-11-01,Desconexión del EDAC,SANTA CRUZ,CRE,D,09:45,09:53,7.0,Desconexión de la línea LCA-TAJ23002.
2022-11-01,Desconexión del EDAC,SUCRE,CESSA,D,09:45,09:53,1.2,Desconexión de la línea LCA-TAJ23002.
2022-11-01,Desconexión del EDAC,POTOSI,EMSC,CNR,09:45,09:56,1.62,Desconexión de la línea LCA-TAJ23002.
2022-11-01,Desconexión del EDAC,COCHABAMBA,COBOCE,CNR,09:45,10:02,4.0,Desconexión de la línea LCA-TAJ23002.
2022-11-01,Desconexión del EDAC,SANTA CRUZ,EMDEECRUZ,D,09:45,10:05,0.53,Desconexión de la línea LCA-TAJ23002.
2022-11-01,Desconexión del EDAC,POTOSI,ENDED,D,09:45,10:21,0.8,Desconexión de la línea LCA-TAJ23002.
2022-11-01,Desconexión del EDAC,TRINIDAD,ENDE DELBENI,D,09:46,10:51,2.2,Desconexión de la línea LCA-TAJ23002.
2023-02-18,Desconexión del EDAC,LA PAZ,DELAPAZ,D,20:31,20:36,10.25,Desconexión de las unidades del ciclo combinado CCWAR30.
2023-02-18,Desconexión del EDAC,TRINIDAD,ENDE DELBENI,D,20:31,20:38,3.39,Desconexión de las unidades del ciclo combinado CCWAR30.
2023-02-18,Desconexión del EDAC,COCHABAMBA,ELFEC,D,20:31,20:40,5.9,Desconexión de las unidades del ciclo combinado CCWAR30.
2023-02-18,Desconexión del EDAC,TARIJA,SETAR,D,20:31,20:40,0.6,Desconexión de las unidades del ciclo combinado CCWAR30.
2023-02-18,Desconexión del EDAC,TARIJA,SETARV,D,20:31,20:40,0.62,Desconexión de las unidades del ciclo combinado CCWAR30.
2023-02-18,Desconexión del EDAC,TARIJA,SETARY,D,20:31,20:40,1.09,Desconexión de las unidades del ciclo combinado CCWAR30.
2023-02-18,Desconexión del EDAC,POTOSI,EMSC,CNR,20:31,20:44,1.3,Desconexión de las unidades del ciclo combinado CCWAR30.
2023-02-18,Desconexión del EDAC,SANTA CRUZ,CRE,D,20:31,20:45,14.07,Desconexión de las unidades del ciclo combinado CCWAR30.
2023-02-18,Desconexión del EDAC,POTOSI,SEPSA,D,20:31,20:48,4.86,Desconexión de las unidades del ciclo combinado CCWAR30.
2023-02-18,Desconexión del EDAC,ORURO,ENDE ORURO,D,20:31,20:53,3.1,Desconexión de las unidades del ciclo combinado CCWAR30.
2023-02-18,Desconexión del EDAC,COCHABAMBA,COBOCE,CNR,20:31,20:54,4.0,Desconexión de las unidades del ciclo combinado CCWAR30.
2023-02-18,Desconexión del EDAC,SANTA CRUZ,EMDEECRUZ,D,20:31,21:21,0.51,Desconexión de las unidades del ciclo combinado CCWAR30.
2023-03-15,Desconexión de Carga,COCHABAMBA,ELFEC,D,06:38,06:45,16.0,Desconexión de las líneas en 115 kV Sacaba - Paracaya y Paracaya - Qollpana.
2023-03-16,Desconexión del EDAC,SANTA CRUZ,CRE,D,09:00,09:09,91.0,"Desconexión de las unidades CCWAR30, CCWAR40, WAR10, WAR20 y HUA02."
2023-03-16,Desconexión del EDAC,TRINIDAD,ENDE DELBENI,D,09:00,09:09,4.47,"Desconexión de las unidades CCWAR30, CCWAR40, WAR10, WAR20 y HUA02."
2023-03-16,Desconexión del EDAC,TARIJA,SETARV,D,09:00,09:10,2.0,"Desconexión de las unidades CCWAR30, CCWAR40, WAR10, WAR20 y HUA02."
2023-03-16,Desconexión del EDAC,COCHABAMBA,COBOCE,CNR,09:00,09:10,4.0,"Desconexión de las unidades CCWAR30, CCWAR40, WAR10, WAR20 y HUA02."
2023-03-16,Desconexión del EDAC,ORURO,ENDE ORURO,D,09:00,09:13,4.3,"Desconexión de las unidades CCWAR30, CCWAR40, WAR10, WAR20 y HUA02."
2023-03-16,Desconexión del EDAC,LA PAZ,DELAPAZ,D,09:00,09:15,32.47,"Desconexión de las unidades CCWAR30, CCWAR40, WAR10, WAR20 y HUA02."
2023-03-16,Desconexión del EDAC,COCHABAMBA,ELFEC,D,09:00,09:16,35.12,"Desconexión de las unidades CCWAR30, CCWAR40, WAR10, WAR20 y HUA02."
2023-03-16,Desconexión del EDAC,SANTA CRUZ,LAS LOMAS,CNR,09:00,09:17,19.0,"Desconexión de las unidades CCWAR30, CCWAR40, WAR10, WAR20 y HUA02."
2023-03-16,Desconexión del EDAC,TARIJA,SETAR,D,09:00,09:23,7.1,"Desconexión de las unidades CCWAR30, CCWAR40, WAR10, WAR20 y HUA02."
2023-03-16,Desconexión del EDAC,TARIJA,SETARY,D,09:00,09:23,3.1,"Desconexión de las unidades CCWAR30, CCWAR40, WAR10, WAR20 y HUA02."
2023-03-16,Desconexión del EDAC,SUCRE,CESSA,D,09:00,09:23,1.5,"Desconexión de las unidades CCWAR30, CCWAR40, WAR10, WAR20 y HUA02."
2023-03-16,Desconexión del EDAC,POTOSI,EMSC,CNR,09:00,09:32,22.9,"Desconexión de las unidades CCWAR30, CCWAR40, WAR10, WAR20 y HUA02."
2023-03-16,Desconexión del EDAC,POTOSI,SEPSA,D,09:00,09:33,17.42,"Desconexión de las unidades CCWAR30, CCWAR40, WAR10, WAR20 y HUA02."
2023-03-16,Desconexión del EDAC,SANTA CRUZ,EMDEECRUZ,D,09:00,09:39,0.9,"Desconexión de las unidades CCWAR30, CCWAR40, WAR10, WAR20 y HUA02."
2023-03-16,Desconexión del EDAC,POTOSI,ENDED,D,09:00,09:53,1.9,"Desconexión de las unidades CCWAR30, CCWAR40, WAR10, WAR20 y HUA02."
2023-03-16,Regulación de Voltaje,SANTA CRUZ,CRE,D,13:37,18:16,20.0,Indisponibilidad de unidades en Central Warnes y sobrecarga en las líneas en 230 kV Carrasco - Yapacaní y Carrasco - Arboleda.
2023-03-16,Desconexión de Carga Manual,SANTA CRUZ,EMDEECRUZ,D,14:30,18:20,23.8,Indisponibilidad de unidades en Central Warnes y sobrecarga en las líneas en 230 kV Carrasco - Yapacaní y Carrasco - Arboleda.
2023-03-16,Desconexión de Carga Manual,SANTA CRUZ,LAS LOMAS,CNR,15:40,18:18,22.0,Indisponibilidad de unidades en Central Warnes y sobrecarga en las líneas en 230 kV Carrasco - Yapacaní y Carrasco - Arboleda.
2023-08-30,Desconexión del EDAC,POTOSI,SEPSA,D,04:53,04:57,5.3,"Desconexión de las unidades CCERI30, CCERI50 y UNA01."
2023-08-30,Desconexión del EDAC,LA PAZ,DELAPAZ,D,04:53,05:00,6.21,"Desconexión de las unidades CCERI30, CCERI50 y UNA01."
2023-08-30,Desconexión del EDAC,TARIJA,SETAR,D,04:53,05:01,0.68,"Desconexión de las unidades CCERI30, CCERI50 y UNA01."
2023-08-30,Desconexión del EDAC,TRINIDAD,ENDE DELBENI,D,04:53,05:03,3.89,"Desconexión de las unidades CCERI30, CCERI50 y UNA01."
2023-08-30,Desconexión del EDAC,SANTA CRUZ,LAS LOMAS,CNR,04:53,05:03,25.0,"Desconexión de las unidades CCERI30, CCERI50 y UNA01."
2023-08-30,Desconexión del EDAC,POTOSI,ENDED,D,04:53,05:03,0.87,"Desconexión de las unidades CCERI30, CCERI50 y UNA01."
2023-08-30,Desconexión del EDAC,ORURO,ENDE ORURO,D,04:53,05:05,3.0,"Desconexión de las unidades CCERI30, CCERI50 y UNA01."
2023-08-30,Desconexión del EDAC,COCHABAMBA,ELFEC,D,04:53,05:06,4.75,"Desconexión de las unidades CCERI30, CCERI50 y UNA01."
2023-08-30,Desconexión del EDAC,POTOSI,EMSC,CNR,04:53,05:06,1.6,"Desconexión de las unidades CCERI30, CCERI50 y UNA01."
2023-08-30,Desconexión del EDAC,COCHABAMBA,COBOCE,CNR,04:53,05:10,3.5,"Desconexión de las unidades CCERI30, CCERI50 y UNA01."
2023-08-30,Desconexión del EDAC,SANTA CRUZ,CRE,D,04:53,05:31,13.02,"Desconexión de las unidades CCERI30, CCERI50 y UNA01."
2023-08-30,Desconexión del EDAC,SANTA CRUZ,EMDEECRUZ,D,04:53,05:43,0.67,"Desconexión de las unidades CCERI30, CCERI50 y UNA01."
2024-02-10,Desconexión del EDAC,COCHABAMBA,ELFEC,D,21:58,22:06,10.43,"Desconexión de las unidades CHJ, YAN, SAI, CHU01,02;HAR01,02;CAH01,02;HUA01,02."
2024-02-10,Desconexión del EDAC,TRINIDAD,ENDE DELBENI,D,21:58,22:07,3.65,"Desconexión de las unidades CHJ, YAN, SAI, CHU01,02;HAR01,02;CAH01,02;HUA01,02."
2024-02-10,Desconexión del EDAC,TARIJA,SETARV,D,21:58,22:08,0.7,"Desconexión de las unidades CHJ, YAN, SAI, CHU01,02;HAR01,02;CAH01,02;HUA01,02."
2024-02-10,Desconexión del EDAC,POTOSI,SEPSA,D,21:58,22:10,9.9,"Desconexión de las unidades CHJ, YAN, SAI, CHU01,02;HAR01,02;CAH01,02;HUA01,02."
2024-02-10,Desconexión del EDAC,ORURO,ENDE ORURO,D,21:58,22:12,2.8,"Desconexión de las unidades CHJ, YAN, SAI, CHU01,02;HAR01,02;CAH01,02;HUA01,02."
2024-02-10,Desconexión del EDAC,TARIJA,SETAR,D,21:58,22:12,2.78,"Desconexión de las unidades CHJ, YAN, SAI, CHU01,02;HAR01,02;CAH01,02;HUA01,02."
2024-02-10,Desconexión del EDAC,TARIJA,SETARY,D,21:58,22:17,1.0,"Desconexión de las unidades CHJ, YAN, SAI, CHU01,02;HAR01,02;CAH01,02;HUA01,02."
2024-02-10,Desconexión del EDAC,SANTA CRUZ,CRE,D,21:58,22:20,54.0,"Desconexión de las unidades CHJ, YAN, SAI, CHU01,02;HAR01,02;CAH01,02;HUA01,02."
2024-02-10,Desconexión del EDAC,LA PAZ,DELAPAZ,D,21:58,22:21,29.4,"Desconexión de las unidades CHJ, YAN, SAI, CHU01,02;HAR01,02;CAH01,02;HUA01,02."
2024-02-10,Desconexión del EDAC,POTOSI,ENDED,D,21:58,22:24,0.95,"Desconexión de las unidades CHJ, YAN, SAI, CHU01,02;HAR01,02;CAH01,02;HUA01,02."
2024-02-10,Desconexión del EDAC,POTOSI,EMSC,CNR,21:58,22:30,3.0,"Desconexión de las unidades CHJ, YAN, SAI, CHU01,02;HAR01,02;CAH01,02;HUA01,02."
2024-02-10,Desconexión del EDAC,SANTA CRUZ,EMDEECRUZ,D,21:58,22:57,0.35,"Desconexión de las unidades CHJ, YAN, SAI, CHU01,02;HAR01,02;CAH01,02;HUA01,02."
2024-03-25,Regulación de Voltaje,SANTA CRUZ,CRE,D,13:25,16:48,7.0,"Indisponibilidad de unidades centrales Termoeléctrica Warnes, Guaracachi y límite de capacidad en las líneas en 230 kV Carrasco a Arboleda y Carrasco a Yapacaní."
2024-04-08,Desconexión del EDAC,COCHABAMBA,ELFEC,D,08:18,08:24,4.0,"Desconexión de los ciclos combinados CCWAR20, CCWAR30 y unidad WAR11."
2024-04-08,Desconexión del EDAC,TRINIDAD,ENDE DELBENI,D,08:18,08:29,4.6,"Desconexión de los ciclos combinados CCWAR20, CCWAR30 y unidad WAR11."
2024-04-08,Desconexión del EDAC,ORURO,ENDE ORURO,D,08:18,08:32,1.7,"Desconexión de los ciclos combinados CCWAR20, CCWAR30 y unidad WAR11."
2024-04-08,Desconexión del EDAC,LA PAZ,DELAPAZ,D,08:18,08:33,7.54,"Desconexión de los ciclos combinados CCWAR20, CCWAR30 y unidad WAR11."
2024-04-08,Desconexión del EDAC,POTOSI,EMSC,CNR,08:18,08:34,1.24,"Desconexión de los ciclos combinados CCWAR20, CCWAR30 y unidad WAR11."
2024-04-08,Desconexión del EDAC,TARIJA,SETARV,D,08:18,08:35,0.35,"Desconexión de los ciclos combinados CCWAR20, CCWAR30 y unidad WAR11."
2024-04-08,Desconexión del EDAC,TARIJA,SETAR,D,08:18,08:38,0.65,"Desconexión de los ciclos combinados CCWAR20, CCWAR30 y unidad WAR11."
2024-04-08,Desconexión del EDAC,POTOSI,ENDED,D,08:18,08:48,1.6,"Desconexión de los ciclos combinados CCWAR20, CCWAR30 y unidad WAR11."
2024-04-08,Desconexión del EDAC,TARIJA,SETARY,D,08:18,08:50,0.9,"Desconexión de los ciclos combinados CCWAR20, CCWAR30 y unidad WAR11."
2024-04-08,Desconexión del EDAC,SANTA CRUZ,CRE,D,08:18,08:55,17.1,"Desconexión de los ciclos combinados CCWAR20, CCWAR30 y unidad WAR11."
2024-11-03,Desconexión de Carga,TARIJA,SETAR Bermejo,D,18:03,19:23,0.0,Desconexión por calamina sobre la barra en 230 kV de subestación Tarija.
2024-11-03,Desconexión de Carga,TARIJA,SETAR,D,18:03,19:36,0.0,Desconexión por calamina sobre la barra en 230 kV de subestación Tarija.
2024-11-03,Desconexión de Carga,TARIJA,ECG,D,18:03,19:58,0.0,Desconexión por calamina sobre la barra en 230 kV de subestación Tarija.
2024-12-03,Desconexión del EDAC,ORURO,ENDE ORURO,D,13:18,13:33,0.0,Desconexión de líneas HUY-SOC069 y HUY-VIN069.
2025-01-17,Desconexión del EDAC - Bajo Voltaje,SANTA CRUZ,CRE,D,09:43,10:29,0.0,"Desconexión del ATWAR23001, operó protección de bajo voltaje, desconectó TRMON11501."
2025-01-17,Desconexión del EDAC - Bajo Voltaje,SANTA CRUZ,CRE,D,10:29,10:37,0.0,"Desconexión del ATWAR23001, operó protección de bajo voltaje, desconecto TRMON11501."
2025-01-17,Desconexión del EDAC - Bajo Voltaje,SANTA CRUZ,CRE,D,10:37,10:39,0.0,"Desconexión del ATWAR23001, operó protección de bajo voltaje, desconecto TRMON11501."
2025-01-17,Desconexión del EDAC - Bajo Voltaje,SANTA CRUZ,CRE,D,10:39,10:40,0.0,"Desconexión del ATWAR23001, operó protección de bajo voltaje, desconecto TRMON11501."
2025-01-17,Desconexión del EDAC - Bajo Voltaje,SANTA CRUZ,CRE,D,10:40,11:04,0.0,"Desconexión del ATWAR23001, operó protección de bajo voltaje, desconecto TRMON11501."
2025-02-05,Regulación de Voltaje,SANTA CRUZ,CRE,D,12:46,14:14,0.0,"Indisponibilidad de las unidades generadoras de Central Guaracachi GCH12, GCH04 y GCH01."
2025-02-05,Regulación de Voltaje,SANTA CRUZ,EMDEECRUZ,D,12:46,14:14,0.0,"Indisponibilidad de las unidades generadoras de Central Guaracachi GCH12, GCH04 y GCH01."
2025-02-05,Desconexión de Carga Manual,SANTA CRUZ,LAS LOMAS,CNR,13:04,14:14,0.0,"Indisponibilidad de las unidades generadoras de Central Guaracachi GCH12, GCH04 y GCH01."
2025-02-05,Desconexión de Carga Manual,SANTA CRUZ,CRE,D,13:05,13:50,0.0,"Indisponibilidad de las unidades generadoras de Central Guaracachi GCH12, GCH04 y GCH01."
2025-02-05,Desconexión de Carga Manual,SANTA CRUZ,EMDEECRUZ,D,13:09,13:53,0.0,"Indisponibilidad de las unidades generadoras de Central Guaracachi GCH12, GCH04 y GCH01."
2025-02-05,Desconexión de Carga Manual,SANTA CRUZ,CRE,D,13:50,14:14,0.0,"Indisponibilidad de las unidades generadoras de Central Guaracachi GCH12, GCH04 y GCH01, desconexión de 14.3 MW adicionales."
2025-02-05,Desconexión de Carga Manual,SANTA CRUZ,EMDEECRUZ,D,13:53,14:14,0.0,"Indisponibilidad de las unidades generadoras de Central Guaracachi GCH12, GCH04 y GCH01, desconexión de 0.5 MW adicionales."
2025-02-05,Desconexión de Carga Manual,SANTA CRUZ,CRE,D,14:14,14:50,0.0,Indisponibilidad de las unidades generadoras de Central Guaracachi GCH12 y GCH01.
2025-02-05,Desconexión de Carga Manual,SANTA CRUZ,EMDEECRUZ,D,14:14,16:30,0.0,Indisponibilidad de las unidades generadoras de Central Guaracachi GCH12 y GCH01.
2025-02-05,Desconexión de Carga Manual,SANTA CRUZ,LAS LOMAS,CNR,14:14,16:31,0.0,Indisponibilidad de las unidades generadoras de Central Guaracachi GCH12 y GCH01.
2025-02-05,Regulación de Voltaje,SANTA CRUZ,CRE,D,14:14,16:32,0.0,Indisponibilidad de las unidades generadoras de Central Guaracachi GCH12 y GCH01.
2025-02-05,Regulación de Voltaje,SANTA CRUZ,EMDEECRUZ,D,14:14,16:34,0.0,Indisponibilidad de las unidades generadoras de Central Guaracachi GCH12 y GCH01.
2025-02-05,Desconexión de Carga Manual,SANTA CRUZ,CRE,D,14:50,15:38,0.0,"Indisponibilidad de las unidades generadoras de Central Guaracachi GCH12 y GCH01, restitución de 4.0 MW."
2025-02-05,Desconexión de Carga Manual,SANTA CRUZ,CRE,D,15:38,15:54,0.0,"Indisponibilidad de las unidades generadoras de Central Guaracachi GCH12 y GCH01, restitución de 6.0 MW adicionales."
2025-02-05,Desconexión de Carga Manual,SANTA CRUZ,CRE,D,15:54,16:01,0.0,"Indisponibilidad de las unidades generadoras de Central Guaracachi GCH12 y GCH01, restitución de 2.3 MW adicionales."
2025-02-05,Desconexión de Carga Manual,SANTA CRUZ,CRE,D,16:01,16:07,0.0,"Indisponibilidad de las unidades generadoras de Central Guaracachi GCH12 y GCH01, restitución de 5.0 MW adicionales."
2025-02-05,Desconexión de Carga Manual,SANTA CRUZ,CRE,D,16:07,16:10,0.0,"Indisponibilidad de las unidades generadoras de Central Guaracachi GCH12 y GCH01, restitución de 6.0 MW adicionales."
2025-02-16,Desconexión de Carga Manual,TRINIDAD,ENDE DELBENI,D,08:45,08:46,0.0,"Disparo coordinado de unidades MOA02, MOA06 y MOA07, proceso de restitución y sincronización."
2025-05-17,Desconexión de Carga,LA PAZ,DELAPAZ,D,07:37,09:57,0.0,Fuga de aceite e incendio en transformador TRAAC069.
2025-05-17,Desconexión de Carga Manual,LA PAZ,DELAPAZ,D,08:29,08:35,0.0,"Desconexión por seguridad, incendio en transformador TRAAC069."
2025-05-18,Desconexión del EDAC,SANTA CRUZ,CRE,D,16:17,16:24,0.0,Desconexión de los ciclos combinados CCERI30 y CCERI50.
2025-05-18,Desconexión del EDAC,TRINIDAD,ENDE DELBENI,D,16:17,16:24,0.0,Desconexión de los ciclos combinados CCERI30 y CCERI50.
2025-05-18,Desconexión del EDAC,TARIJA,SETARV,D,16:17,16:27,0.0,Desconexión de los ciclos combinados CCERI30 y CCERI50.
2025-05-18,Desconexión del EDAC,POTOSI,EMSC,CNR,16:17,16:30,0.0,Desconexión de los ciclos combinados CCERI30 y CCERI50.
2025-05-18,Desconexión del EDAC,TARIJA,ECG,CNR,16:17,16:30,0.0,Desconexión de los ciclos combinados CCERI30 y CCERI50.
2025-05-18,Desconexión del EDAC,COCHABAMBA,ELFEC,D,16:17,16:33,0.0,Desconexión de los ciclos combinados CCERI30 y CCERI50.
2025-05-18,Desconexión del EDAC,LA PAZ,DELAPAZ,D,16:17,16:35,0.0,Desconexión de los ciclos combinados CCERI30 y CCERI50.
2025-05-18,Desconexión del EDAC,ORURO,ENDE ORURO,D,16:17,16:35,0.0,Desconexión de los ciclos combinados CCERI30 y CCERI50.
2025-05-18,Desconexión del EDAC,POTOSI,SEPSA,D,16:17,16:36,0.0,Desconexión de los ciclos combinados CCERI30 y CCERI50.
2025-05-18,Desconexión del EDAC,TARIJA,SETAR,D,16:17,16:37,0.0,Desconexión de los ciclos combinados CCERI30 y CCERI50.
2025-05-18,Desconexión del EDAC,POTOSI,ENDED,D,16:17,16:39,0.0,Desconexión de los ciclos combinados CCERI30 y CCERI50.
2025-05-18,Desconexión del EDAC,SANTA CRUZ,EMDEECRUZ,D,16:17,17:31,0.0,Desconexión de los ciclos combinados CCERI30 y CCERI50.
2025-05-18,Desconexión del EDAC,COCHABAMBA,COBOCE,CNR,16:17,17:47,0.0,Desconexión de los ciclos combinados CCERI30 y CCERI50.
2025-06-17,Desconexión de Carga,ORURO,ENDE ORURO,D,16:27,20:16,0.0,Desconexión de la línea Huayñacota - Miguillas e indisponibilidad de unidades de central Miguillas.
2025-06-17,Desconexión de Carga,ORURO,DELAPAZ,D,16:27,24:00,0.0,Desconexión de la línea Huayñacota - Miguillas e indisponibilidad de unidades de central Choquetanga.
2025-06-18,Desconexión de Carga,ORURO,DELAPAZ,D,00:00,24:00,0.0,Desconexión de la línea Huayñacota - Miguillas e indisponibilidad de unidades de central Choquetanga.
2025-06-19,Desconexión de Carga,ORURO,DELAPAZ,D,00:00,20:51,0.0,Desconexión de la línea Huayñacota - Miguillas e indisponibilidad de unidades de central Choquetanga.
2025-07-29,Desconexión de Carga,ORURO,DELAPAZ,D,09:08,09:25,0.0,Desconexión de la línea Huayñacota - Miguillas.
2025-07-29,Desconexión de Carga,ORURO,ENDE ORURO,D,09:08,09:29,0.0,Desconexión de la línea Huayñacota - Miguillas.
2025-09-16,Regulación de Voltaje,SANTA CRUZ,CRE,D,13:21,17:32,0.0,"Indisponibilidad de las unidades GCH02, WAR11, WAR22. Potencia limitada de CCWAR21, CCWAR12 y CCWAR40 y sobrecarga en la línea en 230 kV Carrasco - Yapacani, ver infomre 231."
2025-09-16,Desconexión de Carga Manual,SANTA CRUZ,EMDEECRUZ,D,13:29,18:05,0.0,"Indisponibilidad de las unidades GCH02, WAR11, WAR22. Potencia limitada de CCWAR21, CCWAR12 y CCWAR40 y sobrecarga en la línea en 230 kV Carrasco - Yapacani."
2025-09-16,Desconexión de Carga Manual,SANTA CRUZ,LAS LOMAS,CNR,13:29,18:09,0.0,"Indisponibilidad de las unidades GCH02, WAR11, WAR22. Potencia limitada de CCWAR21, CCWAR12 y CCWAR40 y sobrecarga en la línea en 230 kV Carrasco - Yapacani."
2025-09-16,Desconexión de Carga Manual,SANTA CRUZ,CRE,D,14:37,14:41,0.0,"Indisponibilidad de las unidades GCH02, WAR11, WAR22. Potencia limitada de CCWAR21, CCWAR12 y CCWAR40 y sobrecarga en la línea en 230 kV Carrasco - Yapacani."
2025-09-16,Desconexión de Carga Manual,SANTA CRUZ,CRE,D,14:41,15:38,0.0,"Indisponibilidad de las unidades GCH02, WAR11, WAR22. Potencia limitada de CCWAR21, CCWAR12 y CCWAR40 y sobrecarga en la línea en 230 kV Carrasco - Yapacani, desconexión de 11.2 MW adicionales."
2025-09-16,Desconexión de Carga Manual,SANTA CRUZ,CRE,D,15:38,15:43,0.0,"Indisponibilidad de las unidades GCH02, WAR11, WAR22. Potencia limitada de CCWAR21, CCWAR12 y CCWAR40 y sobrecarga en la línea en 230 kV Carrasco - Yapacani, restitución de 5.0 MW."
2025-09-16,Desconexión de Carga Manual,SANTA CRUZ,CRE,D,15:43,15:53,0.0,"Indisponibilidad de las unidades GCH02, WAR11, WAR22. Potencia limitada de CCWAR21, CCWAR12 y CCWAR40 y sobrecarga en la línea en 230 kV Carrasco - Yapacani, restitución de 5 MW adicionales."
2025-09-16,Desconexión de Carga Manual,SANTA CRUZ,CRE,D,15:53,15:59,0.0,"Indisponibilidad de las unidades GCH02, WAR11, WAR22. Potencia limitada de CCWAR21, CCWAR12 y CCWAR40 y sobrecarga en la línea en 230 kV Carrasco - Yapacani, restitución de 11.1 MW adicionales."
2025-09-16,Desconexión de Carga Manual,SANTA CRUZ,CRE,D,16:40,16:42,0.0,"Indisponibilidad de las unidades GCH02, WAR11, WAR22. disparo de la unidad GCH11, Potencia limitada de CCWAR21, CCWAR12 y CCWAR40 y sobrecarga en la línea en 230 kV Carrasco - Yapacani."
2026-01-18,Desconexión de Carga,POTOSI,EMSC,CNR,22:52,22:52,0.00,"Desconexión de la línea SAN-SUC230, operación del esquema interdisparos."
2026-01-18,Desconexión de Carga,POTOSI,SEPSA,D,22:52,22:52,0.00,"Desconexión de la línea SAN-SUC230, operación del esquema interdisparos."
