fecha,agente,cat,componente,de_hrs,a_hrs,causa
2017-07-25,CECBB,G,BUL02,05:54,08:46,Límite de transferencia en la línea en 230 kV Carrasco - Chimoré.
2017-08-16,ENDE GUARACACHI,G,SCZ02,19:05,21:14,Limite de transferencia en la línea en 230 kV Carrasco - Chimoré.
2017-08-16,ENDE ANDINA,G,ERI02,19:17,21:14,Limite de transferencia en la línea en 230 kV Carrasco - Chimoré.
2017-08-16,ENDE VALLE HERMOSO,G,CAR03,19:44,21:14,Limite de transferencia en la línea en 230 kV Carrasco - Chimoré.
2017-08-17,ENDE GUARACACHI,G,SCZ02,19:38,21:14,Limite de transferencia en la línea en 230 kV Carrasco - Chimoré.
2017-09-02,ENDE ANDINA,G,ERI03,07:34,16:41,"Limite de transferencia en la línea VHE-SAN230, mantenimiento CAR-SAN230."
2017-09-02,ENDE ANDINA,G,ERI02,07:34,16:41,"Limite de transferencia en la línea VHE-SAN230, mantenimiento CAR-SAN230."
2017-09-02,ENDE VALLE HERMOSO,G,CAR02,07:34,16:41,"Limite de transferencia en la línea VHE-SAN230, mantenimiento CAR-SAN230."
2017-09-02,ENDE VALLE HERMOSO,G,CAR03,07:34,16:41,"Limite de transferencia en la línea VHE-SAN230, mantenimiento CAR-SAN230."
2017-09-03,CECBB,G,BUL02,15:32,16:51,Limite de transferencia en la línea en 230 kV Valle Hermoso - Santivañez
2017-09-03,ENDE VALLE HERMOSO,G,CAR02,15:32,16:51,Limite de transferencia en la línea en 230 kV Valle Hermoso - Santivañez
2017-09-08,ENDE GUARACACHI,G,KAR,08:47,09:20,"Limite de transferencia en la línea BEL-GCH23001, por indisponibilidad de GCH12."
2017-09-10,ENDE ANDINA,G,WAR04,09:44,10:59,Limite de transferencia en la línea en 230 kV Valle Hermoso - Santivañez
2017-09-10,ENDE VALLE HERMOSO,G,CAR01,09:44,11:24,Limite de transferencia en la línea en 230 kV Valle Hermoso - Santivañez
2017-09-10,CECBB,G,BUL01,09:44,12:27,Limite de transferencia en la línea en 230 kV Valle Hermoso - Santivañez
2017-09-10,CECBB,G,BUL02,09:44,16:42,Limite de transferencia en la línea en 230 kV Valle Hermoso - Santivañez
2017-09-10,ENDE ANDINA,G,ERI03,12:20,16:42,Limite de transferencia en la línea en 230 kV Valle Hermoso - Santivañez
2017-09-10,ENDE ANDINA,G,ERI02,12:20,16:42,Limite de transferencia en la línea en 230 kV Valle Hermoso - Santivañez
2017-09-10,ENDE GUARACACHI,G,SCZ02,12:20,16:42,Limite de transferencia en la línea en 230 kV Valle Hermoso - Santivañez
2017-09-10,ENDE GUARACACHI,G,SCZ01,12:20,16:42,Limite de transferencia en la línea en 230 kV Valle Hermoso - Santivañez
2017-09-10,ENDE VALLE HERMOSO,G,CAR03,12:20,16:42,Limite de transferencia en la línea en 230 kV Valle Hermoso - Santivañez
2017-09-10,ENDE ANDINA,G,ERI01,12:49,16:42,Limite de transferencia en la línea en 230 kV Valle Hermoso - Santivañez
2017-09-10,ENDE ANDINA,G,ERI04,12:49,16:42,Limite de transferencia en la línea en 230 kV Valle Hermoso - Santivañez
2017-09-10,CECBB,G,BUL01,13:02,16:42,Limite de transferencia en la línea en 230 kV Valle Hermoso - Santivañez
2017-09-14,COBEE,G,KEN02,07:45,08:35,Limite de transferencia en la línea BEL-GCH23001 e indisponibilidad de unidad GCH12.
2017-09-14,ENDE ANDINA,G,ERI04,07:45,08:40,Limite de transferencia en la línea BEL-GCH23001 e indisponibilidad de unidad GCH12.
2017-09-14,ENDE ANDINA,G,ERI01,07:45,09:11,Limite de transferencia en la línea BEL-GCH23001 e indisponibilidad de unidad GCH12.
2017-09-14,ENDE VALLE HERMOSO,G,VHE06,07:45,09:29,Limite de transferencia en la línea BEL-GCH23001 e indisponibilidad de unidad GCH12.
2017-09-14,ENDE VALLE HERMOSO,G,VHE05,07:45,12:03,Limite de transferencia en la línea BEL-GCH23001 e indisponibilidad de unidad GCH12.
2017-09-14,ENDE VALLE HERMOSO,G,VHE07,07:45,12:05,Limite de transferencia en la línea BEL-GCH23001 e indisponibilidad de unidad GCH12.
2017-09-14,ENDE VALLE HERMOSO,G,VHE08,07:45,14:47,Limite de transferencia en la línea BEL-GCH23001 e indisponibilidad de unidad GCH12.
2017-09-14,ENDE GUARACACHI,G,KAR,11:21,14:47,Limite de transferencia en la línea BEL-GCH23001 e indisponibilidad de unidad GCH12.
2017-09-16,ENDE GUARACACHI,G,SCZ02,18:23,21:20,"Limite de transferencia en la línea en 230 kV Carrasco - Santivañez, mantenimiento de la línea en 230 kV Chimoré - San José."
2017-09-16,ENDE GUARACACHI,G,SCZ01,18:23,21:20,"Limite de transferencia en la línea en 230 kV Carrasco - Santivañez, mantenimiento de la línea en 230 kV Chimoré - San José."
2017-09-16,CECBB,G,BUL01,18:23,21:43,"Limite de transferencia en la línea en 230 kV Carrasco - Santivañez, mantenimiento de la línea en 230 kV Chimoré - San José."
2017-09-16,CECBB,G,BUL02,18:23,21:43,"Limite de transferencia en la línea en 230 kV Carrasco - Santivañez, mantenimiento de la línea en 230 kV Chimoré - San José."
2017-09-16,ENDE ANDINA,G,ERI03,18:23,21:43,"Limite de transferencia en la línea en 230 kV Carrasco - Santivañez, mantenimiento de la línea en 230 kV Chimoré - San José."
2017-09-16,ENDE ANDINA,G,ERI02,18:23,21:43,"Limite de transferencia en la línea en 230 kV Carrasco - Santivañez, mantenimiento de la línea en 230 kV Chimoré - San José."
2017-09-16,ENDE VALLE HERMOSO,G,CAR03,18:23,21:43,"Limite de transferencia en la línea en 230 kV Carrasco - Santivañez, mantenimiento de la línea en 230 kV Chimoré - San José."
2017-09-16,ENDE VALLE HERMOSO,G,CAR01,18:45,19:16,"Limite de transferencia en la línea en 230 kV Carrasco - Santivañez, mantenimiento de la línea en 230 kV Chimoré - San José."
2017-09-16,ENDE VALLE HERMOSO,G,CAR02,18:45,21:43,"Limite de transferencia en la línea en 230 kV Carrasco - Santivañez, mantenimiento de la línea en 230 kV Chimoré - San José."
2017-09-16,ENDE ANDINA,G,ERI01,19:00,21:10,"Limite de transferencia en la línea en 230 kV Carrasco - Santivañez, mantenimiento de la línea en 230 kV Chimoré - San José."
2017-09-16,ENDE ANDINA,G,ERI04,19:00,21:10,"Limite de transferencia en la línea en 230 kV Carrasco - Santivañez, mantenimiento de la línea en 230 kV Chimoré - San José."
2017-09-16,ENDE VALLE HERMOSO,G,CAR01,19:45,20:39,"Limite de transferencia en la línea en 230 kV Carrasco - Santivañez, mantenimiento de la línea en 230 kV Chimoré - San José."
2017-09-17,CECBB,G,BUL01,15:37,15:56,Limite de transferencia en la línea en 230 kV Carrasco - Santivañez.
2017-09-17,CECBB,G,BUL02,15:37,15:56,Limite de transferencia en la línea en 230 kV Carrasco - Santivañez.
2017-09-17,ENDE ANDINA,G,WAR04,15:37,15:56,Limite de transferencia en la línea en 230 kV Carrasco - Santivañez.
2017-09-17,ENDE VALLE HERMOSO,G,CAR02,15:37,15:56,Limite de transferencia en la línea en 230 kV Carrasco - Santivañez.
2017-10-28,ENDE ANDINA,G,WAR04,06:24,09:31,Limite de transferencia en la línea en 230 kV Carrasco - Santivañez.
2017-10-28,CECBB,G,BUL01,06:24,14:43,Limite de transferencia en la línea en 230 kV Carrasco - Santivañez.
2017-10-28,ENDE ANDINA,G,ERI04,06:24,17:12,Limite de transferencia en la línea en 230 kV Carrasco - Santivañez.
2017-10-28,ENDE ANDINA,G,ERI03,06:24,17:12,Limite de transferencia en la línea en 230 kV Carrasco - Santivañez.
2017-10-28,ENDE ANDINA,G,ERI01,06:24,17:12,Limite de transferencia en la línea en 230 kV Carrasco - Santivañez.
2017-10-28,ENDE ANDINA,G,ERI02,06:24,17:12,Limite de transferencia en la línea en 230 kV Carrasco - Santivañez.
2017-10-28,ENDE GUARACACHI,G,SCZ01,06:24,17:12,Limite de transferencia en la línea en 230 kV Carrasco - Santivañez.
2017-10-28,ENDE GUARACACHI,G,SCZ02,06:24,17:12,Limite de transferencia en la línea en 230 kV Carrasco - Santivañez.
2017-10-28,ENDE VALLE HERMOSO,G,CAR03,06:24,17:12,Limite de transferencia en la línea en 230 kV Carrasco - Santivañez.
2017-10-28,ENDE ANDINA,G,WAR02,07:53,08:25,Limite de transferencia en la línea en 230 kV Carrasco - Santivañez.
2017-10-28,ENDE VALLE HERMOSO,G,CAR01,07:53,09:54,Limite de transferencia en la línea en 230 kV Carrasco - Santivañez.
2017-10-28,ENDE ANDINA,G,WAR03,08:39,09:11,Limite de transferencia en la línea en 230 kV Carrasco - Santivañez.
2017-10-29,ENDE ANDINA,G,WAR04,09:20,10:25,Limite de transferencia en la línea en 230 kV Carrasco - Santivañez.
2017-10-29,ENDE VALLE HERMOSO,G,CAR01,10:23,12:28,Limite de transferencia en la línea en 230 kV Carrasco - Santivañez.
2017-10-29,CECBB,G,BUL01,10:23,15:07,Limite de transferencia en la línea en 230 kV Carrasco - Santivañez.
2017-10-29,ENDE ANDINA,G,ERI02,10:23,17:22,Limite de transferencia en la línea en 230 kV Carrasco - Santivañez.
2017-10-29,ENDE ANDINA,G,ERI03,10:23,17:22,Limite de transferencia en la línea en 230 kV Carrasco - Santivañez.
2017-10-29,ENDE GUARACACHI,G,SCZ01,10:23,17:22,Limite de transferencia en la línea en 230 kV Carrasco - Santivañez.
2017-10-29,ENDE VALLE HERMOSO,G,CAR02,10:23,17:22,Limite de transferencia en la línea en 230 kV Carrasco - Santivañez.
2017-10-29,ENDE VALLE HERMOSO,G,CAR03,10:23,17:22,Limite de transferencia en la línea en 230 kV Carrasco - Santivañez.
2017-10-29,ENDE ANDINA,G,ERI01,11:52,17:22,Limite de transferencia en la línea en 230 kV Carrasco - Santivañez.
2017-10-29,ENDE ANDINA,G,ERI04,11:52,17:22,Limite de transferencia en la línea en 230 kV Carrasco - Santivañez.
2017-10-29,ENDE GUARACACHI,G,SCZ02,11:52,17:22,Limite de transferencia en la línea en 230 kV Carrasco - Santivañez.
2017-10-29,ENDE VALLE HERMOSO,G,CAR01,15:27,17:22,Limite de transferencia en la línea en 230 kV Carrasco - Santivañez.
2017-10-29,ENDE ANDINA,G,WAR04,15:32,17:22,Limite de transferencia en la línea en 230 kV Carrasco - Santivañez.
2017-10-29,CECBB,G,BUL03,15:39,17:22,Limite de transferencia en la línea en 230 kV Carrasco - Santivañez.
2017-10-29,ENDE ANDINA,G,WAR03,15:42,17:22,Limite de transferencia en la línea en 230 kV Carrasco - Santivañez.
2017-11-01,ENDE VALLE HERMOSO,G,CAR02,23:54,24:00,Limite de transferencia en la línea en 230 kV Carrasco - Santivañez.
2017-11-02,ENDE VALLE HERMOSO,G,CAR02,00:01,05:21,Limite de transferencia en la línea en 230 kV Carrasco - Santivañez.
2017-11-02,ENDE VALLE HERMOSO,G,CAR01,00:45,05:21,Limite de transferencia en la línea en 230 kV Carrasco - Santivañez.
2017-11-02,CECBB,G,BUL01,01:15,05:21,Limite de transferencia en la línea en 230 kV Carrasco - Santivañez.
2017-11-02,ENDE ANDINA,G,WAR04,04:15,05:21,Limite de transferencia en la línea en 230 kV Carrasco - Santivañez.
2017-11-04,ENDE ANDINA,G,WAR04,06:00,07:58,Limite de transferencia en la línea en 230 kV Carrasco - Santivañez.
2017-11-04,CECBB,G,BUL01,06:00,09:15,Limite de transferencia en la línea en 230 kV Carrasco - Santivañez.
2017-11-04,ENDE VALLE HERMOSO,G,CAR03,06:00,16:56,Limite de transferencia en la línea en 230 kV Carrasco - Santivañez.
2017-11-04,ENDE ANDINA,G,WAR02,06:46,07:10,Limite de transferencia en la línea en 230 kV Carrasco - Santivañez.
2017-11-04,ENDE VALLE HERMOSO,G,CAR02,06:46,08:50,Limite de transferencia en la línea en 230 kV Carrasco - Santivañez.
2017-11-04,ENDE ANDINA,G,ERI01,06:46,16:56,Limite de transferencia en la línea en 230 kV Carrasco - Santivañez.
2017-11-04,ENDE ANDINA,G,ERI04,06:46,16:56,Limite de transferencia en la línea en 230 kV Carrasco - Santivañez.
2017-11-04,ENDE ANDINA,G,ERI03,06:46,16:56,Limite de transferencia en la línea en 230 kV Carrasco - Santivañez.
2017-11-04,ENDE ANDINA,G,ERI02,06:46,16:56,Limite de transferencia en la línea en 230 kV Carrasco - Santivañez.
2017-11-04,ENDE GUARACACHI,G,SCZ02,06:46,16:56,Limite de transferencia en la línea en 230 kV Carrasco - Santivañez.
2017-11-04,ENDE GUARACACHI,G,SCZ01,06:46,16:56,Limite de transferencia en la línea en 230 kV Carrasco - Santivañez.
2017-11-04,ENDE VALLE HERMOSO,G,CAR01,06:46,16:56,Limite de transferencia en la línea en 230 kV Carrasco - Santivañez.
2017-11-04,ENDE GUARACACHI,G,GCH06,09:39,16:56,Limite de transferencia en la línea en 230 kV Carrasco - Santivañez.
2017-11-04,ENDE GUARACACHI,G,GCH01,09:39,16:56,Limite de transferencia en la línea en 230 kV Carrasco - Santivañez.
2017-11-06,ENDE VALLE HERMOSO,G,CAR02,06:30,07:00,Limite de transferencia en la línea en 230 kV Carrasco - Chimoré.
2017-11-06,ENDE VALLE HERMOSO,G,CAR03,07:06,08:40,Limite de transferencia en la línea en 230 kV Carrasco - Chimoré.
2017-11-06,ENDE ANDINA,G,ERI03,07:09,08:48,Limite de transferencia en la línea en 230 kV Carrasco - Chimoré.
2017-11-06,ENDE ANDINA,G,ERI02,08:40,09:09,Limite de transferencia en la línea en 230 kV Carrasco - Chimoré.
2017-11-07,ENDE ANDINA,G,ERI01,10:35,11:05,Limite de transferencia en la línea en 230 kV Carrasco - Chimoré.
2017-11-11,CECBB,G,BUL01,04:29,05:36,Limite de transferencia en la línea en 230 kV Carrasco - Chimoré.
2017-11-11,ENDE ANDINA,G,WAR04,04:29,08:54,Limite de transferencia en la línea en 230 kV Carrasco - Chimoré.
2017-11-11,ENDE ANDINA,G,WAR05,05:36,06:20,Limite de transferencia en la línea en 230 kV Carrasco - Chimoré.
2017-11-11,ENDE ANDINA,G,WAR02,05:36,06:50,Limite de transferencia en la línea en 230 kV Carrasco - Chimoré.
2017-11-11,ENDE VALLE HERMOSO,G,CAR01,06:20,08:10,Limite de transferencia en la línea en 230 kV Carrasco - Chimoré.
2017-11-11,ENDE VALLE HERMOSO,G,CAR03,08:10,10:03,Limite de transferencia en la línea en 230 kV Carrasco - Chimoré.
2017-11-11,ENDE ANDINA,G,ERI03,08:54,10:03,Limite de transferencia en la línea en 230 kV Carrasco - Chimoré.
2017-11-12,CECBB,G,BUL01,03:01,05:33,Limite de transferencia en la línea en 230 kV Carrasco - Chimoré.
2017-11-12,ENDE VALLE HERMOSO,G,CAR01,03:01,06:45,Limite de transferencia en la línea en 230 kV Carrasco - Chimoré.
2017-11-12,ENDE ANDINA,G,WAR02,03:16,06:45,Limite de transferencia en la línea en 230 kV Carrasco - Chimoré.
2017-11-12,ENDE ANDINA,G,WAR05,05:33,06:45,Limite de transferencia en la línea en 230 kV Carrasco - Chimoré.
2017-11-12,ENDE ANDINA,G,WAR03,05:40,06:45,Limite de transferencia en la línea en 230 kV Carrasco - Chimoré.
2017-11-12,ENDE VALLE HERMOSO,G,CAR01,08:59,09:30,Limite de transferencia en la línea en 230 kV Carrasco - Chimoré.
2017-11-12,CECBB,G,BUL01,08:59,11:36,Limite de transferencia en la línea en 230 kV Carrasco - Chimoré.
2017-11-13,ENDE ANDINA,G,ERI03,07:04,08:00,Limite de transferencia en la línea en 230 kV Carrasco - Chimoré.
2017-11-25,CECBB,G,BUL01,04:44,08:15,Límite de transferencia en la línea en 230 kV Carrasco - Santivañez.
2017-11-25,ENDE ANDINA,G,WAR04,04:45,07:30,Límite de transferencia en la línea en 230 kV Carrasco - Santivañez.
2017-11-25,ENDE ANDINA,G,WAR05,05:20,07:00,Límite de transferencia en la línea en 230 kV Carrasco - Santivañez.
2017-11-25,ENDE ANDINA,G,WAR02,05:20,07:30,Límite de transferencia en la línea en 230 kV Carrasco - Santivañez.
2017-11-25,ENDE ANDINA,G,WAR03,05:30,06:40,Límite de transferencia en la línea en 230 kV Carrasco - Santivañez.
2017-11-25,ENDE VALLE HERMOSO,G,CAR01,06:40,07:31,Límite de transferencia en la línea en 230 kV Carrasco - Santivañez.
2017-11-25,ENDE VALLE HERMOSO,G,CAR02,07:00,08:15,Límite de transferencia en la línea en 230 kV Carrasco - Santivañez.
2017-11-25,ENDE VALLE HERMOSO,G,CAR03,08:15,08:45,Límite de transferencia en la línea en 230 kV Carrasco - Santivañez.
2017-11-25,ENDE ANDINA,G,ERI03,08:15,09:00,Límite de transferencia en la línea en 230 kV Carrasco - Santivañez.
2017-11-25,ENDE ANDINA,G,ERI02,08:45,09:30,Límite de transferencia en la línea en 230 kV Carrasco - Santivañez.
2017-11-25,ENDE ANDINA,G,ERI04,09:00,17:19,Límite de transferencia en la línea en 230 kV Carrasco - Santivañez.
2017-11-25,ENDE ANDINA,G,ERI01,09:30,16:40,Límite de transferencia en la línea en 230 kV Carrasco - Santivañez.
2017-11-25,ENDE ANDINA,G,ERI02,16:40,17:19,Límite de transferencia en la línea en 230 kV Carrasco - Santivañez.
2017-11-26,CECBB,G,BUL01,04:35,14:30,Limite de transferencia en la línea en 230 kV Carrasco - Chimoré.
2017-11-26,ENDE ANDINA,G,WAR02,04:40,08:15,Limite de transferencia en la línea en 230 kV Carrasco - Chimoré.
2017-11-26,ENDE ANDINA,G,WAR04,04:45,17:18,Limite de transferencia en la línea en 230 kV Carrasco - Chimoré.
2017-11-26,ENDE ANDINA,G,WAR05,05:00,08:15,Limite de transferencia en la línea en 230 kV Carrasco - Chimoré.
2017-11-26,ENDE ANDINA,G,WAR01,05:30,07:45,Limite de transferencia en la línea en 230 kV Carrasco - Chimoré.
2017-11-26,ENDE ANDINA,G,WAR03,05:30,09:30,Limite de transferencia en la línea en 230 kV Carrasco - Chimoré.
2017-11-26,ENDE VALLE HERMOSO,G,CAR02,09:30,17:18,Limite de transferencia en la línea en 230 kV Carrasco - Chimoré.
2017-11-27,CECBB,G,BUL01,06:33,07:00,Límite de transferencia en la línea en 230 kV Carrasco - Chimoré.
2017-11-27,ENDE VALLE HERMOSO,G,CAR02,06:33,08:30,Límite de transferencia en la línea en 230 kV Carrasco - Chimoré.
2017-11-27,ENDE VALLE HERMOSO,G,CAR03,06:33,08:30,Límite de transferencia en la línea en 230 kV Carrasco - Chimoré.
2017-11-27,ENDE ANDINA,G,ERI03,07:00,09:30,Límite de transferencia en la línea en 230 kV Carrasco - Chimoré.
2017-11-27,ENDE ANDINA,G,ERI02,08:30,09:30,Límite de transferencia en la línea en 230 kV Carrasco - Chimoré.
2017-11-27,ENDE ANDINA,G,ERI04,09:30,10:20,Límite de transferencia en la línea en 230 kV Carrasco - Chimoré.
2017-11-27,ENDE ANDINA,G,ERI01,09:30,12:12,Límite de transferencia en la línea en 230 kV Carrasco - Chimoré.
2017-11-27,ENDE GUARACACHI,G,SCZ01,10:20,11:10,Límite de transferencia en la línea en 230 kV Carrasco - Chimoré.
2017-11-27,ENDE GUARACACHI,G,SCZ02,10:20,12:12,Límite de transferencia en la línea en 230 kV Carrasco - Chimoré.
2017-11-27,ENDE ANDINA,G,ERI02,12:00,12:12,Límite de transferencia en la línea en 230 kV Carrasco - Chimoré.
2017-11-27,ENDE ANDINA,G,ERI04,12:00,12:12,Límite de transferencia en la línea en 230 kV Carrasco - Chimoré.
2017-11-27,ENDE ANDINA,G,ERI03,12:00,12:12,Límite de transferencia en la línea en 230 kV Carrasco - Chimoré.
2017-11-28,ENDE VALLE HERMOSO,G,CAR02,06:09,07:47,Limite de transferencia en la línea en 230 kV Carrasco - Chimoré.
2017-11-28,ENDE ANDINA,G,ERI03,06:09,08:45,Limite de transferencia en la línea en 230 kV Carrasco - Chimoré.
2017-11-28,ENDE ANDINA,G,ERI01,06:09,08:45,Limite de transferencia en la línea en 230 kV Carrasco - Chimoré.
2017-11-28,ENDE VALLE HERMOSO,G,CAR03,07:47,08:30,Limite de transferencia en la línea en 230 kV Carrasco - Chimoré.
2017-11-28,ENDE ANDINA,G,ERI04,08:30,11:30,Limite de transferencia en la línea en 230 kV Carrasco - Chimoré.
2017-11-28,ENDE ANDINA,G,ERI02,08:45,13:46,Limite de transferencia en la línea en 230 kV Carrasco - Chimoré.
2017-11-28,ENDE GUARACACHI,G,GCH06,08:45,13:46,Limite de transferencia en la línea en 230 kV Carrasco - Chimoré.
2017-12-16,ENDE ANDINA,G,ERI02,08:01,08:39,Limite de transferencia en la línea en 230 kV Carrasco - Santivañez.
2017-12-16,ENDE ANDINA,G,ERI03,08:01,08:39,Limite de transferencia en la línea en 230 kV Carrasco - Santivañez.
2017-12-16,ENDE ANDINA,G,ERI04,08:48,12:00,Limite de transferencia en la línea en 230 kV Carrasco - Santivañez.
2017-12-16,ENDE ANDINA,G,ERI01,08:48,12:00,Limite de transferencia en la línea en 230 kV Carrasco - Santivañez.
2017-12-16,ENDE GUARACACHI,G,SCZ02,08:48,12:00,Limite de transferencia en la línea en 230 kV Carrasco - Santivañez.
2017-12-16,ENDE ANDINA,G,ERI03,12:00,15:30,Limite de transferencia en la línea en 230 kV Carrasco - Santivañez.
2017-12-16,ENDE ANDINA,G,ERI02,12:00,16:42,Limite de transferencia en la línea en 230 kV Carrasco - Santivañez.
2017-12-16,ENDE ANDINA,G,ERI04,15:30,16:42,Limite de transferencia en la línea en 230 kV Carrasco - Santivañez.
2017-12-17,ENDE VALLE HERMOSO,G,CAR02,00:35,03:10,Limite de transferencia en la línea en 230 kV Chimoré - Villa Tunari.
2017-12-17,CECBB,G,BUL02,03:10,05:30,Limite de transferencia en la línea en 230 kV Chimoré - Villa Tunari.
2017-12-17,CECBB,G,BUL02,08:29,11:06,Limite de transferencia en la línea en 230 kV Carrasco - Santivañez.
2017-12-17,ENDE VALLE HERMOSO,G,CAR02,11:06,16:26,Limite de transferencia en la línea en 230 kV Carrasco - Santivañez.
2017-12-17,ENDE VALLE HERMOSO,G,CAR03,14:10,16:26,Limite de transferencia en la línea en 230 kV Carrasco - Santivañez.
2017-12-17,ENDE ANDINA,G,ERI03,14:32,16:26,Limite de transferencia en la línea en 230 kV Carrasco - Santivañez.
2017-12-17,ENDE GUARACACHI,G,SCZ01,14:32,16:26,Limite de transferencia en la línea en 230 kV Carrasco - Santivañez.
2018-01-06,ENDE ANDINA,G,WAR02,05:55,06:32,Limite de transferencia en la línea en 230 kV Carrasco - Santivañez.
2018-01-06,CECBB,G,BUL01,06:51,08:53,Limite de transferencia en la línea en 230 kV Carrasco - Santivañez.
2018-01-06,CECBB,G,BUL02,06:51,09:10,Limite de transferencia en la línea en 230 kV Carrasco - Santivañez.
2018-01-06,ENDE ANDINA,G,WAR04,07:54,08:20,Limite de transferencia en la línea en 230 kV Carrasco - Santivañez.
2018-01-06,ENDE VALLE HERMOSO,G,CAR01,07:54,10:55,Limite de transferencia en la línea en 230 kV Carrasco - Santivañez.
2018-01-06,ENDE VALLE HERMOSO,G,CAR02,08:53,16:27,Limite de transferencia en la línea en 230 kV Carrasco - Santivañez.
2018-01-06,ENDE VALLE HERMOSO,G,CAR03,10:55,12:48,Limite de transferencia en la línea en 230 kV Carrasco - Santivañez.
2018-01-06,CECBB,G,BUL02,12:48,16:27,Limite de transferencia en la línea en 230 kV Carrasco - Santivañez.
2018-01-06,CECBB,G,BUL01,14:57,16:27,Limite de transferencia en la línea en 230 kV Carrasco - Santivañez.
2018-02-07,ENDE VALLE HERMOSO,G,VHE06,15:04,18:51,Limite de transferencia en la línea en 230 kV Carrasco - Bélgica.
2018-02-08,ENDE ANDINA,G,ERI03,14:12,15:15,Limite de transferencia en la línea en 230 kV Carrasco - Bélgica.
2018-02-08,ENDE ANDINA,G,ERI02,14:51,15:15,Limite de transferencia en la línea en 230 kV Carrasco - Bélgica.
2018-02-08,ENDE VALLE HERMOSO,G,VHE07,15:15,16:15,Limite de transferencia en la línea en 230 kV Carrasco - Bélgica.
2018-02-08,ENDE VALLE HERMOSO,G,VHE08,15:15,16:45,Limite de transferencia en la línea en 230 kV Carrasco - Bélgica.
2018-02-09,ENDE ANDINA,G,ERI03,14:09,17:15,Limite de transferencia en las líneas en 230 kV Carrasco - Bélgica y Carrasco - Arboleda.
2018-02-09,ENDE ANDINA,G,ERI02,14:14,17:15,Limite de transferencia en las líneas en 230 kV Carrasco - Bélgica y Carrasco - Arboleda.
2018-02-09,ENDE VALLE HERMOSO,G,ALT01,14:45,17:45,Limite de transferencia en las líneas en 230 kV Carrasco - Bélgica y Carrasco - Arboleda.
2018-02-09,ENDE VALLE HERMOSO,G,CAR03,14:45,19:30,Limite de transferencia en las líneas en 230 kV Carrasco - Bélgica y Carrasco - Arboleda.
2018-02-09,ENDE VALLE HERMOSO,G,VHE02,16:30,19:15,Limite de transferencia en las líneas en 230 kV Carrasco - Bélgica y Carrasco - Arboleda.
2018-02-09,ENDE VALLE HERMOSO,G,VHE01,16:30,19:15,Limite de transferencia en las líneas en 230 kV Carrasco - Bélgica y Carrasco - Arboleda.
2018-02-09,ENDE VALLE HERMOSO,G,VHE04,17:15,18:45,Limite de transferencia en las líneas en 230 kV Carrasco - Bélgica y Carrasco - Arboleda.
2018-02-09,ENDE VALLE HERMOSO,G,VHE03,17:15,18:45,Limite de transferencia en las líneas en 230 kV Carrasco - Bélgica y Carrasco - Arboleda.
2018-02-09,ENDE VALLE HERMOSO,G,CAR02,17:15,19:15,Limite de transferencia en las líneas en 230 kV Carrasco - Bélgica y Carrasco - Arboleda.
2018-02-09,ENDE VALLE HERMOSO,G,ALT02,17:15,19:15,Limite de transferencia en las líneas en 230 kV Carrasco - Bélgica y Carrasco - Arboleda.
2018-02-09,ENDE VALLE HERMOSO,G,CAR01,17:45,19:15,Limite de transferencia en las líneas en 230 kV Carrasco - Bélgica y Carrasco - Arboleda.
2018-02-27,ENDE ANDINA,G,ERI04,19:35,19:54,Limite de transferencia en la línea en 230 kV Carrasco - Chimoré.
2018-02-27,ENDE ANDINA,G,ERI01,19:35,20:56,Limite de transferencia en la línea en 230 kV Carrasco - Chimoré.
2018-02-28,ENDE ANDINA,G,ERI04,21:10,21:52,Limite de transferencia en la línea en 230 kV Carrasco - Chimoré.
2018-02-28,ENDE ANDINA,G,ERI02,21:22,22:00,Limite de transferencia en la línea en 230 kV Carrasco - Chimoré.
2018-03-20,ENDE ANDINA,G,ERI01,19:25,20:17,Limite de transferencia en la línea en 230 kV Carrasco - Chimoré.
2018-03-20,ENDE ANDINA,G,ERI04,20:17,21:06,Limite de transferencia en la línea en 230 kV Carrasco - Chimoré.
2018-04-04,ENDE ANDINA,G,ERI01,19:00,20:20,Límite de transferencia línea en 230 kV Carrasco-Chimoré
2018-04-04,ENDE GUARACACHI,G,GCH01,19:00,22:15,Límite de transferencia línea en 230 kV Carrasco-Chimoré
2018-04-04,ENDE ANDINA,G,ERI04,20:20,20:33,Límite de transferencia línea en 230 kV Carrasco-Chimoré
2018-04-04,ENDE ANDINA,G,ERI01,20:33,21:30,Límite de transferencia línea en 230 kV Carrasco-Chimoré
2018-04-05,ENDE ANDINA,G,ERI03,06:34,09:00,Límite de transferencia de la línea en 230 KV Chimoré - Carrasco.
2018-04-05,ENDE ANDINA,G,ERI04,18:00,18:32,Límite de transferencia de la línea en 230 KV Chimoré - Carrasco.
2018-04-05,ENDE ANDINA,G,ERI02,18:03,18:29,Límite de transferencia de la línea en 230 KV Chimoré - Carrasco.
2018-04-05,ENDE ANDINA,G,ERI03,18:03,18:29,Límite de transferencia de la línea en 230 KV Chimoré - Carrasco.
2018-04-05,ENDE ANDINA,G,ERI01,21:50,22:39,Límite de transferencia de la línea en 230 KV Chimoré - Carrasco.
2018-04-05,ENDE ANDINA,G,ERI04,22:39,22:48,Límite de transferencia de la línea en 230 KV Chimoré - Carrasco.
2018-04-05,ENDE ANDINA,G,ERI02,22:39,23:10,Límite de transferencia de la línea en 230 KV Chimoré - Carrasco.
2018-04-05,ENDE ANDINA,G,ERI03,22:48,23:10,Límite de transferencia de la línea en 230 KV Chimoré - Carrasco.
2018-04-06,ENDE VALLE HERMOSO,G,CAR03,05:18,08:43,Límite de transferencia de la línea en 230 KV Chimoré - Carrasco.
2018-04-06,ENDE VALLE HERMOSO,G,CAR02,05:42,08:12,Límite de transferencia de la línea en 230 KV Chimoré - Carrasco.
2018-04-06,ENDE ANDINA,G,ERI03,05:48,09:00,Límite de transferencia de la línea en 230 KV Chimoré - Carrasco.
2018-04-06,ENDE GUARACACHI,G,SCZ01,07:40,09:00,Límite de transferencia de la línea en 230 KV Chimoré - Carrasco.
2018-04-06,ENDE ANDINA,G,ERI04,08:12,09:00,Límite de transferencia de la línea en 230 KV Chimoré - Carrasco.
2018-04-06,ENDE GUARACACHI,G,SCZ02,08:19,09:40,Límite de transferencia de la línea en 230 KV Chimoré - Carrasco.
2018-04-06,ENDE ANDINA,G,ERI04,09:15,10:40,Límite de transferencia de la línea en 230 KV Chimoré - Carrasco.
2018-04-06,ENDE ANDINA,G,ERI02,09:40,09:57,Límite de transferencia de la línea en 230 KV Chimoré - Carrasco.
2018-04-06,ENDE ANDINA,G,ERI01,09:40,10:40,Límite de transferencia de la línea en 230 KV Chimoré - Carrasco.
2018-04-06,ENDE ANDINA,G,ERI02,22:57,23:30,Límite de transferencia de la línea en 230 KV Chimoré - Carrasco.
2018-04-08,ENDE ANDINA,G,ERI01,19:06,20:06,Límite de transferencia de la línea en 230 KV Chimoré - Carrasco.
2018-04-08,ENDE ANDINA,G,ERI04,19:15,20:00,Límite de transferencia de la línea en 230 KV Chimoré - Carrasco.
2018-04-08,ENDE GUARACACHI,G,GCH01,20:06,22:13,Límite de transferencia de la línea en 230 KV Chimoré - Carrasco.
2018-04-08,ENDE ANDINA,G,ERI01,21:30,23:00,Límite de transferencia de la línea en 230 KV Chimoré - Carrasco.
2018-04-08,ENDE ANDINA,G,ERI04,23:00,23:15,Límite de transferencia de la línea en 230 KV Chimoré - Carrasco.
2018-04-09,ENDE VALLE HERMOSO,G,CAR03,06:37,08:06,Límite de transferencia de la línea en 230 KV Chimoré - Carrasco.
2018-04-09,ENDE ANDINA,G,ERI03,06:37,08:43,Límite de transferencia de la línea en 230 KV Chimoré - Carrasco.
2018-04-09,ENDE VALLE HERMOSO,G,CAR02,06:46,07:36,Límite de transferencia de la línea en 230 KV Chimoré - Carrasco.
2018-04-09,ENDE GUARACACHI,G,SCZ01,07:15,08:18,Límite de transferencia de la línea en 230 KV Chimoré - Carrasco.
2018-04-09,ENDE ANDINA,G,ERI02,07:15,08:43,Límite de transferencia de la línea en 230 KV Chimoré - Carrasco.
2018-04-09,ENDE GUARACACHI,G,SCZ02,08:18,09:00,Límite de transferencia de la línea en 230 KV Chimoré - Carrasco.
2018-04-09,ENDE ANDINA,G,ERI04,08:43,09:00,Límite de transferencia de la línea en 230 KV Chimoré - Carrasco.
2018-04-09,ENDE GUARACACHI,G,GCH01,22:57,23:18,Límite de transferencia de la línea en 230 KV Chimoré - Carrasco.
2018-04-09,ENDE ANDINA,G,ERI01,22:58,23:31,Límite de transferencia de la línea en 230 KV Chimoré - Carrasco.
2018-04-10,ENDE ANDINA,G,ERI03,06:37,08:01,Límite de transferencia de la línea en 230 KV Chimoré - Carrasco.
2018-04-10,ENDE GUARACACHI,G,SCZ01,07:39,07:49,Límite de transferencia de la línea en 230 KV Chimoré - Carrasco.
2018-04-10,ENDE GUARACACHI,G,SCZ02,08:01,08:19,Límite de transferencia de la línea en 230 KV Chimoré - Carrasco.
2018-04-10,ENDE GUARACACHI,G,GCH01,18:00,18:35,Límite de transferencia de la línea en 230 KV Chimoré - Carrasco.
2018-04-10,ENDE ANDINA,G,ERI01,18:10,18:25,Límite de transferencia de la línea en 230 KV Chimoré - Carrasco.
2018-04-10,ENDE GUARACACHI,G,GCH11,19:11,20:55,Límite de transferencia de la línea en 230 KV Chimoré - Carrasco.
2018-04-10,ENDE GUARACACHI,G,GCH04,20:55,21:26,Límite de transferencia de la línea en 230 KV Chimoré - Carrasco.
2018-04-11,ENDE VALLE HERMOSO,G,CAR03,06:16,07:32,Límite de transferencia de la línea en 230 KV Chimoré - Carrasco.
2018-04-11,ENDE VALLE HERMOSO,G,CAR02,06:16,07:32,Límite de transferencia de la línea en 230 KV Chimoré - Carrasco.
2018-04-11,ENDE ANDINA,G,ERI03,06:16,08:02,Límite de transferencia de la línea en 230 KV Chimoré - Carrasco.
2018-04-11,ENDE GUARACACHI,G,SCZ01,07:32,07:50,Límite de transferencia de la línea en 230 KV Chimoré - Carrasco.
2018-04-11,ENDE GUARACACHI,G,GCH01,17:34,18:01,Límite de transferencia de la línea en 230 KV Chimoré - Carrasco.
2018-04-11,ENDE GUARACACHI,G,SCZ02,17:55,18:20,Límite de transferencia de la línea en 230 KV Chimoré - Carrasco.
2018-04-11,ENDE ANDINA,G,ERI02,18:01,18:35,Límite de transferencia de la línea en 230 KV Chimoré - Carrasco.
2018-04-12,ENDE VALLE HERMOSO,G,CAR03,06:55,08:25,Límite de transferencia de la línea en 230 KV Chimoré - Carrasco.
2018-04-12,ENDE VALLE HERMOSO,G,CAR02,06:55,08:25,Límite de transferencia de la línea en 230 KV Chimoré - Carrasco.
2018-04-12,ENDE ANDINA,G,ERI01,20:52,22:28,Límite de transferencia de la línea en 230 KV Chimoré - Carrasco.
2018-04-12,ENDE GUARACACHI,G,GCH01,21:48,22:07,Límite de transferencia de la línea en 230 KV Chimoré - Carrasco.
2018-04-12,ENDE ANDINA,G,ERI04,22:07,23:03,Límite de transferencia de la línea en 230 KV Chimoré - Carrasco.
2018-04-13,CECBB,G,BUL01,06:20,07:04,Límite de transferencia de la línea en 230 KV Chimoré - Carrasco.
2018-04-13,ENDE VALLE HERMOSO,G,CAR02,06:20,07:55,Límite de transferencia de la línea en 230 KV Chimoré - Carrasco.
2018-04-13,CECBB,G,BUL02,06:20,08:49,Límite de transferencia de la línea en 230 KV Chimoré - Carrasco.
2018-04-13,ENDE VALLE HERMOSO,G,CAR03,07:04,07:30,Límite de transferencia de la línea en 230 KV Chimoré - Carrasco.
2018-04-13,CECBB,G,BUL01,07:30,08:40,Límite de transferencia de la línea en 230 KV Chimoré - Carrasco.
2018-04-13,ENDE VALLE HERMOSO,G,CAR01,07:55,08:27,Límite de transferencia de la línea en 230 KV Chimoré - Carrasco.
2018-04-13,ENDE VALLE HERMOSO,G,CAR02,08:27,09:28,Límite de transferencia de la línea en 230 KV Chimoré - Carrasco.
2018-04-13,ENDE VALLE HERMOSO,G,CAR03,08:40,10:45,Límite de transferencia de la línea en 230 KV Chimoré - Carrasco.
2018-04-13,ENDE GUARACACHI,G,SCZ01,08:49,10:45,Límite de transferencia de la línea en 230 KV Chimoré - Carrasco.
2018-04-13,CECBB,G,BUL01,13:14,13:56,Límite de transferencia de la línea en 230 KV Chimoré - Carrasco.
2018-04-13,CECBB,G,BUL02,13:14,14:10,Límite de transferencia de la línea en 230 KV Chimoré - Carrasco.
2018-04-13,ENDE VALLE HERMOSO,G,CAR02,13:56,14:30,Límite de transferencia de la línea en 230 KV Chimoré - Carrasco.
2018-04-13,ENDE GUARACACHI,G,SCZ01,14:30,16:34,Límite de transferencia de la línea en 230 KV Chimoré - Carrasco.
2018-04-13,ENDE ANDINA,G,ERI03,16:34,18:49,Límite de transferencia de la línea en 230 KV Chimoré - Carrasco.
2018-04-13,ENDE GUARACACHI,G,SCZ01,17:09,18:20,Límite de transferencia de la línea en 230 KV Chimoré - Carrasco.
2018-04-13,ENDE VALLE HERMOSO,G,CAR03,17:31,18:20,Límite de transferencia de la línea en 230 KV Chimoré - Carrasco.
2018-04-13,ENDE ANDINA,G,ERI02,18:20,18:53,Límite de transferencia de la línea en 230 KV Chimoré - Carrasco.
2018-04-13,ENDE ANDINA,G,ERI04,18:49,20:12,Límite de transferencia de la línea en 230 KV Chimoré - Carrasco.
2018-04-13,ENDE GUARACACHI,G,SCZ02,18:49,22:00,Límite de transferencia de la línea en 230 KV Chimoré - Carrasco.
2018-04-13,ENDE ANDINA,G,ERI02,20:12,21:20,Límite de transferencia de la línea en 230 KV Chimoré - Carrasco.
2018-04-13,ENDE GUARACACHI,G,SCZ01,21:20,22:18,Límite de transferencia de la línea en 230 KV Chimoré - Carrasco.
2018-04-13,ENDE VALLE HERMOSO,G,CAR03,22:00,23:18,Límite de transferencia de la línea en 230 KV Chimoré - Carrasco.
2018-04-13,ENDE VALLE HERMOSO,G,CAR02,22:40,24:00,Límite de transferencia de la línea en 230 KV Chimoré - Carrasco.
2018-04-14,ENDE GUARACACHI,G,SCZ02,18:22,19:00,Límite de transferencia de la línea en 230 KV Chimoré - Carrasco.
2018-04-15,CECBB,G,BUL01,00:00,00:55,Límite de transferencia de la línea en 230 KV Chimoré - Carrasco.
2018-04-15,ENDE ANDINA,G,ERI02,18:40,18:55,Límite de transferencia de la línea en 230 KV Chimoré - Carrasco.
2018-04-15,ENDE VALLE HERMOSO,G,CAR03,18:40,21:04,Límite de transferencia de la línea en 230 KV Chimoré - Carrasco.
2018-04-15,ENDE GUARACACHI,G,SCZ01,18:40,22:14,Límite de transferencia de la línea en 230 KV Chimoré - Carrasco.
2018-04-15,ENDE ANDINA,G,ERI03,18:40,22:45,Límite de transferencia de la línea en 230 KV Chimoré - Carrasco.
2018-04-15,ENDE VALLE HERMOSO,G,CAR01,18:55,20:45,Límite de transferencia de la línea en 230 KV Chimoré - Carrasco.
2018-04-15,ENDE ANDINA,G,ERI02,20:45,22:14,Límite de transferencia de la línea en 230 KV Chimoré - Carrasco.
2018-04-15,ENDE VALLE HERMOSO,G,CAR03,22:45,23:03,Límite de transferencia de la línea en 230 KV Chimoré - Carrasco.
2018-04-15,CECBB,G,BUL02,22:45,23:10,Límite de transferencia de la línea en 230 KV Chimoré - Carrasco.
2018-04-15,CECBB,G,BUL01,23:30,23:52,Límite de transferencia de la línea en 230 KV Chimoré - Carrasco.
2018-04-16,CECBB,G,BUL02,06:04,08:10,Límite de transferencia de la línea en 230 KV Chimoré - Carrasco.
2018-04-16,ENDE VALLE HERMOSO,G,CAR03,06:38,08:10,Límite de transferencia de la línea en 230 KV Chimoré - Carrasco.
2018-04-16,ENDE ANDINA,G,ERI03,06:51,08:10,Límite de transferencia de la línea en 230 KV Chimoré - Carrasco.
2018-04-16,ENDE ANDINA,G,ERI02,21:20,22:44,Límite de transferencia de la línea en 230 KV Chimoré - Carrasco.
2018-04-16,ENDE ANDINA,G,ERI03,21:20,23:27,Límite de transferencia de la línea en 230 KV Chimoré - Carrasco.
2018-04-16,ENDE GUARACACHI,G,SCZ02,22:44,23:19,Límite de transferencia de la línea en 230 KV Chimoré - Carrasco.
2018-04-16,ENDE GUARACACHI,G,SCZ01,23:19,23:27,Límite de transferencia de la línea en 230 KV Chimoré - Carrasco.
2018-04-17,ENDE VALLE HERMOSO,G,CAR02,05:51,08:21,Límite de transferencia de la línea en 230 KV Chimoré - Carrasco.
2018-04-17,ENDE VALLE HERMOSO,G,CAR03,06:21,08:49,Límite de transferencia de la línea en 230 KV Chimoré - Carrasco.
2018-04-17,ENDE ANDINA,G,ERI03,06:41,08:49,Límite de transferencia de la línea en 230 KV Chimoré - Carrasco.
2018-04-17,ENDE VALLE HERMOSO,G,CAR03,17:38,18:17,Límite de transferencia de la línea en 230 KV Chimoré - Carrasco.
2018-04-17,ENDE GUARACACHI,G,SCZ01,17:38,18:19,Límite de transferencia de la línea en 230 KV Chimoré - Carrasco.
2018-04-17,ENDE GUARACACHI,G,SCZ02,17:38,18:19,Límite de transferencia de la línea en 230 KV Chimoré - Carrasco.
2018-04-17,ENDE ANDINA,G,ERI02,20:50,22:00,Límite de transferencia de la línea en 230 KV Chimoré - Carrasco.
2018-04-17,ENDE ANDINA,G,ERI03,21:15,23:12,Límite de transferencia de la línea en 230 KV Chimoré - Carrasco.
2018-04-17,ENDE VALLE HERMOSO,G,CAR03,22:50,23:25,Límite de transferencia de la línea en 230 KV Chimoré - Carrasco.
2018-04-17,ENDE GUARACACHI,G,SCZ01,23:12,23:25,Límite de transferencia de la línea en 230 KV Chimoré - Carrasco.
2018-04-17,ENDE VALLE HERMOSO,G,CAR02,23:55,24:00,Límite de transferencia de la línea en 230 KV Chimoré - Carrasco.
2018-04-18,ENDE VALLE HERMOSO,G,CAR02,00:00,01:32,Límite de transferencia de la línea en 230 KV Chimoré - Carrasco.
2018-04-18,ENDE VALLE HERMOSO,G,CAR02,05:49,08:28,Límite de transferencia de la línea en 230 KV Chimoré - Carrasco.
2018-04-18,ENDE ANDINA,G,ERI03,06:45,07:55,Límite de transferencia de la línea en 230 KV Chimoré - Carrasco.
2018-04-18,ENDE VALLE HERMOSO,G,CAR03,06:45,08:52,Límite de transferencia de la línea en 230 KV Chimoré - Carrasco.
2018-04-18,CECBB,G,BUL02,07:55,08:05,Límite de transferencia de la línea en 230 KV Chimoré - Carrasco.
2018-04-18,ENDE ANDINA,G,ERI03,08:05,08:57,Límite de transferencia de la línea en 230 KV Chimoré - Carrasco.
2018-04-18,ENDE GUARACACHI,G,SCZ01,08:05,09:01,Límite de transferencia de la línea en 230 KV Chimoré - Carrasco.
2018-04-18,ENDE ANDINA,G,ERI02,08:16,11:08,Límite de transferencia de la línea en 230 KV Chimoré - Carrasco.
2018-04-18,ENDE ANDINA,G,ERI04,11:08,13:36,Límite de transferencia de la línea en 230 KV Chimoré - Carrasco.
2018-04-18,ENDE ANDINA,G,ERI01,13:36,14:45,Límite de transferencia de la línea en 230 KV Chimoré - Carrasco.
2018-04-19,ENDE VALLE HERMOSO,G,CAR02,05:35,08:07,Límite de transferencia de la línea en 230 KV Chimoré - Carrasco.
2018-04-19,ENDE VALLE HERMOSO,G,CAR03,06:10,08:13,Límite de transferencia de la línea en 230 KV Chimoré - Carrasco.
2018-04-19,ENDE ANDINA,G,ERI03,06:28,08:37,Límite de transferencia de la línea en 230 KV Chimoré - Carrasco.
2018-04-19,CECBB,G,BUL02,07:25,08:00,Límite de transferencia de la línea en 230 KV Chimoré - Carrasco.
2018-04-19,ENDE GUARACACHI,G,SCZ01,08:13,08:37,Límite de transferencia de la línea en 230 KV Chimoré - Carrasco.
2018-04-19,ENDE GUARACACHI,G,SCZ02,17:40,18:13,Límite de transferencia de la línea en 230 KV Chimoré - Carrasco.
2018-04-19,ENDE GUARACACHI,G,SCZ01,17:40,18:13,Límite de transferencia de la línea en 230 KV Chimoré - Carrasco.
2018-04-19,ENDE VALLE HERMOSO,G,CAR03,17:40,18:13,Límite de transferencia de la línea en 230 KV Chimoré - Carrasco.
2018-04-20,ENDE VALLE HERMOSO,G,CAR02,06:51,07:55,Límite de transferencia de la línea en 230 KV Chimoré - Carrasco.
2018-04-20,ENDE ANDINA,G,ERI04,14:05,14:55,Límite de transferencia de la línea en 230 KV Chimoré - Carrasco.
2018-04-20,ENDE ANDINA,G,ERI01,14:05,15:05,Límite de transferencia de la línea en 230 KV Chimoré - Carrasco.
2018-04-20,ENDE ANDINA,G,ERI01,19:50,21:32,Límite de transferencia de la línea en 230 KV Chimoré - Carrasco.
2018-04-20,ENDE ANDINA,G,ERI04,19:50,21:32,Límite de transferencia de la línea en 230 KV Chimoré - Carrasco.
2018-04-20,ENDE ANDINA,G,ERI03,22:16,23:40,Límite de transferencia de la línea en 230 KV Chimoré - Carrasco.
2018-04-20,ENDE GUARACACHI,G,SCZ02,22:54,23:35,Límite de transferencia de la línea en 230 KV Chimoré - Carrasco.
2018-04-21,ENDE VALLE HERMOSO,G,CAR01,07:02,07:15,Límite de transferencia de la línea en 230 KV Chimoré - Carrasco.
2018-04-21,ENDE VALLE HERMOSO,G,CAR02,07:02,08:30,Límite de transferencia de la línea en 230 KV Chimoré - Carrasco.
2018-04-21,ENDE ANDINA,G,ERI02,18:20,20:00,Límite de transferencia de la línea en 230 KV Chimoré - Carrasco.
2018-04-21,ENDE ANDINA,G,ERI04,18:20,20:00,Límite de transferencia de la línea en 230 KV Chimoré - Carrasco.
2018-04-21,ENDE ANDINA,G,ERI03,21:47,22:20,Límite de transferencia de la línea en 230 KV Chimoré - Carrasco.
2018-04-21,ENDE GUARACACHI,G,SCZ02,22:20,23:15,Límite de transferencia de la línea en 230 KV Chimoré - Carrasco.
2018-04-21,ENDE VALLE HERMOSO,G,CAR03,22:20,23:15,Límite de transferencia de la línea en 230 KV Chimoré - Carrasco.
2018-04-21,ENDE GUARACACHI,G,SCZ01,22:20,23:30,Límite de transferencia de la línea en 230 KV Chimoré - Carrasco.
2018-04-22,ENDE VALLE HERMOSO,G,CAR03,00:00,00:57,Límite de transferencia de la línea en 230 KV Chimoré - Carrasco.
2018-04-22,ENDE VALLE HERMOSO,G,CAR02,00:10,01:07,Límite de transferencia de la línea en 230 KV Chimoré - Carrasco.
2018-04-22,ENDE ANDINA,G,ERI02,20:35,21:50,Límite de transferencia de la línea en 230 KV Chimoré - Carrasco.
2018-04-22,ENDE ANDINA,G,ERI03,21:50,22:53,Límite de transferencia de la línea en 230 KV Chimoré - Carrasco.
2018-04-22,ENDE GUARACACHI,G,SCZ02,22:34,23:34,Límite de transferencia de la línea en 230 KV Chimoré - Carrasco.
2018-04-22,ENDE GUARACACHI,G,SCZ01,22:53,23:34,Límite de transferencia de la línea en 230 KV Chimoré - Carrasco.
2018-04-23,ENDE VALLE HERMOSO,G,CAR02,06:46,08:05,Límite de transferencia de la línea en 230 KV Chimoré - Carrasco.
2018-04-23,CECBB,G,BUL02,07:17,07:46,Límite de transferencia de la línea en 230 KV Chimoré - Carrasco.
2018-04-23,ENDE ANDINA,G,ERI03,07:46,08:36,Límite de transferencia de la línea en 230 KV Chimoré - Carrasco.
2018-04-23,ENDE GUARACACHI,G,SCZ01,08:05,08:55,Límite de transferencia de la línea en 230 KV Chimoré - Carrasco.
2018-04-23,ENDE GUARACACHI,G,SCZ02,08:36,08:58,Límite de transferencia de la línea en 230 KV Chimoré - Carrasco.
2018-04-23,ENDE GUARACACHI,G,GCH02,18:05,20:20,Límite de transferencia de la línea en 230 KV Chimoré - Carrasco.
2018-04-23,ENDE GUARACACHI,G,GCH04,19:06,20:20,Límite de transferencia de la línea en 230 KV Chimoré - Carrasco.
2018-04-24,ENDE ANDINA,G,ERI03,06:12,08:08,Límite de transferencia de la línea en 230 KV Chimoré - Carrasco.
2018-04-24,ENDE VALLE HERMOSO,G,CAR03,06:40,08:06,Límite de transferencia de la línea en 230 KV Chimoré - Carrasco.
2018-04-24,ENDE VALLE HERMOSO,G,CAR03,08:45,09:05,Límite de transferencia de la línea en 230 KV Chimoré - Carrasco.
2018-04-24,ENDE ANDINA,G,ERI04,18:22,19:20,Límite de transferencia de la línea en 230 KV Chimoré - Carrasco.
2018-04-24,ENDE GUARACACHI,G,GCH01,18:22,20:45,Límite de transferencia de la línea en 230 KV Chimoré - Carrasco.
2018-04-24,ENDE ANDINA,G,ERI02,19:20,21:00,Límite de transferencia de la línea en 230 KV Chimoré - Carrasco.
2018-04-25,CECBB,G,BUL01,06:08,07:10,Límite de transferencia de la línea en 230 KV Chimoré - Carrasco.
2018-04-25,CECBB,G,BUL02,06:08,07:10,Límite de transferencia de la línea en 230 KV Chimoré - Carrasco.
2018-04-25,ENDE VALLE HERMOSO,G,CAR02,06:08,08:10,Límite de transferencia de la línea en 230 KV Chimoré - Carrasco.
2018-04-25,ENDE VALLE HERMOSO,G,CAR03,06:22,08:15,Límite de transferencia de la línea en 230 KV Chimoré - Carrasco.
2018-04-25,ENDE VALLE HERMOSO,G,CAR01,07:10,07:55,Límite de transferencia de la línea en 230 KV Chimoré - Carrasco.
2018-04-25,ENDE GUARACACHI,G,SCZ01,07:55,08:56,Límite de transferencia de la línea en 230 KV Chimoré - Carrasco.
2018-04-26,ENDE VALLE HERMOSO,G,CAR02,05:52,08:07,Límite de transferencia de la línea en 230 KV Chimoré - Carrasco.
2018-04-26,ENDE VALLE HERMOSO,G,CAR03,05:52,08:20,Límite de transferencia de la línea en 230 KV Chimoré - Carrasco.
2018-04-26,CECBB,G,BUL02,06:14,07:17,Límite de transferencia de la línea en 230 KV Chimoré - Carrasco.
2018-04-26,ENDE ANDINA,G,ERI03,08:07,08:32,Límite de transferencia de la línea en 230 KV Chimoré - Carrasco.
2018-04-27,ENDE VALLE HERMOSO,G,CAR02,05:35,08:05,Límite de transferencia de la línea en 230 KV Chimoré - Carrasco.
2018-04-27,ENDE VALLE HERMOSO,G,CAR03,06:25,08:05,Límite de transferencia de la línea en 230 KV Chimoré - Carrasco.
2018-05-02,ENDE VALLE HERMOSO,G,CAR02,07:01,08:01,Límite de transferencia de la línea en 230 KV Chimoré - Carrasco.
2018-05-19,ENDE GUARACACHI,G,SCZ01,18:19,19:59,Límite de transferencia de la línea en 230 KV Chimoré - Carrasco.
2018-05-19,ENDE VALLE HERMOSO,G,CAR03,18:19,19:59,Límite de transferencia de la línea en 230 KV Chimoré - Carrasco.
2018-05-19,ENDE VALLE HERMOSO,G,CAR02,18:19,20:09,Límite de transferencia de la línea en 230 KV Chimoré - Carrasco.
2018-05-21,ENDE VALLE HERMOSO,G,CAR02,21:57,22:30,Límite de transferencia de línea en 230 KV Carrasco - Chimoré.
2018-05-22,ENDE VALLE HERMOSO,G,CAR02,06:42,08:48,Límite de transferencia de la línea en 230 KV Chimoré - Carrasco.
2018-05-22,CECBB,G,BUL01,07:31,09:20,Límite de transferencia de la línea en 230 KV Chimoré - Carrasco.
2018-05-22,CECBB,G,BUL02,08:48,11:52,Límite de transferencia de la línea en 230 KV Chimoré - Carrasco.
2018-05-22,ENDE VALLE HERMOSO,G,CAR02,17:46,18:06,Límite de transferencia de la línea en 230 KV Chimoré - Carrasco.
2018-05-22,ENDE ANDINA,G,ERI03,17:46,22:21,Límite de transferencia de la línea en 230 KV Chimoré - Carrasco.
2018-05-22,ENDE GUARACACHI,G,SCZ01,18:58,22:21,Límite de transferencia de la línea en 230 KV Chimoré - Carrasco.
2018-05-22,ENDE VALLE HERMOSO,G,CAR03,19:13,22:21,Límite de transferencia de la línea en 230 KV Chimoré - Carrasco.
2018-05-22,ENDE VALLE HERMOSO,G,CAR02,21:53,22:55,Límite de transferencia de la línea en 230 KV Chimoré - Carrasco.
2018-05-23,ENDE VALLE HERMOSO,G,CAR03,21:42,21:57,Límite de transferencia de la línea en 230 KV Chimoré - Carrasco.
2018-05-23,ENDE VALLE HERMOSO,G,CAR02,22:02,22:57,Límite de transferencia de la línea en 230 KV Chimoré - Carrasco.
2018-05-24,ENDE VALLE HERMOSO,G,CAR02,06:46,07:15,Límite de transferencia de la línea en 230 KV Chimoré - Carrasco.
2018-05-24,CECBB,G,BUL01,07:15,09:30,Límite de transferencia de la línea en 230 KV Chimoré - Carrasco.
2018-05-24,ENDE VALLE HERMOSO,G,CAR03,21:28,22:56,Límite de transferencia de la línea en 230 KV Chimoré - Carrasco.
2018-05-24,ENDE VALLE HERMOSO,G,CAR02,22:08,23:17,Límite de transferencia de la línea en 230 KV Chimoré - Carrasco.
2018-05-25,ENDE VALLE HERMOSO,G,CAR03,18:00,18:15,Límite de transferencia de la línea en 230 KV Chimoré - Carrasco.
2018-05-25,ENDE ANDINA,G,ERI03,18:15,20:00,Límite de transferencia de la línea en 230 KV Chimoré - Carrasco.
2018-05-25,ENDE GUARACACHI,G,SCZ02,20:00,21:30,Límite de transferencia de la línea en 230 KV Chimoré - Carrasco.
2018-05-25,ENDE VALLE HERMOSO,G,CAR03,21:30,22:15,Límite de transferencia de la línea en 230 KV Chimoré - Carrasco.
2018-05-25,ENDE VALLE HERMOSO,G,CAR02,22:15,24:00,Límite de transferencia de la línea en 230 KV Chimoré - Carrasco.
2018-05-26,CECBB,G,BUL02,00:00,01:30,Límite de transferencia de la línea en 230 KV Chimoré - Carrasco.
2018-05-26,ENDE ANDINA,G,ERI04,17:56,20:10,Límite de transferencia de la línea en 230 KV Chimoré - Carrasco.
2018-05-26,ENDE ANDINA,G,ERI02,17:56,22:23,Límite de transferencia de la línea en 230 KV Chimoré - Carrasco.
2018-05-26,ENDE ANDINA,G,ERI03,20:10,23:01,Límite de transferencia de la línea en 230 KV Chimoré - Carrasco.
2018-05-26,ENDE GUARACACHI,G,SCZ02,22:23,22:52,Límite de transferencia de la línea en 230 KV Chimoré - Carrasco.
2018-05-27,ENDE VALLE HERMOSO,G,CAR02,00:07,00:36,Límite de transferencia de la línea en 230 KV Chimoré - Carrasco.
2018-06-04,CECBB,G,BUL02,09:31,10:58,Límite de transferencia de la línea en 230 KV Chimoré - Carrasco.
2018-06-04,CECBB,G,BUL02,13:31,13:44,Límite de transferencia de la línea en 230 KV Chimoré - Carrasco.
2018-06-04,ENDE VALLE HERMOSO,G,CAR03,13:56,16:42,Límite de transferencia de la línea en 230 KV Chimoré - Carrasco.
2018-06-04,ENDE GUARACACHI,G,SCZ01,16:42,18:00,Límite de transferencia de la línea en 230 KV Chimoré - Carrasco.
2018-06-04,ENDE GUARACACHI,G,SCZ01,22:12,23:03,Límite de transferencia de la línea en 230 KV Chimoré - Carrasco.
2018-06-04,ENDE VALLE HERMOSO,G,CAR03,22:12,23:03,Límite de transferencia de la línea en 230 KV Chimoré - Carrasco.
2018-06-04,CECBB,G,BUL02,23:03,23:35,Límite de transferencia de la línea en 230 KV Chimoré - Carrasco.
2018-06-04,CECBB,G,BUL01,23:03,24:00,Límite de transferencia de la línea en 230 KV Chimoré - Carrasco.
2018-06-05,CECBB,G,BUL01,00:00,00:35,Límite de transferencia de la línea en 230 KV Chimoré - Carrasco.
2018-06-05,CECBB,G,BUL01,07:10,07:27,Límite de transferencia de la línea en 230 KV Chimoré - Carrasco.
2018-06-05,CECBB,G,BUL02,07:27,09:05,Límite de transferencia de la línea en 230 KV Chimoré - Carrasco.
2018-06-05,ENDE VALLE HERMOSO,G,CAR03,09:09,12:01,Límite de transferencia de la línea en 230 KV Chimoré - Carrasco.
2018-06-05,ENDE VALLE HERMOSO,G,CAR03,14:18,16:57,Límite de transferencia de la línea en 230 KV Chimoré - Carrasco.
2018-06-05,ENDE GUARACACHI,G,SCZ01,14:37,18:30,Límite de transferencia de la línea en 230 KV Chimoré - Carrasco.
2018-06-05,ENDE GUARACACHI,G,SCZ02,16:57,22:30,Límite de transferencia de la línea en 230 KV Chimoré - Carrasco.
2018-06-05,ENDE ANDINA,G,ERI03,17:51,21:50,Límite de transferencia de la línea en 230 KV Chimoré - Carrasco.
2018-06-05,ENDE GUARACACHI,G,SCZ01,19:14,23:12,Límite de transferencia de la línea en 230 KV Chimoré - Carrasco.
2018-06-05,ENDE VALLE HERMOSO,G,CAR03,21:50,23:30,Límite de transferencia de la línea en 230 KV Chimoré - Carrasco.
2018-06-05,CECBB,G,BUL02,23:02,24:00,Límite de transferencia de la línea en 230 KV Chimoré - Carrasco.
2018-06-06,ENDE GUARACACHI,G,SCZ01,08:27,14:47,Límite de transferencia de la línea en 230 KV Chimoré - Carrasco.
2018-06-06,ENDE ANDINA,G,ERI03,08:27,18:28,Límite de transferencia de la línea en 230 KV Chimoré - Carrasco.
2018-06-06,ENDE GUARACACHI,G,SCZ02,14:47,17:42,Límite de transferencia de la línea en 230 KV Chimoré - Carrasco.
2018-06-06,ENDE ANDINA,G,ERI02,16:44,23:12,Límite de transferencia de la línea en 230 KV Chimoré - Carrasco.
2018-06-06,ENDE ANDINA,G,ERI04,17:46,21:41,Límite de transferencia de la línea en 230 KV Chimoré - Carrasco.
2018-06-06,ENDE ANDINA,G,ERI03,19:05,23:42,Límite de transferencia de la línea en 230 KV Chimoré - Carrasco.
2018-06-06,ENDE GUARACACHI,G,SCZ01,23:12,23:50,Límite de transferencia de la línea en 230 KV Chimoré - Carrasco.
2018-06-06,ENDE VALLE HERMOSO,G,CAR03,23:42,24:00,Límite de transferencia de la línea en 230 KV Chimoré - Carrasco.
2018-06-07,ENDE VALLE HERMOSO,G,CAR03,00:00,00:30,Límite de transferencia de la línea en 230 KV Chimoré - Carrasco.
2018-06-07,ENDE GUARACACHI,G,SCZ01,07:55,09:35,Límite de transferencia de la línea en 230 KV Chimoré - Carrasco.
2018-06-07,ENDE ANDINA,G,ERI03,09:35,12:45,Límite de transferencia de la línea en 230 KV Chimoré - Carrasco.
2018-06-07,ENDE ANDINA,G,ERI03,14:28,18:40,Límite de transferencia de la línea en 230 KV Chimoré - Carrasco.
2018-06-07,ENDE VALLE HERMOSO,G,CAR03,15:15,16:50,Límite de transferencia de la línea en 230 KV Chimoré - Carrasco.
2018-06-07,ENDE GUARACACHI,G,SCZ02,16:36,18:34,Límite de transferencia de la línea en 230 KV Chimoré - Carrasco.
2018-06-07,ENDE ANDINA,G,ERI02,18:34,23:10,Límite de transferencia de la línea en 230 KV Chimoré - Carrasco.
2018-06-07,ENDE ANDINA,G,ERI04,18:40,21:35,Límite de transferencia de la línea en 230 KV Chimoré - Carrasco.
2018-06-07,ENDE ANDINA,G,ERI03,21:35,23:30,Límite de transferencia de la línea en 230 KV Chimoré - Carrasco.
2018-06-07,ENDE GUARACACHI,G,SCZ01,23:10,23:50,Límite de transferencia de la línea en 230 KV Chimoré - Carrasco.
2018-06-07,ENDE VALLE HERMOSO,G,CAR03,23:30,24:00,Límite de transferencia de la línea en 230 KV Chimoré - Carrasco.
2018-06-08,CECBB,G,BUL01,00:00,01:45,Límite de transferencia de la línea en 230 KV Carrasco - Chimoré
2018-06-08,CECBB,G,BUL03,05:15,06:15,Límite de transferencia de la línea en 230 KV Carrasco - Chimoré
2018-06-08,ENDE VALLE HERMOSO,G,CAR03,07:30,08:45,Límite de transferencia de la línea en 230 KV Carrasco - Chimoré
2018-06-08,ENDE ANDINA,G,ERI03,08:45,10:00,Límite de transferencia de la línea en 230 KV Carrasco - Chimoré
2018-06-08,ENDE GUARACACHI,G,SCZ01,08:45,15:00,Límite de transferencia de la línea en 230 KV Carrasco - Chimoré
2018-06-08,ENDE VALLE HERMOSO,G,CAR03,10:00,11:30,Límite de transferencia de la línea en 230 KV Carrasco - Chimoré
2018-06-08,ENDE ANDINA,G,ERI03,11:30,17:30,Límite de transferencia de la línea en 230 KV Carrasco - Chimoré
2018-06-08,ENDE VALLE HERMOSO,G,CAR03,12:00,14:45,Límite de transferencia de la línea en 230 KV Carrasco - Chimoré
2018-06-08,ENDE ANDINA,G,ERI01,18:00,18:30,Límite de transferencia de la línea en 230 KV Carrasco - Chimoré
2018-06-08,ENDE ANDINA,G,ERI04,18:00,21:30,Límite de transferencia de la línea en 230 KV Carrasco - Chimoré
2018-06-08,ENDE ANDINA,G,ERI01,19:00,20:00,Límite de transferencia de la línea en 230 KV Carrasco - Chimoré
2018-06-08,ENDE ANDINA,G,ERI02,20:00,21:30,Límite de transferencia de la línea en 230 KV Carrasco - Chimoré
2018-06-08,ENDE GUARACACHI,G,SCZ02,21:30,21:55,Límite de transferencia de la línea en 230 KV Carrasco - Chimoré
2018-06-08,ENDE GUARACACHI,G,SCZ01,21:30,23:05,Límite de transferencia de la línea en 230 KV Carrasco - Chimoré
2018-06-08,ENDE VALLE HERMOSO,G,CAR03,21:55,23:05,Límite de transferencia de la línea en 230 KV Carrasco - Chimoré
2018-06-08,ENDE VALLE HERMOSO,G,CAR02,23:05,24:00,Límite de transferencia de la línea en 230 KV Carrasco - Chimoré
2018-06-09,ENDE VALLE HERMOSO,G,CAR02,00:00,00:51,Límite de transferencia de la línea en 230 KV Chimoré - Carrasco.
2018-06-16,ENDE GUARACACHI,G,SCZ01,18:05,18:42,Límite de transferencia de la línea en 230 KV Chimoré - Carrasco.
2018-06-16,ENDE VALLE HERMOSO,G,CAR03,18:05,18:42,Límite de transferencia de la línea en 230 KV Chimoré - Carrasco.
2018-06-16,ENDE VALLE HERMOSO,G,CAR02,18:17,18:42,Límite de transferencia de la línea en 230 KV Chimoré - Carrasco.
2018-06-18,ENDE VALLE HERMOSO,G,CAR03,21:26,22:27,Límite de transferencia de la línea en 230 KV Chimoré - Carrasco.
2018-06-19,ENDE ANDINA,G,ERI03,18:30,19:45,Límite de transferencia de la línea en 230 KV Carrasco - Chimoré.
2018-06-19,ENDE GUARACACHI,G,SCZ02,20:30,21:45,Límite de transferencia de la línea en 230 KV Carrasco - Chimoré.
2018-06-19,ENDE ANDINA,G,ERI03,20:30,22:45,Límite de transferencia de la línea en 230 KV Carrasco - Chimoré.
2018-06-19,ENDE GUARACACHI,G,SCZ01,21:45,22:15,Límite de transferencia de la línea en 230 KV Carrasco - Chimoré.
2018-06-19,ENDE VALLE HERMOSO,G,CAR03,22:15,22:45,Límite de transferencia de la línea en 230 KV Carrasco - Chimoré.
2018-07-21,ENDE VALLE HERMOSO,G,CAR03,18:00,20:50,Límite de transferencia de la línea en 230 KV Chimoré - Carrasco.
2018-07-21,ENDE GUARACACHI,G,SCZ01,19:30,20:15,Límite de transferencia de la línea en 230 KV Chimoré - Carrasco.
2018-07-21,ENDE VALLE HERMOSO,G,CAR02,20:15,21:55,Límite de transferencia de la línea en 230 KV Chimoré - Carrasco.
2018-07-24,ENDE VALLE HERMOSO,G,CAR02,21:50,22:44,Límite de transferencia de la línea en 230 KV Carrasco - Chimoré.
2018-07-25,ENDE VALLE HERMOSO,G,CAR02,20:53,22:38,Límite de transferencia de la línea en 230 KV Carrasco - Chimoré.
2018-07-26,ENDE VALLE HERMOSO,G,CAR02,21:06,22:44,Límite de transferencia de la línea en 230 KV Carrasco - Chimoré.
2018-07-29,ENDE VALLE HERMOSO,G,CAR02,18:16,20:58,Límite de transferencia de la línea en 230 KV Carrasco - Chimoré.
2018-07-30,ENDE VALLE HERMOSO,G,CAR02,14:17,17:51,Límite de transferencia de la línea en 230 KV Carrasco - Chimoré.
2018-07-30,ENDE VALLE HERMOSO,G,CAR02,21:30,22:50,Límite de transferencia de la línea en 230 KV Carrasco - Chimoré.
2018-07-31,CECBB,G,BUL02,06:25,07:43,Límite de transferencia de la línea en 230 KV Carrasco - Chimoré.
2018-07-31,CECBB,G,BUL01,06:25,09:16,Límite de transferencia de la línea en 230 KV Carrasco - Chimoré.
2018-07-31,ENDE VALLE HERMOSO,G,CAR02,20:50,22:48,Límite de transferencia de la línea en 230 KV Carrasco - Chimoré.
2018-09-08,ENDE ANDINA,G,WAR04,07:29,07:53,Limite de transferencia en línea en 230 kV Carrasco - Santivañez.
2018-09-08,ENDE VALLE HERMOSO,G,CAR01,07:53,09:10,Limite de transferencia en línea en 230 kV Carrasco - Santivañez.
2018-09-08,CECBB,G,BUL02,09:10,15:06,Limite de transferencia en línea en 230 kV Carrasco - Santivañez.
2018-09-08,ENDE VALLE HERMOSO,G,CAR02,14:43,15:35,Limite de transferencia en línea en 230 kV Carrasco - Santivañez.
2018-09-08,ENDE VALLE HERMOSO,G,CAR01,15:06,17:39,Limite de transferencia en línea en 230 kV Carrasco - Santivañez.
2018-09-08,CECBB,G,BUL02,15:35,16:14,Limite de transferencia en línea en 230 kV Carrasco - Santivañez.
2018-09-08,ENDE VALLE HERMOSO,G,CAR02,16:14,17:39,Limite de transferencia en línea en 230 kV Carrasco - Santivañez.
2018-09-09,ENDE ANDINA,G,WAR04,05:33,06:28,Limite de transferencia en línea en 230 kV Carrasco - Chimoré.
2018-09-09,ENDE ANDINA,G,WAR01,06:28,07:00,Limite de transferencia en línea en 230 kV Carrasco - Chimoré.
2018-09-09,ENDE ANDINA,G,WAR03,07:00,07:15,Limite de transferencia en línea en 230 kV Carrasco - Chimoré.
2018-09-09,ENDE ANDINA,G,WAR05,07:15,07:55,Limite de transferencia en línea en 230 kV Carrasco - Chimoré.
2018-09-09,ENDE ANDINA,G,WAR02,07:50,08:20,Limite de transferencia en línea en 230 kV Carrasco - Chimoré.
2018-09-09,ENDE ANDINA,G,WAR04,08:20,10:25,Limite de transferencia en línea en 230 kV Carrasco - Chimoré.
2018-09-09,CECBB,G,BUL01,10:25,10:45,Limite de transferencia en línea en 230 kV Carrasco - Chimoré.
2018-09-09,CECBB,G,BUL02,10:45,13:40,Limite de transferencia en línea en 230 kV Carrasco - Chimoré.
2018-09-09,CECBB,G,BUL01,12:00,13:05,Limite de transferencia en línea en 230 kV Carrasco - Chimoré.
2018-09-09,ENDE VALLE HERMOSO,G,CAR01,13:40,14:59,Limite de transferencia en línea en 230 kV Carrasco - Chimoré.
2018-09-10,CECBB,G,BUL01,07:08,08:20,Limite de transferencia en línea en 230 kV Carrasco - Chimoré.
2018-09-10,ENDE VALLE HERMOSO,G,CAR02,08:20,08:50,Limite de transferencia en línea en 230 kV Carrasco - Chimoré.
2018-09-11,CECBB,G,BUL02,06:11,07:05,Limite de transferencia en línea en 230 kV Carrasco - Chimoré.
2018-09-11,ENDE VALLE HERMOSO,G,CAR02,06:29,08:14,Limite de transferencia en línea en 230 kV Carrasco - Chimoré.
2018-09-15,ENDE VALLE HERMOSO,G,CAR01,08:50,16:58,Limite de transferencia en línea en 230 kV Carrasco - Santivañez.
2018-09-29,CECBB,G,BUL01,06:45,07:00,"Limite de transferencia en la línea CAR-SAN230, debido a mantenimiento de la línea VTU-SJO230."
2018-09-29,ENDE ANDINA,G,WAR05,06:45,07:00,"Limite de transferencia en la línea CAR-SAN230, debido a mantenimiento de la línea VTU-SJO230."
2018-09-29,ENDE ANDINA,G,WAR02,06:45,07:00,"Limite de transferencia en la línea CAR-SAN230, debido a mantenimiento de la línea VTU-SJO230."
2018-09-29,ENDE ANDINA,G,WAR04,06:45,07:00,"Limite de transferencia en la línea CAR-SAN230, debido a mantenimiento de la línea VTU-SJO230."
2018-09-29,ENDE VALLE HERMOSO,G,CAR01,07:00,08:15,"Limite de transferencia en la línea CAR-SAN230, debido a mantenimiento de la línea VTU-SJO230."
2018-09-29,CECBB,G,BUL01,08:15,08:30,"Limite de transferencia en la línea CAR-SAN230, debido a mantenimiento de la línea VTU-SJO230."
2018-09-29,CECBB,G,BUL02,08:15,08:45,"Limite de transferencia en la línea CAR-SAN230, debido a mantenimiento de la línea VTU-SJO230."
2018-09-29,ENDE VALLE HERMOSO,G,CAR02,08:30,08:45,"Limite de transferencia en la línea CAR-SAN230, debido a mantenimiento de la línea VTU-SJO230."
2018-09-29,CECBB,G,BUL01,09:21,09:45,"Limite de transferencia en la línea CAR-SAN230, debido a mantenimiento de la línea VTU-SJO230."
2018-09-29,ENDE VALLE HERMOSO,G,CAR02,09:21,10:30,"Limite de transferencia en la línea CAR-SAN230, debido a mantenimiento de la línea VTU-SJO230."
2018-09-29,ENDE VALLE HERMOSO,G,CAR02,13:10,13:45,"Limite de transferencia en la línea CAR-SAN230, debido a mantenimiento de la línea VTU-SJO230."
2018-09-30,ENDE ANDINA,G,WAR02,07:00,08:00,"Limite de transferencia en la línea CAR-CHI230, debido a mantenimiento de la línea CAR-SAN230."
2018-09-30,ENDE ANDINA,G,WAR05,07:00,08:00,"Limite de transferencia en la línea CAR-CHI230, debido a mantenimiento de la línea CAR-SAN230."
2018-09-30,CECBB,G,BUL02,12:46,13:46,"Limite de transferencia en la línea CAR-CHI230, debido a mantenimiento de la línea CAR-SAN230."
2018-09-30,ENDE VALLE HERMOSO,G,CAR01,12:46,13:46,"Limite de transferencia en la línea CAR-CHI230, debido a mantenimiento de la línea CAR-SAN230."
2019-02-08,ENDE ANDINA,G,ERI03,14:18,16:25,Límite de transferencia de potencia al Área Oriental en la línea en 230 kV Carrasco - Arboleda.
2019-02-08,ENDE VALLE HERMOSO,G,ALT01,14:53,15:23,Límite de transferencia de potencia al Área Oriental en la línea en 230 kV Carrasco - Arboleda.
2019-03-06,CECBB,G,BUL01,16:00,19:00,Límite de transferencia en la línea 230 kV Carrasco - Bélgica.
2019-03-06,CECBB,G,BUL02,16:00,19:00,Límite de transferencia en la línea 230 kV Carrasco - Bélgica.
2019-03-06,ENDE VALLE HERMOSO,G,ALT02,16:00,19:00,Límite de transferencia en la línea 230 kV Carrasco - Bélgica.
2019-03-06,ENDE VALLE HERMOSO,G,VHE04,16:00,19:00,Límite de transferencia en la línea 230 kV Carrasco - Bélgica.
2019-03-06,ENDE VALLE HERMOSO,G,CAR01,16:00,19:00,Límite de transferencia en la línea 230 kV Carrasco - Bélgica.
2019-03-06,ENDE VALLE HERMOSO,G,CAR02,16:00,19:00,Límite de transferencia en la línea 230 kV Carrasco - Bélgica.
2019-03-06,ENDE VALLE HERMOSO,G,VHE03,16:00,19:23,Límite de transferencia en la línea 230 kV Carrasco - Bélgica.
2019-03-06,ENDE VALLE HERMOSO,G,VHE02,16:00,19:23,Límite de transferencia en la línea 230 kV Carrasco - Bélgica.
2019-03-07,CECBB,G,BUL02,09:10,09:40,Límite de transferencia en la línea 230 kV Carrasco - Bélgica.
2019-03-07,ENDE VALLE HERMOSO,G,VHE03,09:10,10:20,Límite de transferencia en la línea 230 kV Carrasco - Bélgica.
2019-03-07,ENDE VALLE HERMOSO,G,VHE02,09:40,10:24,Límite de transferencia en la línea 230 kV Carrasco - Bélgica.
2019-03-07,ENDE VALLE HERMOSO,G,CAR02,10:24,11:30,Límite de transferencia en la línea 230 kV Carrasco - Bélgica.
2019-03-07,ENDE VALLE HERMOSO,G,VHE01,11:07,11:30,Límite de transferencia en la línea 230 kV Carrasco - Bélgica.
2019-06-29,ENDE ANDINA,G,SUR30,07:00,18:01,Reducción de potencia a 80 MW por límite de transferencia de la línea doble terna TAJ-YAG23001 y TAJ-YAG23002.
2019-06-29,ENDE ANDINA,G,SUR40,07:00,18:01,Reducción de potencia a 115 MW por límite de transferencia de la línea doble terna TAJ-YAG23001 y TAJ-YAG23002.
2019-06-29,ENDE ANDINA,G,SUR40,23:00,24:00,Reducción de potencia a 112 MW por límite de transferencia de la línea doble terna TAJ-YAG23001 y TAJ-YAG23002.
2019-06-30,ENDE ANDINA,G,SUR40,00:00,01:56,Reducción de potencia a 114 MW por límite de transferencia de la línea doble terna TAJ-YAG23001 y TAJ-YAG23002.
2019-06-30,ENDE ANDINA,G,SUR40,01:56,03:45,Reducción de potencia a 112 MW por límite de transferencia de la línea doble terna TAJ-YAG23001 y TAJ-YAG23002.
2019-06-30,ENDE ANDINA,G,SUR40,14:33,18:04,Reducción de potencia a 76 MW por límite de transferencia de la línea doble terna TAJ-YAG23001 y TAJ-YAG23002.
2019-06-30,ENDE ANDINA,G,SUR40,23:06,24:00,Reducción de potencia a 112 MW por límite de transferencia de la línea doble terna TAJ-YAG23001 y TAJ-YAG23002.
2019-07-01,ENDE ANDINA,G,SUR40,00:00,07:15,Reducción de potencia a 112 MW por límite de transferencia de la línea doble terna TAJ-YAG23001 y TAJ-YAG23002.
2019-07-01,ENDE ANDINA,G,SUR40,07:15,10:24,Reducción de potencia a 67 MW por límite de transferencia de la línea doble terna TAJ-YAG23001 y TAJ-YAG23002.
2019-07-01,ENDE ANDINA,G,SUR40,10:24,18:01,Reducción de potencia a 69 MW por límite de transferencia de la línea doble terna TAJ-YAG23001 y TAJ-YAG23002.
2019-07-01,ENDE ANDINA,G,SUR40,23:05,24:00,Reducción de potencia a 109 MW por límite de transferencia de la línea doble terna TAJ-YAG23001 y TAJ-YAG23002.
2019-07-02,ENDE ANDINA,G,SUR40,00:00,18:01,Reducción de potencia a 109 MW por límite de transferencia de la línea doble terna TAJ-YAG23001 y TAJ-YAG23002.
2019-07-02,ENDE ANDINA,G,SUR30,07:15,18:01,Reducción de potencia a 82 MW por límite de transferencia de la línea doble terna TAJ-YAG23001 y TAJ-YAG23002.
2019-07-02,ENDE ANDINA,G,SUR40,23:01,24:00,Reducción de potencia a 106 MW por límite de transferencia de la línea doble terna TAJ-YAG23001 y TAJ-YAG23002.
2019-07-03,ENDE ANDINA,G,SUR40,00:00,07:07,Reducción de potencia a 106 MW por límite de transferencia de la línea doble terna TAJ-YAG23001 y TAJ-YAG23002.
2019-07-03,ENDE ANDINA,G,SUR30,07:07,18:06,Reducción de potencia a 84 MW por límite de transferencia de la línea doble terna TAJ-YAG23001 y TAJ-YAG23002.
2019-07-03,ENDE ANDINA,G,SUR40,07:15,18:06,Reducción de potencia a 106 MW por límite de transferencia de la línea doble terna TAJ-YAG23001 y TAJ-YAG23002.
2019-07-03,ENDE ANDINA,G,SUR40,23:15,24:00,Reducción de potencia a 107 MW por límite de transferencia de la línea doble terna TAJ-YAG23001 y TAJ-YAG23002.
2019-07-04,ENDE ANDINA,G,SUR40,00:00,07:05,Reducción de potencia a 105 MW por límite de transferencia de la línea doble terna TAJ-YAG23001 y TAJ-YAG23002.
2019-07-04,ENDE ANDINA,G,SUR40,07:05,18:05,Reducción de potencia a 98 MW por límite de transferencia de la línea doble terna TAJ-YAG23001 y TAJ-YAG23002.
2019-07-04,ENDE ANDINA,G,SUR30,07:05,18:05,Reducción de potencia a 91 MW por límite de transferencia de la línea doble terna TAJ-YAG23001 y TAJ-YAG23002.
2019-07-04,ENDE ANDINA,G,SUR40,23:13,24:00,Reducción de potencia a 107 MW por límite de transferencia de la línea doble terna TAJ-YAG23001 y TAJ-YAG23002.
2019-07-05,ENDE ANDINA,G,SUR40,00:00,00:08,Reducción de potencia a 107 MW por límite de transferencia de la línea doble terna TAJ-YAG23001 y TAJ-YAG23002.
2019-07-05,ENDE ANDINA,G,SUR40,00:08,07:15,Reducción de potencia a 105 MW por límite de transferencia de la línea doble terna TAJ-YAG23001 y TAJ-YAG23002.
2019-07-05,ENDE ANDINA,G,SUR40,07:15,07:32,Reducción de potencia a 98 MW por límite de transferencia de la línea doble terna TAJ-YAG23001 y TAJ-YAG23002.
2019-07-05,ENDE ANDINA,G,SUR30,07:15,07:48,Reducción de potencia a 94 MW por límite de transferencia de la línea doble terna TAJ-YAG23001 y TAJ-YAG23002.
2019-07-05,ENDE ANDINA,G,SUR40,07:32,08:11,Reducción de potencia a 85 MW por límite de transferencia de la línea doble terna TAJ-YAG23001 y TAJ-YAG23002.
2019-07-05,ENDE ANDINA,G,SUR30,07:48,08:11,Reducción de potencia a 105 MW por límite de transferencia de la línea doble terna TAJ-YAG23001 y TAJ-YAG23002.
2019-07-05,ENDE ANDINA,G,SUR40,08:11,18:03,Reducción de potencia a 98 MW por límite de transferencia de la línea doble terna TAJ-YAG23001 y TAJ-YAG23002.
2019-07-05,ENDE ANDINA,G,SUR30,08:11,18:03,Reducción de potencia a 94 MW por límite de transferencia de la línea doble terna TAJ-YAG23001 y TAJ-YAG23002.
2019-07-05,ENDE ANDINA,G,SUR40,23:01,24:00,Reducción de potencia a 102 MW por límite de transferencia de la línea doble terna TAJ-YAG23001 y TAJ-YAG23002.
2019-07-06,ENDE ANDINA,G,SUR40,00:00,18:05,Reducción de potencia a 102 MW por límite de transferencia de la línea doble terna TAJ-YAG23001 y TAJ-YAG23002.
2019-07-06,ENDE ANDINA,G,SUR30,07:29,18:05,Reducción de potencia a 87 MW por límite de transferencia de la línea doble terna TAJ-YAG23001 y TAJ-YAG23002.
2019-07-06,ENDE ANDINA,G,SUR40,23:01,24:00,Reducción de potencia a 106.5 MW por límite de transferencia de la línea doble terna TAJ-YAG23001 y TAJ-YAG23002.
2019-07-07,ENDE ANDINA,G,SUR40,00:00,18:14,Reducción de potencia a 106.5 MW por límite de transferencia de la línea doble terna TAJ-YAG23001 y TAJ-YAG23002.
2019-07-07,ENDE ANDINA,G,SUR30,07:11,18:14,Reducción de potencia a 84.5 MW por límite de transferencia de la línea doble terna TAJ-YAG23001 y TAJ-YAG23002.
2019-07-07,ENDE ANDINA,G,SUR30,23:00,24:00,Reducción de potencia a 108.2 MW por límite de transferencia de la línea doble terna TAJ-YAG23001 y TAJ-YAG23002.
2019-07-08,ENDE ANDINA,G,SUR30,00:00,07:06,Reducción de potencia a 108.2 MW por límite de transferencia de la línea doble terna TAJ-YAG23001 y TAJ-YAG23002.
2019-07-08,ENDE ANDINA,G,SUR40,07:06,18:01,Reducción de potencia a 98 MW por límite de transferencia de la línea doble terna TAJ-YAG23001 y TAJ-YAG23002.
2019-07-08,ENDE ANDINA,G,SUR30,07:06,18:01,Reducción de potencia a 96 MW por límite de transferencia de la línea doble terna TAJ-YAG23001 y TAJ-YAG23002.
2019-07-08,ENDE ANDINA,G,SUR40,23:10,24:00,Reducción de potencia a 112 MW por límite de transferencia de la línea doble terna TAJ-YAG23001 y TAJ-YAG23002.
2019-07-09,ENDE ANDINA,G,SUR40,00:00,03:41,Reducción de potencia a 112 MW por límite de transferencia de la línea doble terna TAJ-YAG23001 y TAJ-YAG23002.
2019-07-09,ENDE ANDINA,G,SUR40,14:40,18:04,Reducción de potencia a 96 MW por límite de transferencia de la línea doble terna TAJ-YAG23001 y TAJ-YAG23002.
2019-07-09,ENDE ANDINA,G,SUR30,14:40,18:04,Reducción de potencia a 95 MW por límite de transferencia de la línea doble terna TAJ-YAG23001 y TAJ-YAG23002.
2019-07-09,ENDE ANDINA,G,SUR40,23:02,24:00,Reducción de potencia a 110 MW por límite de transferencia de la línea doble terna TAJ-YAG23001 y TAJ-YAG23002.
2019-07-10,ENDE ANDINA,G,SUR40,00:00,00:04,Reducción de potencia a 110 MW por límite de transferencia de la línea doble terna TAJ-YAG23001 y TAJ-YAG23002.
2019-07-10,ENDE ANDINA,G,SUR40,00:04,07:10,Reducción de potencia a 112 MW por límite de transferencia de la línea doble terna TAJ-YAG23001 y TAJ-YAG23002.
2019-07-10,ENDE ANDINA,G,SUR30,07:10,18:04,Reducción de potencia a 97 MW por límite de transferencia de la línea doble terna TAJ-YAG23001 y TAJ-YAG23002.
2019-07-10,ENDE ANDINA,G,SUR40,07:10,18:04,Reducción de potencia a 97 MW por límite de transferencia de la línea doble terna TAJ-YAG23001 y TAJ-YAG23002.
2019-07-10,ENDE ANDINA,G,SUR30,23:03,24:00,Reducción de potencia a 111 MW por límite de transferencia de la línea doble terna TAJ-YAG23001 y TAJ-YAG23002.
2019-07-11,ENDE ANDINA,G,SUR30,00:00,00:05,Reducción de potencia a 111 MW por límite de transferencia de la línea doble terna TAJ-YAG23001 y TAJ-YAG23002.
2019-07-11,ENDE ANDINA,G,SUR30,00:05,07:17,Reducción de potencia a 114 MW por límite de transferencia de la línea doble terna TAJ-YAG23001 y TAJ-YAG23002.
2019-07-11,ENDE ANDINA,G,SUR30,07:17,07:33,Reducción de potencia a 75 MW por límite de transferencia de la línea doble terna TAJ-YAG23001 y TAJ-YAG23002.
2019-07-11,ENDE ANDINA,G,SUR40,07:17,07:33,Reducción de potencia a 119 MW por límite de transferencia de la línea doble terna TAJ-YAG23001 y TAJ-YAG23002.
2019-07-11,ENDE ANDINA,G,SUR40,07:33,18:04,Reducción de potencia a 97 MW por límite de transferencia de la línea doble terna TAJ-YAG23001 y TAJ-YAG23002.
2019-07-11,ENDE ANDINA,G,SUR30,07:33,18:04,Reducción de potencia a 97 MW por límite de transferencia de la línea doble terna TAJ-YAG23001 y TAJ-YAG23002.
2019-07-11,ENDE ANDINA,G,SUR40,23:06,24:00,Reducción de potencia a 112 MW por límite de transferencia de la línea doble terna TAJ-YAG23001 y TAJ-YAG23002.
2019-07-12,ENDE ANDINA,G,SUR40,00:00,07:02,Reducción de potencia a 112 MW por límite de transferencia de la línea doble terna TAJ-YAG23001 y TAJ-YAG23002.
2019-07-12,ENDE ANDINA,G,SUR40,07:02,18:02,Reducción de potencia a 96 MW por límite de transferencia de la línea doble terna TAJ-YAG23001 y TAJ-YAG23002.
2019-07-12,ENDE ANDINA,G,SUR30,07:02,18:02,Reducción de potencia a 96 MW por límite de transferencia de la línea doble terna TAJ-YAG23001 y TAJ-YAG23002.
2019-07-14,ENDE ANDINA,G,SUR40,07:04,13:24,Reducción de potencia a 113 MW por límite de transferencia de la línea doble terna TAJ-YAG23001 y TAJ-YAG23002.
2019-07-18,ENDE ANDINA,G,SUR30,07:11,18:00,Reducción de potencia a 117.9 MW por límite de transferencia de la línea doble terna TAJ-YAG23001 y TAJ-YAG23002.
2019-07-20,ENDE ANDINA,G,SUR30,07:10,14:15,Reducción de potencia a 116 MW por límite de transferencia de la línea doble terna TAJ-YAG23001 y TAJ-YAG23002.
2019-07-21,ENDE ANDINA,G,SUR30,07:10,08:50,Reducción de potencia a 117 MW por límite de transferencia de la línea doble terna TAJ-YAG23001 y TAJ-YAG23002.
2019-07-22,ENDE ANDINA,G,SUR30,07:05,18:04,Reducción de potencia a 117 MW por límite de transferencia de la línea doble terna TAJ-YAG23001 y TAJ-YAG23002.
2019-07-23,ENDE ANDINA,G,SUR30,07:08,18:14,Reducción de potencia a 116.5 MW por límite de transferencia de la línea doble terna TAJ-YAG23001 y TAJ-YAG23002.
2019-07-24,ENDE ANDINA,G,SUR30,07:05,15:36,Reducción de potencia a 117 MW por límite de transferencia de la línea doble terna TAJ-YAG23001 y TAJ-YAG23002.
2019-07-24,ENDE ANDINA,G,SUR30,15:36,15:52,Reducción de potencia a 111 MW por límite de transferencia de la línea doble terna TAJ-YAG23001 y TAJ-YAG23002.
2019-07-24,ENDE ANDINA,G,SUR30,15:52,16:10,Reducción de potencia a 100 MW por límite de transferencia de la línea doble terna TAJ-YAG23001 y TAJ-YAG23002.
2019-07-24,ENDE ANDINA,G,SUR30,16:10,18:02,Reducción de potencia a 89 MW por límite de transferencia de la línea doble terna TAJ-YAG23001 y TAJ-YAG23002.
2019-07-24,ENDE ANDINA,G,SUR40,16:10,18:02,Reducción de potencia a 104 MW por límite de transferencia de la línea doble terna TAJ-YAG23001 y TAJ-YAG23002.
2019-07-24,ENDE ANDINA,G,SUR40,23:08,24:00,Reducción de potencia a 106 MW por límite de transferencia de la línea doble terna TAJ-YAG23001 y TAJ-YAG23002.
2019-07-25,ENDE ANDINA,G,SUR40,00:00,07:03,Reducción de potencia a 106 MW por límite de transferencia de la línea doble terna TAJ-YAG23001 y TAJ-YAG23002.
2019-07-25,ENDE ANDINA,G,SUR40,07:03,12:37,Reducción de potencia a 96 MW por límite de transferencia de la línea doble terna TAJ-YAG23001 y TAJ-YAG23002.
2019-07-25,ENDE ANDINA,G,SUR30,07:03,12:46,Reducción de potencia a 96 MW por límite de transferencia de la línea doble terna TAJ-YAG23001 y TAJ-YAG23002.
2019-07-25,ENDE ANDINA,G,SUR30,14:23,18:03,Reducción de potencia a 96.0 MW por límite de transferencia de la línea doble terna TAJ-YAG23001 y TAJ-YAG23002.
2019-07-25,ENDE ANDINA,G,SUR40,14:23,18:03,Reducción de potencia a 96.0 MW por límite de transferencia de la línea doble terna TAJ-YAG23001 y TAJ-YAG23002.
2019-07-25,ENDE ANDINA,G,SUR40,23:01,24:00,Reducción de potencia a 105 MW por límite de transferencia de la línea doble terna TAJ-YAG23001 y TAJ-YAG23002.
2019-07-26,ENDE ANDINA,G,SUR40,00:00,07:07,Reducción de potencia a 105 MW por límite de transferencia de la línea doble terna TAJ-YAG23001 y TAJ-YAG23002.
2019-07-26,ENDE ANDINA,G,SUR40,07:07,18:15,Reducción de potencia a 82.6 MW por límite de transferencia de la línea doble terna TAJ-YAG23001 y TAJ-YAG23002.
2019-07-26,ENDE ANDINA,G,SUR30,07:07,18:15,Reducción de potencia a 110.6 MW por límite de transferencia de la línea doble terna TAJ-YAG23001 y TAJ-YAG23002.
2019-07-27,ENDE ANDINA,G,SUR40,23:03,23:47,Reducción de potencia a 112.0 MW por límite de transferencia de la línea doble terna TAJ-YAG23001 y TAJ-YAG23002.
2019-07-27,ENDE ANDINA,G,SUR40,23:47,24:00,Reducción de potencia a 110.0 MW por límite de transferencia de la línea doble terna TAJ-YAG23001 y TAJ-YAG23002.
2019-07-28,ENDE ANDINA,G,SUR40,00:00,01:34,Reducción de potencia a 110.0 MW por límite de transferencia de la línea doble terna TAJ-YAG23001 y TAJ-YAG23002.
2019-07-28,ENDE ANDINA,G,SUR40,23:04,24:00,Reducción de potencia a 108.0 MW por límite de transferencia de la línea doble terna TAJ-YAG23001 y TAJ-YAG23002.
2019-07-29,ENDE ANDINA,G,SUR40,00:00,01:33,Reducción de potencia a 108.0 MW por límite de transferencia de la línea doble terna TAJ-YAG23001 y TAJ-YAG23002.
2019-07-29,ENDE ANDINA,G,SUR40,07:10,18:09,Reducción de potencia a 81.5 MW por límite de transferencia de la línea doble terna TAJ-YAG23001 y TAJ-YAG23002.
2019-07-29,ENDE ANDINA,G,SUR30,07:50,18:09,Reducción de potencia a 111.5 MW por límite de transferencia de la línea doble terna TAJ-YAG23001 y TAJ-YAG23002.
2019-07-29,ENDE ANDINA,G,SUR40,23:02,24:00,Reducción de potencia a 106 MW por límite de transferencia de la línea doble terna TAJ-YAG23001 y TAJ-YAG23002.
2019-07-30,ENDE ANDINA,G,SUR40,00:00,07:05,Reducción de potencia a 106 MW por límite de transferencia de la línea doble terna TAJ-YAG23001 y TAJ-YAG23002.
2019-07-30,ENDE ANDINA,G,SUR30,07:05,18:16,Reducción de potencia a 111 MW por límite de transferencia de la línea doble terna TAJ-YAG23001 y TAJ-YAG23002.
2019-07-30,ENDE ANDINA,G,SUR40,07:05,18:16,Reducción de potencia a 80.4 MW por límite de transferencia de la línea doble terna TAJ-YAG23001 y TAJ-YAG23002.
2019-07-30,ENDE ANDINA,G,SUR40,23:06,24:00,Reducción de potencia a 106 MW por límite de transferencia de la línea doble terna TAJ-YAG23001 y TAJ-YAG23002.
2019-07-31,ENDE ANDINA,G,SUR40,00:00,07:04,Reducción de potencia a 106 MW por límite de transferencia de la línea doble terna TAJ-YAG23001 y TAJ-YAG23002.
2019-07-31,ENDE ANDINA,G,SUR30,07:04,18:12,Reducción de potencia a 111 MW por límite de transferencia de la línea doble terna TAJ-YAG23001 y TAJ-YAG23002.
2019-07-31,ENDE ANDINA,G,SUR40,07:04,18:12,Reducción de potencia a 80.4 MW por límite de transferencia de la línea doble terna TAJ-YAG23001 y TAJ-YAG23002.
2019-07-31,ENDE ANDINA,G,SUR40,23:15,24:00,Reducción de potencia a 107 MW por límite de transferencia de la línea doble terna TAJ-YAG23001 y TAJ-YAG23002.
2019-08-01,ENDE ANDINA,G,SUR40,00:00,07:05,Reducción de potencia a 107.0 MW por límite de transferencia de la línea doble terna TAJ-YAG23001 y TAJ-YAG23002.
2019-08-01,ENDE ANDINA,G,SUR30,07:05,18:12,Reducción de potencia a 112.0 MW por límite de transferencia de la línea doble terna TAJ-YAG23001 y TAJ-YAG23002.
2019-08-01,ENDE ANDINA,G,SUR40,07:05,18:12,Reducción de potencia a 81.2 MW por límite de transferencia de la línea doble terna TAJ-YAG23001 y TAJ-YAG23002.
2019-08-01,ENDE ANDINA,G,SUR40,23:05,24:00,Reducción de potencia a 104 MW por límite de transferencia de la línea doble terna TAJ-YAG23001 y TAJ-YAG23002.
2019-08-02,ENDE ANDINA,G,SUR40,00:00,07:07,Reducción de potencia a 104.0 MW por límite de transferencia de la línea doble terna TAJ-YAG23001 y TAJ-YAG23002.
2019-08-02,ENDE ANDINA,G,SUR40,07:07,18:07,Reducción de potencia a 81.0 MW por límite de transferencia de la línea doble terna TAJ-YAG23001 y TAJ-YAG23002.
2019-08-02,ENDE ANDINA,G,SUR30,07:07,18:07,Reducción de potencia a 112.0 MW por límite de transferencia de la línea doble terna TAJ-YAG23001 y TAJ-YAG23002.
2019-08-02,ENDE ANDINA,G,SUR40,23:03,24:00,Reducción de potencia a 106.0 MW por límite de transferencia de la línea doble terna TAJ-YAG23001 y TAJ-YAG23002.
2019-08-03,ENDE ANDINA,G,SUR40,00:00,05:25,Reducción de potencia a 110.0 MW por límite de transferencia de la línea doble terna TAJ-YAG23001 y TAJ-YAG23002.
2019-08-03,ENDE ANDINA,G,SUR30,07:07,18:07,Reducción de potencia a 112.0 MW por límite de transferencia de la línea doble terna TAJ-YAG23001 y TAJ-YAG23002.
2019-08-03,ENDE ANDINA,G,SUR40,07:07,18:07,Reducción de potencia a 81.0 MW por límite de transferencia de la línea doble terna TAJ-YAG23001 y TAJ-YAG23002.
2019-08-03,ENDE ANDINA,G,SUR40,23:04,24:00,Reducción de potencia a 110.0 MW por límite de transferencia de la línea doble terna TAJ-YAG23001 y TAJ-YAG23002.
2019-08-04,ENDE ANDINA,G,SUR40,00:00,03:35,Reducción de potencia a 110.0 MW por límite de transferencia de la línea doble terna TAJ-YAG23001 y TAJ-YAG23002.
2019-08-04,ENDE ANDINA,G,SUR40,09:01,11:52,Reducción de potencia a 81.0 MW por límite de transferencia de la línea doble terna TAJ-YAG23001 y TAJ-YAG23002.
2019-08-04,ENDE ANDINA,G,SUR30,09:01,11:52,Reducción de potencia a 111.0 MW por límite de transferencia de la línea doble terna TAJ-YAG23001 y TAJ-YAG23002.
2019-08-04,ENDE ANDINA,G,SUR40,23:05,24:00,Reducción de potencia a 110.0 MW por límite de transferencia de la línea doble terna TAJ-YAG23001 y TAJ-YAG23002.
2019-08-05,ENDE ANDINA,G,SUR40,00:00,01:50,Reducción de potencia a 110.0 MW por límite de transferencia de la línea doble terna TAJ-YAG23001 y TAJ-YAG23002.
2019-08-05,ENDE ANDINA,G,SUR30,07:06,18:10,Reducción de potencia a 112.0 MW por límite de transferencia de la línea doble terna TAJ-YAG23001 y TAJ-YAG23002.
2019-08-05,ENDE ANDINA,G,SUR40,07:06,18:10,Reducción de potencia a 81.0 MW por límite de transferencia de la línea doble terna TAJ-YAG23001 y TAJ-YAG23002.
2019-08-05,ENDE ANDINA,G,SUR40,23:10,24:00,Reducción de potencia a 114.0 MW por límite de transferencia de la línea doble terna TAJ-YAG23001 y TAJ-YAG23002.
2019-08-06,ENDE ANDINA,G,SUR40,00:00,01:09,Reducción de potencia a 114.0 MW por límite de transferencia de la línea doble terna TAJ-YAG23001 y TAJ-YAG23002.
2019-08-06,ENDE ANDINA,G,SUR40,15:12,18:12,Reducción de potencia a 78.0 MW por límite de transferencia de la línea doble terna TAJ-YAG23001 y TAJ-YAG23002.
2019-08-06,ENDE ANDINA,G,SUR30,15:12,18:12,Reducción de potencia a 108.0 MW por límite de transferencia de la línea doble terna TAJ-YAG23001 y TAJ-YAG23002.
2019-08-06,ENDE ANDINA,G,SUR40,23:05,24:00,Reducción de potencia a 113.0 MW por límite de transferencia de la línea doble terna TAJ-YAG23001 y TAJ-YAG23002.
2019-08-07,ENDE ANDINA,G,SUR40,00:00,00:05,Reducción de potencia a 113.0 MW por límite de transferencia de la línea doble terna TAJ-YAG23001 y TAJ-YAG23002.
2019-08-07,ENDE ANDINA,G,SUR30,07:14,18:06,Reducción de potencia a 112.0 MW por límite de transferencia de la línea doble terna TAJ-YAG23001 y TAJ-YAG23002.
2019-08-07,ENDE ANDINA,G,SUR40,07:14,18:06,Reducción de potencia a 81.0 MW por límite de transferencia de la línea doble terna TAJ-YAG23001 y TAJ-YAG23002.
2019-08-07,ENDE ANDINA,G,SUR40,23:05,24:00,Reducción de potencia a 113.0 MW por límite de transferencia de la línea doble terna TAJ-YAG23001 y TAJ-YAG23002.
2019-08-08,ENDE ANDINA,G,SUR40,00:00,03:15,Reducción de potencia a 113.0 MW por límite de transferencia de la línea doble terna TAJ-YAG23001 y TAJ-YAG23002.
2019-08-08,ENDE ANDINA,G,SUR40,07:12,18:11,Reducción de potencia a 81.0 MW por límite de transferencia de la línea doble terna TAJ-YAG23001 y TAJ-YAG23002.
2019-08-08,ENDE ANDINA,G,SUR30,07:12,18:11,Reducción de potencia a 112.0 MW por límite de transferencia de la línea doble terna TAJ-YAG23001 y TAJ-YAG23002.
2019-08-08,ENDE ANDINA,G,SUR40,23:02,24:00,Reducción de potencia a 113.4 MW por límite de transferencia de la línea doble terna TAJ-YAG23001 y TAJ-YAG23002.
2019-08-09,ENDE ANDINA,G,SUR40,00:00,03:44,Reducción de potencia a 113.4 MW por límite de transferencia de la línea doble terna TAJ-YAG23001 y TAJ-YAG23002.
2019-08-09,ENDE ANDINA,G,SUR40,05:15,07:20,Reducción de potencia a 112 MW por límite de transferencia de la línea doble terna TAJ-YAG23001 y TAJ-YAG23002.
2019-08-09,ENDE ANDINA,G,SUR30,07:20,18:00,Reducción de potencia a 95 MW por límite de transferencia de la línea doble terna TAJ-YAG23001 y TAJ-YAG23002.
2019-08-09,ENDE ANDINA,G,SUR40,07:20,18:00,Reducción de potencia a 95 MW por límite de transferencia de la línea doble terna TAJ-YAG23001 y TAJ-YAG23002.
2019-08-09,ENDE ANDINA,G,SUR40,23:14,24:00,Reducción de potencia a 112 MW por límite de transferencia de la línea doble terna TAJ-YAG23001 y TAJ-YAG23002.
2019-08-10,ENDE ANDINA,G,SUR40,00:00,07:06,Reducción de potencia a 112 MW por límite de transferencia de la línea doble terna TAJ-YAG23001 y TAJ-YAG23002.
2019-08-10,ENDE ANDINA,G,SUR30,07:06,18:10,Reducción de potencia a 95 MW por límite de transferencia de la línea doble terna TAJ-YAG23001 y TAJ-YAG23002.
2019-08-10,ENDE ANDINA,G,SUR40,07:06,18:10,Reducción de potencia a 95 MW por límite de transferencia de la línea doble terna TAJ-YAG23001 y TAJ-YAG23002.
2019-08-10,ENDE ANDINA,G,SUR40,23:07,24:00,Reducción de potencia a 112 MW por límite de transferencia de la línea doble terna TAJ-YAG23001 y TAJ-YAG23002.
2019-08-11,ENDE ANDINA,G,SUR40,00:00,03:32,Reducción de potencia a 112 MW por límite de transferencia de la línea doble terna TAJ-YAG23001 y TAJ-YAG23002.
2019-08-11,ENDE ANDINA,G,SUR40,07:09,18:04,Reducción de potencia a 95 MW por límite de transferencia de la línea doble terna TAJ-YAG23001 y TAJ-YAG23002.
2019-08-11,ENDE ANDINA,G,SUR30,07:09,18:04,Reducción de potencia a 95 MW por límite de transferencia de la línea doble terna TAJ-YAG23001 y TAJ-YAG23002.
2019-08-11,ENDE ANDINA,G,SUR40,23:04,24:00,Reducción de potencia a 112 MW por límite de transferencia de la línea doble terna TAJ-YAG23001 y TAJ-YAG23002.
2019-08-12,ENDE ANDINA,G,SUR40,00:00,03:46,Reducción de potencia a 112 MW por límite de transferencia de la línea doble terna TAJ-YAG23001 y TAJ-YAG23002.
2019-08-12,ENDE ANDINA,G,SUR40,07:11,18:06,Reducción de potencia a 95 MW por límite de transferencia de la línea doble terna TAJ-YAG23001 y TAJ-YAG23002.
2019-08-12,ENDE ANDINA,G,SUR30,07:11,18:06,Reducción de potencia a 95 MW por límite de transferencia de la línea doble terna TAJ-YAG23001 y TAJ-YAG23002.
2019-08-12,ENDE ANDINA,G,SUR30,23:06,24:00,Reducción de potencia a 112 MW por límite de transferencia de la línea doble terna TAJ-YAG23001 y TAJ-YAG23002.
2019-08-13,ENDE ANDINA,G,SUR30,00:00,03:33,Reducción de potencia a 112 MW por límite de transferencia de la línea doble terna TAJ-YAG23001 y TAJ-YAG23002.
2019-08-13,ENDE ANDINA,G,SUR30,05:28,07:05,Reducción de potencia a 112 MW por límite de transferencia de la línea doble terna TAJ-YAG23001 y TAJ-YAG23002.
2019-08-13,ENDE ANDINA,G,SUR30,07:05,18:05,Reducción de potencia a 85 MW por límite de transferencia de la línea doble terna TAJ-YAG23001 y TAJ-YAG23002.
2019-08-13,ENDE ANDINA,G,SUR40,07:05,18:05,Reducción de potencia a 110 MW por límite de transferencia de la línea doble terna TAJ-YAG23001 y TAJ-YAG23002.
2019-08-13,ENDE ANDINA,G,SUR40,23:07,24:00,Reducción de potencia a 108 MW por límite de transferencia de la línea doble terna TAJ-YAG23001 y TAJ-YAG23002.
2019-08-14,ENDE ANDINA,G,SUR40,00:00,03:24,Reducción de potencia a 108 MW por límite de transferencia de la línea doble terna TAJ-YAG23001 y TAJ-YAG23002.
2019-08-14,ENDE ANDINA,G,SUR40,05:08,07:05,Reducción de potencia a 108 MW por límite de transferencia de la línea doble terna TAJ-YAG23001 y TAJ-YAG23002.
2019-08-14,ENDE ANDINA,G,SUR30,11:08,18:06,Reducción de potencia a 82 MW por límite de transferencia de la línea doble terna TAJ-YAG23001 y TAJ-YAG23002.
2019-08-14,ENDE ANDINA,G,SUR40,11:08,18:06,Reducción de potencia a 108 MW por límite de transferencia de la línea doble terna TAJ-YAG23001 y TAJ-YAG23002.
2019-08-14,ENDE ANDINA,G,SUR40,23:03,24:00,Reducción de potencia a 110 MW por límite de transferencia de la línea doble terna TAJ-YAG23001 y TAJ-YAG23002.
2019-08-15,ENDE ANDINA,G,SUR40,00:00,04:13,Reducción de potencia a 110 MW por límite de transferencia de la línea doble terna TAJ-YAG23001 y TAJ-YAG23002.
2019-08-15,ENDE ANDINA,G,SUR40,05:18,07:07,Reducción de potencia a 110 MW por límite de transferencia de la línea doble terna TAJ-YAG23001 y TAJ-YAG23002.
2019-08-15,ENDE ANDINA,G,SUR40,07:07,18:03,Reducción de potencia a 95 MW por límite de transferencia de la línea doble terna TAJ-YAG23001 y TAJ-YAG23002.
2019-08-15,ENDE ANDINA,G,SUR30,07:07,18:03,Reducción de potencia a 95 MW por límite de transferencia de la línea doble terna TAJ-YAG23001 y TAJ-YAG23002.
2019-08-15,ENDE ANDINA,G,SUR30,23:14,24:00,Reducción de potencia a 110 MW por límite de transferencia de la línea doble terna TAJ-YAG23001 y TAJ-YAG23002.
2019-08-16,ENDE ANDINA,G,SUR30,00:00,07:07,Reducción de potencia a 110 MW por límite de transferencia de la línea doble terna TAJ-YAG23001 y TAJ-YAG23002.
2019-08-16,ENDE ANDINA,G,SUR40,07:07,18:12,Reducción de potencia a 84 MW por límite de transferencia de la línea doble terna TAJ-YAG23001 y TAJ-YAG23002.
2019-08-16,ENDE ANDINA,G,SUR30,07:24,18:12,Reducción de potencia a 110 MW por límite de transferencia de la línea doble terna TAJ-YAG23001 y TAJ-YAG23002.
2019-08-16,ENDE ANDINA,G,SUR40,23:16,24:00,Reducción de potencia a 108 MW por límite de transferencia de la línea doble terna TAJ-YAG23001 y TAJ-YAG23002.
2019-08-17,ENDE ANDINA,G,SUR40,00:00,07:11,Reducción de potencia a 108 MW por límite de transferencia de la línea doble terna TAJ-YAG23001 y TAJ-YAG23002.
2019-08-17,ENDE ANDINA,G,SUR40,07:11,14:39,Reducción de potencia a 77 MW por límite de transferencia de la línea doble terna TAJ-YAG23001 y TAJ-YAG23002.
2019-08-17,ENDE ANDINA,G,SUR40,14:39,18:04,Reducción de potencia a 82 MW por límite de transferencia de la línea doble terna TAJ-YAG23001 y TAJ-YAG23002.
2019-08-17,ENDE ANDINA,G,SUR40,23:25,24:00,Reducción de potencia a 108 MW por límite de transferencia de la línea doble terna TAJ-YAG23001 y TAJ-YAG23002.
2019-08-18,ENDE ANDINA,G,SUR40,00:00,06:52,Reducción de potencia a 108 MW por límite de transferencia de la línea doble terna TAJ-YAG23001 y TAJ-YAG23002.
2019-08-18,ENDE ANDINA,G,SUR30,07:01,18:08,Reducción de potencia a 100 MW por límite de transferencia de la línea doble terna TAJ-YAG23001 y TAJ-YAG23002.
2019-08-18,ENDE ANDINA,G,SUR40,07:01,18:08,Reducción de potencia a 91 MW por límite de transferencia de la línea doble terna TAJ-YAG23001 y TAJ-YAG23002.
2019-08-18,ENDE ANDINA,G,SUR40,23:20,24:00,Reducción de potencia a 108 MW por límite de transferencia de la línea doble terna TAJ-YAG23001 y TAJ-YAG23002.
2019-08-19,ENDE ANDINA,G,SUR40,00:00,00:32,Reducción de potencia a 108 MW por límite de transferencia de la línea doble terna TAJ-YAG23001 y TAJ-YAG23002.
2019-08-19,ENDE ANDINA,G,SUR30,00:32,07:05,Reducción de potencia a 108 MW por límite de transferencia de la línea doble terna TAJ-YAG23001 y TAJ-YAG23002.
2019-08-19,ENDE ANDINA,G,SUR40,07:05,18:05,Reducción de potencia a 96 MW por límite de transferencia de la línea doble terna TAJ-YAG23001 y TAJ-YAG23002.
2019-08-19,ENDE ANDINA,G,SUR30,07:05,18:05,Reducción de potencia a 98 MW por límite de transferencia de la línea doble terna TAJ-YAG23001 y TAJ-YAG23002.
2019-08-19,ENDE ANDINA,G,SUR30,18:36,23:10,Reducción de potencia a 114 MW por límite de transferencia de la línea POT-PUN115 por reducción de demanda de Minera San Cristóbal.
2019-08-19,ENDE ANDINA,G,SUR30,23:10,24:00,Reducción de potencia a 113 MW por límite de transferencia de la línea doble terna TAJ-YAG23001 y TAJ-YAG23002.
2019-08-20,ENDE ANDINA,G,SUR30,00:00,07:16,Reducción de potencia a 110 MW por límite de transferencia de la línea doble terna TAJ-YAG23001 y TAJ-YAG23002.
2019-08-20,ENDE ANDINA,G,SUR30,07:16,18:08,Reducción de potencia a 98 MW por límite de transferencia de la línea doble terna TAJ-YAG23001 y TAJ-YAG23002.
2019-08-20,ENDE ANDINA,G,SUR40,07:16,18:08,Reducción de potencia a 98 MW por límite de transferencia de la línea doble terna TAJ-YAG23001 y TAJ-YAG23002.
2019-08-20,ENDE ANDINA,G,SUR30,18:07,20:39,Reducción de potencia a 114 MW por límite de transferencia de la línea POT-PUN115 por reducción de demanda de Minera San Cristóbal.
2019-08-20,ENDE ANDINA,G,SUR40,23:04,24:00,Reducción de potencia a 110 MW por límite de transferencia de la línea doble terna TAJ-YAG23001 y TAJ-YAG23002.
2019-08-21,ENDE ANDINA,G,SUR40,00:00,07:03,Reducción de potencia a 110 MW por límite de transferencia de la línea doble terna TAJ-YAG23001 y TAJ-YAG23002.
2019-08-21,ENDE ANDINA,G,SUR40,07:03,18:13,Reducción de potencia a 95 MW por límite de transferencia de la línea doble terna TAJ-YAG23001 y TAJ-YAG23002.
2019-08-21,ENDE ANDINA,G,SUR30,07:03,18:13,Reducción de potencia a 98 MW por límite de transferencia de la línea doble terna TAJ-YAG23001 y TAJ-YAG23002.
2019-08-21,ENDE ANDINA,G,SUR40,23:01,24:00,Reducción de potencia a 110 MW por límite de transferencia de la línea doble terna TAJ-YAG23001 y TAJ-YAG23002.
2019-08-22,ENDE ANDINA,G,SUR40,00:00,07:06,Reducción de potencia a 110 MW por límite de transferencia de la línea doble terna TAJ-YAG23001 y TAJ-YAG23002.
2019-08-22,ENDE ANDINA,G,SUR30,07:06,08:05,Reducción de potencia a 96 MW por límite de transferencia de la línea doble terna TAJ-YAG23001 y TAJ-YAG23002.
2019-08-22,ENDE ANDINA,G,SUR40,07:06,08:31,Reducción de potencia a 96 MW por límite de transferencia de la línea doble terna TAJ-YAG23001 y TAJ-YAG23002.
2019-08-22,ENDE ANDINA,G,SUR40,08:31,09:37,Reducción de potencia a 108 MW por límite de transferencia de la línea doble terna TAJ-YAG23001 y TAJ-YAG23002.
2019-08-22,ENDE ANDINA,G,SUR40,09:37,18:08,Reducción de potencia a 96 MW por límite de transferencia de la línea doble terna TAJ-YAG23001 y TAJ-YAG23002.
2019-08-22,ENDE ANDINA,G,SUR30,09:37,18:08,Reducción de potencia a 96 MW por límite de transferencia de la línea doble terna TAJ-YAG23001 y TAJ-YAG23002.
2019-08-23,ENDE ANDINA,G,SUR30,00:15,07:07,Reducción de potencia a 110 MW por límite de transferencia de la línea doble terna TAJ-YAG23001 y TAJ-YAG23002.
2019-08-23,ENDE ANDINA,G,SUR40,07:08,18:10,Reducción de potencia a 96 MW por límite de transferencia de la línea doble terna TAJ-YAG23001 y TAJ-YAG23002.
2019-08-23,ENDE ANDINA,G,SUR30,07:08,18:10,Reducción de potencia a 96 MW por límite de transferencia de la línea doble terna TAJ-YAG23001 y TAJ-YAG23002.
2019-08-23,ENDE ANDINA,G,SUR40,23:14,24:00,Reducción de potencia a 113.2 MW por límite de transferencia de la línea doble terna TAJ-YAG23001 y TAJ-YAG23002.
2019-08-24,ENDE ANDINA,G,SUR40,00:00,03:02,Reducción de potencia a 113.2 MW por límite de transferencia de la línea doble terna TAJ-YAG23001 y TAJ-YAG23002.
2019-08-24,ENDE ANDINA,G,SUR40,03:02,07:03,Reducción de potencia a 112.0 MW por límite de transferencia de la línea doble terna TAJ-YAG23001 y TAJ-YAG23002.
2019-08-24,ENDE ANDINA,G,SUR30,07:03,18:08,Reducción de potencia a 96.0 MW por límite de transferencia de la línea doble terna TAJ-YAG23001 y TAJ-YAG23002.
2019-08-24,ENDE ANDINA,G,SUR40,07:03,18:08,Reducción de potencia a 96.0 MW por límite de transferencia de la línea doble terna TAJ-YAG23001 y TAJ-YAG23002.
2019-08-24,ENDE ANDINA,G,SUR30,22:16,24:00,Reducción de potencia a 112 MW por límite de transferencia de la línea doble terna TAJ-YAG23001 y TAJ-YAG23002.
2019-08-25,ENDE ANDINA,G,SUR30,00:00,07:10,Reducción de potencia a 112 MW por límite de transferencia de la línea doble terna TAJ-YAG23001 y TAJ-YAG23002.
2019-08-25,ENDE ANDINA,G,SUR30,07:10,18:05,Reducción de potencia a 96 MW por límite de transferencia de la línea doble terna TAJ-YAG23001 y TAJ-YAG23002.
2019-08-25,ENDE ANDINA,G,SUR40,07:10,18:05,Reducción de potencia a 96 MW por límite de transferencia de la línea doble terna TAJ-YAG23001 y TAJ-YAG23002.
2019-08-25,ENDE ANDINA,G,SUR30,23:03,24:00,Reducción de potencia a 112 MW por límite de transferencia de la línea doble terna TAJ-YAG23001 y TAJ-YAG23002.
2019-08-26,ENDE ANDINA,G,SUR30,00:00,07:19,Reducción de potencia a 112 MW por límite de transferencia de la línea doble terna TAJ-YAG23001 y TAJ-YAG23002.
2019-08-26,ENDE ANDINA,G,SUR30,07:19,18:14,Reducción de potencia a 96 MW por límite de transferencia de la línea doble terna TAJ-YAG23001 y TAJ-YAG23002.
2019-08-26,ENDE ANDINA,G,SUR40,07:19,18:14,Reducción de potencia a 98 MW por límite de transferencia de la línea doble terna TAJ-YAG23001 y TAJ-YAG23002.
2019-08-27,ENDE ANDINA,G,SUR40,02:00,07:08,Reducción de potencia a 113 MW por límite de transferencia de la línea doble terna TAJ-YAG23001 y TAJ-YAG23002.
2019-08-27,ENDE ANDINA,G,SUR30,07:08,18:10,Reducción de potencia a 96 MW por límite de transferencia de la línea doble terna TAJ-YAG23001 y TAJ-YAG23002.
2019-08-27,ENDE ANDINA,G,SUR40,07:08,18:10,Reducción de potencia a 96 MW por límite de transferencia de la línea doble terna TAJ-YAG23001 y TAJ-YAG23002.
2019-08-27,ENDE ANDINA,G,SUR30,20:40,23:14,Reducción de potencia a 105 MW por límite de transferencia de la línea en 115 kV Potosí - Punutuma.
2019-08-28,ENDE ANDINA,G,SUR40,07:07,18:10,Reducción de potencia a 96 MW por límite de transferencia de la línea doble terna TAJ-YAG23001 y TAJ-YAG23002.
2019-08-28,ENDE ANDINA,G,SUR30,07:07,18:10,Reducción de potencia a 96 MW por límite de transferencia de la línea doble terna TAJ-YAG23001 y TAJ-YAG23002.
2019-08-29,ENDE ANDINA,G,SUR40,07:03,18:10,Reducción de potencia a 96 MW por límite de transferencia de la línea doble terna TAJ-YAG23001 y TAJ-YAG23002.
2019-08-29,ENDE ANDINA,G,SUR30,07:03,18:10,Reducción de potencia a 96 MW por límite de transferencia de la línea doble terna TAJ-YAG23001 y TAJ-YAG23002.
2019-08-30,ENDE ANDINA,G,SUR40,07:10,18:18,Reducción de potencia a 96 MW por límite de transferencia de la línea doble terna TAJ-YAG23001 y TAJ-YAG23002.
2019-08-30,ENDE ANDINA,G,SUR30,07:10,18:18,Reducción de potencia a 96 MW por límite de transferencia de la línea doble terna TAJ-YAG23001 y TAJ-YAG23002.
2019-08-31,ENDE ANDINA,G,SUR30,07:05,12:43,Reducción de potencia a 96 MW por límite de transferencia de la línea doble terna TAJ-YAG23001 y TAJ-YAG23002.
2019-08-31,ENDE ANDINA,G,SUR40,07:05,12:43,Reducción de potencia a 96 MW por límite de transferencia de la línea doble terna TAJ-YAG23001 y TAJ-YAG23002.
2019-08-31,ENDE ANDINA,G,SUR30,12:43,17:15,Reducción de potencia a 90 MW por límite de transferencia de la línea POT- PUN115.
2019-08-31,ENDE ANDINA,G,SUR40,12:43,17:19,Reducción de potencia a 90 MW por límite de transferencia de la línea POT- PUN115.
2019-08-31,ENDE ANDINA,G,SUR30,17:15,18:19,Reducción de potencia a 96 MW por límite de transferencia de la línea doble terna TAJ-YAG23001 y TAJ-YAG23002.
2019-08-31,ENDE ANDINA,G,SUR30,17:15,18:19,Reducción de potencia a 96 MW por límite de transferencia de la línea doble terna TAJ-YAG23001 y TAJ-YAG23002.
2019-08-31,ENDE ANDINA,G,SUR40,17:19,18:19,Reducción de potencia a 96 MW por límite de transferencia de la línea doble terna TAJ-YAG23001 y TAJ-YAG23002.
2019-08-31,ENDE ANDINA,G,SUR40,18:19,23:03,Reducción de potencia a 112 MW por límite de transferencia de la línea POT- PUN115.
2019-08-31,ENDE ANDINA,G,SUR40,23:03,24:00,Reducción de potencia a 114 MW por límite de transferencia de la línea doble terna TAJ-YAG23001 y TAJ-YAG23002.
2019-09-01,ENDE ANDINA,G,SUR40,00:00,07:00,Reducción de potencia a 114 MW por límite de transferencia de la línea doble terna TAJ-YAG23001 y TAJ-YAG23002.
2019-09-01,ENDE ANDINA,G,SUR40,07:00,09:46,Reducción de potencia a 96 MW por límite de transferencia de la línea doble terna TAJ-YAG23001 y TAJ-YAG23002.
2019-09-01,ENDE ANDINA,G,SUR30,07:00,09:46,Reducción de potencia a 96 MW por límite de transferencia de la línea doble terna TAJ-YAG23001 y TAJ-YAG23002.
2019-09-01,ENDE ANDINA,G,SUR40,09:46,11:21,Reducción de potencia a 90 MW por límite de transferencia de la línea POT- PUN115.
2019-09-01,ENDE ANDINA,G,SUR30,09:46,11:21,Reducción de potencia a 90 MW por límite de transferencia de la línea POT- PUN115.
2019-09-01,ENDE ANDINA,G,SUR30,11:21,15:49,Reducción de potencia a 85 MW por límite de transferencia de la línea POT- PUN115.
2019-09-01,ENDE ANDINA,G,SUR40,11:21,15:49,Reducción de potencia a 85 MW por límite de transferencia de la línea POT- PUN115.
2019-09-01,ENDE ANDINA,G,SUR30,15:49,16:25,Reducción de potencia a 90 MW por límite de transferencia de la línea POT- PUN115.
2019-09-01,ENDE ANDINA,G,SUR40,15:49,18:05,Reducción de potencia a 96 MW por límite de transferencia de la línea doble terna TAJ-YAG23001 y TAJ-YAG23002.
2019-09-01,ENDE ANDINA,G,SUR30,16:25,18:05,Reducción de potencia a 96 MW por límite de transferencia de la línea doble terna TAJ-YAG23001 y TAJ-YAG23002.
2019-09-01,ENDE ANDINA,G,SUR40,18:05,18:16,Reducción de potencia a 112 MW por límite de transferencia de la línea POT- PUN115.
2019-09-01,ENDE ANDINA,G,SUR40,18:16,23:26,Reducción de potencia a 105 MW por límite de transferencia de la línea POT- PUN115.
2019-09-01,ENDE ANDINA,G,SUR40,23:26,23:36,Reducción de potencia a 110 MW por límite de transferencia de la línea doble terna TAJ-YAG23001 y TAJ-YAG23002.
2019-09-01,ENDE ANDINA,G,SUR40,23:36,24:00,Reducción de potencia a 114 MW por límite de transferencia de la línea doble terna TAJ-YAG23001 y TAJ-YAG23002.
2019-09-02,ENDE ANDINA,G,SUR40,00:00,07:18,Reducción de potencia a 114 MW por límite de transferencia de la línea doble terna TAJ-YAG23001 y TAJ-YAG23002.
2019-09-02,ENDE ANDINA,G,SUR30,07:18,09:37,Reducción de potencia a 96 MW por límite de transferencia de la línea doble terna TAJ-YAG23001 y TAJ-YAG23002.
2019-09-02,ENDE ANDINA,G,SUR40,07:18,10:20,Reducción de potencia a 96 MW por límite de transferencia de la línea doble terna TAJ-YAG23001 y TAJ-YAG23002.
2019-09-02,ENDE ANDINA,G,SUR30,09:37,11:42,Reducción de potencia a 90 MW por límite de transferencia de la línea POT- PUN115.
2019-09-02,ENDE ANDINA,G,SUR40,10:20,16:18,Reducción de potencia a 90 MW por límite de transferencia de la línea POT- PUN115.
2019-09-02,ENDE ANDINA,G,SUR30,11:42,15:47,Reducción de potencia a 86 MW por límite de transferencia de la línea POT- PUN115.
2019-09-02,ENDE ANDINA,G,SUR30,15:47,16:18,Reducción de potencia a 90 MW por límite de transferencia de la línea POT- PUN115.
2019-09-02,ENDE ANDINA,G,SUR40,16:18,18:09,Reducción de potencia a 96 MW por límite de transferencia de la línea doble terna TAJ-YAG23001 y TAJ-YAG23002.
2019-09-02,ENDE ANDINA,G,SUR30,16:18,18:09,Reducción de potencia a 96 MW por límite de transferencia de la línea doble terna TAJ-YAG23001 y TAJ-YAG23002.
2019-09-02,ENDE ANDINA,G,SUR30,18:09,20:40,Reducción de potencia a 115 MW por límite de transferencia de la línea POT- PUN115.
2019-09-02,ENDE ANDINA,G,SUR30,20:40,22:25,Reducción de potencia a 110 MW por límite de transferencia de la línea POT- PUN115.
2019-09-02,ENDE ANDINA,G,SUR40,20:56,22:25,Reducción de potencia a 110 MW por límite de transferencia de la línea POT- PUN115.
2019-09-02,ENDE ANDINA,G,SUR30,22:25,23:22,Reducción de potencia a 115 MW por límite de transferencia de la línea POT- PUN115.
2019-09-02,ENDE ANDINA,G,SUR40,22:25,23:22,Reducción de potencia a 115 MW por límite de transferencia de la línea POT- PUN115.
2019-09-02,ENDE ANDINA,G,SUR40,23:22,24:00,Reducción de potencia a 115 MW por límite de transferencia de la línea doble terna TAJ-YAG23001 y TAJ-YAG23002.
2019-09-02,ENDE ANDINA,G,SUR30,23:22,24:00,Reducción de potencia a 110 MW por límite de transferencia de la línea doble terna TAJ-YAG23001 y TAJ-YAG23002.
2019-09-03,ENDE ANDINA,G,SUR30,00:00,07:00,Reducción de potencia a 110 MW por límite de transferencia de la línea doble terna TAJ-YAG23001 y TAJ-YAG23002.
2019-09-03,ENDE ANDINA,G,SUR40,00:00,07:00,Reducción de potencia a 115 MW por límite de transferencia de la línea doble terna TAJ-YAG23001 y TAJ-YAG23002.
2019-09-03,ENDE ANDINA,G,SUR30,07:00,08:13,Reducción de potencia a 100 MW por límite de transferencia de la línea doble terna TAJ-YAG23001 y TAJ-YAG23002.
2019-09-03,ENDE ANDINA,G,SUR40,07:00,08:13,Reducción de potencia a 100 MW por límite de transferencia de la línea doble terna TAJ-YAG23001 y TAJ-YAG23002.
2019-09-03,ENDE ANDINA,G,SUR30,08:13,18:13,Reducción de potencia a 96 MW por límite de transferencia de la línea doble terna TAJ-YAG23001 y TAJ-YAG23002.
2019-09-03,ENDE ANDINA,G,SUR40,08:13,18:13,Reducción de potencia a 96 MW por límite de transferencia de la línea doble terna TAJ-YAG23001 y TAJ-YAG23002.
2019-09-03,ENDE ANDINA,G,SUR40,18:13,22:21,Reducción de potencia a 111 MW por límite de transferencia de la línea POT- PUN115.
2019-09-03,ENDE ANDINA,G,SUR40,23:09,24:00,Reducción de potencia a 112.5 MW por límite de transferencia de la línea doble terna TAJ-YAG23001 y TAJ-YAG23002.
2019-09-03,ENDE ANDINA,G,SUR30,23:09,24:00,Reducción de potencia a 112.5 MW por límite de transferencia de la línea doble terna TAJ-YAG23001 y TAJ-YAG23002.
2019-09-04,ENDE ANDINA,G,SUR40,00:00,07:05,Reducción de potencia a 112.5 MW por límite de transferencia de la línea doble terna TAJ-YAG23001 y TAJ-YAG23002.
2019-09-04,ENDE ANDINA,G,SUR30,00:00,07:05,Reducción de potencia a 112.5 MW por límite de transferencia de la línea doble terna TAJ-YAG23001 y TAJ-YAG23002.
2019-09-04,ENDE ANDINA,G,SUR40,07:05,14:12,Reducción de potencia a 96 MW por límite de transferencia de la línea doble terna TAJ-YAG23001 y TAJ-YAG23002.
2019-09-04,ENDE ANDINA,G,SUR30,07:05,14:12,Reducción de potencia a 96 MW por límite de transferencia de la línea doble terna TAJ-YAG23001 y TAJ-YAG23002.
2019-09-04,ENDE ANDINA,G,SUR30,15:53,16:10,Reducción de potencia a 79 MW por límite de transferencia de la línea doble terna TAJ-YAG23001 y TAJ-YAG23002.
2019-09-04,ENDE ANDINA,G,SUR40,15:53,16:10,Reducción de potencia a 113 MW por límite de transferencia de la línea doble terna TAJ-YAG23001 y TAJ-YAG23002.
2019-09-04,ENDE ANDINA,G,SUR30,16:10,17:11,Reducción de potencia a 81 MW por límite de transferencia de la línea doble terna TAJ-YAG23001 y TAJ-YAG23002.
2019-09-04,ENDE ANDINA,G,SUR40,16:10,17:11,Reducción de potencia a 111 MW por límite de transferencia de la línea doble terna TAJ-YAG23001 y TAJ-YAG23002.
2019-09-04,ENDE ANDINA,G,SUR30,17:11,18:15,Reducción de potencia a 96 MW por límite de transferencia de la línea doble terna TAJ-YAG23001 y TAJ-YAG23002.
2019-09-04,ENDE ANDINA,G,SUR40,17:11,18:15,Reducción de potencia a 96 MW por límite de transferencia de la línea doble terna TAJ-YAG23001 y TAJ-YAG23002.
2019-09-04,ENDE ANDINA,G,SUR40,18:15,22:28,Reducción de potencia a 111 MW por límite de transferencia de la línea POT- PUN115.
2019-09-04,ENDE ANDINA,G,SUR40,23:16,24:00,Reducción de potencia a 103 MW por límite de transferencia de la línea doble terna TAJ-YAG23001 y TAJ-YAG23002.
2019-09-05,ENDE ANDINA,G,SUR40,00:00,07:10,Reducción de potencia a 103 MW por límite de transferencia de la línea doble terna TAJ-YAG23001 y TAJ-YAG23002.
2019-09-05,ENDE ANDINA,G,SUR30,07:10,18:11,Reducción de potencia a 96 MW por límite de transferencia de la línea doble terna TAJ-YAG23001 y TAJ-YAG23002.
2019-09-05,ENDE ANDINA,G,SUR40,07:10,18:11,Reducción de potencia a 96 MW por límite de transferencia de la línea doble terna TAJ-YAG23001 y TAJ-YAG23002.
2019-09-05,ENDE ANDINA,G,SUR40,18:11,23:04,Reducción de potencia a 111 MW por límite de transferencia de la línea POT- PUN115.
2019-09-05,ENDE ANDINA,G,SUR30,23:04,24:00,Reducción de potencia a 112.5 MW por límite de transferencia de la línea doble terna TAJ-YAG23001 y TAJ-YAG23002.
2019-09-05,ENDE ANDINA,G,SUR40,23:04,24:00,Reducción de potencia a 112.5 MW por límite de transferencia de la línea doble terna TAJ-YAG23001 y TAJ-YAG23002.
2019-09-06,ENDE ANDINA,G,SUR30,00:00,07:13,Reducción de potencia a 112.5 MW por límite de transferencia de la línea doble terna TAJ-YAG23001 y TAJ-YAG23002.
2019-09-06,ENDE ANDINA,G,SUR40,00:00,07:13,Reducción de potencia a 112.5 MW por límite de transferencia de la línea doble terna TAJ-YAG23001 y TAJ-YAG23002.
2019-09-06,ENDE ANDINA,G,SUR30,07:13,09:40,Reducción de potencia a 96 MW por límite de transferencia de la línea doble terna TAJ-YAG23001 y TAJ-YAG23002.
2019-09-06,ENDE ANDINA,G,SUR40,07:13,10:46,Reducción de potencia a 96 MW por límite de transferencia de la línea doble terna TAJ-YAG23001 y TAJ-YAG23002.
2019-09-06,ENDE ANDINA,G,SUR30,09:40,14:49,Reducción de potencia a 90 MW por límite de transferencia de la línea POT- PUN115.
2019-09-06,ENDE ANDINA,G,SUR40,10:46,14:49,Reducción de potencia a 90 MW por límite de transferencia de la línea POT- PUN115.
2019-09-06,ENDE ANDINA,G,SUR30,14:49,18:19,Reducción de potencia a 93 MW por límite de transferencia de la línea POT- PUN115.
2019-09-06,ENDE ANDINA,G,SUR40,14:49,18:19,Reducción de potencia a 93 MW por límite de transferencia de la línea POT- PUN115.
2019-09-06,ENDE ANDINA,G,SUR40,18:19,18:50,Reducción de potencia a 100 MW por límite de transferencia de la línea POT- PUN115.
2019-09-06,ENDE ANDINA,G,SUR30,18:19,18:50,Reducción de potencia a 100 MW por límite de transferencia de la línea POT- PUN115.
2019-09-06,ENDE ANDINA,G,SUR30,18:50,23:03,Reducción de potencia a 112 MW por límite de transferencia de la línea POT- PUN115.
2019-09-06,ENDE ANDINA,G,SUR40,18:50,23:03,Reducción de potencia a 112 MW por límite de transferencia de la línea POT- PUN115.
2019-09-07,ENDE ANDINA,G,SUR30,07:09,10:26,Reducción de potencia a 96 MW por límite de transferencia de la línea doble terna TAJ-YAG23001 y TAJ-YAG23002.
2019-09-07,ENDE ANDINA,G,SUR40,07:09,12:17,Reducción de potencia a 96 MW por límite de transferencia de la línea doble terna TAJ-YAG23001 y TAJ-YAG23002.
2019-09-07,ENDE ANDINA,G,SUR30,10:26,18:17,Reducción de potencia a 90 MW por límite de transferencia de la línea POT- PUN115.
2019-09-07,ENDE ANDINA,G,SUR40,12:17,18:17,Reducción de potencia a 90 MW por límite de transferencia de la línea POT- PUN115.
2019-09-07,ENDE ANDINA,G,SUR30,18:17,19:07,Reducción de potencia a 105 MW por límite de transferencia de la línea POT- PUN115.
2019-09-07,ENDE ANDINA,G,SUR40,18:17,19:07,Reducción de potencia a 105 MW por límite de transferencia de la línea POT- PUN115.
2019-09-07,ENDE ANDINA,G,SUR40,19:07,23:13,Reducción de potencia a 108 MW por límite de transferencia de la línea POT- PUN115.
2019-09-07,ENDE ANDINA,G,SUR30,19:07,23:13,Reducción de potencia a 108 MW por límite de transferencia de la línea POT- PUN115.
2019-09-08,ENDE ANDINA,G,SUR30,08:41,10:47,Reducción de potencia a 96 MW por límite de transferencia de la línea doble terna TAJ-YAG23001 y TAJ-YAG23002.
2019-09-08,ENDE ANDINA,G,SUR40,08:41,10:47,Reducción de potencia a 96 MW por límite de transferencia de la línea doble terna TAJ-YAG23001 y TAJ-YAG23002.
2019-09-08,ENDE ANDINA,G,SUR30,13:29,17:01,Reducción de potencia a 96 MW por límite de transferencia de la línea doble terna TAJ-YAG23001 y TAJ-YAG23002.
2019-09-08,ENDE ANDINA,G,SUR40,13:29,17:01,Reducción de potencia a 96 MW por límite de transferencia de la línea doble terna TAJ-YAG23001 y TAJ-YAG23002.
2019-09-09,ENDE ANDINA,G,SUR40,07:06,18:16,Reducción de potencia a 96 MW por límite de transferencia de la línea doble terna TAJ-YAG23001 y TAJ-YAG23002.
2019-09-09,ENDE ANDINA,G,SUR30,07:06,18:16,Reducción de potencia a 96 MW por límite de transferencia de la línea doble terna TAJ-YAG23001 y TAJ-YAG23002.
2019-09-10,ENDE ANDINA,G,SUR30,07:01,18:25,Reducción de potencia a 96 MW por límite de transferencia de la línea doble terna TAJ-YAG23001 y TAJ-YAG23002.
2019-09-10,ENDE ANDINA,G,SUR40,07:01,18:25,Reducción de potencia a 96 MW por límite de transferencia de la línea doble terna TAJ-YAG23001 y TAJ-YAG23002.
2019-09-10,ENDE ANDINA,G,SUR30,23:05,24:00,Reducción de potencia a 114.5 MW por límite de transferencia de la línea doble terna TAJ-YAG23001 y TAJ-YAG23002.
2019-09-11,ENDE ANDINA,G,SUR30,00:00,00:18,Reducción de potencia a 114.5 MW por límite de transferencia de la línea doble terna TAJ-YAG23001 y TAJ-YAG23002.
2019-09-11,ENDE ANDINA,G,SUR30,00:18,03:43,Reducción de potencia a 112.5 MW por límite de transferencia de la línea doble terna TAJ-YAG23001 y TAJ-YAG23002.
2019-09-11,ENDE ANDINA,G,SUR30,06:55,07:06,Reducción de potencia a 112.0 MW por límite de transferencia de la línea doble terna TAJ-YAG23001 y TAJ-YAG23002.
2019-09-11,ENDE ANDINA,G,SUR30,07:06,18:10,Reducción de potencia a 96.0 MW por límite de transferencia de la línea doble terna TAJ-YAG23001 y TAJ-YAG23002.
2019-09-11,ENDE ANDINA,G,SUR40,07:06,18:10,Reducción de potencia a 96.0 MW por límite de transferencia de la línea doble terna TAJ-YAG23001 y TAJ-YAG23002.
2019-09-11,ENDE ANDINA,G,SUR30,23:03,23:35,Reducción de potencia a 115.2 MW por límite de transferencia de la línea doble terna TAJ-YAG23001 y TAJ-YAG23002.
2019-09-11,ENDE ANDINA,G,SUR40,23:03,23:35,Reducción de potencia a 115.2 MW por límite de transferencia de la línea doble terna TAJ-YAG23001 y TAJ-YAG23002.
2019-09-12,ENDE ANDINA,G,SUR40,07:08,07:49,Reducción de potencia a 96.0 MW por límite de transferencia de la línea doble terna TAJ-YAG23001 y TAJ-YAG23002.
2019-09-12,ENDE ANDINA,G,SUR30,07:08,07:49,Reducción de potencia a 96.0 MW por límite de transferencia de la línea doble terna TAJ-YAG23001 y TAJ-YAG23002.
2019-09-13,ENDE ANDINA,G,SUR40,07:05,10:05,Reducción de potencia a 96.0 MW por límite de transferencia de la línea doble terna TAJ-YAG23001 y TAJ-YAG23002.
2019-09-13,ENDE ANDINA,G,SUR30,07:05,10:05,Reducción de potencia a 96.0 MW por límite de transferencia de la línea doble terna TAJ-YAG23001 y TAJ-YAG23002.
2019-09-13,ENDE ANDINA,G,SUR40,15:54,18:02,Reducción de potencia a 95.0 MW por límite de transferencia de la línea doble terna TAJ-YAG23001 y TAJ-YAG23002.
2019-09-13,ENDE ANDINA,G,SUR30,15:54,18:02,Reducción de potencia a 100.0 MW por límite de transferencia de la línea doble terna TAJ-YAG23001 y TAJ-YAG23002.
2019-09-14,ENDE ANDINA,G,SUR40,07:38,12:22,Reducción de potencia a 96.0 MW por límite de transferencia de la línea doble terna TAJ-YAG23001 y TAJ-YAG23002.
2019-09-14,ENDE ANDINA,G,SUR30,07:58,12:22,Reducción de potencia a 96.0 MW por límite de transferencia de la línea doble terna TAJ-YAG23001 y TAJ-YAG23002.
2019-09-14,ENDE ANDINA,G,SUR30,13:42,18:05,Reducción de potencia a 96.0 MW por límite de transferencia de la línea doble terna TAJ-YAG23001 y TAJ-YAG23002.
2019-09-14,ENDE ANDINA,G,SUR40,13:42,18:05,Reducción de potencia a 96.0 MW por límite de transferencia de la línea doble terna TAJ-YAG23001 y TAJ-YAG23002.
2019-09-15,ENDE ANDINA,G,SUR40,08:17,18:12,Reducción de potencia a 96.0 MW por límite de transferencia de la línea doble terna TAJ-YAG23001 y TAJ-YAG23002.
2019-09-15,ENDE ANDINA,G,SUR30,08:17,18:12,Reducción de potencia a 96.0 MW por límite de transferencia de la línea doble terna TAJ-YAG23001 y TAJ-YAG23002.
2019-09-16,ENDE ANDINA,G,SUR40,06:43,07:16,Reducción de potencia a 105 MW por límite de transferencia de la línea doble terna TAJ-YAG23001 y TAJ-YAG23002.
2019-09-16,ENDE ANDINA,G,SUR40,07:16,18:13,Reducción de potencia a 96 MW por límite de transferencia de la línea doble terna TAJ-YAG23001 y TAJ-YAG23002.
2019-09-16,ENDE ANDINA,G,SUR30,07:16,18:13,Reducción de potencia a 96 MW por límite de transferencia de la línea doble terna TAJ-YAG23001 y TAJ-YAG23002.
2019-09-16,ENDE ANDINA,G,SUR40,23:19,24:00,Reducción de potencia a 110 MW por límite de transferencia de la línea doble terna TAJ-YAG23001 y TAJ-YAG23002.
2019-09-17,ENDE ANDINA,G,SUR40,00:00,07:11,Reducción de potencia a 110 MW por límite de transferencia de la línea doble terna TAJ-YAG23001 y TAJ-YAG23002.
2019-09-17,ENDE ANDINA,G,SUR30,07:11,18:14,Reducción de potencia a 96 MW por límite de transferencia de la línea doble terna TAJ-YAG23001 y TAJ-YAG23002.
2019-09-17,ENDE ANDINA,G,SUR40,07:11,18:14,Reducción de potencia a 96 MW por límite de transferencia de la línea doble terna TAJ-YAG23001 y TAJ-YAG23002.
2019-09-18,ENDE ANDINA,G,SUR40,00:15,07:04,Reducción de potencia a 107 MW por límite de transferencia de la línea doble terna TAJ-YAG23001 y TAJ-YAG23002.
2019-09-18,ENDE ANDINA,G,SUR40,07:04,18:08,Reducción de potencia a 96 MW por límite de transferencia de la línea doble terna TAJ-YAG23001 y TAJ-YAG23002.
2019-09-18,ENDE ANDINA,G,SUR30,07:04,18:08,Reducción de potencia a 96 MW por límite de transferencia de la línea doble terna TAJ-YAG23001 y TAJ-YAG23002.
2019-09-18,ENDE ANDINA,G,SUR40,23:04,24:00,Reducción de potencia a 113 MW por límite de transferencia de la línea doble terna TAJ-YAG23001 y TAJ-YAG23002.
2019-09-19,ENDE ANDINA,G,SUR40,00:00,07:20,Reducción de potencia a 113 MW por límite de transferencia de la línea doble terna TAJ-YAG23001 y TAJ-YAG23002.
2019-09-19,ENDE ANDINA,G,SUR30,07:20,18:14,Reducción de potencia a 96 MW por límite de transferencia de la línea doble terna TAJ-YAG23001 y TAJ-YAG23002.
2019-09-19,ENDE ANDINA,G,SUR40,07:20,18:14,Reducción de potencia a 96 MW por límite de transferencia de la línea doble terna TAJ-YAG23001 y TAJ-YAG23002.
2019-09-19,ENDE ANDINA,G,SUR40,23:09,24:00,Reducción de potencia a 113 MW por límite de transferencia de la línea doble terna TAJ-YAG23001 y TAJ-YAG23002.
2019-09-20,ENDE ANDINA,G,SUR40,00:00,07:06,Reducción de potencia a 113 MW por límite de transferencia de la línea doble terna TAJ-YAG23001 y TAJ-YAG23002.
2019-09-20,ENDE ANDINA,G,SUR30,07:06,18:12,Reducción de potencia a 96 MW por límite de transferencia de la línea doble terna TAJ-YAG23001 y TAJ-YAG23002.
2019-09-20,ENDE ANDINA,G,SUR40,07:06,18:12,Reducción de potencia a 96 MW por límite de transferencia de la línea doble terna TAJ-YAG23001 y TAJ-YAG23002.
2019-09-20,ENDE ANDINA,G,SUR40,23:10,24:00,Reducción de potencia a 104 MW por límite de transferencia de la línea doble terna TAJ-YAG23001 y TAJ-YAG23002.
2019-09-21,ENDE ANDINA,G,SUR40,00:00,07:20,Reducción de potencia a 104 MW por límite de transferencia de la línea doble terna TAJ-YAG23001 y TAJ-YAG23002.
2019-09-21,ENDE ANDINA,G,SUR30,07:20,14:53,Reducción de potencia a 96 MW por límite de transferencia de la línea doble terna TAJ-YAG23001 y TAJ-YAG23002.
2019-09-21,ENDE ANDINA,G,SUR40,07:20,15:07,Reducción de potencia a 96 MW por límite de transferencia de la línea doble terna TAJ-YAG23001 y TAJ-YAG23002.
2019-09-21,ENDE ANDINA,G,SUR40,16:15,18:13,Reducción de potencia a 96 MW por límite de transferencia de la línea doble terna TAJ-YAG23001 y TAJ-YAG23002.
2019-09-21,ENDE ANDINA,G,SUR30,17:33,18:13,Reducción de potencia a 96 MW por límite de transferencia de la línea doble terna TAJ-YAG23001 y TAJ-YAG23002.
2019-09-21,ENDE ANDINA,G,SUR40,23:05,24:00,Reducción de potencia a 104 MW por límite de transferencia de la línea doble terna TAJ-YAG23001 y TAJ-YAG23002.
2019-09-22,ENDE ANDINA,G,SUR40,00:00,05:52,Reducción de potencia a 104 MW por límite de transferencia de la línea doble terna TAJ-YAG23001 y TAJ-YAG23002.
2019-09-22,ENDE ANDINA,G,SUR30,14:28,17:46,Reducción de potencia a 96 MW por límite de transferencia de la línea doble terna TAJ-YAG23001 y TAJ-YAG23002.
2019-09-22,ENDE ANDINA,G,SUR40,14:28,17:46,Reducción de potencia a 96 MW por límite de transferencia de la línea doble terna TAJ-YAG23001 y TAJ-YAG23002.
2019-09-22,ENDE ANDINA,G,SUR30,22:08,24:00,Reducción de potencia a 112 MW por límite de transferencia de la línea doble terna TAJ-YAG23001 y TAJ-YAG23002.
2019-09-22,ENDE ANDINA,G,SUR40,22:08,24:00,Reducción de potencia a 112 MW por límite de transferencia de la línea doble terna TAJ-YAG23001 y TAJ-YAG23002.
2019-09-23,ENDE ANDINA,G,SUR40,00:00,01:20,Reducción de potencia a 112 MW por límite de transferencia de la línea doble terna TAJ-YAG23001 y TAJ-YAG23002.
2019-09-23,ENDE ANDINA,G,SUR30,00:00,01:20,Reducción de potencia a 112 MW por límite de transferencia de la línea doble terna TAJ-YAG23001 y TAJ-YAG23002.
2019-09-23,ENDE ANDINA,G,SUR40,06:44,07:06,Reducción de potencia a 112 MW por límite de transferencia de la línea doble terna TAJ-YAG23001 y TAJ-YAG23002.
2019-09-23,ENDE ANDINA,G,SUR30,07:06,08:53,Reducción de potencia a 96 MW por límite de transferencia de la línea doble terna TAJ-YAG23001 y TAJ-YAG23002.
2019-09-23,ENDE ANDINA,G,SUR40,07:06,08:53,Reducción de potencia a 96 MW por límite de transferencia de la línea doble terna TAJ-YAG23001 y TAJ-YAG23002.
2019-09-23,ENDE ANDINA,G,SUR30,08:53,18:05,Reducción de potencia a 97 MW por límite de transferencia de la línea doble terna TAJ-YAG23001 y TAJ-YAG23002.
2019-09-23,ENDE ANDINA,G,SUR40,08:53,18:05,Reducción de potencia a 97 MW por límite de transferencia de la línea doble terna TAJ-YAG23001 y TAJ-YAG23002.
2019-09-24,ENDE ANDINA,G,SUR40,00:24,01:44,Reducción de potencia a 112 MW por límite de transferencia de la línea doble terna TAJ-YAG23001 y TAJ-YAG23002.
2019-09-24,ENDE ANDINA,G,SUR40,05:55,07:10,Reducción de potencia a 112 MW por límite de transferencia de la línea doble terna TAJ-YAG23001 y TAJ-YAG23002.
2019-09-24,ENDE ANDINA,G,SUR30,07:10,18:12,Reducción de potencia a 97 MW por límite de transferencia de la línea doble terna TAJ-YAG23001 y TAJ-YAG23002.
2019-09-24,ENDE ANDINA,G,SUR40,07:10,18:12,Reducción de potencia a 97 MW por límite de transferencia de la línea doble terna TAJ-YAG23001 y TAJ-YAG23002.
2019-09-25,ENDE ANDINA,G,SUR30,07:07,07:20,Reducción de potencia a 97 MW por límite de transferencia de la línea doble terna TAJ-YAG23001 y TAJ-YAG23002.
2019-09-25,ENDE ANDINA,G,SUR40,07:07,07:20,Reducción de potencia a 97 MW por límite de transferencia de la línea doble terna TAJ-YAG23001 y TAJ-YAG23002.
2019-09-25,ENDE ANDINA,G,SUR40,07:20,18:00,Reducción de potencia a 96 MW por límite de transferencia de la línea doble terna TAJ-YAG23001 y TAJ-YAG23002.
2019-09-25,ENDE ANDINA,G,SUR30,07:20,18:00,Reducción de potencia a 96 MW por límite de transferencia de la línea doble terna TAJ-YAG23001 y TAJ-YAG23002.
2019-09-25,ENDE ANDINA,G,SUR40,23:49,24:00,Reducción de potencia a 110 MW por límite de transferencia de la línea doble terna TAJ-YAG23001 y TAJ-YAG23002.
2019-09-26,ENDE ANDINA,G,SUR40,00:00,07:13,Reducción de potencia a 110 MW por límite de transferencia de la línea doble terna TAJ-YAG23001 y TAJ-YAG23002.
2019-09-26,ENDE ANDINA,G,SUR40,07:13,15:33,Reducción de potencia a 96 MW por límite de transferencia de la línea doble terna TAJ-YAG23001 y TAJ-YAG23002.
2019-09-26,ENDE ANDINA,G,SUR30,07:13,15:33,Reducción de potencia a 96 MW por límite de transferencia de la línea doble terna TAJ-YAG23001 y TAJ-YAG23002.
2019-09-26,ENDE ANDINA,G,SUR30,16:15,18:19,Reducción de potencia a 96 MW por límite de transferencia de la línea doble terna TAJ-YAG23001 y TAJ-YAG23002.
2019-09-26,ENDE ANDINA,G,SUR40,16:15,18:19,Reducción de potencia a 96 MW por límite de transferencia de la línea doble terna TAJ-YAG23001 y TAJ-YAG23002.
2019-09-27,ENDE ANDINA,G,SUR40,03:08,07:04,Reducción de potencia a 110 MW por límite de transferencia de la línea doble terna TAJ-YAG23001 y TAJ-YAG23002.
2019-09-27,ENDE ANDINA,G,SUR40,07:04,18:15,Reducción de potencia a 96 MW por límite de transferencia de la línea doble terna TAJ-YAG23001 y TAJ-YAG23002.
2019-09-27,ENDE ANDINA,G,SUR30,07:04,18:15,Reducción de potencia a 96 MW por límite de transferencia de la línea doble terna TAJ-YAG23001 y TAJ-YAG23002.
2019-09-28,ENDE ANDINA,G,SUR30,07:03,18:04,Reducción de potencia a 96 MW por límite de transferencia de la línea doble terna TAJ-YAG23001 y TAJ-YAG23002.
2019-09-28,ENDE ANDINA,G,SUR40,07:03,18:04,Reducción de potencia a 96 MW por límite de transferencia de la línea doble terna TAJ-YAG23001 y TAJ-YAG23002.
2019-09-29,ENDE ANDINA,G,SUR40,07:27,18:00,Reducción de potencia a 96 MW por límite de transferencia de la línea doble terna TAJ-YAG23001 y TAJ-YAG23002.
2019-09-29,ENDE ANDINA,G,SUR30,07:27,18:00,Reducción de potencia a 96 MW por límite de transferencia de la línea doble terna TAJ-YAG23001 y TAJ-YAG23002.
2019-09-30,ENDE ANDINA,G,SUR30,07:09,18:05,Reducción de potencia a 96 MW por límite de transferencia de la línea doble terna TAJ-YAG23001 y TAJ-YAG23002.
2019-09-30,ENDE ANDINA,G,SUR40,07:09,18:05,Reducción de potencia a 96 MW por límite de transferencia de la línea doble terna TAJ-YAG23001 y TAJ-YAG23002.
2019-10-01,ENDE ANDINA,G,SUR30,05:15,07:06,Reducción de potencia a 110 MW por límite de transferencia de la línea doble terna TAJ-YAG23001 y TAJ-YAG23002.
2019-10-01,ENDE ANDINA,G,SUR30,07:06,18:15,Reducción de potencia a 96 MW por límite de transferencia de la línea doble terna TAJ-YAG23001 y TAJ-YAG23002.
2019-10-01,ENDE ANDINA,G,SUR40,07:06,18:15,Reducción de potencia a 96 MW por límite de transferencia de la línea doble terna TAJ-YAG23001 y TAJ-YAG23002.
2019-10-01,ENDE ANDINA,G,SUR30,23:10,24:00,Reducción de potencia a 113 MW por límite de transferencia de la línea doble terna TAJ-YAG23001 y TAJ-YAG23002.
2019-10-02,ENDE ANDINA,G,SUR30,00:00,00:06,Reducción de potencia a 113 MW por límite de transferencia de la línea doble terna TAJ-YAG23001 y TAJ-YAG23002.
2019-10-02,ENDE ANDINA,G,SUR30,00:06,07:03,Reducción de potencia a 109 MW por límite de transferencia de la línea doble terna TAJ-YAG23001 y TAJ-YAG23002.
2019-10-02,ENDE ANDINA,G,SUR30,07:03,18:15,Reducción de potencia a 97 MW por límite de transferencia de la línea doble terna TAJ-YAG23001 y TAJ-YAG23002.
2019-10-02,ENDE ANDINA,G,SUR40,07:03,18:15,Reducción de potencia a 97 MW por límite de transferencia de la línea doble terna TAJ-YAG23001 y TAJ-YAG23002.
2019-10-02,ENDE ANDINA,G,SUR40,23:10,24:00,Reducción de potencia a 105 MW por límite de transferencia de la línea doble terna TAJ-YAG23001 y TAJ-YAG23002.
2019-10-03,ENDE ANDINA,G,SUR40,00:00,01:21,Reducción de potencia a 105 MW por límite de transferencia de la línea doble terna TAJ-YAG23001 y TAJ-YAG23002.
2019-10-03,ENDE ANDINA,G,SUR30,17:08,18:05,Reducción de potencia a 96 MW por límite de transferencia de la línea doble terna TAJ-YAG23001 y TAJ-YAG23002.
2019-10-03,ENDE ANDINA,G,SUR40,17:08,18:05,Reducción de potencia a 96 MW por límite de transferencia de la línea doble terna TAJ-YAG23001 y TAJ-YAG23002.
2019-10-04,ENDE ANDINA,G,SUR40,09:07,18:25,Reducción de potencia a 96 MW por límite de transferencia de la línea doble terna TAJ-YAG23001 y TAJ-YAG23002.
2019-10-04,ENDE ANDINA,G,SUR30,09:07,18:25,Reducción de potencia a 96 MW por límite de transferencia de la línea doble terna TAJ-YAG23001 y TAJ-YAG23002.
2019-10-07,ENDE ANDINA,G,SUR40,08:00,15:09,Reducción de potencia a 96 MW por límite de transferencia de la línea doble terna TAJ-YAG23001 y TAJ-YAG23002.
2019-10-07,ENDE ANDINA,G,SUR30,08:00,15:09,Reducción de potencia a 96 MW por límite de transferencia de la línea doble terna TAJ-YAG23001 y TAJ-YAG23002.
2019-10-08,ENDE ANDINA,G,SUR30,07:08,15:13,Reducción de potencia a 96 MW por límite de transferencia de la línea doble terna TAJ-YAG23001 y TAJ-YAG23002.
2019-10-08,ENDE ANDINA,G,SUR40,07:08,15:13,Reducción de potencia a 96 MW por límite de transferencia de la línea doble terna TAJ-YAG23001 y TAJ-YAG23002.
2019-10-08,ENDE ANDINA,G,SUR30,16:00,18:15,Reducción de potencia a 96 MW por límite de transferencia de la línea doble terna TAJ-YAG23001 y TAJ-YAG23002.
2019-10-08,ENDE ANDINA,G,SUR40,16:00,18:15,Reducción de potencia a 96 MW por límite de transferencia de la línea doble terna TAJ-YAG23001 y TAJ-YAG23002.
2019-10-09,ENDE ANDINA,G,SUR30,10:45,18:15,Reducción de potencia a 96 MW por límite de transferencia de la línea doble terna TAJ-YAG23001 y TAJ-YAG23002.
2019-10-09,ENDE ANDINA,G,SUR40,11:18,13:57,Reducción de potencia a 96 MW por límite de transferencia de la línea doble terna TAJ-YAG23001 y TAJ-YAG23002.
2019-10-09,ENDE ANDINA,G,SUR40,14:45,18:15,Reducción de potencia a 96 MW por límite de transferencia de la línea doble terna TAJ-YAG23001 y TAJ-YAG23002.
2019-10-10,ENDE ANDINA,G,SUR40,08:40,18:15,Reducción de potencia a 96 MW por límite de transferencia de la línea doble terna TAJ-YAG23001 y TAJ-YAG23002.
2019-10-10,ENDE ANDINA,G,SUR30,08:40,18:15,Reducción de potencia a 96 MW por límite de transferencia de la línea doble terna TAJ-YAG23001 y TAJ-YAG23002.
2019-10-11,ENDE ANDINA,G,SUR30,07:08,08:51,Reducción de potencia a 96 MW por límite de transferencia de la línea doble terna TAJ-YAG23001 y TAJ-YAG23002.
2019-10-11,ENDE ANDINA,G,SUR40,07:08,08:51,Reducción de potencia a 96 MW por límite de transferencia de la línea doble terna TAJ-YAG23001 y TAJ-YAG23002.
2019-10-11,ENDE ANDINA,G,SUR30,12:05,18:10,Reducción de potencia a 96 MW por límite de transferencia de la línea doble terna TAJ-YAG23001 y TAJ-YAG23002.
2019-10-11,ENDE ANDINA,G,SUR40,12:05,18:10,Reducción de potencia a 96 MW por límite de transferencia de la línea doble terna TAJ-YAG23001 y TAJ-YAG23002.
2019-10-12,ENDE ANDINA,G,SUR30,08:40,12:13,Reducción de potencia a 96 MW por límite de transferencia de la línea doble terna TAJ-YAG23001 y TAJ-YAG23002.
2019-10-12,ENDE ANDINA,G,SUR40,08:40,12:13,Reducción de potencia a 96 MW por límite de transferencia de la línea doble terna TAJ-YAG23001 y TAJ-YAG23002.
2019-10-12,ENDE ANDINA,G,SUR30,14:16,18:24,Reducción de potencia a 96 MW por límite de transferencia de la línea doble terna TAJ-YAG23001 y TAJ-YAG23002.
2019-10-12,ENDE ANDINA,G,SUR40,14:16,18:24,Reducción de potencia a 96 MW por límite de transferencia de la línea doble terna TAJ-YAG23001 y TAJ-YAG23002.
2019-10-14,ENDE ANDINA,G,SUR30,07:10,12:38,Reducción de potencia a 96 MW por límite de transferencia de la línea doble terna TAJ-YAG23001 y TAJ-YAG23002.
2019-10-14,ENDE ANDINA,G,SUR40,07:10,12:38,Reducción de potencia a 96 MW por límite de transferencia de la línea doble terna TAJ-YAG23001 y TAJ-YAG23002.
2019-10-14,ENDE ANDINA,G,SUR40,14:32,15:37,Reducción de potencia a 96 MW por límite de transferencia de la línea doble terna TAJ-YAG23001 y TAJ-YAG23002.
2019-10-14,ENDE ANDINA,G,SUR30,14:32,15:37,Reducción de potencia a 96 MW por límite de transferencia de la línea doble terna TAJ-YAG23001 y TAJ-YAG23002.
2019-10-15,ENDE ANDINA,G,SUR30,07:00,12:52,Reducción de potencia a 96 MW por límite de transferencia de la línea doble terna TAJ-YAG23001 y TAJ-YAG23002.
2019-10-15,ENDE ANDINA,G,SUR40,07:00,12:52,Reducción de potencia a 96 MW por límite de transferencia de la línea doble terna TAJ-YAG23001 y TAJ-YAG23002.
2019-10-15,ENDE ANDINA,G,SUR30,14:31,17:25,Reducción de potencia a 96 MW por límite de transferencia de la línea doble terna TAJ-YAG23001 y TAJ-YAG23002.
2019-10-15,ENDE ANDINA,G,SUR40,14:31,17:25,Reducción de potencia a 96 MW por límite de transferencia de la línea doble terna TAJ-YAG23001 y TAJ-YAG23002.
2019-10-16,ENDE ANDINA,G,SUR30,07:11,07:50,Reducción de potencia a 96 MW por límite de transferencia de la línea doble terna TAJ-YAG23001 y TAJ-YAG23002.
2019-10-16,ENDE ANDINA,G,SUR40,07:11,07:50,Reducción de potencia a 96 MW por límite de transferencia de la línea doble terna TAJ-YAG23001 y TAJ-YAG23002.
2019-10-16,ENDE ANDINA,G,SUR40,14:53,17:33,Reducción de potencia a 96 MW por límite de transferencia de la línea doble terna TAJ-YAG23001 y TAJ-YAG23002.
2019-10-16,ENDE ANDINA,G,SUR30,14:53,17:33,Reducción de potencia a 96 MW por límite de transferencia de la línea doble terna TAJ-YAG23001 y TAJ-YAG23002.
2019-10-17,ENDE ANDINA,G,SUR30,07:10,09:43,Reducción de potencia a 96 MW por límite de transferencia de la línea doble terna TAJ-YAG23001 y TAJ-YAG23002.
2019-10-17,ENDE ANDINA,G,SUR40,07:10,09:43,Reducción de potencia a 96 MW por límite de transferencia de la línea doble terna TAJ-YAG23001 y TAJ-YAG23002.
2019-10-17,ENDE ANDINA,G,SUR30,11:12,12:05,Reducción de potencia a 96 MW por límite de transferencia de la línea doble terna TAJ-YAG23001 y TAJ-YAG23002.
2019-10-17,ENDE ANDINA,G,SUR40,11:12,12:05,Reducción de potencia a 96 MW por límite de transferencia de la línea doble terna TAJ-YAG23001 y TAJ-YAG23002.
2019-10-22,ENDE ANDINA,G,SUR30,16:54,18:04,Reducción de potencia a 85 MW por límite de transferencia de la línea doble terna TAJ-YAG23001 y TAJ-YAG23002.
2019-10-25,ENDE ANDINA,G,SUR30,15:08,15:35,Reducción de potencia a 93 MW por límite de transferencia de la línea doble terna TAJ-YAG23001 y TAJ-YAG23002.
2019-10-27,ENDE ANDINA,G,SUR30,15:32,16:35,Reducción de potencia a 97 MW por límite de transferencia de la línea doble terna TAJ-YAG23001 y TAJ-YAG23002.
2019-10-28,ENDE ANDINA,G,SUR40,11:25,14:15,Reducción de potencia a 98 MW por límite de transferencia de la línea doble terna TAJ-YAG23001 y TAJ-YAG23002.
2019-10-29,ENDE ANDINA,G,SUR30,11:17,13:27,Reducción de potencia a 99 MW por límite de transferencia de la línea doble terna TAJ-YAG23001 y TAJ-YAG23002.
2019-10-29,ENDE ANDINA,G,SUR40,11:17,13:27,Reducción de potencia a 99 MW por límite de transferencia de la línea doble terna TAJ-YAG23001 y TAJ-YAG23002.
2019-10-29,ENDE ANDINA,G,SUR30,13:27,14:00,Reducción de potencia a 102 MW por límite de transferencia de la línea doble terna TAJ-YAG23001 y TAJ-YAG23002.
2019-10-29,ENDE ANDINA,G,SUR40,13:27,14:00,Reducción de potencia a 102 MW por límite de transferencia de la línea doble terna TAJ-YAG23001 y TAJ-YAG23002.
2019-10-30,ENDE ANDINA,G,SUR30,10:17,12:42,Reducción de potencia a 92 MW por límite de transferencia de la línea doble terna TAJ-YAG23001 y TAJ-YAG23002.
2019-10-30,ENDE ANDINA,G,SUR30,12:42,15:44,Reducción de potencia a 98 MW por límite de transferencia de la línea doble terna TAJ-YAG23001 y TAJ-YAG23002.
2019-10-31,ENDE ANDINA,G,SUR30,09:40,12:13,Reducción de potencia a 80.5 MW por límite de transferencia de la línea doble terna TAJ-YAG23001 y TAJ-YAG23002.
2019-10-31,ENDE ANDINA,G,SUR30,13:02,13:54,Reducción de potencia a 88 MW por límite de transferencia de la línea doble terna TAJ-YAG23001 y TAJ-YAG23002.
2019-10-31,ENDE ANDINA,G,SUR30,13:54,14:44,Reducción de potencia a 90 MW por límite de transferencia de la línea doble terna TAJ-YAG23001 y TAJ-YAG23002.
2019-10-31,ENDE ANDINA,G,SUR30,14:44,15:53,Reducción de potencia a 93 MW por límite de transferencia de la línea doble terna TAJ-YAG23001 y TAJ-YAG23002.
2019-10-31,ENDE ANDINA,G,WAR30,16:27,16:34,Reducción de potencia a 97 MW por límite de transferencia de la línea CAR-SAN230.
2019-10-31,ENDE ANDINA,G,WAR40,16:27,16:34,Reducción de potencia a 97 MW por límite de transferencia de la línea CAR-SAN230.
2019-11-05,ENDE ANDINA,G,SUR40,10:26,15:35,Reducción de potencia a 88 MW por límite de transferencia de la línea doble terna TAJ-YAG23001 y TAJ-YAG23002.
2020-03-02,ENDE ANDINA,G,SUR30,07:06,18:10,Reducción de potencia a 75.0 MW por límite de transferencia de la línea doble terna TAJ-YAG23001 y TAJ-YAG23002.
2020-03-03,ENDE ANDINA,G,SUR30,07:50,12:50,Reducción de potencia a 75.0 MW por límite de transferencia de la línea doble terna TAJ-YAG23001 y TAJ-YAG23002.
2020-03-03,ENDE ANDINA,G,SUR30,12:50,14:41,Reducción de potencia a 78.0 MW por límite de transferencia de la línea doble terna TAJ-YAG23001 y TAJ-YAG23002.
2020-03-03,ENDE ANDINA,G,SUR30,14:41,18:05,Reducción de potencia a 85.0 MW por límite de transferencia de la línea doble terna TAJ-YAG23001 y TAJ-YAG23002.
2020-03-04,ENDE ANDINA,G,SUR30,08:47,10:50,Reducción de potencia a 78.0 MW por límite de transferencia de la línea doble terna TAJ-YAG23001 y TAJ-YAG23002.
2020-03-04,ENDE ANDINA,G,SUR30,10:50,11:50,Reducción de potencia a 84.0 MW por límite de transferencia de la línea doble terna TAJ-YAG23001 y TAJ-YAG23002.
2020-03-04,ENDE ANDINA,G,SUR30,11:50,15:12,Reducción de potencia a 87.0 MW por límite de transferencia de la línea doble terna TAJ-YAG23001 y TAJ-YAG23002.
2020-03-04,ENDE ANDINA,G,SUR30,15:12,18:04,Reducción de potencia a 92.0 MW por límite de transferencia de la línea doble terna TAJ-YAG23001 y TAJ-YAG23002.
2020-03-05,ENDE ANDINA,G,SUR30,08:20,09:50,Reducción de potencia a 75.0 MW por límite de transferencia de la línea doble terna TAJ-YAG23001 y TAJ-YAG23002.
2020-03-05,ENDE ANDINA,G,SUR30,09:50,12:50,Reducción de potencia a 82.0 MW por límite de transferencia de la línea doble terna TAJ-YAG23001 y TAJ-YAG23002.
2020-03-05,ENDE ANDINA,G,SUR30,12:50,14:14,Reducción de potencia a 86.0 MW por límite de transferencia de la línea doble terna TAJ-YAG23001 y TAJ-YAG23002.
2020-03-05,ENDE ANDINA,G,SUR30,14:14,18:05,Reducción de potencia a 92.0 MW por límite de transferencia de la línea doble terna TAJ-YAG23001 y TAJ-YAG23002.
2020-03-06,ENDE ANDINA,G,SUR30,08:21,14:49,Reducción de potencia a 84.0 MW por límite de transferencia de la línea doble terna TAJ-YAG23001 y TAJ-YAG23002.
2020-03-06,ENDE VALLE HERMOSO,G,VHE03,10:00,15:16,Límite de transferencia de potencia en la línea en 230 kV San José - Villa Tunari.
2020-03-06,ENDE VALLE HERMOSO,G,VHE02,10:00,17:02,Límite de transferencia de potencia en la línea en 230 kV San José - Villa Tunari.
2020-03-06,ENDE VALLE HERMOSO,G,VHE01,10:00,17:02,Límite de transferencia de potencia en la línea en 230 kV San José - Villa Tunari.
2020-03-06,ENDE VALLE HERMOSO,G,VHE04,12:10,14:29,Límite de transferencia de potencia en la línea en 230 kV San José - Villa Tunari.
2020-03-06,ENDE VALLE HERMOSO,G,VHE05,12:10,14:29,Límite de transferencia de potencia en la línea en 230 kV San José - Villa Tunari.
2020-03-06,ENDE VALLE HERMOSO,G,VHE06,12:10,14:29,Límite de transferencia de potencia en la línea en 230 kV San José - Villa Tunari.
2020-03-06,ENDE VALLE HERMOSO,G,VHE08,12:10,14:29,Límite de transferencia de potencia en la línea en 230 kV San José - Villa Tunari.
2020-03-06,ENDE VALLE HERMOSO,G,VHE07,12:10,14:29,Límite de transferencia de potencia en la línea en 230 kV San José - Villa Tunari.
2020-03-06,ENDE ANDINA,G,SUR30,14:49,18:05,Reducción de potencia a 94.0 MW por límite de transferencia de la línea doble terna TAJ-YAG23001 y TAJ-YAG23002.
2020-03-07,ENDE VALLE HERMOSO,G,VHE01,00:00,01:30,Límite de transferencia de potencia en la línea en 230 kV San José - Villa Tunari.
2020-03-07,ENDE VALLE HERMOSO,G,VHE02,00:00,01:30,Límite de transferencia de potencia en la línea en 230 kV San José - Villa Tunari.
2020-03-07,ENDE VALLE HERMOSO,G,VHE04,00:15,01:45,Límite de transferencia de potencia en la línea en 230 kV San José - Villa Tunari.
2020-03-07,ENDE VALLE HERMOSO,G,VHE03,00:15,01:45,Límite de transferencia de potencia en la línea en 230 kV San José - Villa Tunari.
2020-03-07,ENDE ANDINA,G,SUR30,07:11,13:31,Reducción de potencia a 84.0 MW por límite de transferencia de la línea doble terna TAJ-YAG23001 y TAJ-YAG23002.
2020-03-07,ENDE VALLE HERMOSO,G,VHE04,08:41,16:21,Límite de transferencia de potencia en la línea en 230 kV San José - Villa Tunari.
2020-03-07,ENDE VALLE HERMOSO,G,VHE02,08:41,18:01,Límite de transferencia de potencia en la línea en 230 kV San José - Villa Tunari.
2020-03-07,ENDE VALLE HERMOSO,G,VHE01,08:41,18:01,Límite de transferencia de potencia en la línea en 230 kV San José - Villa Tunari.
2020-03-07,ENDE VALLE HERMOSO,G,VHE03,08:41,18:01,Límite de transferencia de potencia en la línea en 230 kV San José - Villa Tunari.
2020-03-07,ENDE ANDINA,G,SUR30,13:31,18:06,Reducción de potencia a 92.0 MW por límite de transferencia de la línea doble terna TAJ-YAG23001 y TAJ-YAG23002.
2020-03-07,ENDE VALLE HERMOSO,G,VHE02,23:15,24:00,Límite de transferencia de potencia en la línea en 230 kV San José - Villa Tunari.
2020-03-08,ENDE VALLE HERMOSO,G,VHE01,09:25,10:40,Límite de transferencia de potencia en la línea en 230 kV San José - Villa Tunari.
2020-03-08,ENDE VALLE HERMOSO,G,VHE02,09:25,10:40,Límite de transferencia de potencia en la línea en 230 kV San José - Villa Tunari.
2020-03-08,ENDE VALLE HERMOSO,G,VHE03,09:25,11:18,Límite de transferencia de potencia en la línea en 230 kV San José - Villa Tunari.
2020-03-08,ENDE VALLE HERMOSO,G,VHE04,09:25,12:26,Límite de transferencia de potencia en la línea en 230 kV San José - Villa Tunari.
2020-03-08,ENDE ANDINA,G,SUR30,10:16,12:00,Límite de transferencia de potencia en la línea en 115 kV Punutuma - Potosí.
2020-03-08,ENDE VALLE HERMOSO,G,VHE02,11:20,12:44,Límite de transferencia de potencia en la línea en 230 kV San José - Villa Tunari.
2020-03-08,ENDE VALLE HERMOSO,G,VHE01,11:20,12:44,Límite de transferencia de potencia en la línea en 230 kV San José - Villa Tunari.
2020-03-08,ENDE VALLE HERMOSO,G,VHE04,12:17,12:44,Límite de transferencia de potencia en la línea en 230 kV San José - Villa Tunari.
2020-03-08,ENDE VALLE HERMOSO,G,VHE03,12:17,12:44,Límite de transferencia de potencia en la línea en 230 kV San José - Villa Tunari.
2020-03-10,ENDE ANDINA,G,SUR40,10:15,13:16,Reducción de potencia a 84.0 MW por límite de transferencia de la línea doble terna TAJ-YAG23001 y TAJ-YAG23002.
2020-03-10,ENDE ANDINA,G,SUR40,13:16,18:01,Reducción de potencia a 97.0 MW por límite de transferencia de la línea doble terna TAJ-YAG23001 y TAJ-YAG23002.
2020-03-11,ENDE ANDINA,G,SUR30,07:00,10:55,Reducción de potencia a 84.0 MW por límite de transferencia de la línea doble terna TAJ-YAG23001 y TAJ-YAG23002.
2020-03-11,ENDE ANDINA,G,SUR30,10:55,18:03,Reducción de potencia a 93.0 MW por límite de transferencia de la línea doble terna TAJ-YAG23001 y TAJ-YAG23002.
2020-03-12,ENDE ANDINA,G,SUR30,08:20,10:53,Reducción de potencia a 84.0 MW por límite de transferencia de la línea doble terna TAJ-YAG23001 y TAJ-YAG23002.
2020-03-12,ENDE ANDINA,G,SUR30,10:53,18:04,Reducción de potencia a 94.0 MW por límite de transferencia de la línea doble terna TAJ-YAG23001 y TAJ-YAG23002.
2020-03-13,ENDE ANDINA,G,SUR30,08:12,14:09,Reducción de potencia a 86.0 MW del bloque CCSUR30 por límite de transferencia de la línea doble terna TAJ-YAG23001 y TAJ-YAG23002.
2020-03-13,ENDE ANDINA,G,SUR30,14:09,15:17,Reducción de potencia a 96.0 MW del bloque CCSUR30 por límite de transferencia de la línea doble terna TAJ-YAG23001 y TAJ-YAG23002.
2020-03-13,ENDE ANDINA,G,SUR30,15:17,18:08,Reducción de potencia a 100.0 MW del bloque CCSUR30 por límite de transferencia de la línea doble terna TAJ-YAG23001 y TAJ-YAG23002.
2020-03-14,ENDE ANDINA,G,SUR30,07:31,10:04,Reducción de potencia a 81.0 MW del bloque CCSUR30 por límite de transferencia de la línea doble terna TAJ-YAG23001 y TAJ-YAG23002.
2020-03-14,ENDE ANDINA,G,SUR30,10:04,13:25,Reducción de potencia a 90.0 MW del bloque CCSUR30 por límite de transferencia de la línea doble terna TAJ-YAG23001 y TAJ-YAG23002.
2020-03-14,ENDE ANDINA,G,SUR30,13:25,18:08,Reducción de potencia a 98.0 MW del bloque CCSUR30 por límite de transferencia de la línea doble terna TAJ-YAG23001 y TAJ-YAG23002.
2020-03-15,ENDE ANDINA,G,SUR30,09:02,17:46,Reducción de potencia a 82.0 MW por límite de transferencia de la línea doble terna TAJ-YAG23001 y TAJ-YAG23002.
2020-03-17,ENDE ANDINA,G,SUR40,08:02,16:22,Reducción de potencia a 79.0 MW del bloque CCSUR40 por límite de transferencia de la línea doble terna TAJ-YAG23001 y TAJ-YAG23002.
2020-03-18,ENDE ANDINA,G,SUR30,07:16,18:02,Reducción de potencia a 80.0 MW del bloque CCSUR40 por límite de transferencia de la línea doble terna TAJ-YAG23001 y TAJ-YAG23002.
2020-03-19,ENDE ANDINA,G,SUR30,07:27,18:00,Reducción de potencia a 80.0 MW del bloque CCSUR40 por límite de transferencia de la línea doble terna TAJ-YAG23001 y TAJ-YAG23002.
2020-03-20,ENDE ANDINA,G,SUR30,07:04,10:50,Reducción de potencia a 80.0 MW del bloque CCSUR30 por límite de transferencia de la línea doble terna TAJ-YAG23001 y TAJ-YAG23002.
2020-03-30,ENDE ANDINA,G,SUR30,17:20,17:38,Reducción de potencia a 82.0 MW por límite de transferencia de la línea doble terna TAJ-YAG23001 y TAJ-YAG23002.
2020-03-31,ENDE ANDINA,G,SUR40,14:43,15:10,Reducción de potencia a 90.0 MW por límite de transferencia de la línea doble terna TAJ-YAG23001 y TAJ-YAG23002.
2020-03-31,ENDE ANDINA,G,SUR40,15:10,17:15,Reducción de potencia a 96.0 MW por límite de transferencia de la línea doble terna TAJ-YAG23001 y TAJ-YAG23002.
2020-04-01,ENDE ANDINA,G,SUR40,14:03,14:55,Reducción de potencia a 90.0 MW por límite de transferencia de la línea POT-PUN115.
2020-04-01,ENDE ANDINA,G,SUR40,14:55,16:52,Reducción de potencia a 96.0 MW por límite de transferencia de la línea doble terna TAJ-YAG23001 y TAJ-YAG23002.
2020-04-02,ENDE ANDINA,G,SUR40,14:08,18:06,Reducción de potencia a 85.0 MW por límite de transferencia de la línea doble terna TAJ-YAG23001 y TAJ-YAG23002.
2020-04-02,ENDE ANDINA,G,SUR30,14:22,18:06,Reducción de potencia a 111.6 MW por límite de transferencia de la línea doble terna TAJ-YAG23001 y TAJ-YAG23002.
2020-04-13,ENDE ANDINA,G,SUR30,15:08,18:00,Reducción de potencia a 80.0 MW por límite de transferencia de la línea doble terna TAJ-YAG23001 y TAJ-YAG23002.
2020-04-22,ENDE ANDINA,G,SUR30,15:30,18:06,Reducción de potencia a 86.0 MW por límite de transferencia de la línea doble terna TAJ-YAG23001 y TAJ-YAG23002.
2020-04-23,ENDE ANDINA,G,SUR30,14:37,18:07,Reducción de potencia a 86.0 MW por límite de transferencia de la línea doble terna TAJ-YAG23001 y TAJ-YAG23002.
2020-04-25,ENDE ANDINA,G,SUR30,12:23,14:48,Reducción de potencia a 84.0 MW por límite de transferencia de la línea doble terna TAJ-YAG23001 y TAJ-YAG23002.
2020-04-27,ENDE ANDINA,G,SUR40,11:15,15:16,Reducción de potencia a 85.0 MW por límite de transferencia de la línea doble terna TAJ-YAG23001 y TAJ-YAG23002.
2020-04-27,ENDE ANDINA,G,SUR40,15:16,17:32,Reducción de potencia a 88.0 MW por límite de transferencia de la línea doble terna TAJ-YAG23001 y TAJ-YAG23002.
2020-04-28,ENDE ANDINA,G,SUR30,09:07,11:11,Reducción de potencia a 77.0 MW por límite de transferencia de la línea doble terna TAJ-YAG23001 y TAJ-YAG23002.
2020-04-28,ENDE ANDINA,G,SUR30,11:11,15:50,Reducción de potencia a 84.0 MW por límite de transferencia de la línea doble terna TAJ-YAG23001 y TAJ-YAG23002.
2020-04-28,ENDE ANDINA,G,SUR30,15:50,18:02,Reducción de potencia a 88.0 MW por límite de transferencia de la línea doble terna TAJ-YAG23001 y TAJ-YAG23002.
2020-04-29,ENDE ANDINA,G,SUR30,05:20,07:00,Reducción de potencia a 114 MW por límite de transferencia de la línea doble terna TAJ-YAG23001 y TAJ-YAG23002.
2020-04-29,ENDE ANDINA,G,SUR30,07:00,09:57,Reducción de potencia a 75 MW por límite de transferencia de la línea doble terna TAJ-YAG23001 y TAJ-YAG23002.
2020-04-29,ENDE ANDINA,G,SUR30,09:57,12:47,Reducción de potencia a 73 MW por límite de transferencia de la línea doble terna TAJ-YAG23001 y TAJ-YAG23002.
2020-04-29,ENDE ANDINA,G,SUR30,12:47,13:22,Reducción de potencia a 71 MW por límite de transferencia de la línea doble terna TAJ-YAG23001 y TAJ-YAG23002.
2020-05-31,ENDE ANDINA,G,SUR40,11:18,14:02,Reducción de potencia a 95 MW por límite de transferencia de la línea doble terna TAJ-YAG23001 y TAJ-YAG23002.
2020-05-31,ENDE ANDINA,G,SUR30,11:18,14:02,Reducción de potencia a 58 MW por límite de transferencia de la línea doble terna TAJ-YAG23001 y TAJ-YAG23002.
2020-05-31,ENDE ANDINA,G,SUR30,14:02,14:57,Reducción de potencia a 74 MW por límite de transferencia de la línea doble terna TAJ-YAG23001 y TAJ-YAG23002.
2020-05-31,ENDE ANDINA,G,SUR40,14:02,18:02,Reducción de potencia a 79.7 MW por límite de transferencia de la línea doble terna TAJ-YAG23001 y TAJ-YAG23002.
2020-05-31,ENDE ANDINA,G,SUR30,14:57,18:02,Reducción de potencia a 76 MW por límite de transferencia de la línea doble terna TAJ-YAG23001 y TAJ-YAG23002.
2020-05-31,ENDE ANDINA,G,SUR30,21:11,23:18,Reducción de potencia a 109 MW por límite de transferencia de la línea doble terna TAJ-YAG23001 y TAJ-YAG23002.
2020-05-31,ENDE ANDINA,G,SUR30,23:18,24:00,Reducción de potencia a 105 MW por límite de transferencia de la línea doble terna TAJ-YAG23001 y TAJ-YAG23002.
2020-06-01,ENDE ANDINA,G,SUR30,00:00,00:02,Reducción de potencia a 105 MW por límite de transferencia de la línea doble terna TAJ-YAG23001 y TAJ-YAG23002.
2020-06-01,ENDE ANDINA,G,SUR40,17:22,18:10,Reducción de potencia a 113 MW por límite de transferencia de la línea doble terna TAJ-YAG23001 y TAJ-YAG23002.
2020-06-01,ENDE ANDINA,G,SUR30,17:22,18:16,Reducción de potencia a 80.2 MW por límite de transferencia de la línea doble terna TAJ-YAG23001 y TAJ-YAG23002.
2020-06-02,ENDE ANDINA,G,SUR40,07:10,18:01,Reducción de potencia a 94 MW por límite de transferencia de la línea doble terna TAJ-YAG23001 y TAJ-YAG23002.
2020-06-02,ENDE ANDINA,G,SUR30,07:10,18:10,Reducción de potencia a 94 MW por límite de transferencia de la línea doble terna TAJ-YAG23001 y TAJ-YAG23002.
2020-06-03,ENDE ANDINA,G,SUR40,07:16,18:01,Reducción de potencia a 93.6 MW por límite de transferencia de la línea doble terna TAJ-YAG23001 y TAJ-YAG23002.
2020-06-03,ENDE ANDINA,G,SUR30,07:16,18:01,Reducción de potencia a 93.6 MW por límite de transferencia de la línea doble terna TAJ-YAG23001 y TAJ-YAG23002.
2020-06-04,ENDE ANDINA,G,SUR30,07:00,18:01,Reducción de potencia a 94 MW por límite de transferencia de la línea doble terna TAJ-YAG23001 y TAJ-YAG23002.
2020-06-04,ENDE ANDINA,G,SUR40,07:00,18:01,Reducción de potencia a 94 MW por límite de transferencia de la línea doble terna TAJ-YAG23001 y TAJ-YAG23002.
2020-06-05,ENDE ANDINA,G,SUR40,14:04,18:03,Reducción de potencia a 94 MW por límite de transferencia de la línea doble terna TAJ-YAG23001 y TAJ-YAG23002.
2020-06-05,ENDE ANDINA,G,SUR30,14:04,18:03,Reducción de potencia a 94 MW por límite de transferencia de la línea doble terna TAJ-YAG23001 y TAJ-YAG23002.
2020-06-06,ENDE ANDINA,G,SUR40,16:30,18:03,Reducción de potencia a 94 MW por límite de transferencia de la línea doble terna TAJ-YAG23001 y TAJ-YAG23002.
2020-06-06,ENDE ANDINA,G,SUR30,16:30,18:03,Reducción de potencia a 94 MW por límite de transferencia de la línea doble terna TAJ-YAG23001 y TAJ-YAG23002.
2020-06-07,ENDE ANDINA,G,SUR31,12:10,12:39,Reducción de potencia a 44 MW por límite de transferencia de la línea doble terna TAJ-YAG23001 y TAJ-YAG23002.
2020-06-07,ENDE ANDINA,G,SUR40,12:10,12:39,Reducción de potencia a 112 MW por límite de transferencia de la línea doble terna TAJ-YAG23001 y TAJ-YAG23002.
2020-06-07,ENDE ANDINA,G,SUR31,12:39,13:01,Reducción de potencia a 49 MW por límite de transferencia de la línea doble terna TAJ-YAG23001 y TAJ-YAG23002.
2020-06-07,ENDE ANDINA,G,SUR40,12:39,13:01,Reducción de potencia a 107 MW por límite de transferencia de la línea doble terna TAJ-YAG23001 y TAJ-YAG23002.
2020-06-07,ENDE ANDINA,G,SUR31,13:01,14:14,Reducción de potencia a 53 MW por límite de transferencia de la línea doble terna TAJ-YAG23001 y TAJ-YAG23002.
2020-06-07,ENDE ANDINA,G,SUR40,13:01,14:14,Reducción de potencia a 103 MW por límite de transferencia de la línea doble terna TAJ-YAG23001 y TAJ-YAG23002.
2020-06-07,ENDE ANDINA,G,SUR40,14:14,18:01,Reducción de potencia a 79 MW por límite de transferencia de la línea doble terna TAJ-YAG23001 y TAJ-YAG23002.
2020-06-07,ENDE ANDINA,G,SUR30,14:14,18:01,Reducción de potencia a 79 MW por límite de transferencia de la línea doble terna TAJ-YAG23001 y TAJ-YAG23002.
2020-06-07,ENDE ANDINA,G,SUR30,18:01,19:03,Reducción de potencia a 116 MW por límite de transferencia de la línea doble terna TAJ-YAG23001 y TAJ-YAG23002.
2020-06-07,ENDE ANDINA,G,SUR40,18:01,19:03,Reducción de potencia a 116 MW por límite de transferencia de la línea doble terna TAJ-YAG23001 y TAJ-YAG23002.
2020-06-07,ENDE ANDINA,G,SUR30,21:02,22:41,Reducción de potencia a 117 MW por límite de transferencia de la línea doble terna TAJ-YAG23001 y TAJ-YAG23002.
2020-06-07,ENDE ANDINA,G,SUR40,21:02,22:41,Reducción de potencia a 117 MW por límite de transferencia de la línea doble terna TAJ-YAG23001 y TAJ-YAG23002.
2020-06-08,ENDE ANDINA,G,SUR30,07:01,18:01,Reducción de potencia a 96 MW por límite de transferencia de la línea doble terna TAJ-YAG23001 y TAJ-YAG23002.
2020-06-08,ENDE ANDINA,G,SUR40,07:01,18:01,Reducción de potencia a 96 MW por límite de transferencia de la línea doble terna TAJ-YAG23001 y TAJ-YAG23002.
2020-06-08,ENDE ANDINA,G,SUR30,22:25,22:55,Reducción de potencia a 114 MW por límite de transferencia de la línea doble terna TAJ-YAG23001 y TAJ-YAG23002.
2020-09-21,ENDE ANDINA,G,SUR30,22:50,24:00,Reducción de potencia a 116 MW por límite de transferencia de la línea doble terna TAJ-YAG23001 y TAJ-YAG23002.
2020-09-22,ENDE ANDINA,G,SUR30,00:00,01:07,Reducción de potencia a 116 MW por límite de transferencia de la línea doble terna TAJ-YAG23001 y TAJ-YAG23002.
2020-09-22,ENDE ANDINA,G,SUR30,07:06,08:23,Reducción de potencia a 96 MW por límite de transferencia de la línea doble terna TAJ-YAG23001 y TAJ-YAG23002.
2020-09-22,ENDE ANDINA,G,SUR40,07:06,08:23,Reducción de potencia a 96 MW por límite de transferencia de la línea doble terna TAJ-YAG23001 y TAJ-YAG23002.
2020-09-22,ENDE ANDINA,G,SUR30,08:23,11:51,Reducción de potencia a 78 MW por límite de transferencia de la línea doble terna TAJ-YAG23001 y TAJ-YAG23002.
2020-09-22,ENDE ANDINA,G,SUR40,08:23,11:51,Reducción de potencia a 114 MW por límite de transferencia de la línea doble terna TAJ-YAG23001 y TAJ-YAG23002.
2020-09-22,ENDE ANDINA,G,SUR30,11:51,13:45,Reducción de potencia a 76 MW por límite de transferencia de la línea doble terna TAJ-YAG23001 y TAJ-YAG23002.
2020-09-22,ENDE ANDINA,G,SUR30,13:45,18:12,Reducción de potencia a 80 MW por límite de transferencia de la línea doble terna TAJ-YAG23001 y TAJ-YAG23002.
2020-09-23,ENDE ANDINA,G,SUR30,07:08,08:45,Reducción de potencia de CCSUR30 a 78.8 MW por límite de transferencia de la línea doble terna TAJ-YAG23001 y TAJ-YAG23002.
2020-09-23,ENDE ANDINA,G,SUR40,07:08,08:45,Reducción de potencia de CCSUR40 a 110 MW por límite de transferencia de la línea doble terna TAJ-YAG23001 y TAJ-YAG23002.
2020-09-23,ENDE ANDINA,G,SUR30,08:45,11:12,Reducción de potencia de CCSUR30 a 77.7 MW por límite de transferencia de la línea doble terna TAJ-YAG23001 y TAJ-YAG23002.
2020-09-23,ENDE ANDINA,G,SUR40,08:45,11:12,Reducción de potencia de CCSUR40 a 114 MW por límite de transferencia de la línea doble terna TAJ-YAG23001 y TAJ-YAG23002.
2020-09-23,ENDE ANDINA,G,SUR30,12:28,16:56,Reducción de potencia de CCSUR40 a 80 MW por límite de transferencia de la línea doble terna TAJ-YAG23001 y TAJ-YAG23002.
2020-09-23,ENDE ANDINA,G,SUR30,16:56,18:05,Reducción de potencia de CCSUR40 a 90 MW por límite de transferencia de la línea doble terna TAJ-YAG23001 y TAJ-YAG23002.
2020-09-24,ENDE ANDINA,G,SUR30,07:05,09:52,Reducción de potencia de CCSUR30 a 77.4 MW por límite de transferencia de la línea doble terna TAJ-YAG23001 y TAJ-YAG23002.
2020-09-24,ENDE ANDINA,G,SUR40,07:05,09:52,Reducción de potencia de CCSUR40 a 114 MW por límite de transferencia de la línea doble terna TAJ-YAG23001 y TAJ-YAG23002.
2020-09-24,ENDE ANDINA,G,SUR30,09:52,11:56,Reducción de potencia de CCSUR30 a 80 MW por límite de transferencia de la línea doble terna TAJ-YAG23001 y TAJ-YAG23002.
2020-09-24,ENDE ANDINA,G,SUR30,11:56,17:15,Reducción de potencia de CCSUR30 a 86 MW por límite de transferencia de la línea doble terna TAJ-YAG23001 y TAJ-YAG23002.
2020-09-24,ENDE ANDINA,G,SUR30,17:15,17:53,Reducción de potencia de CCSUR30 a 96 MW por límite de transferencia de la línea doble terna TAJ-YAG23001 y TAJ-YAG23002.
2020-09-24,ENDE ANDINA,G,SUR30,17:53,18:04,Reducción de potencia de CCSUR30 a 90 MW por límite de transferencia de la línea doble terna TAJ-YAG23001 y TAJ-YAG23002.
2020-09-25,ENDE ANDINA,G,SUR30,07:14,09:53,Reducción de potencia de CCSUR30 a 80 MW por límite de transferencia de la línea doble terna TAJ-YAG23001 y TAJ-YAG23002.
2020-09-25,ENDE ANDINA,G,SUR30,09:53,12:52,Reducción de potencia de CCSUR30 a 90 MW por límite de transferencia de la línea doble terna TAJ-YAG23001 y TAJ-YAG23002.
2020-09-25,ENDE ANDINA,G,SUR30,12:52,16:22,Reducción de potencia de CCSUR30 a 95 MW por límite de transferencia de la línea doble terna TAJ-YAG23001 y TAJ-YAG23002.
2020-09-26,ENDE ANDINA,G,SUR30,08:01,10:00,Reducción de potencia de CCSUR30 a 80 MW por límite de transferencia de la línea doble terna TAJ-YAG23001 y TAJ-YAG23002.
2020-09-26,ENDE ANDINA,G,SUR30,10:00,10:10,Reducción de potencia de CCSUR30 a 85 MW por límite de transferencia de la línea doble terna TAJ-YAG23001 y TAJ-YAG23002.
2020-09-26,ENDE ANDINA,G,SUR30,10:10,13:22,Reducción de potencia de CCSUR30 a 90 MW por límite de transferencia de la línea doble terna TAJ-YAG23001 y TAJ-YAG23002.
2020-09-26,ENDE ANDINA,G,SUR30,13:22,15:34,Reducción de potencia de CCSUR30 a 95 MW por límite de transferencia de la línea doble terna TAJ-YAG23001 y TAJ-YAG23002.
2020-09-26,ENDE ANDINA,G,SUR30,15:34,18:10,Reducción de potencia de CCSUR30 a 98 MW por límite de transferencia de la línea doble terna TAJ-YAG23001 y TAJ-YAG23002.
2020-09-27,ENDE ANDINA,G,SUR40,08:04,09:55,Reducción de potencia de CCSUR40 a 80 MW por límite de transferencia de la línea doble terna TAJ-YAG23001 y TAJ-YAG23002.
2020-09-27,ENDE ANDINA,G,SUR30,08:04,18:07,Reducción de potencia de CCSUR30 a 77 MW por límite de transferencia de la línea doble terna TAJ-YAG23001 y TAJ-YAG23002.
2020-09-27,ENDE ANDINA,G,SUR40,09:55,11:27,Reducción de potencia de CCSUR40 a 90 MW por límite de transferencia de la línea doble terna TAJ-YAG23001 y TAJ-YAG23002.
2020-09-27,ENDE ANDINA,G,SUR40,11:27,18:07,Reducción de potencia de CCSUR40 a 85 MW por límite de transferencia de la línea doble terna TAJ-YAG23001 y TAJ-YAG23002.
2020-09-27,ENDE ANDINA,G,SUR30,18:07,18:28,Reducción de potencia de CCSUR30 a 112 MW por límite de transferencia de la línea doble terna TAJ-YAG23001 y TAJ-YAG23002.
2020-09-28,ENDE ANDINA,G,SUR30,07:01,11:56,Reducción de potencia de CCSUR30 a 77 MW por límite de transferencia de la línea doble terna TAJ-YAG23001 y TAJ-YAG23002.
2020-09-28,ENDE ANDINA,G,SUR30,11:56,18:13,Reducción de potencia de CCSUR30 a 80 MW por límite de transferencia de la línea doble terna TAJ-YAG23001 y TAJ-YAG23002.
2020-09-29,ENDE ANDINA,G,SUR30,08:14,12:15,Reducción de potencia de CCSUR30 a 77 MW por límite de transferencia de la línea doble terna TAJ-YAG23001 y TAJ-YAG23002.
2020-09-29,ENDE ANDINA,G,SUR30,12:15,15:19,Reducción de potencia de CCSUR30 a 85 MW por límite de transferencia de la línea doble terna TAJ-YAG23001 y TAJ-YAG23002.
2020-09-29,ENDE ANDINA,G,SUR30,15:19,18:03,Reducción de potencia de CCSUR30 a 90 MW por límite de transferencia de la línea doble terna TAJ-YAG23001 y TAJ-YAG23002.
2020-10-01,ENDE ANDINA,G,SUR03,14:12,15:34,Reducción de potencia de CCSUR30 a 24 MW por límite de transferencia de la línea doble terna TAJ-YAG23001 y TAJ-YAG23002.
2020-10-01,ENDE ANDINA,G,SUR02,14:12,15:42,Reducción de potencia de CCSUR30 a 24 MW por límite de transferencia de la línea doble terna TAJ-YAG23001 y TAJ-YAG23002.
2020-10-01,ENDE ANDINA,G,SUR01,14:12,15:49,Reducción de potencia de CCSUR30 a 24 MW por límite de transferencia de la línea doble terna TAJ-YAG23001 y TAJ-YAG23002.
2020-10-01,ENDE ANDINA,G,SUR04,14:12,15:53,Reducción de potencia de CCSUR30 a 24 MW por límite de transferencia de la línea doble terna TAJ-YAG23001 y TAJ-YAG23002.
2020-10-01,ENDE ANDINA,G,SUR03,15:34,15:42,Reducción de potencia de CCSUR30 a 28 MW por límite de transferencia de la línea doble terna TAJ-YAG23001 y TAJ-YAG23002.
2020-10-01,ENDE ANDINA,G,SUR02,15:42,15:53,Reducción de potencia de CCSUR30 a 22 MW por límite de transferencia de la línea doble terna TAJ-YAG23001 y TAJ-YAG23002.
2020-10-01,ENDE ANDINA,G,SUR02,16:35,17:11,Reducción de potencia de CCSUR30 a 21 MW por límite de transferencia de la línea doble terna TAJ-YAG23001 y TAJ-YAG23002.
2020-10-01,ENDE ANDINA,G,SUR04,16:42,17:11,Reducción de potencia de CCSUR30 a 21 MW por límite de transferencia de la línea doble terna TAJ-YAG23001 y TAJ-YAG23002.
2020-10-01,ENDE ANDINA,G,SUR01,16:52,17:12,Reducción de potencia de CCSUR30 a 29 MW por límite de transferencia de la línea doble terna TAJ-YAG23001 y TAJ-YAG23002.
2020-10-04,ENDE ANDINA,G,SUR40,13:04,18:15,Reducción de potencia de CCSUR40 a 82 MW por límite de transferencia de la línea doble terna TAJ-YAG23001 y TAJ-YAG23002.
2020-10-04,ENDE ANDINA,G,SUR30,13:04,18:15,Reducción de potencia de CCSUR30 a 78 MW por límite de transferencia de la línea doble terna TAJ-YAG23001 y TAJ-YAG23002.
2020-10-05,ENDE ANDINA,G,SUR40,07:11,09:34,Reducción de potencia de CCSUR40 a 112 MW por límite de transferencia de la línea doble terna TAJ-YAG23001 y TAJ-YAG23002.
2020-10-05,ENDE ANDINA,G,SUR30,07:11,14:51,Reducción de potencia de CCSUR30 a 80 MW por límite de transferencia de la línea doble terna TAJ-YAG23001 y TAJ-YAG23002.
2020-10-05,ENDE ANDINA,G,SUR40,09:34,14:51,Reducción de potencia de CCSUR40 a 114 MW por límite de transferencia de la línea doble terna TAJ-YAG23001 y TAJ-YAG23002.
2020-10-05,ENDE ANDINA,G,SUR30,14:51,16:35,Reducción de potencia de CCSUR30 a 78 MW por límite de transferencia de la línea doble terna TAJ-YAG23001 y TAJ-YAG23002.
2020-10-05,ENDE ANDINA,G,SUR30,16:35,18:15,Reducción de potencia de CCSUR30 a 81 MW por límite de transferencia de la línea doble terna TAJ-YAG23001 y TAJ-YAG23002.
2020-10-06,ENDE ANDINA,G,SUR40,07:03,10:59,Reducción de potencia de CCSUR40 a 114 MW por límite de transferencia de la línea doble terna TAJ-YAG23001 y TAJ-YAG23002.
2020-10-06,ENDE ANDINA,G,SUR30,07:03,11:59,Reducción de potencia de CCSUR30 a 80 MW por límite de transferencia de la línea doble terna TAJ-YAG23001 y TAJ-YAG23002.
2020-10-06,ENDE ANDINA,G,SUR40,10:59,11:59,Reducción de potencia de CCSUR40 a 116 MW por límite de transferencia de la línea doble terna TAJ-YAG23001 y TAJ-YAG23002.
2020-10-06,ENDE ANDINA,G,SUR30,11:59,16:02,Reducción de potencia de CCSUR30 a 78 MW por límite de transferencia de la línea doble terna TAJ-YAG23001 y TAJ-YAG23002.
2020-10-06,ENDE ANDINA,G,SUR30,16:02,18:15,Reducción de potencia de CCSUR30 a 80 MW por límite de transferencia de la línea doble terna TAJ-YAG23001 y TAJ-YAG23002.
2020-10-07,ENDE ANDINA,G,SUR30,07:24,09:59,Reducción de potencia de CCSUR30 a 80 MW por límite de transferencia de la línea doble terna TAJ-YAG23001 y TAJ-YAG23002.
2020-10-07,ENDE ANDINA,G,SUR30,09:59,14:49,Reducción de potencia de CCSUR30 a 83 MW por límite de transferencia de la línea doble terna TAJ-YAG23001 y TAJ-YAG23002.
2020-10-07,ENDE ANDINA,G,SUR30,14:49,15:19,Reducción de potencia de CCSUR30 a 86 MW por límite de transferencia de la línea doble terna TAJ-YAG23001 y TAJ-YAG23002.
2020-10-07,ENDE ANDINA,G,SUR30,15:19,15:55,Reducción de potencia de CCSUR30 a 89 MW por límite de transferencia de la línea doble terna TAJ-YAG23001 y TAJ-YAG23002.
2020-10-07,ENDE ANDINA,G,SUR30,15:55,18:15,Reducción de potencia de CCSUR30 a 93 MW por límite de transferencia de la línea doble terna TAJ-YAG23001 y TAJ-YAG23002.
2020-10-08,ENDE ANDINA,G,SUR30,07:13,08:47,Reducción de potencia de CCSUR30 a 78 MW por límite de transferencia de la línea doble terna TAJ-YAG23001 y TAJ-YAG23002.
2020-10-08,ENDE ANDINA,G,SUR30,08:47,10:56,Reducción de potencia de CCSUR30 a 85 MW por límite de transferencia de la línea doble terna TAJ-YAG23001 y TAJ-YAG23002.
2020-10-08,ENDE ANDINA,G,SUR30,10:56,12:42,Reducción de potencia de CCSUR30 a 89 MW por límite de transferencia de la línea doble terna TAJ-YAG23001 y TAJ-YAG23002.
2020-10-08,ENDE ANDINA,G,SUR30,12:42,18:15,Reducción de potencia de CCSUR30 a 92 MW por límite de transferencia de la línea doble terna TAJ-YAG23001 y TAJ-YAG23002.
2020-10-09,ENDE ANDINA,G,SUR30,07:15,08:14,Reducción de potencia de CCSUR30 a 80 MW por límite de transferencia de la línea doble terna TAJ-YAG23001 y TAJ-YAG23002.
2020-10-09,ENDE ANDINA,G,SUR30,08:14,11:55,Reducción de potencia de CCSUR30 a 87 MW por límite de transferencia de la línea doble terna TAJ-YAG23001 y TAJ-YAG23002.
2020-10-09,ENDE ANDINA,G,SUR30,11:55,15:21,Reducción de potencia de CCSUR30 a 92 MW por límite de transferencia de la línea doble terna TAJ-YAG23001 y TAJ-YAG23002.
2020-10-09,ENDE ANDINA,G,SUR30,15:21,17:22,Reducción de potencia de CCSUR30 a 91 MW por límite de transferencia de la línea doble terna TAJ-YAG23001 y TAJ-YAG23002.
2020-10-09,ENDE ANDINA,G,SUR30,17:22,18:10,Reducción de potencia de CCSUR30 a 87 MW por límite de transferencia de la línea doble terna TAJ-YAG23001 y TAJ-YAG23002.
2020-10-10,ENDE ANDINA,G,SUR30,07:15,11:11,Reducción de potencia de CCSUR30 a 80 MW por límite de transferencia de la línea doble terna TAJ-YAG23001 y TAJ-YAG23002.
2020-10-10,ENDE ANDINA,G,SUR30,11:11,18:11,Reducción de potencia de CCSUR30 a 87 MW por límite de transferencia de la línea doble terna TAJ-YAG23001 y TAJ-YAG23002.
2020-10-11,ENDE ANDINA,G,SUR40,06:12,15:58,Reducción de potencia por mantenimiento de línea en 230 kV Sucre-Punutuma.
2020-10-11,ENDE ANDINA,G,SUR30,06:12,15:58,Reducción de potencia por mantenimiento de línea en 230 kV Sucre-Punutuma.
2020-10-12,ENDE ANDINA,G,SUR30,07:15,12:05,Reducción de potencia de CCSUR30 a 80 MW por límite de transferencia de la línea doble terna TAJ-YAG23001 y TAJ-YAG23002.
2020-10-12,ENDE ANDINA,G,SUR30,12:05,15:06,Reducción de potencia de CCSUR30 a 87 MW por límite de transferencia de la línea doble terna TAJ-YAG23001 y TAJ-YAG23002.
2020-10-12,ENDE ANDINA,G,SUR30,15:06,18:03,Reducción de potencia de CCSUR30 a 91 MW por límite de transferencia de la línea doble terna TAJ-YAG23001 y TAJ-YAG23002.
2020-10-13,ENDE ANDINA,G,SUR30,07:00,07:47,Reducción de potencia de CCSUR30 a 77 MW por límite de transferencia de la línea doble terna TAJ-YAG23001 y TAJ-YAG23002.
2020-10-13,ENDE ANDINA,G,SUR30,07:47,10:35,Reducción de potencia de CCSUR30 a 82 MW por límite de transferencia de la línea doble terna TAJ-YAG23001 y TAJ-YAG23002.
2020-10-13,ENDE ANDINA,G,SUR30,10:35,18:00,Reducción de potencia de CCSUR30 a 88 MW por límite de transferencia de la línea doble terna TAJ-YAG23001 y TAJ-YAG23002.
2020-10-14,ENDE ANDINA,G,SUR30,07:15,09:55,Reducción de potencia de CCSUR30 a 85 MW por límite de transferencia de la línea doble terna TAJ-YAG23001 y TAJ-YAG23002.
2020-10-14,ENDE ANDINA,G,SUR30,09:55,11:01,Reducción de potencia de CCSUR30 a 90 MW por límite de transferencia de la línea doble terna TAJ-YAG23001 y TAJ-YAG23002.
2020-10-14,ENDE ANDINA,G,SUR30,11:01,15:57,Reducción de potencia de CCSUR30 a 95 MW por límite de transferencia de la línea doble terna TAJ-YAG23001 y TAJ-YAG23002.
2020-10-14,ENDE ANDINA,G,SUR30,16:30,18:01,Reducción de potencia de CCSUR30 a 98 MW por límite de transferencia de la línea doble terna TAJ-YAG23001 y TAJ-YAG23002.
2020-10-15,ENDE ANDINA,G,SUR30,07:00,11:31,Reducción de potencia de CCSUR30 a 77 MW por límite de transferencia de la línea doble terna TAJ-YAG23001 y TAJ-YAG23002.
2020-10-15,ENDE ANDINA,G,SUR30,11:31,18:01,Reducción de potencia de CCSUR30 a 81 MW por límite de transferencia de la línea doble terna TAJ-YAG23001 y TAJ-YAG23002.
2020-10-16,ENDE ANDINA,G,SUR30,07:03,09:45,Reducción de potencia de CCSUR30 a 78.3 MW por límite de transferencia de la línea doble terna TAJ-YAG23001 y TAJ-YAG23002.
2020-10-16,ENDE ANDINA,G,SUR40,07:03,09:45,Reducción de potencia de CCSUR40 a 115 MW por límite de transferencia de la línea doble terna TAJ-YAG23001 y TAJ-YAG23002.
2020-10-16,ENDE ANDINA,G,SUR30,09:45,14:46,Reducción de potencia de CCSUR30 a 79 MW por límite de transferencia de la línea doble terna TAJ-YAG23001 y TAJ-YAG23002.
2020-10-16,ENDE ANDINA,G,SUR30,14:46,18:05,Reducción de potencia de CCSUR30 a 84 MW por límite de transferencia de la línea doble terna TAJ-YAG23001 y TAJ-YAG23002.
2020-10-17,ENDE ANDINA,G,SUR30,08:00,09:19,Reducción de potencia de CCSUR30 a 77 MW por límite de transferencia de la línea doble terna TAJ-YAG23001 y TAJ-YAG23002.
2020-10-19,ENDE ANDINA,G,SUR30,09:20,10:48,Reducción de potencia de CCSUR30 a 86 MW por límite de transferencia de la línea doble terna TAJ-YAG23001 y TAJ-YAG23002.
2020-10-19,ENDE ANDINA,G,SUR30,10:48,11:01,Reducción de potencia de CCSUR30 a 88 MW por límite de transferencia de la línea doble terna TAJ-YAG23001 y TAJ-YAG23002.
2020-10-19,ENDE ANDINA,G,SUR30,11:01,14:41,Reducción de potencia de CCSUR30 a 95 MW por límite de transferencia de la línea doble terna TAJ-YAG23001 y TAJ-YAG23002.
2020-10-20,ENDE ANDINA,G,SUR40,09:11,09:54,Reducción de potencia de CCSUR40 a 95 MW por límite de transferencia de la línea POT-PUN115.
2020-10-20,ENDE ANDINA,G,SUR30,09:11,11:55,Reducción de potencia de CCSUR30 a 76 MW por límite de transferencia de la línea POT-PUN115.
2020-10-20,ENDE ANDINA,G,SUR40,09:54,10:10,Reducción de potencia de CCSUR40 a 105 MW por límite de transferencia de la línea POT-PUN115.
2020-10-20,ENDE ANDINA,G,SUR30,11:55,12:15,Reducción de potencia de CCSUR30 a 80 MW por límite de transferencia de la línea POT-PUN115.
2020-10-20,ENDE ANDINA,G,SUR40,12:15,12:30,Reducción de potencia de CCSUR40 a 95 MW por límite de transferencia de la línea POT-PUN115.
2020-10-20,ENDE ANDINA,G,SUR30,12:15,15:31,Reducción de potencia de CCSUR30 a 76 MW por límite de transferencia de la línea POT-PUN115.
2020-10-20,ENDE ANDINA,G,SUR40,12:30,13:30,Reducción de potencia de CCSUR40 a 90 MW por límite de transferencia de la línea POT-PUN115.
2020-10-20,ENDE ANDINA,G,SUR30,15:31,17:02,Reducción de potencia de CCSUR30 a 80 MW por límite de transferencia de la línea POT-PUN115.
2020-10-20,ENDE ANDINA,G,SUR30,19:20,22:27,Reducción de potencia de CCSUR30 a 105 MW por límite de transferencia de la línea POT-PUN115.
2020-10-20,ENDE ANDINA,G,SUR30,22:27,22:30,Reducción de potencia de CCSUR30 a 108 MW por límite de transferencia de la línea POT-PUN115.
2020-10-21,ENDE ANDINA,G,SUR30,07:35,11:35,Reducción de potencia de CCSUR30 a 82 MW por límite de transferencia de la línea doble terna TAJ-YAG23001 y TAJ-YAG23002.
2020-10-21,ENDE ANDINA,G,SUR30,11:35,11:57,Reducción de potencia de CCSUR30 a 91 MW por límite de transferencia de la línea doble terna TAJ-YAG23001 y TAJ-YAG23002.
2020-10-22,ENDE ANDINA,G,SUR30,08:03,09:45,Reducción de potencia de CCSUR30 a 77 MW por límite de transferencia de la línea doble terna TAJ-YAG23001 y TAJ-YAG23002.
2020-10-22,ENDE ANDINA,G,SUR30,09:45,10:55,Reducción de potencia de CCSUR30 a 85 MW por límite de transferencia de la línea doble terna TAJ-YAG23001 y TAJ-YAG23002.
2020-10-22,ENDE ANDINA,G,SUR30,10:55,18:05,Reducción de potencia de CCSUR30 a 90 MW por límite de transferencia de la línea doble terna TAJ-YAG23001 y TAJ-YAG23002.
2020-10-23,ENDE ANDINA,G,SUR30,08:05,08:57,Reducción de potencia de CCSUR30 a 80 MW por límite de transferencia de la línea doble terna TAJ-YAG23001 y TAJ-YAG23002.
2020-10-23,ENDE ANDINA,G,SUR30,08:57,11:01,Reducción de potencia de CCSUR30 a 85 MW por límite de transferencia de la línea doble terna TAJ-YAG23001 y TAJ-YAG23002.
2020-10-23,ENDE ANDINA,G,SUR30,11:01,13:31,Reducción de potencia de CCSUR30 a 90 MW por límite de transferencia de la línea doble terna TAJ-YAG23001 y TAJ-YAG23002.
2020-10-23,ENDE ANDINA,G,SUR30,13:31,17:46,Reducción de potencia de CCSUR30 a 94 MW por límite de transferencia de la línea doble terna TAJ-YAG23001 y TAJ-YAG23002.
2020-10-24,ENDE ANDINA,G,SUR30,07:01,09:08,Reducción de potencia de CCSUR30 a 80 MW por límite de transferencia de la línea doble terna TAJ-YAG23001 y TAJ-YAG23002.
2020-10-24,ENDE ANDINA,G,SUR30,09:08,12:50,Reducción de potencia de CCSUR30 a 85 MW por límite de transferencia de la línea doble terna TAJ-YAG23001 y TAJ-YAG23002.
2020-10-24,ENDE ANDINA,G,SUR30,12:50,15:16,Reducción de potencia de CCSUR30 a 90 MW por límite de transferencia de la línea doble terna TAJ-YAG23001 y TAJ-YAG23002.
2020-10-24,ENDE ANDINA,G,SUR30,15:16,18:06,Reducción de potencia de CCSUR30 a 95 MW por límite de transferencia de la línea doble terna TAJ-YAG23001 y TAJ-YAG23002.
2020-10-25,ENDE ANDINA,G,SUR40,10:05,15:37,Reducción de potencia de CCSUR40 a 94 MW por límite de transferencia de la línea doble terna TAJ-YAG23001 y TAJ-YAG23002.
2020-10-25,ENDE ANDINA,G,SUR30,10:05,15:37,Reducción de potencia de CCSUR30 a 74 MW por límite de transferencia de la línea doble terna TAJ-YAG23001 y TAJ-YAG23002.
2020-10-26,ENDE ANDINA,G,SUR30,07:10,13:31,Reducción de potencia de CCSUR30 a 78 MW por límite de transferencia de la línea doble terna TAJ-YAG23001 y TAJ-YAG23002.
2020-10-26,ENDE ANDINA,G,SUR30,13:31,17:33,Reducción de potencia de CCSUR30 a 80 MW por límite de transferencia de la línea doble terna TAJ-YAG23001 y TAJ-YAG23002.
2020-10-26,ENDE ANDINA,G,SUR30,17:33,18:00,Reducción de potencia de CCSUR30 a 85 MW por límite de transferencia de la línea doble terna TAJ-YAG23001 y TAJ-YAG23002.
2020-10-27,ENDE ANDINA,G,SUR30,08:34,13:53,Reducción de potencia de CCSUR30 a 80 MW por límite de transferencia de la línea doble terna TAJ-YAG23001 y TAJ-YAG23002.
2020-10-27,ENDE ANDINA,G,SUR30,13:53,15:01,Reducción de potencia de CCSUR30 a 85 MW por límite de transferencia de la línea doble terna TAJ-YAG23001 y TAJ-YAG23002.
2020-10-27,ENDE ANDINA,G,SUR30,15:01,18:00,Reducción de potencia de CCSUR30 a 90 MW por límite de transferencia de la línea doble terna TAJ-YAG23001 y TAJ-YAG23002.
2020-10-28,ENDE ANDINA,G,SUR30,08:16,09:48,Reducción de potencia de CCSUR30 a 80 MW por límite de transferencia de la línea doble terna TAJ-YAG23001 y TAJ-YAG23002.
2020-10-28,ENDE ANDINA,G,SUR30,09:48,13:31,Reducción de potencia de CCSUR30 a 85 MW por límite de transferencia de la línea doble terna TAJ-YAG23001 y TAJ-YAG23002.
2020-10-28,ENDE ANDINA,G,SUR30,13:31,18:00,Reducción de potencia de CCSUR30 a 90 MW por límite de transferencia de la línea doble terna TAJ-YAG23001 y TAJ-YAG23002.
2020-10-29,ENDE ANDINA,G,SUR30,07:16,14:55,Reducción de potencia de CCSUR30 a 78 MW por límite de transferencia de la línea doble terna TAJ-YAG23001 y TAJ-YAG23002.
2020-10-29,ENDE ANDINA,G,SUR30,14:55,18:00,Reducción de potencia de CCSUR30 a 79.4 MW por límite de transferencia de la línea doble terna TAJ-YAG23001 y TAJ-YAG23002.
2020-10-29,ENDE ANDINA,G,SUR40,14:55,18:00,Reducción de potencia de CCSUR30 a 112.0 MW por límite de transferencia de la línea doble terna TAJ-YAG23001 y TAJ-YAG23002.
2020-10-29,ENDE ANDINA,G,SUR30,22:27,24:00,Reducción de potencia de CCSUR30 a 115.0 MW por límite de transferencia de la línea doble terna TAJ-YAG23001 y TAJ-YAG23002.
2020-10-30,ENDE ANDINA,G,SUR30,00:00,02:22,Reducción de potencia de CCSUR30 a 115.0 MW por límite de transferencia de la línea doble terna TAJ-YAG23001 y TAJ-YAG23002.
2020-10-30,ENDE ANDINA,G,SUR30,07:00,15:05,Reducción de potencia de CCSUR30 a 78.5 MW por límite de transferencia de la línea doble terna TAJ-YAG23001 y TAJ-YAG23002.
2020-10-30,ENDE ANDINA,G,SUR30,15:05,18:13,Reducción de potencia de CCSUR30 a 80.0 MW por límite de transferencia de la línea doble terna TAJ-YAG23001 y TAJ-YAG23002.
2020-10-31,ENDE ANDINA,G,SUR40,07:00,08:15,Reducción de potencia de CCSUR40 a 115.0 MW por límite de transferencia de la línea doble terna TAJ-YAG23001 y TAJ-YAG23002.
2020-10-31,ENDE ANDINA,G,SUR30,07:00,15:05,Reducción de potencia de CCSUR30 a 78.5 MW por límite de transferencia de la línea doble terna TAJ-YAG23001 y TAJ-YAG23002.
2020-10-31,CECBB,G,BUL03,08:00,09:01,"BUL03 operó con 30.0 MW, por límite de transferencia de la línea en 230 kV Carrasco-Chimoré."
2020-10-31,CECBB,G,BUL02,08:00,09:01,"BUL02 operó con 27.0 MW, por límite de transferencia de la línea en 230 kV Carrasco-Chimoré."
2020-10-31,ENDE ANDINA,G,WAR40,08:00,09:40,"CCWAR40 operó con 81 MW, por límite de transferencia de la línea en 230 kV Carrasco-Chimoré."
2020-10-31,ENDE ANDINA,G,ERI40,09:01,09:40,"CCERI40 operó con 83.9 MW, por límite de transferencia de la línea en 230 kV Carrasco-Chimoré."
2020-10-31,ENDE ANDINA,G,SUR40,09:01,15:05,Reducción de potencia de CCSUR40 a 114.0 MW por límite de transferencia de la línea doble terna TAJ-YAG23001 y TAJ-YAG23002.
2020-10-31,ENDE ANDINA,G,ERI40,09:40,10:02,"CCERI40 operó con a 81.6 MW, por límite de transferencia de la línea en 230 kV Carrasco-Chimoré."
2020-10-31,ENDE ANDINA,G,WAR40,09:40,10:02,"CCWAR40 operó con 105 MW, por límite de transferencia de la línea en 230 kV Carrasco-Chimoré."
2020-10-31,CECBB,G,BUL03,10:02,10:31,"BUL03 operó con 30.0 MW, por límite de transferencia de la línea en 230 kV Carrasco-Chimoré."
2020-10-31,CECBB,G,BUL01,10:02,10:31,"BUL01 operó con 27.0 MW, por límite de transferencia de la línea en 230 kV Carrasco-Chimoré."
2020-10-31,CECBB,G,BUL02,10:02,10:31,"BUL02 operó con 27.0 MW, por límite de transferencia de la línea en 230 kV Carrasco-Chimoré."
2020-10-31,ENDE ANDINA,G,WAR40,10:02,10:55,"CCWAR40 operó con 85.0 MW, por límite de transferencia de la línea en 230 kV Carrasco-Chimoré."
2020-10-31,ENDE ANDINA,G,ERI40,10:31,11:21,"CCERI40 operó con 81.6 MW, por límite de transferencia de la línea en 230 kV Carrasco-Chimoré."
2020-10-31,ENDE ANDINA,G,WAR40,10:55,11:21,"CCWAR40 operó con 100.0 MW, por límite de transferencia de la línea en 230 kV Carrasco-Chimoré."
2020-10-31,CECBB,G,BUL02,10:55,11:41,"BUL02 operó con 29.0 MW, por límite de transferencia de la línea en 230 kV Carrasco-Chimoré."
2020-10-31,ENDE ANDINA,G,WAR40,11:21,11:41,"CCWAR40 operó con 112.0 MW, por límite de transferencia de la línea en 230 kV Carrasco-Chimoré."
2020-10-31,ENDE ANDINA,G,ERI40,11:21,16:28,"CCERI40 operó con 80.5.0 MW, por límite de transferencia de la línea en 230 kV Carrasco-Chimoré."
2020-10-31,ENDE ANDINA,G,WAR40,11:41,13:17,"CCWAR40 operó con 106.0 MW, por límite de transferencia de la línea en 230 kV Carrasco-Chimoré."
2020-10-31,ENDE ANDINA,G,WAR40,13:17,13:40,"CCWAR40 operó con 85.0 MW, por límite de transferencia de la línea en 230 kV Carrasco-Chimoré."
2020-10-31,ENDE ANDINA,G,WAR40,13:40,16:28,"CCWAR40 operó con 89.0 MW, por límite de transferencia de la línea en 230 kV Carrasco-Chimoré."
2020-10-31,ENDE ANDINA,G,SUR30,15:05,16:55,Reducción de potencia de CCSUR30 a 80 MW por límite de transferencia de la línea doble terna TAJ-YAG23001 y TAJ-YAG23002.
2020-10-31,ENDE ANDINA,G,WAR10,20:09,21:15,"CCWAR10 operó con 105 MW, por límite de transferencia de la línea en 230 kV Carrasco-Chimoré."
2020-10-31,ENDE ANDINA,G,ERI31,20:09,21:15,"CCERI31 operó con 47 MW, por límite de transferencia de la línea en 230 kV Carrasco-Chimoré."
2020-10-31,ENDE ANDINA,G,WAR10,21:15,21:25,"CCWAR10 operó con 95 MW, por límite de transferencia de la línea en 230 kV Carrasco-Chimoré."
2020-10-31,ENDE ANDINA,G,WAR10,21:25,22:50,"CCWAR10 operó con 85 MW, por límite de transferencia de la línea en 230 kV Carrasco-Chimoré."
2020-11-02,ENDE ANDINA,G,WAR10,01:38,01:54,"CCWAR10 operó con 105 MW, por límite de transferencia de la línea en 230 kV Carrasco-Chimoré."
2020-11-02,ENDE ANDINA,G,WAR10,01:54,02:26,"CCWAR10 operó con 100 MW, por límite de transferencia de la línea en 230 kV Carrasco-Chimoré."
2020-11-02,ENDE ANDINA,G,WAR10,02:26,03:06,"CCWAR10 operó con 95 MW, por límite de transferencia de la línea en 230 kV Carrasco-Chimoré."
2020-11-02,ENDE ANDINA,G,WAR10,03:06,05:50,"CCWAR10 operó con 77 MW, por límite de transferencia de la línea en 230 kV Carrasco-Chimoré."
2020-11-02,ENDE ANDINA,G,WAR40,04:38,05:20,"CCWAR40 operó con 110 MW, por límite de transferencia de la línea en 230 kV Carrasco-Chimoré."
2020-11-02,ENDE ANDINA,G,WAR40,05:20,05:34,"CCWAR40 operó con 95 MW, por límite de transferencia de la línea en 230 kV Carrasco-Chimoré."
2020-11-02,ENDE ANDINA,G,WAR40,05:34,05:50,"CCWAR40 operó con 81.4 MW, por límite de transferencia de la línea en 230 kV Carrasco-Chimoré."
2021-05-08,ENDE ANDINA,G,SUR30,18:08,18:39,Reducción de potencia de la unidad CCSUR30 a 110.0 MW por límite de transferencia de la línea doble terna TAJ-YAG23001 y TAJ-YAG23002.
2021-05-08,ENDE ANDINA,G,SUR30,18:39,21:13,Reducción de potencia de la unidad CCSUR30 a 114.0 MW por límite de transferencia de la línea doble terna TAJ-YAG23001 y TAJ-YAG23002.
2021-05-10,ENDE ANDINA,G,SUR30,07:38,14:00,Reducción de potencia de la unidad CCSUR30 a 80.0 MW por límite de transferencia de la línea doble terna TAJ-YAG23001 y TAJ-YAG23002.
2021-05-10,ENDE ANDINA,G,SUR30,14:00,18:02,Reducción de potencia de la unidad CCSUR30 a 79.1 MW por límite de transferencia de la línea doble terna TAJ-YAG23001 y TAJ-YAG23002.
2021-05-10,ENDE ANDINA,G,SUR40,14:40,18:02,Reducción de potencia de la unidad CCSUR40 a 115.0 MW por límite de transferencia de la línea doble terna TAJ-YAG23001 y TAJ-YAG23002.
2021-05-11,ENDE ANDINA,G,SUR40,07:27,09:56,Reducción de potencia de la unidad CCSUR40 a 117.0 MW por límite de transferencia de la línea doble terna TAJ-YAG23001 y TAJ-YAG23002.
2021-05-11,ENDE ANDINA,G,SUR30,07:27,18:01,Reducción de potencia de la unidad CCSUR30 a 80.0 MW por límite de transferencia de la línea doble terna TAJ-YAG23001 y TAJ-YAG23002.
2021-05-12,ENDE ANDINA,G,SUR30,07:00,18:02,Reducción de potencia de la unidad CCSUR30 a 80.0 MW por límite de transferencia de la línea doble terna TAJ-YAG23001 y TAJ-YAG23002.
2021-05-12,ENDE ANDINA,G,SUR40,08:26,18:02,Reducción de potencia de la unidad CCSUR40 a 119.0 MW por límite de transferencia de la línea doble terna TAJ-YAG23001 y TAJ-YAG23002.
2021-05-13,ENDE ANDINA,G,SUR40,07:00,12:00,Reducción de potencia de la unidad CCSUR40 a 119.0 MW por límite de transferencia de la línea doble terna TAJ-YAG23001 y TAJ-YAG23002.
2021-05-13,ENDE ANDINA,G,SUR30,07:00,12:25,Reducción de potencia de la unidad CCSUR30 a 80.0 MW por límite de transferencia de la línea doble terna TAJ-YAG23001 y TAJ-YAG23002.
2021-05-13,ENDE ANDINA,G,SUR30,13:28,18:00,Reducción de potencia de la unidad CCSUR30 a 80.0 MW por límite de transferencia de la línea doble terna TAJ-YAG23001 y TAJ-YAG23002.
2021-05-14,ENDE ANDINA,G,SUR30,07:02,18:00,Reducción de potencia de la unidad CCSUR30 a 80.0 MW por límite de transferencia de la línea doble terna TAJ-YAG23001 y TAJ-YAG23002.
2021-05-15,ENDE ANDINA,G,SUR30,07:03,18:00,Reducción de potencia de la unidad CCSUR30 a 80.0 MW por límite de transferencia de la línea doble terna TAJ-YAG23001 y TAJ-YAG23002.
2021-05-16,ENDE ANDINA,G,SUR30,08:00,18:00,Reducción de potencia de la unidad CCSUR30 a 45.8.0 MW por límite de transferencia de la línea doble terna TAJ-YAG23001 y TAJ-YAG23002.
2021-05-17,ENDE ANDINA,G,SUR30,07:01,18:00,Reducción de potencia de la unidad CCSUR30 a 78.5 MW por límite de transferencia de la línea doble terna TAJ-YAG23001 y TAJ-YAG23002.
2021-05-18,ENDE ANDINA,G,SUR30,07:02,12:37,Reducción de potencia de la unidad CCSUR30 a 78.5 MW por límite de transferencia de la línea doble terna TAJ-YAG23001 y TAJ-YAG23002.
2021-05-18,ENDE ANDINA,G,SUR30,12:37,18:00,Reducción de potencia de la unidad CCSUR30 a 80 MW por límite de transferencia de la línea doble terna TAJ-YAG23001 y TAJ-YAG23002.
2021-05-19,ENDE ANDINA,G,SUR30,07:01,15:11,Reducción de potencia de la unidad CCSUR30 a 78.5 MW por límite de transferencia de la línea doble terna TAJ-YAG23001 y TAJ-YAG23002.
2021-05-19,ENDE ANDINA,G,SUR30,15:11,18:00,Reducción de potencia de la unidad CCSUR30 a 85.0 MW por límite de transferencia de la línea doble terna TAJ-YAG23001 y TAJ-YAG23002.
2021-05-20,ENDE ANDINA,G,SUR30,07:08,11:55,Reducción de potencia de la unidad CCSUR30 a 78.5 MW por límite de transferencia de la línea doble terna TAJ-YAG23001 y TAJ-YAG23002.
2021-05-20,ENDE ANDINA,G,SUR30,11:55,15:50,Reducción de potencia de la unidad CCSUR30 a 80 MW por límite de transferencia de la línea doble terna TAJ-YAG23001 y TAJ-YAG23002.
2021-05-20,ENDE ANDINA,G,SUR30,15:50,18:00,Reducción de potencia de la unidad CCSUR30 a 85 MW por límite de transferencia de la línea doble terna TAJ-YAG23001 y TAJ-YAG23002.
2021-05-21,ENDE ANDINA,G,SUR30,07:07,11:42,Reducción de potencia de la unidad CCSUR30 a 78.0 MW por límite de transferencia de la línea doble terna TAJ-YAG23001 y TAJ-YAG23002.
2021-05-21,ENDE ANDINA,G,SUR30,11:42,14:16,Reducción de potencia de la unidad CCSUR30 a 83.0 MW por límite de transferencia de la línea doble terna TAJ-YAG23001 y TAJ-YAG23002.
2021-05-21,ENDE ANDINA,G,SUR30,14:16,18:00,Reducción de potencia de la unidad CCSUR30 a 86.0 MW por límite de transferencia de la línea doble terna TAJ-YAG23001 y TAJ-YAG23002.
2021-05-22,ENDE ANDINA,G,SUR30,07:02,12:39,Reducción de potencia de la unidad CCSUR30 a 79.1 MW por límite de transferencia de la línea doble terna TAJ-YAG23001 y TAJ-YAG23002.
2021-05-22,ENDE ANDINA,G,SUR40,09:10,11:15,Reducción de potencia de la unidad CCSUR40 a 115 MW por límite de transferencia de la línea doble terna TAJ-YAG23001 y TAJ-YAG23002.
2021-05-22,ENDE ANDINA,G,SUR40,17:20,18:01,Reducción de potencia de la unidad CCSUR40 a 112 MW por límite de transferencia de la línea doble terna TAJ-YAG23001 y TAJ-YAG23002.
2021-05-22,ENDE ANDINA,G,SUR30,17:20,18:01,Reducción de potencia de la unidad CCSUR30 a 79.5 MW por límite de transferencia de la línea doble terna TAJ-YAG23001 y TAJ-YAG23002.
2021-05-23,ENDE ANDINA,G,SUR42,16:38,18:02,Reducción de potencia de la unidad CCSUR42 a 46.8 MW por límite de transferencia de la línea doble terna TAJ-YAG23001 y TAJ-YAG23002.
2021-05-23,ENDE ANDINA,G,SUR30,16:50,18:02,Reducción de potencia de la unidad CCSUR30 a 113 MW por límite de transferencia de la línea doble terna TAJ-YAG23001 y TAJ-YAG23002.
2021-05-24,ENDE ANDINA,G,SUR40,07:12,09:05,Reducción de potencia de la unidad CCSUR40 a 111 MW por límite de transferencia de la línea doble terna TAJ-YAG23001 y TAJ-YAG23002.
2021-05-24,ENDE ANDINA,G,SUR30,07:12,12:16,Reducción de potencia de la unidad CCSUR30 a 80.2 MW por límite de transferencia de la línea doble terna TAJ-YAG23001 y TAJ-YAG23002.
2021-05-24,ENDE ANDINA,G,SUR40,09:05,12:16,Reducción de potencia de la unidad CCSUR40 a 115 MW por límite de transferencia de la línea doble terna TAJ-YAG23001 y TAJ-YAG23002.
2021-05-24,ENDE ANDINA,G,SUR30,13:30,18:00,Reducción de potencia de la unidad CCSUR30 a 78.5 MW por límite de transferencia de la línea doble terna TAJ-YAG23001 y TAJ-YAG23002.
2021-05-25,ENDE ANDINA,G,SUR30,05:45,06:30,Reducción de potencia de la unidad CCSUR30 a 110 MW por límite de transferencia de la línea doble terna TAJ-YAG23001 y TAJ-YAG23002.
2021-05-25,ENDE ANDINA,G,SUR40,07:12,16:19,Reducción de potencia de la unidad CCSUR40 a 115 MW por límite de transferencia de la línea doble terna TAJ-YAG23001 y TAJ-YAG23002.
2021-05-25,ENDE ANDINA,G,SUR30,07:12,18:00,Reducción de potencia de la unidad CCSUR30 a 79.9 MW por límite de transferencia de la línea doble terna TAJ-YAG23001 y TAJ-YAG23002.
2021-05-26,ENDE ANDINA,G,SUR30,05:54,06:45,Reducción de potencia de la unidad CCSUR30 a 112 MW por límite de transferencia de la línea doble terna TAJ-YAG23001 y TAJ-YAG23002.
2021-05-26,ENDE ANDINA,G,SUR40,07:05,10:53,Reducción de potencia de la unidad CCSUR30 a 114.0 MW por límite de transferencia de la línea doble terna TAJ-YAG23001 y TAJ-YAG23002.
2021-05-26,ENDE ANDINA,G,SUR30,07:05,18:00,Reducción de potencia de la unidad CCSUR40 a 79.7 MW por límite de transferencia de la línea doble terna TAJ-YAG23001 y TAJ-YAG23002.
2021-05-27,ENDE ANDINA,G,SUR40,07:10,11:06,Reducción de potencia de la unidad CCSUR40 a 115.0 MW por límite de transferencia de la línea doble terna TAJ-YAG23001 y TAJ-YAG23002.
2021-05-27,ENDE ANDINA,G,SUR30,07:10,18:00,Reducción de potencia de la unidad CCSUR30 a 79.0 MW por límite de transferencia de la línea doble terna TAJ-YAG23001 y TAJ-YAG23002.
2021-05-28,ENDE ANDINA,G,SUR30,07:01,12:05,Reducción de potencia de la unidad CCSUR30 a 78.3 MW por límite de transferencia de la línea doble terna TAJ-YAG23001 y TAJ-YAG23002.
2021-05-28,ENDE ANDINA,G,SUR40,08:54,09:51,Reducción de potencia de la unidad CCSUR40 a 116.0 MW por límite de transferencia de la línea doble terna TAJ-YAG23001 y TAJ-YAG23002.
2021-05-28,ENDE ANDINA,G,SUR30,12:05,13:40,Reducción de potencia de la unidad CCSUR30 a 84 MW por límite de transferencia de la línea doble terna TAJ-YAG23001 y TAJ-YAG23002.
2021-05-28,ENDE ANDINA,G,SUR30,13:40,18:04,Reducción de potencia de la unidad CCSUR30 a 86 MW por límite de transferencia de la línea doble terna TAJ-YAG23001 y TAJ-YAG23002.
2021-05-30,ENDE ANDINA,G,SUR30,17:05,18:02,Reducción de potencia de la unidad CCSUR30 a 100 MW por límite de transferencia de la línea doble terna TAJ-YAG23001 y TAJ-YAG23002.
2021-05-31,ENDE ANDINA,G,SUR30,07:01,18:00,Reducción de potencia de la unidad CCSUR30 a 80.0 MW por límite de transferencia de la línea doble terna TAJ-YAG23001 y TAJ-YAG23002.
2021-05-31,ENDE ANDINA,G,SUR40,07:16,18:00,Reducción de potencia de la unidad CCSUR40 a 115 MW por límite de transferencia de la línea doble terna TAJ-YAG23001 y TAJ-YAG23002.
2021-06-01,ENDE ANDINA,G,SUR30,07:09,18:01,Reducción de potencia de la unidad CCSUR30 a 80.0 MW por límite de transferencia de la línea doble terna TAJ-YAG23001 y TAJ-YAG23002.
2021-06-01,ENDE ANDINA,G,SUR40,07:09,18:01,Reducción de potencia de la unidad CCSUR40 a 115 MW por límite de transferencia de la línea doble terna TAJ-YAG23001 y TAJ-YAG23002.
2021-06-02,ENDE ANDINA,G,SUR40,07:03,18:01,Reducción de potencia de la unidad CCSUR40 a 115 MW por límite de transferencia de la línea doble terna TAJ-YAG23001 y TAJ-YAG23002.
2021-06-02,ENDE ANDINA,G,SUR30,07:03,18:01,Reducción de potencia de la unidad CCSUR30 a 80.0 MW por límite de transferencia de la línea doble terna TAJ-YAG23001 y TAJ-YAG23002.
2021-06-03,ENDE ANDINA,G,SUR30,07:03,12:48,Reducción de potencia de la unidad CCSUR30 a 80.0 MW por límite de transferencia de la línea doble terna TAJ-YAG23001 y TAJ-YAG23002.
2021-06-03,ENDE ANDINA,G,SUR30,14:20,18:01,Reducción de potencia de la unidad CCSUR30 a 80.0 MW por límite de transferencia de la línea doble terna TAJ-YAG23001 y TAJ-YAG23002.
2021-06-04,ENDE ANDINA,G,SUR40,07:04,11:00,Reducción de potencia de la unidad CCSUR40 a 115 MW por límite de transferencia de la línea doble terna TAJ-YAG23001 y TAJ-YAG23002.
2021-06-04,ENDE ANDINA,G,SUR30,07:04,12:52,Reducción de potencia de la unidad CCSUR30 a 80.0 MW por límite de transferencia de la línea doble terna TAJ-YAG23001 y TAJ-YAG23002.
2021-06-04,ENDE ANDINA,G,SUR30,12:52,18:00,Reducción de potencia de la unidad CCSUR30 a 85.0 MW por límite de transferencia de la línea doble terna TAJ-YAG23001 y TAJ-YAG23002.
2021-06-05,ENDE ANDINA,G,SUR30,07:05,10:55,Reducción de potencia de la unidad CCSUR30 a 80 MW por límite de transferencia de la línea doble terna TAJ-YAG23001 y TAJ-YAG23002.
2021-06-05,ENDE ANDINA,G,SUR40,07:05,12:55,Reducción de potencia de la unidad CCSUR40 a 115 MW por límite de transferencia de la línea doble terna TAJ-YAG23001 y TAJ-YAG23002.
2021-06-05,ENDE ANDINA,G,SUR30,10:55,12:20,Reducción de potencia de la unidad CCSUR30 a 85 MW por límite de transferencia de la línea doble terna TAJ-YAG23001 y TAJ-YAG23002.
2021-06-05,ENDE ANDINA,G,SUR30,12:20,12:55,Reducción de potencia de la unidad CCSUR30 a 80 MW por límite de transferencia de la línea doble terna TAJ-YAG23001 y TAJ-YAG23002.
2021-06-05,ENDE ANDINA,G,SUR30,12:55,15:15,Reducción de potencia de la unidad CCSUR30 a 85 MW por límite de transferencia de la línea doble terna TAJ-YAG23001 y TAJ-YAG23002.
2021-06-07,ENDE ANDINA,G,SUR40,07:02,14:58,Reducción de potencia de la unidad CCSUR40 a 115.0 MW por límite de transferencia de la línea doble terna TAJ-YAG23001 y TAJ-YAG23002.
2021-06-07,ENDE ANDINA,G,SUR30,07:02,18:00,Reducción de potencia de la unidad CCSUR30 a 80.0 MW por límite de transferencia de la línea doble terna TAJ-YAG23001 y TAJ-YAG23002.
2021-06-07,ENDE ANDINA,G,SUR40,14:58,17:30,Reducción de potencia de la unidad CCSUR40 a 117.0 MW por límite de transferencia de la línea doble terna TAJ-YAG23001 y TAJ-YAG23002.
2021-06-08,ENDE ANDINA,G,SUR40,07:02,17:40,Reducción de potencia de la unidad CCSUR40 a 115.0 MW por límite de transferencia de la línea doble terna TAJ-YAG23001 y TAJ-YAG23002.
2021-06-08,ENDE ANDINA,G,SUR30,07:02,18:00,Reducción de potencia de la unidad CCSUR30 a 80.0 MW por límite de transferencia de la línea doble terna TAJ-YAG23001 y TAJ-YAG23002.
2021-06-09,ENDE ANDINA,G,SUR40,07:10,18:00,Reducción de potencia de la unidad CCSUR40 a 115.0 MW por límite de transferencia de la línea doble terna TAJ-YAG23001 y TAJ-YAG23002.
2021-06-09,ENDE ANDINA,G,SUR30,07:10,18:00,Reducción de potencia de la unidad CCSUR30 a 80.0 MW por límite de transferencia de la línea doble terna TAJ-YAG23001 y TAJ-YAG23002.
2021-06-10,ENDE ANDINA,G,SUR40,07:02,17:45,Reducción de potencia de la unidad CCSUR40 a 115.0 MW por límite de transferencia de la línea doble terna TAJ-YAG23001 y TAJ-YAG23002.
2021-06-10,ENDE ANDINA,G,SUR30,07:02,18:00,Reducción de potencia de la unidad CCSUR30 a 80.0 MW por límite de transferencia de la línea doble terna TAJ-YAG23001 y TAJ-YAG23002.
2021-06-11,ENDE ANDINA,G,SUR30,07:05,13:15,Reducción de potencia de la unidad CCSUR30 a 79.4 MW por límite de transferencia de la línea doble terna TAJ-YAG23001 y TAJ-YAG23002.
2021-06-11,ENDE ANDINA,G,SUR30,14:38,18:02,Reducción de potencia de la unidad CCSUR30 a 79 MW por límite de transferencia de la línea doble terna TAJ-YAG23001 y TAJ-YAG23002.
2021-06-12,ENDE ANDINA,G,SUR30,07:05,11:52,Reducción de potencia de la unidad CCSUR30 a 80.0 MW por límite de transferencia de la línea doble terna TAJ-YAG23001 y TAJ-YAG23002.
2021-06-12,ENDE ANDINA,G,SUR40,07:15,10:05,Reducción de potencia de la unidad CCSUR40 a 115.0 MW por límite de transferencia de la línea doble terna TAJ-YAG23001 y TAJ-YAG23002.
2021-06-12,ENDE ANDINA,G,SUR40,10:05,11:52,Reducción de potencia de la unidad CCSUR40 a 117.0 MW por límite de transferencia de la línea doble terna TAJ-YAG23001 y TAJ-YAG23002.
2021-06-12,ENDE ANDINA,G,SUR30,14:20,18:02,Reducción de potencia de la unidad CCSUR30 a 78 MW por límite de transferencia de la línea doble terna TAJ-YAG23001 y TAJ-YAG23002.
2021-06-13,ENDE ANDINA,G,SUR40,17:00,18:02,Reducción de potencia de la unidad CCSUR30 a 85 MW por límite de transferencia de la línea doble terna TAJ-YAG23001 y TAJ-YAG23002.
2021-06-13,ENDE ANDINA,G,SUR30,17:00,18:02,Reducción de potencia de la unidad CCSUR30 a 77 MW por límite de transferencia de la línea doble terna TAJ-YAG23001 y TAJ-YAG23002.
2021-06-14,ENDE ANDINA,G,SUR40,07:30,09:18,Reducción de potencia de la unidad CCSUR40 a 115.0 MW por límite de transferencia de la línea doble terna TAJ-YAG23001 y TAJ-YAG23002.
2021-06-14,ENDE ANDINA,G,SUR30,07:30,13:14,Reducción de potencia de la unidad CCSUR30 a 80.0 MW por límite de transferencia de la línea doble terna TAJ-YAG23001 y TAJ-YAG23002.
2021-06-14,ENDE ANDINA,G,SUR40,09:18,09:50,Reducción de potencia de la unidad CCSUR40 a 117.0 MW por límite de transferencia de la línea doble terna TAJ-YAG23001 y TAJ-YAG23002.
2021-06-14,ENDE ANDINA,G,SUR30,13:14,18:01,Reducción de potencia de la unidad CCSUR30 a 84.0 MW por límite de transferencia de la línea doble terna TAJ-YAG23001 y TAJ-YAG23002.
2021-06-15,ENDE ANDINA,G,SUR30,07:08,18:01,Reducción de potencia de la unidad CCSUR30 a 80.0 MW por límite de transferencia de la línea doble terna TAJ-YAG23001 y TAJ-YAG23002.
2021-06-16,ENDE ANDINA,G,SUR40,07:05,14:52,Reducción de potencia de la unidad CCSUR40 a 118 MW por límite de transferencia de la línea doble terna TAJ-YAG23001 y TAJ-YAG23002.
2021-06-16,ENDE ANDINA,G,SUR30,07:05,18:02,Reducción de potencia de la unidad CCSUR30 a 80.0 MW por límite de transferencia de la línea doble terna TAJ-YAG23001 y TAJ-YAG23002.
2021-06-16,ENDE ANDINA,G,SUR40,14:52,18:02,Reducción de potencia de la unidad CCSUR40 a 120 MW por límite de transferencia de la línea doble terna TAJ-YAG23001 y TAJ-YAG23002.
2021-06-16,ENDE ANDINA,G,SUR30,22:04,22:52,Reducción de potencia de la unidad CCSUR30 a 117 MW por límite de transferencia de la línea doble terna TAJ-YAG23001 y TAJ-YAG23002.
2021-06-16,ENDE ANDINA,G,SUR30,22:52,24:00,Reducción de potencia de la unidad CCSUR30 a 105 MW por límite de transferencia de la línea doble terna TAJ-YAG23001 y TAJ-YAG23002.
2021-06-17,ENDE ANDINA,G,SUR30,00:00,00:31,Reducción de potencia de la unidad CCSUR30 a 105 MW por límite de transferencia de la línea doble terna TAJ-YAG23001 y TAJ-YAG23002.
2021-06-17,ENDE ANDINA,G,SUR40,07:07,07:50,Reducción de potencia de la unidad CCSUR40 a 117 MW por límite de transferencia de la línea doble terna TAJ-YAG23001 y TAJ-YAG23002.
2021-06-17,ENDE ANDINA,G,SUR30,07:07,18:03,Reducción de potencia de la unidad CCSUR30 a 82 MW por límite de transferencia de la línea doble terna TAJ-YAG23001 y TAJ-YAG23002.
2021-06-17,ENDE ANDINA,G,SUR40,07:50,09:40,Reducción de potencia de la unidad CCSUR40 a 115 MW por límite de transferencia de la línea doble terna TAJ-YAG23001 y TAJ-YAG23002.
2021-06-17,ENDE ANDINA,G,SUR40,09:40,11:50,Reducción de potencia de la unidad CCSUR40 a 117 MW por límite de transferencia de la línea doble terna TAJ-YAG23001 y TAJ-YAG23002.
2021-06-17,ENDE ANDINA,G,SUR40,11:50,18:03,Reducción de potencia de la unidad CCSUR40 a 119 MW por límite de transferencia de la línea doble terna TAJ-YAG23001 y TAJ-YAG23002.
2021-06-17,ENDE ANDINA,G,SUR30,22:27,24:00,Reducción de potencia de la unidad CCSUR30 a 110 MW por límite de transferencia de la línea doble terna TAJ-YAG23001 y TAJ-YAG23002.
2021-06-18,ENDE ANDINA,G,SUR30,00:00,00:45,Reducción de potencia de la unidad CCSUR30 a 110 MW por límite de transferencia de la línea doble terna TAJ-YAG23001 y TAJ-YAG23002.
2021-06-18,ENDE ANDINA,G,SUR30,07:05,11:51,Reducción de potencia de la unidad CCSUR30 a 82 MW por límite de transferencia de la línea doble terna TAJ-YAG23001 y TAJ-YAG23002.
2021-06-18,ENDE ANDINA,G,SUR40,07:05,11:51,Reducción de potencia de la unidad CCSUR40 a 117 MW por límite de transferencia de la línea doble terna TAJ-YAG23001 y TAJ-YAG23002.
2021-06-18,ENDE ANDINA,G,SUR30,11:51,18:03,Reducción de potencia de la unidad CCSUR30 a 81 MW por límite de transferencia de la línea doble terna TAJ-YAG23001 y TAJ-YAG23002.
2021-06-18,ENDE ANDINA,G,SUR40,11:51,18:03,Reducción de potencia de la unidad CCSUR40 a 119 MW por límite de transferencia de la línea doble terna TAJ-YAG23001 y TAJ-YAG23002.
2021-06-19,ENDE ANDINA,G,SUR30,07:05,11:15,Reducción de potencia de la unidad CCSUR30 a 81 MW por límite de transferencia de la línea doble terna TAJ-YAG23001 y TAJ-YAG23002.
2021-06-19,ENDE ANDINA,G,SUR40,07:05,11:15,Reducción de potencia de la unidad CCSUR40 a 118 MW por límite de transferencia de la línea doble terna TAJ-YAG23001 y TAJ-YAG23002.
2021-06-19,ENDE ANDINA,G,SUR30,22:39,23:01,Reducción de potencia de la unidad CCSUR30 a 110 MW por límite de transferencia de la línea doble terna TAJ-YAG23001 y TAJ-YAG23002.
2021-06-20,ENDE ANDINA,G,SUR30,21:23,22:00,Reducción de potencia de la unidad CCSUR30 a 115 MW por límite de transferencia de la línea doble terna TAJ-YAG23001 y TAJ-YAG23002.
2021-06-21,ENDE ANDINA,G,SUR30,17:05,18:00,Reducción de potencia de la unidad CCSUR30 a 80 MW por límite de transferencia de la línea doble terna TAJ-YAG23001 y TAJ-YAG23002.
2021-06-22,ENDE ANDINA,G,SUR30,07:05,12:02,Reducción de potencia de la unidad CCSUR30 a 81 MW por límite de transferencia de la línea doble terna TAJ-YAG23001 y TAJ-YAG23002.
2021-06-22,ENDE ANDINA,G,SUR40,07:05,12:02,Reducción de potencia de la unidad CCSUR40 a 118 MW por límite de transferencia de la línea doble terna TAJ-YAG23001 y TAJ-YAG23002.
2021-06-22,ENDE ANDINA,G,SUR30,12:02,18:02,Reducción de potencia de la unidad CCSUR30 a 80 MW por límite de transferencia de la línea doble terna TAJ-YAG23001 y TAJ-YAG23002.
2021-06-23,ENDE ANDINA,G,SUR40,07:50,10:35,Reducción de potencia de la unidad CCSUR30 a 80 MW por límite de transferencia de la línea doble terna TAJ-YAG23001 y TAJ-YAG23002.
2021-06-23,ENDE ANDINA,G,SUR30,07:50,10:35,Reducción de potencia de la unidad CCSUR40 a 119 MW por límite de transferencia de la línea doble terna TAJ-YAG23001 y TAJ-YAG23002.
2021-06-23,ENDE ANDINA,G,SUR30,10:35,18:03,Reducción de potencia de la unidad CCSUR30 a 79 MW por límite de transferencia de la línea doble terna TAJ-YAG23001 y TAJ-YAG23002.
2021-06-24,ENDE ANDINA,G,SUR30,07:05,12:05,Reducción de potencia de la unidad CCSUR30 a 80 MW por límite de transferencia de la línea doble terna TAJ-YAG23001 y TAJ-YAG23002.
2021-06-24,ENDE ANDINA,G,SUR40,07:05,12:05,Reducción de potencia de la unidad CCSUR40 a 119 MW por límite de transferencia de la línea doble terna TAJ-YAG23001 y TAJ-YAG23002.
2021-06-24,ENDE ANDINA,G,SUR30,12:05,18:00,Reducción de potencia de la unidad CCSUR30 a 81 MW por límite de transferencia de la línea doble terna TAJ-YAG23001 y TAJ-YAG23002.
2021-06-30,ENDE ANDINA,G,SUR40,07:03,10:11,Reducción de potencia de la unidad CCSUR40 a 110 MW por límite de transferencia de la línea doble terna TAJ-YAG23001 y TAJ-YAG23002.
2021-06-30,ENDE ANDINA,G,SUR30,07:03,15:16,Reducción de potencia de la unidad CCSUR30 a 80.6 MW por límite de transferencia de la línea doble terna TAJ-YAG23001 y TAJ-YAG23002.
2021-06-30,ENDE ANDINA,G,SUR30,15:16,18:00,Reducción de potencia de la unidad CCSUR30 a 78.5 MW por límite de transferencia de la línea doble terna TAJ-YAG23001 y TAJ-YAG23002.
2021-07-01,ENDE ANDINA,G,SUR30,01:31,04:10,Reducción de potencia de la unidad CCSUR30 a 109 MW por límite de transferencia de la línea doble terna TAJ-YAG23001 y TAJ-YAG23002.
2021-07-01,ENDE ANDINA,G,SUR40,07:04,08:56,Reducción de potencia de la unidad CCSUR40 a 112 MW por límite de transferencia de la línea doble terna TAJ-YAG23001 y TAJ-YAG23002.
2021-07-01,ENDE ANDINA,G,SUR30,07:04,13:55,Reducción de potencia de la unidad CCSUR30 a 81.3 MW por límite de transferencia de la línea doble terna TAJ-YAG23001 y TAJ-YAG23002.
2021-07-01,ENDE ANDINA,G,SUR40,08:56,13:55,Reducción de potencia de la unidad CCSUR40 a 114 MW por límite de transferencia de la línea doble terna TAJ-YAG23001 y TAJ-YAG23002.
2021-07-01,ENDE ANDINA,G,SUR30,13:55,18:06,Reducción de potencia de la unidad CCSUR30 a 78.3 MW por límite de transferencia de la línea doble terna TAJ-YAG23001 y TAJ-YAG23002.
2021-07-02,ENDE ANDINA,G,SUR30,07:03,17:17,Reducción de potencia de la unidad CCSUR30 a 80.6 MW por límite de transferencia de la línea doble terna TAJ-YAG23001 y TAJ-YAG23002.
2021-07-02,ENDE ANDINA,G,SUR40,07:03,18:05,Reducción de potencia de la unidad CCSUR40 a 114.1 MW por límite de transferencia de la línea doble terna TAJ-YAG23001 y TAJ-YAG23002.
2021-07-02,ENDE ANDINA,G,SUR30,17:17,18:05,Reducción de potencia de la unidad CCSUR30 a 78 MW por límite de transferencia de la línea doble terna TAJ-YAG23001 y TAJ-YAG23002.
2021-07-05,ENDE ANDINA,G,SUR40,09:22,11:30,Reducción de potencia de la unidad CCSUR40 a 114 MW por límite de transferencia de la línea doble terna TAJ-YAG23001 y TAJ-YAG23002.
2021-07-05,ENDE ANDINA,G,SUR30,09:22,18:00,Reducción de potencia de la unidad CCSUR30 a 78.8 MW por límite de transferencia de la línea doble terna TAJ-YAG23001 y TAJ-YAG23002.
2021-07-06,ENDE ANDINA,G,SUR30,07:03,18:05,Reducción de potencia de la unidad CCSUR30 a 79.1 MW por límite de transferencia de la línea doble terna TAJ-YAG23001 y TAJ-YAG23002.
2021-07-07,ENDE ANDINA,G,SUR30,06:28,07:03,Reducción de potencia de la unidad CCSUR30 a 113 MW por límite de transferencia de la línea doble terna TAJ-YAG23001 y TAJ-YAG23002.
2021-07-07,ENDE ANDINA,G,SUR30,07:03,18:00,Reducción de potencia de la unidad CCSUR30 a 79.1 MW por límite de transferencia de la línea doble terna TAJ-YAG23001 y TAJ-YAG23002.
2021-07-07,ENDE ANDINA,G,SUR40,07:32,18:00,Reducción de potencia de la unidad CCSUR40 a 114 MW por límite de transferencia de la línea doble terna TAJ-YAG23001 y TAJ-YAG23002.
2021-07-08,ENDE ANDINA,G,SUR30,07:00,12:07,Reducción de potencia de la unidad CCSUR30 a 78.5 MW por límite de transferencia de la línea doble terna TAJ-YAG23001 y TAJ-YAG23002.
2021-07-08,ENDE ANDINA,G,SUR40,07:08,11:30,Reducción de potencia de la unidad CCSUR40 a 114 MW por límite de transferencia de la línea doble terna TAJ-YAG23001 y TAJ-YAG23002.
2021-07-08,ENDE ANDINA,G,SUR30,12:07,18:00,Reducción de potencia de la unidad CCSUR30 a 81.5 MW por límite de transferencia de la línea doble terna TAJ-YAG23001 y TAJ-YAG23002.
2021-07-09,ENDE ANDINA,G,SUR40,07:05,09:04,Reducción de potencia de la unidad CCSUR40 a 111.8 MW por límite de transferencia de la línea doble terna TAJ-YAG23001 y TAJ-YAG23002.
2021-07-09,ENDE ANDINA,G,SUR30,07:05,13:55,Reducción de potencia de la unidad CCSUR30 a 77.5 MW por límite de transferencia de la línea doble terna TAJ-YAG23001 y TAJ-YAG23002.
2021-07-09,ENDE ANDINA,G,SUR40,09:59,10:21,Reducción de potencia de la unidad CCSUR40 a 107.5 MW por límite de transferencia en línea en 115 kV Potosi-Punutuma.
2021-07-09,ENDE ANDINA,G,SUR40,10:21,12:57,Reducción de potencia de la unidad CCSUR40 a 100.0 MW por límite de transferencia en línea en 115 kV Potosi-Punutuma.
2021-07-09,ENDE ANDINA,G,SUR40,12:57,13:04,Reducción de potencia de la unidad CCSUR40 a 110.0 MW por límite de transferencia en línea en 115 kV Potosi-Punutuma.
2021-07-09,ENDE ANDINA,G,SUR30,13:55,18:01,Reducción de potencia de la unidad CCSUR30 a 85 MW por límite de transferencia de la línea doble terna TAJ-YAG23001 y TAJ-YAG23002.
2021-07-10,ENDE ANDINA,G,SUR40,07:00,08:52,Reducción de potencia de la unidad CCSUR40 a 110 MW por límite de transferencia de la línea doble terna TAJ-YAG23001 y TAJ-YAG23002.
2021-07-10,ENDE ANDINA,G,SUR30,07:00,17:28,Reducción de potencia de la unidad CCSUR30 a 78 MW por límite de transferencia de la línea doble terna TAJ-YAG23001 y TAJ-YAG23002.
2021-07-10,ENDE ANDINA,G,SUR40,08:52,17:17,Reducción de potencia de la unidad CCSUR40 a 95 MW por límite de transferencia de la línea TAJ-LCA23001.
2021-07-10,ENDE ANDINA,G,SUR30,17:28,18:02,Reducción de potencia de la unidad CCSUR30 a 83 MW por límite de transferencia de la línea doble terna TAJ-YAG23001 y TAJ-YAG23002.
2021-07-11,ENDE ANDINA,G,SUR40,08:00,18:00,Reducción de potencia de la unidad CCSUR40 a 80 MW por límite de transferencia de la línea doble terna TAJ-YAG23001 y TAJ-YAG23002.
2021-07-11,ENDE ANDINA,G,SUR30,08:00,18:00,Reducción de potencia de la unidad CCSUR30 a 79.4 MW por límite de transferencia de la línea doble terna TAJ-YAG23001 y TAJ-YAG23002.
2021-07-16,ENDE ANDINA,G,SUR10,07:20,08:25,Reducción de potencia de la unidad CCSUR10 a 94 MW por límite de transferencia de la línea doble terna TAJ-YAG23001 y TAJ-YAG23002.
2021-07-16,ENDE ANDINA,G,SUR10,08:25,08:35,Reducción de potencia de la unidad CCSUR10 a 80 MW por límite de transferencia de la línea doble terna TAJ-YAG23001 y TAJ-YAG23002.
2021-07-16,ENDE ANDINA,G,SUR10,08:37,18:08,Reducción de potencia de la unidad CCSUR10 a 77 MW por límite de transferencia de la línea doble terna TAJ-YAG23001 y TAJ-YAG23002.
2021-07-17,ENDE ANDINA,G,SUR10,07:47,09:39,Reducción de potencia de la unidad CCSUR10 a 77 MW por límite de transferencia de la línea doble terna TAJ-YAG23001 y TAJ-YAG23002.
2021-07-17,ENDE ANDINA,G,SUR40,07:47,09:39,Reducción de potencia de la unidad CCSUR40 a 118 MW por límite de transferencia de la línea doble terna TAJ-YAG23001 y TAJ-YAG23002.
2021-07-17,ENDE ANDINA,G,SUR40,09:39,10:54,Reducción de potencia de la unidad CCSUR40 a 110 MW por límite de transferencia de la línea PUN-POT115.
2021-07-17,ENDE ANDINA,G,SUR10,09:39,15:14,Reducción de potencia de la unidad CCSUR10 a 77 MW por límite de transferencia de la línea PUN-POT115.
2021-07-17,ENDE ANDINA,G,SUR40,10:54,15:14,Reducción de potencia de la unidad CCSUR40 a 95 MW por límite de transferencia de la línea PUN-POT115.
2021-07-19,ENDE ANDINA,G,SUR40,07:05,08:20,Reducción de potencia de la unidad CCSUR40 a 110 MW por límite de transferencia de la línea doble terna TAJ-YAG23001 y TAJ-YAG23002.
2021-07-19,ENDE ANDINA,G,SUR10,07:05,12:00,Reducción de potencia de la unidad CCSUR10 a 80 MW por límite de transferencia de la línea doble terna TAJ-YAG23001 y TAJ-YAG23002.
2021-07-19,ENDE ANDINA,G,SUR40,08:20,12:03,Reducción de potencia de la unidad CCSUR40 a 115 MW por límite de transferencia de la línea doble terna TAJ-YAG23001 y TAJ-YAG23002.
2021-07-20,ENDE ANDINA,G,SUR40,07:20,15:30,Reducción de potencia de la unidad CCSUR40 a 118 MW por límite de transferencia de la línea doble terna TAJ-YAG23001 y TAJ-YAG23002.
2021-07-20,ENDE ANDINA,G,SUR10,07:20,18:01,Reducción de potencia de la unidad CCSUR10 a 80 MW por límite de transferencia de la línea doble terna TAJ-YAG23001 y TAJ-YAG23002.
2021-07-21,ENDE ANDINA,G,SUR10,08:20,12:28,Reducción de potencia de la unidad CCSUR10 a 80 MW por límite de transferencia de la línea doble terna TAJ-YAG23001 y TAJ-YAG23002.
2021-07-21,ENDE ANDINA,G,SUR40,08:20,12:28,Reducción de potencia de la unidad CCSUR40 a 118 MW por límite de transferencia de la línea doble terna TAJ-YAG23001 y TAJ-YAG23002.
2021-07-21,ENDE ANDINA,G,SUR10,14:38,18:01,Reducción de potencia de la unidad CCSUR10 a 80 MW por límite de transferencia de la línea doble terna TAJ-YAG23001 y TAJ-YAG23002.
2021-07-22,ENDE ANDINA,G,SUR10,07:20,13:06,Reducción de potencia de la unidad CCSUR10 a 78 MW por límite de transferencia de la línea doble terna TAJ-YAG23001 y TAJ-YAG23002.
2021-07-22,ENDE ANDINA,G,SUR10,13:06,18:07,Reducción de potencia de la unidad CCSUR10 a 81 MW por límite de transferencia de la línea doble terna TAJ-YAG23001 y TAJ-YAG23002.
2021-07-23,ENDE ANDINA,G,SUR10,07:16,09:49,Reducción de potencia de la unidad CCSUR10 a 80 MW por límite de transferencia de la línea doble terna TAJ-YAG23001 y TAJ-YAG23002.
2021-07-23,ENDE ANDINA,G,SUR10,09:49,11:06,Reducción de potencia de la unidad CCSUR10 a 84 MW por límite de transferencia de la línea doble terna TAJ-YAG23001 y TAJ-YAG23002.
2021-07-23,ENDE ANDINA,G,SUR10,11:06,18:07,Reducción de potencia de la unidad CCSUR10 a 86 MW por límite de transferencia de la línea doble terna TAJ-YAG23001 y TAJ-YAG23002.
2021-07-24,ENDE ANDINA,G,SUR10,07:09,14:10,Reducción de potencia de la unidad CCSUR10 a 76 MW por límite de transferencia de la línea doble terna TAJ-YAG23001 y TAJ-YAG23002.
2021-07-24,ENDE ANDINA,G,SUR10,14:10,18:00,Reducción de potencia de la unidad CCSUR10 a 85 MW por límite de transferencia de la línea doble terna TAJ-YAG23001 y TAJ-YAG23002.
2021-07-25,ENDE ANDINA,G,SUR40,08:03,08:23,Reducción de potencia de la unidad CCSUR40 a 80 MW por límite de transferencia de la línea doble terna TAJ-YAG23001 y TAJ-YAG23002.
2021-07-25,ENDE ANDINA,G,SUR10,08:03,14:01,Reducción de potencia de la unidad CCSUR10 a 75.4 MW por límite de transferencia de la línea doble terna TAJ-YAG23001 y TAJ-YAG23002.
2021-07-25,ENDE ANDINA,G,SUR40,08:23,14:01,Reducción de potencia de la unidad CCSUR40 a 84 MW por límite de transferencia de la línea doble terna TAJ-YAG23001 y TAJ-YAG23002.
2021-07-25,ENDE ANDINA,G,SUR40,14:01,18:15,Reducción de potencia de la unidad CCSUR40 a 93 MW por límite de transferencia de la línea doble terna TAJ-YAG23001 y TAJ-YAG23002.
2021-07-25,ENDE ANDINA,G,SUR10,14:01,18:19,Reducción de potencia de la unidad CCSUR10 a 70.8 MW por límite de transferencia de la línea doble terna TAJ-YAG23001 y TAJ-YAG23002.
2021-07-26,ENDE ANDINA,G,SUR10,07:12,18:00,Reducción de potencia de la unidad CCSUR10 a 78 MW por límite de transferencia de la línea doble terna TAJ-YAG23001 y TAJ-YAG23002.
2021-07-27,ENDE ANDINA,G,SUR10,07:09,18:00,Reducción de potencia de la unidad CCSUR10 a 78 MW por límite de transferencia de la línea doble terna TAJ-YAG23001 y TAJ-YAG23002.
2021-07-28,ENDE ANDINA,G,SUR10,07:16,18:01,Reducción de potencia de la unidad CCSUR10 a 79.6 MW por límite de transferencia de la línea doble terna TAJ-YAG23001 y TAJ-YAG23002.
2021-07-28,ENDE ANDINA,G,SUR10,23:39,24:00,Reducción de potencia de la unidad CCSUR10 a 112 MW por límite de transferencia de la línea doble terna TAJ-YAG23001 y TAJ-YAG23002.
2021-07-29,ENDE ANDINA,G,SUR10,00:00,03:03,Reducción de potencia de la unidad CCSUR10 a 112 MW por límite de transferencia de la línea doble terna TAJ-YAG23001 y TAJ-YAG23002.
2021-07-30,ENDE ANDINA,G,SUR10,00:25,07:02,Reducción de potencia de la unidad CCSUR10 a 112 MW por límite de transferencia de la línea doble terna TAJ-YAG23001 y TAJ-YAG23002.
2021-07-30,ENDE ANDINA,G,SUR10,07:02,18:00,Reducción de potencia de la unidad CCSUR10 a 79.4 MW por límite de transferencia de la línea doble terna TAJ-YAG23001 y TAJ-YAG23002.
2021-07-30,ENDE ANDINA,G,SUR40,07:13,07:22,Reducción de potencia de la unidad CCSUR40 a 118 MW por límite de transferencia de la línea doble terna TAJ-YAG23001 y TAJ-YAG23002.
2021-07-30,ENDE ANDINA,G,SUR40,07:22,18:00,Reducción de potencia de la unidad CCSUR40 a 115 MW por límite de transferencia de la línea doble terna TAJ-YAG23001 y TAJ-YAG23002.
2021-08-01,ENDE ANDINA,G,SUR40,08:06,08:15,Reducción de potencia de la unidad CCSUR40 a 118.5 MW por límite de transferencia de la línea doble terna TAJ-YAG23001 y TAJ-YAG23002.
2021-08-01,ENDE ANDINA,G,SUR12,08:06,14:54,Reducción de potencia de la unidad CCSUR12 a 46 MW por límite de transferencia de la línea doble terna TAJ-YAG23001 y TAJ-YAG23002.
2021-08-01,ENDE ANDINA,G,SUR40,08:15,09:09,Reducción de potencia de la unidad CCSUR40 a 113 MW por límite de transferencia de la línea doble terna TAJ-YAG23001 y TAJ-YAG23002.
2021-08-01,ENDE ANDINA,G,SUR40,09:09,14:54,Reducción de potencia de la unidad CCSUR40 a 117 MW por límite de transferencia de la línea doble terna TAJ-YAG23001 y TAJ-YAG23002.
2021-08-01,ENDE ANDINA,G,SUR10,14:54,18:00,Reducción de potencia de la unidad CCSUR10 a 52 MW por límite de transferencia de la línea doble terna TAJ-YAG23001 y TAJ-YAG23002.
2021-08-01,ENDE ANDINA,G,SUR40,14:54,18:00,Reducción de potencia de la unidad CCSUR40 a 111 MW por límite de transferencia de la línea doble terna TAJ-YAG23001 y TAJ-YAG23002.
2021-08-02,ENDE ANDINA,G,SUR10,06:45,07:04,Reducción de potencia de la unidad CCSUR10 a 110 MW por límite de transferencia de la línea doble terna TAJ-YAG23001 y TAJ-YAG23002.
2021-08-02,ENDE ANDINA,G,SUR40,07:04,18:00,Reducción de potencia de la unidad CCSUR40 a 117 MW por límite de transferencia de la línea doble terna TAJ-YAG23001 y TAJ-YAG23002.
2021-08-02,ENDE ANDINA,G,SUR10,07:04,18:00,Reducción de potencia de la unidad CCSUR10 a 78.3 MW por límite de transferencia de la línea doble terna TAJ-YAG23001 y TAJ-YAG23002.
2021-08-03,ENDE ANDINA,G,SUR40,07:06,16:15,Reducción de potencia de la unidad CCSUR40 a 118 MW por límite de transferencia de la línea doble terna TAJ-YAG23001 y TAJ-YAG23002.
2021-08-03,ENDE ANDINA,G,SUR10,07:06,18:03,Reducción de potencia de la unidad CCSUR10 a 77.4 MW por límite de transferencia de la línea doble terna TAJ-YAG23001 y TAJ-YAG23002.
2021-08-04,ENDE ANDINA,G,SUR10,06:27,07:02,Reducción de potencia de la unidad CCSUR10 a 110 MW por límite de transferencia de la línea doble terna TAJ-YAG23001 y TAJ-YAG23002.
2021-08-04,ENDE ANDINA,G,SUR40,07:02,10:00,Reducción de potencia de la unidad CCSUR40 a 118 MW por límite de transferencia de la línea doble terna TAJ-YAG23001 y TAJ-YAG23002.
2021-08-04,ENDE ANDINA,G,SUR10,07:02,15:22,Reducción de potencia de la unidad CCSUR10 a 77.4 MW por límite de transferencia de la línea doble terna TAJ-YAG23001 y TAJ-YAG23002.
2021-08-04,ENDE ANDINA,G,SUR10,15:22,18:00,Reducción de potencia de la unidad CCSUR10 a 81 MW por límite de transferencia de la línea doble terna TAJ-YAG23001 y TAJ-YAG23002.
2021-08-05,ENDE ANDINA,G,SUR10,06:10,07:01,Reducción de potencia de la unidad CCSUR10 a 110 MW por límite de transferencia de la línea doble terna TAJ-YAG23001 y TAJ-YAG23002.
2021-08-05,ENDE ANDINA,G,SUR40,07:01,11:27,Reducción de potencia de la unidad CCSUR40 a 118 MW por límite de transferencia de la línea doble terna TAJ-YAG23001 y TAJ-YAG23002.
2021-08-05,ENDE ANDINA,G,SUR10,07:01,11:27,Reducción de potencia de la unidad CCSUR10 a 77.4 MW por límite de transferencia de la línea doble terna TAJ-YAG23001 y TAJ-YAG23002.
2021-08-05,ENDE ANDINA,G,SUR10,11:27,18:03,Reducción de potencia de la unidad CCSUR10 a 79 MW por límite de transferencia de la línea doble terna TAJ-YAG23001 y TAJ-YAG23002.
2021-08-07,ENDE ANDINA,G,SUR10,06:45,09:30,Reducción de potencia de la unidad CCSUR10 a 76.6 MW por límite de transferencia de la línea doble terna TAJ-YAG23001 y TAJ-YAG23002.
2021-08-07,ENDE ANDINA,G,SUR10,17:15,18:00,Reducción de potencia de la unidad CCSUR10 a 88.0 MW por límite de transferencia de la línea doble terna TAJ-YAG23001 y TAJ-YAG23002.
2021-08-08,ENDE ANDINA,G,SUR10,08:33,12:50,Reducción de potencia de la unidad CCSUR10 a 75.8 MW por límite de transferencia de la línea doble terna TAJ-YAG23001 y TAJ-YAG23002.
2021-08-08,ENDE ANDINA,G,SUR40,08:33,12:50,Reducción de potencia de la unidad CCSUR40 a 87 MW por límite de transferencia de la línea doble terna TAJ-YAG23001 y TAJ-YAG23002.
2021-08-08,ENDE ANDINA,G,SUR10,12:50,18:10,Reducción de potencia de la unidad CCSUR10 a 72.3 MW por límite de transferencia de la línea doble terna TAJ-YAG23001 y TAJ-YAG23002.
2021-08-08,ENDE ANDINA,G,SUR40,12:50,18:10,Reducción de potencia de la unidad CCSUR40 a 93 MW por límite de transferencia de la línea doble terna TAJ-YAG23001 y TAJ-YAG23002.
2021-08-09,ENDE ANDINA,G,SUR10,07:04,14:50,Reducción de potencia de la unidad CCSUR10 a 76.4MW por límite de transferencia de la línea doble terna TAJ-YAG23001 y TAJ-YAG23002.
2021-08-09,ENDE ANDINA,G,SUR10,14:50,18:00,Reducción de potencia de la unidad CCSUR10 a 81 MW por límite de transferencia de la línea doble terna TAJ-YAG23001 y TAJ-YAG23002.
2021-08-09,ENDE ANDINA,G,SUR10,23:49,24:00,Reducción de potencia de la unidad CCSUR10 a 111.6 MW por límite de transferencia de la línea doble terna TAJ-YAG23001 y TAJ-YAG23002.
2021-08-10,ENDE ANDINA,G,SUR10,00:00,03:03,Reducción de potencia de la unidad CCSUR10 a 111.6 MW por límite de transferencia de la línea doble terna TAJ-YAG23001 y TAJ-YAG23002.
2021-08-10,ENDE ANDINA,G,SUR10,06:21,07:05,Reducción de potencia de la unidad CCSUR10 a 110 MW por límite de transferencia de la línea doble terna TAJ-YAG23001 y TAJ-YAG23002.
2021-08-10,ENDE ANDINA,G,SUR10,07:05,07:31,Reducción de potencia de la unidad CCSUR10 a 80 MW por límite de transferencia de la línea doble terna TAJ-YAG23001 y TAJ-YAG23002.
2021-08-10,ENDE ANDINA,G,SUR10,07:31,14:30,Reducción de potencia de la unidad CCSUR10 a 78 MW por límite de transferencia de la línea doble terna TAJ-YAG23001 y TAJ-YAG23002.
2021-08-10,ENDE ANDINA,G,SUR40,07:31,14:30,Reducción de potencia de la unidad CCSUR40 a 115 MW por límite de transferencia de la línea doble terna TAJ-YAG23001 y TAJ-YAG23002.
2021-08-10,ENDE ANDINA,G,SUR10,16:20,18:00,Reducción de potencia de la unidad CCSUR10 a 78 MW por límite de transferencia de la línea doble terna TAJ-YAG23001 y TAJ-YAG23002.
2021-08-11,ENDE ANDINA,G,SUR10,06:36,07:05,Reducción de potencia de la unidad CCSUR10 a 110.0 MW por límite de transferencia de la línea doble terna TAJ-YAG23001 y TAJ-YAG23002.
2021-08-11,ENDE ANDINA,G,SUR10,07:05,18:05,Reducción de potencia de la unidad CCSUR10 a 78 MW por límite de transferencia de la línea doble terna TAJ-YAG23001 y TAJ-YAG23002.
2021-08-11,ENDE ANDINA,G,SUR40,07:22,11:15,Reducción de potencia de la unidad CCSUR40 a 115 MW por límite de transferencia de la línea doble terna TAJ-YAG23001 y TAJ-YAG23002.
2021-08-12,ENDE ANDINA,G,SUR10,06:10,07:02,Reducción de potencia de la unidad CCSUR10 a 110.0 MW por límite de transferencia de la línea doble terna TAJ-YAG23001 y TAJ-YAG23002.
2021-08-12,ENDE ANDINA,G,SUR10,07:02,18:00,Reducción de potencia de la unidad CCSUR10 a 78 MW por límite de transferencia de la línea doble terna TAJ-YAG23001 y TAJ-YAG23002.
2021-08-12,ENDE ANDINA,G,SUR40,07:20,18:00,Reducción de potencia de la unidad CCSUR40 a 115.0 MW por límite de transferencia de la línea doble terna TAJ-YAG23001 y TAJ-YAG23002.
2021-08-12,ENDE ANDINA,G,SUR10,21:00,21:45,Reducción de potencia de la unidad CCSUR10 a 105 MW por límite de transferencia de la línea PUN-POT115.
2021-08-13,ENDE ANDINA,G,SUR10,07:00,11:27,Reducción de potencia de la unidad CCSUR10 a 78.8 MW por límite de transferencia de la línea doble terna TAJ-YAG23001 y TAJ-YAG23002.
2021-08-13,ENDE ANDINA,G,SUR40,07:16,11:27,Reducción de potencia de la unidad CCSUR40 a 116.0 MW por límite de transferencia de la línea doble terna TAJ-YAG23001 y TAJ-YAG23002.
2021-08-13,ENDE ANDINA,G,SUR10,11:27,18:02,Reducción de potencia de la unidad CCSUR10 a 79.0 MW por límite de transferencia de la línea doble terna TAJ-YAG23001 y TAJ-YAG23002.
2021-08-13,ENDE ANDINA,G,SUR10,22:34,23:07,Reducción de potencia de la unidad CCSUR10 a 111.0 MW por límite de transferencia de la línea doble terna TAJ-YAG23001 y TAJ-YAG23002.
2021-08-14,ENDE ANDINA,G,SUR12,09:56,10:31,Reducción de potencia de la unidad CCSUR12 a 46.3 MW por límite de transferencia de la línea PUN-POT115.
2021-08-14,ENDE ANDINA,G,SUR40,10:31,15:58,Reducción de potencia de la unidad CCSUR40 a 110 MW por límite de transferencia de la línea PUN-POT115.
2021-08-14,ENDE ANDINA,G,SUR12,10:31,16:13,Reducción de potencia de la unidad CCSUR12 a 45.1 MW por límite de transferencia de la línea PUN-POT115.
2021-08-14,ENDE ANDINA,G,SUR12,16:13,16:32,Reducción de potencia de la unidad CCSUR12 a 50 MW por límite de transferencia de la línea PUN-POT115.
2021-08-15,ENDE ANDINA,G,SUR40,07:30,11:54,Reducción de potencia de la unidad CCSUR40 a 114 MW por límite de transferencia de la línea doble terna TAJ-YAG23001 y TAJ-YAG23002.
2021-08-15,ENDE ANDINA,G,SUR12,07:30,18:02,Reducción de potencia de la unidad CCSUR12 a 45.5 MW por límite de transferencia de la línea doble terna TAJ-YAG23001 y TAJ-YAG23002.
2021-08-15,ENDE ANDINA,G,SUR40,11:54,15:11,Reducción de potencia de la unidad CCSUR40 a 104 MW por límite de transferencia de la línea PUN-POT115.
2021-08-15,ENDE ANDINA,G,SUR40,15:11,15:31,Reducción de potencia de la unidad CCSUR40 a 112 MW por límite de transferencia de la línea PUN-POT115.
2021-08-16,ENDE ANDINA,G,SUR10,07:00,12:49,Reducción de potencia de la unidad CCSUR10 a 78 MW por límite de transferencia de la línea doble terna TAJ-YAG23001 y TAJ-YAG23002.
2021-08-16,ENDE ANDINA,G,SUR10,12:49,17:12,Reducción de potencia de la unidad CCSUR10 a 82 MW por límite de transferencia de la línea doble terna TAJ-YAG23001 y TAJ-YAG23002.
2021-08-16,ENDE ANDINA,G,SUR10,17:12,18:02,Reducción de potencia de la unidad CCSUR10 a 86 MW por límite de transferencia de la línea doble terna TAJ-YAG23001 y TAJ-YAG23002.
2021-08-17,ENDE ANDINA,G,SUR10,07:00,09:46,Reducción de potencia de la unidad CCSUR10 a 76 MW por límite de transferencia de la línea doble terna TAJ-YAG23001 y TAJ-YAG23002.
2021-08-17,ENDE ANDINA,G,SUR10,09:46,11:53,Reducción de potencia de la unidad CCSUR10 a 82 MW por límite de transferencia de la línea doble terna TAJ-YAG23001 y TAJ-YAG23002.
2021-08-17,ENDE ANDINA,G,SUR10,11:53,13:50,Reducción de potencia de la unidad CCSUR10 a 87 MW por límite de transferencia de la línea doble terna TAJ-YAG23001 y TAJ-YAG23002.
2021-08-17,ENDE ANDINA,G,SUR10,13:50,16:24,Reducción de potencia de la unidad CCSUR10 a 86 MW por límite de transferencia de la línea doble terna TAJ-YAG23001 y TAJ-YAG23002.
2021-08-19,ENDE ANDINA,G,SUR10,10:01,11:13,Reducción de potencia de la unidad CCSUR10 a 76 MW por límite de transferencia de la línea doble terna TAJ-YAG23001 y TAJ-YAG23002.
2021-08-19,ENDE ANDINA,G,SUR10,11:13,11:29,Reducción de potencia de la unidad CCSUR10 a 82 MW por límite de transferencia de la línea doble terna TAJ-YAG23001 y TAJ-YAG23002.
2021-08-19,ENDE ANDINA,G,SUR10,11:29,12:47,Reducción de potencia de la unidad CCSUR10 a 87 MW por límite de transferencia de la línea doble terna TAJ-YAG23001 y TAJ-YAG23002.
2021-08-19,ENDE ANDINA,G,SUR10,12:47,18:02,Reducción de potencia de la unidad CCSUR10 a 92 MW por límite de transferencia de la línea doble terna TAJ-YAG23001 y TAJ-YAG23002.
2021-08-20,ENDE ANDINA,G,SUR10,07:05,10:11,Reducción de potencia de la unidad CCSUR10 a 80 MW por límite de transferencia de la línea doble terna TAJ-YAG23001 y TAJ-YAG23002.
2021-08-20,ENDE ANDINA,G,SUR10,10:11,18:02,Reducción de potencia de la unidad CCSUR10 a 88 MW por límite de transferencia de la línea doble terna TAJ-YAG23001 y TAJ-YAG23002.
2021-08-21,ENDE ANDINA,G,SUR10,12:20,12:40,Reducción de potencia de la unidad CCSUR10 a 80 MW por límite de transferencia de la línea doble terna TAJ-YAG23001 y TAJ-YAG23002.
2021-08-22,ENDE ANDINA,G,SUR40,07:05,10:02,Reducción de potencia de la unidad CCSUR40 a 83 MW por límite de transferencia de la línea doble terna TAJ-YAG23001 y TAJ-YAG23002.
2021-08-22,ENDE ANDINA,G,SUR10,07:05,18:05,Reducción de potencia de la unidad CCSUR10 a 75.8 MW por límite de transferencia de la línea doble terna TAJ-YAG23001 y TAJ-YAG23002.
2021-08-22,ENDE ANDINA,G,SUR40,10:02,18:05,Reducción de potencia de la unidad CCSUR40 a 88 MW por límite de transferencia de la línea doble terna TAJ-YAG23001 y TAJ-YAG23002.
2021-08-23,ENDE ANDINA,G,SUR10,07:01,10:30,Reducción de potencia de la unidad CCSUR10 a 77 MW por límite de transferencia de la línea doble terna TAJ-YAG23001 y TAJ-YAG23002.
2021-08-23,ENDE ANDINA,G,SUR10,10:30,18:00,Reducción de potencia de la unidad CCSUR10 a 85 MW por límite de transferencia de la línea doble terna TAJ-YAG23001 y TAJ-YAG23002.
2021-08-24,ENDE ANDINA,G,SUR10,07:15,18:02,Reducción de potencia de la unidad CCSUR10 a 77 MW por límite de transferencia de la línea doble terna TAJ-YAG23001 y TAJ-YAG23002.
2021-08-25,ENDE ANDINA,G,SUR10,07:08,18:00,Reducción de potencia de la unidad CCSUR10 a 77.4 MW por límite de transferencia de la línea doble terna TAJ-YAG23001 y TAJ-YAG23002.
2021-08-26,ENDE ANDINA,G,SUR10,12:18,18:02,Reducción de potencia de la unidad CCSUR10 a 77 MW por límite de transferencia de la línea doble terna TAJ-YAG23001 y TAJ-YAG23002.
2021-08-27,ENDE ANDINA,G,SUR40,07:05,10:50,Reducción de potencia de la unidad CCSUR40 a 117 MW por límite de transferencia de la línea doble terna TAJ-YAG23001 y TAJ-YAG23002.
2021-08-27,ENDE ANDINA,G,SUR10,07:05,12:50,Reducción de potencia de la unidad CCSUR10 a 78 MW por límite de transferencia de la línea doble terna TAJ-YAG23001 y TAJ-YAG23002.
2021-08-27,ENDE ANDINA,G,SUR10,12:50,18:01,Reducción de potencia de la unidad CCSUR10 a 79 MW por límite de transferencia de la línea doble terna TAJ-YAG23001 y TAJ-YAG23002.
2021-08-28,ENDE ANDINA,G,SUR10,07:00,08:00,Reducción de potencia de la unidad CCSUR10 a 77.1 MW por límite de transferencia de la línea doble terna TAJ-YAG23001 y TAJ-YAG23002.
2021-08-28,ENDE ANDINA,G,SUR10,08:00,17:08,Reducción de potencia de la unidad CCSUR10 a 77.1 MW por mantenimiento de la línea TAJ-YAG23002.
2021-08-28,ENDE ANDINA,G,SUR40,08:00,17:08,Reducción de potencia de la unidad CCSUR40 a 80.6 MW por mantenimiento de la línea TAJ-YAG23002.
2021-08-28,ENDE ANDINA,G,SUR10,17:08,18:00,Reducción de potencia de la unidad CCSUR10 a 85 MW por límite de transferencia de la línea doble terna TAJ-YAG23001 y TAJ-YAG23002.
2021-08-29,ENDE ANDINA,G,SUR10,07:00,07:59,Reducción de potencia de la unidad CCSUR10 a 76.8 MW por límite de transferencia de la línea doble terna TAJ-YAG23001 y TAJ-YAG23002.
2021-08-29,ENDE ANDINA,G,SUR40,07:00,08:10,Reducción de potencia de la unidad CCSUR40 a 80.3 MW por límite de transferencia de la línea doble terna TAJ-YAG23001 y TAJ-YAG23002.
2021-08-30,ENDE ANDINA,G,SUR10,07:01,10:05,Reducción de potencia de la unidad CCSUR10 a 77 MW por límite de transferencia de la línea doble terna TAJ-YAG23001 y TAJ-YAG23002.
2021-08-30,ENDE ANDINA,G,SUR10,10:05,15:13,Reducción de potencia de la unidad CCSUR10 a 85 MW por límite de transferencia de la línea doble terna TAJ-YAG23001 y TAJ-YAG23002.
2021-08-30,ENDE ANDINA,G,SUR10,15:13,18:10,Reducción de potencia de la unidad CCSUR10 a 90 MW por límite de transferencia de la línea doble terna TAJ-YAG23001 y TAJ-YAG23002.
2021-08-31,ENDE ANDINA,G,SUR10,07:02,11:05,Reducción de potencia de la unidad CCSUR10 a 75.4 MW por límite de transferencia de la línea doble terna TAJ-YAG23001 y TAJ-YAG23002.
2021-08-31,ENDE ANDINA,G,SUR10,11:05,13:50,Reducción de potencia de la unidad CCSUR10 a 85 MW por límite de transferencia de la línea doble terna TAJ-YAG23001 y TAJ-YAG23002.
2021-08-31,ENDE ANDINA,G,SUR10,13:50,16:17,Reducción de potencia de la unidad CCSUR10 a 90 MW por límite de transferencia de la línea doble terna TAJ-YAG23001 y TAJ-YAG23002.
2021-08-31,ENDE ANDINA,G,SUR10,16:17,18:10,Reducción de potencia de la unidad CCSUR10 a 95 MW por límite de transferencia de la línea doble terna TAJ-YAG23001 y TAJ-YAG23002.
2021-09-01,ENDE ANDINA,G,SUR10,07:02,09:05,Reducción de potencia de la unidad CCSUR10 a 77 MW por límite de transferencia de la línea doble terna TAJ-YAG23001 y TAJ-YAG23002.
2021-09-01,ENDE ANDINA,G,SUR10,09:05,11:10,Reducción de potencia de la unidad CCSUR10 a 85 MW por límite de transferencia de la línea doble terna TAJ-YAG23001 y TAJ-YAG23002.
2021-09-01,ENDE ANDINA,G,SUR10,11:10,13:20,Reducción de potencia de la unidad CCSUR10 a 92 MW por límite de transferencia de la línea doble terna TAJ-YAG23001 y TAJ-YAG23002.
2021-09-01,ENDE ANDINA,G,SUR10,13:20,15:50,Reducción de potencia de la unidad CCSUR10 a 95 MW por límite de transferencia de la línea doble terna TAJ-YAG23001 y TAJ-YAG23002.
2021-09-02,ENDE ANDINA,G,SUR10,07:02,08:50,Reducción de potencia de la unidad CCSUR10 a 75 MW por límite de transferencia de la línea doble terna TAJ-YAG23001 y TAJ-YAG23002.
2021-09-02,ENDE ANDINA,G,SUR10,08:50,10:50,Reducción de potencia de la unidad CCSUR10 a 85 MW por límite de transferencia de la línea doble terna TAJ-YAG23001 y TAJ-YAG23002.
2021-09-02,ENDE ANDINA,G,SUR10,10:50,11:04,Reducción de potencia de la unidad CCSUR10 a 90 MW por límite de transferencia de la línea doble terna TAJ-YAG23001 y TAJ-YAG23002.
2021-09-02,ENDE ANDINA,G,SUR10,11:57,18:05,Reducción de potencia de la unidad CCSUR10 a 95 MW por límite de transferencia de la línea doble terna TAJ-YAG23001 y TAJ-YAG23002.
2021-09-03,ENDE ANDINA,G,SUR10,07:07,08:42,Reducción de potencia de la unidad CCSUR10 a 75 MW por límite de transferencia de la línea doble terna TAJ-YAG23001 y TAJ-YAG23002.
2021-09-03,ENDE ANDINA,G,SUR10,08:42,09:32,Reducción de potencia de la unidad CCSUR10 a 78 MW por límite de transferencia de la línea doble terna TAJ-YAG23001 y TAJ-YAG23002.
2021-09-03,ENDE ANDINA,G,SUR10,09:32,17:42,Reducción de potencia de la unidad CCSUR10 a 74.4 MW por límite de transferencia de la línea POT-PUN115.
2021-09-03,ENDE ANDINA,G,SUR40,10:54,11:06,Reducción de potencia de la unidad CCSUR40 a 114 MW por límite de transferencia de la línea POT-PUN115.
2021-09-03,ENDE ANDINA,G,SUR40,11:06,11:48,Reducción de potencia de la unidad CCSUR40 a 110 MW por límite de transferencia de la línea POT-PUN115.
2021-09-03,ENDE ANDINA,G,SUR40,11:48,13:12,Reducción de potencia de la unidad CCSUR40 a 105 MW por límite de transferencia de la línea POT-PUN115.
2021-09-03,ENDE ANDINA,G,SUR40,13:12,16:23,Reducción de potencia de la unidad CCSUR40 a 100 MW por límite de transferencia de la línea POT-PUN115.
2021-09-03,ENDE ANDINA,G,SUR40,16:23,16:45,Reducción de potencia de la unidad CCSUR40 a 110 MW por límite de transferencia de la línea POT-PUN115.
2021-09-03,ENDE ANDINA,G,SUR10,17:42,18:05,Reducción de potencia de la unidad CCSUR10 a 85 MW por límite de transferencia de la línea doble terna TAJ-YAG23001 y TAJ-YAG23002.
2021-09-03,ENDE ANDINA,G,SUR10,18:05,24:00,Reducción de potencia de la unidad CCSUR10 a 100 MW por límite de transferencia de la línea POT-PUN115.
2021-09-04,ENDE ANDINA,G,SUR10,00:00,01:20,Reducción de potencia de la unidad CCSUR10 a 100 MW por límite de transferencia de la línea POT-PUN115.
2021-09-04,ENDE ANDINA,G,SUR10,01:20,03:31,Reducción de potencia de la unidad CCSUR10 a 90 MW por límite de transferencia de la línea POT-PUN115.
2021-09-04,ENDE ANDINA,G,SUR10,08:15,08:35,Reducción de potencia de la unidad CCSUR10 a 74 MW por límite de transferencia de la línea POT-PUN115.
2021-09-04,ENDE ANDINA,G,SUR40,08:35,16:45,Reducción de potencia de la unidad CCSUR40 a 100 MW por límite de transferencia de la línea POT-PUN115.
2021-09-04,ENDE ANDINA,G,SUR10,08:35,17:44,Reducción de potencia de la unidad CCSUR10 a 74 MW por límite de transferencia de la línea POT-PUN115.
2021-09-04,ENDE ANDINA,G,SUR10,17:44,17:49,Reducción de potencia de la unidad CCSUR10 a 80 MW por límite de transferencia de la línea POT-PUN115.
2021-09-04,ENDE ANDINA,G,SUR10,17:49,18:35,Reducción de potencia de la unidad CCSUR10 a 90 MW por límite de transferencia de la línea POT-PUN115.
2021-09-04,ENDE ANDINA,G,SUR10,18:35,24:00,Reducción de potencia de la unidad CCSUR10 a 100 MW por límite de transferencia de la línea POT-PUN115.
2021-09-05,ENDE ANDINA,G,SUR10,00:00,03:04,Reducción de potencia de la unidad CCSUR10 a 100 MW por límite de transferencia de la línea POT-PUN115.
2021-09-05,ENDE ANDINA,G,SUR10,18:15,19:10,Reducción de potencia de la unidad CCSUR10 a 102 MW por límite de transferencia de la línea POT-PUN115.
2021-09-05,ENDE ANDINA,G,SUR10,19:10,20:01,Reducción de potencia de la unidad CCSUR10 a 89 MW por límite de transferencia de la línea POT-PUN115.
2021-09-05,ENDE ANDINA,G,SUR10,20:01,21:10,Reducción de potencia de la unidad CCSUR10 a 91 MW por límite de transferencia de la línea POT-PUN115.
2021-09-05,ENDE ANDINA,G,SUR10,21:10,24:00,Reducción de potencia de la unidad CCSUR10 a 98 MW por límite de transferencia de la línea POT-PUN115.
2021-09-06,ENDE ANDINA,G,SUR10,00:00,00:32,Reducción de potencia de la unidad CCSUR10 a 98 MW por límite de transferencia de la línea POT-PUN115.
2021-09-06,ENDE ANDINA,G,SUR40,08:35,09:40,Reducción de potencia de la unidad CCSUR40 a 115 MW por límite de transferencia de la línea POT-PUN115.
2021-09-06,ENDE ANDINA,G,SUR10,08:35,18:05,Reducción de potencia de la unidad CCSUR10 a 74 MW por límite de transferencia de la línea POT-PUN115.
2021-09-06,ENDE ANDINA,G,SUR40,09:40,10:23,Reducción de potencia de la unidad CCSUR40 a 110 MW por límite de transferencia de la línea POT-PUN115.
2021-09-06,ENDE ANDINA,G,SUR40,10:23,11:01,Reducción de potencia de la unidad CCSUR40 a 100 MW por límite de transferencia de la línea POT-PUN115.
2021-09-06,ENDE ANDINA,G,SUR40,11:01,15:51,Reducción de potencia de la unidad CCSUR40 a 90 MW por límite de transferencia de la línea POT-PUN115.
2021-09-06,ENDE ANDINA,G,SUR40,15:51,16:53,Reducción de potencia de la unidad CCSUR40 a 100 MW por límite de transferencia de la línea POT-PUN115.
2021-09-06,ENDE ANDINA,G,SUR10,18:05,18:25,Reducción de potencia de la unidad CCSUR10 a 90 MW por límite de transferencia de la línea POT-PUN115.
2021-09-07,ENDE ANDINA,G,SUR10,07:28,08:30,Reducción de potencia de la unidad CCSUR10 a 75 MW por límite de transferencia de la línea doble terna TAJ-YAG23001 y TAJ-YAG23002.
2021-09-07,ENDE ANDINA,G,SUR10,08:30,10:10,Reducción de potencia de la unidad CCSUR10 a 75 MW por límite de transferencia de la línea POT-PUN115.
2021-09-07,ENDE ANDINA,G,SUR40,08:30,10:10,Reducción de potencia de la unidad CCSUR40 a 105 MW por límite de transferencia de la línea POT-PUN115.
2021-09-07,ENDE ANDINA,G,SUR10,10:10,10:20,Reducción de potencia de la unidad CCSUR10 a 75 MW por límite de transferencia de la línea doble terna TAJ-YAG23001 y TAJ-YAG23002.
2021-09-07,ENDE ANDINA,G,SUR10,10:20,11:37,Reducción de potencia de la unidad CCSUR10 a 85 MW por límite de transferencia de la línea doble terna TAJ-YAG23001 y TAJ-YAG23002.
2021-09-07,ENDE ANDINA,G,SUR10,11:37,13:51,Reducción de potencia de la unidad CCSUR10 a 75 MW por límite de transferencia de la línea POT-PUN115.
2021-09-07,ENDE ANDINA,G,SUR10,13:51,16:55,Reducción de potencia de la unidad CCSUR10 a 85 MW por límite de transferencia de la línea POT-PUN115.
2021-09-07,ENDE ANDINA,G,SUR10,16:55,18:14,Reducción de potencia de la unidad CCSUR10 a 95 MW por límite de transferencia de la línea doble terna TAJ-YAG23001 y TAJ-YAG23002.
2021-09-08,ENDE ANDINA,G,SUR10,07:01,08:40,Reducción de potencia de la unidad CCSUR10 a 75 MW por límite de transferencia de la línea doble terna TAJ-YAG23001 y TAJ-YAG23002.
2021-09-08,ENDE ANDINA,G,SUR40,08:40,12:03,Reducción de potencia de la unidad CCSUR40 a 105 MW por límite de transferencia de la línea POT-PUN115.
2021-09-08,ENDE ANDINA,G,SUR10,08:40,16:30,Reducción de potencia de la unidad CCSUR10 a 75 MW por límite de transferencia de la línea POT-PUN115.
2021-09-08,ENDE ANDINA,G,SUR40,12:03,14:03,Reducción de potencia de la unidad CCSUR40 a 110 MW por límite de transferencia de la línea POT-PUN115.
2021-09-08,ENDE ANDINA,G,SUR10,16:30,18:11,Reducción de potencia de la unidad CCSUR10 a 75 MW por límite de transferencia de la línea doble terna TAJ-YAG23001 y TAJ-YAG23002.
2021-09-09,ENDE ANDINA,G,SUR40,07:20,10:08,Reducción de potencia de la unidad CCSUR40 a 115 MW por límite de transferencia de la línea doble terna TAJ-YAG23001 y TAJ-YAG23002.
2021-09-09,ENDE ANDINA,G,SUR10,07:20,14:49,Reducción de potencia de la unidad CCSUR10 a 75 MW por límite de transferencia de la línea doble terna TAJ-YAG23001 y TAJ-YAG23002.
2021-09-10,ENDE ANDINA,G,SUR10,07:16,10:04,Reducción de potencia de la unidad CCSUR10 a 74.7 MW por límite de transferencia de la línea doble terna TAJ-YAG23001 y TAJ-YAG23002.
2021-09-10,ENDE ANDINA,G,SUR10,16:36,18:01,Reducción de potencia de la unidad CCSUR10 a 88.0 MW por límite de transferencia de la línea doble terna TAJ-YAG23001 y TAJ-YAG23002.
2021-09-13,ENDE ANDINA,G,SUR10,07:54,12:00,Reducción de potencia de la unidad CCSUR10 a 80.0 MW por límite de transferencia de la línea doble terna TAJ-YAG23001 y TAJ-YAG23002.
2021-09-13,ENDE ANDINA,G,SUR10,12:00,15:02,Reducción de potencia de la unidad CCSUR10 a 80.0 MW por límite de transferencia de la línea POT-PUN115.
2021-09-13,ENDE ANDINA,G,SUR10,15:02,18:00,Reducción de potencia de la unidad CCSUR10 a 90.0 MW por límite de transferencia de la línea POT-PUN115.
2021-09-14,ENDE ANDINA,G,SUR10,07:19,11:02,Reducción de potencia de la unidad CCSUR10 a 80.0 MW por límite de transferencia de la línea doble terna TAJ-YAG23001 y TAJ-YAG23002.
2021-09-14,ENDE ANDINA,G,SUR10,11:02,11:16,Reducción de potencia de la unidad CCSUR10 a 76.0 MW por límite de transferencia de la línea doble terna TAJ-YAG23001 y TAJ-YAG23002.
2021-09-14,ENDE ANDINA,G,SUR40,11:16,17:31,Reducción de potencia de la unidad CCSUR40 a 110.0 MW por límite de transferencia de la línea POT-PUN115.
2021-09-14,ENDE ANDINA,G,SUR10,11:16,17:31,Reducción de potencia de la unidad CCSUR10 a 76.0 MW por límite de transferencia de la línea POT-PUN115.
2021-09-14,ENDE ANDINA,G,SUR10,17:31,18:02,Reducción de potencia de la unidad CCSUR10 a 76.0 MW por límite de transferencia de la línea doble terna TAJ-YAG23001 y TAJ-YAG23002.
2021-09-15,ENDE ANDINA,G,SUR10,08:27,11:02,Reducción de potencia de la unidad CCSUR10 a 76.0 MW por límite de transferencia de la línea doble terna TAJ-YAG23001 y TAJ-YAG23002.
2021-09-16,ENDE ANDINA,G,SUR10,14:00,18:00,Reducción de potencia de la unidad CCSUR10 a 77.0 MW por límite de transferencia de la línea doble terna TAJ-YAG23001 y TAJ-YAG23002.
2021-09-17,ENDE ANDINA,G,SUR10,11:11,14:40,Reducción de potencia de la unidad CCSUR10 a 80.0 MW por límite de transferencia de la línea doble terna TAJ-YAG23001 y TAJ-YAG23002.
2021-09-17,ENDE ANDINA,G,SUR10,14:40,16:26,Reducción de potencia de la unidad CCSUR10 a 80.0 MW por límite de transferencia de la línea doble terna TAJ-YAG23001 y TAJ-YAG23002.
2021-09-18,ENDE ANDINA,G,SUR10,16:00,17:20,Reducción de potencia de la unidad CCSUR10 a 93.0 MW por límite de transferencia de la línea doble terna TAJ-YAG23001 y TAJ-YAG23002.
2021-09-20,ENDE ANDINA,G,SUR10,08:40,15:46,Reducción de potencia de la unidad CCSUR10 a 88.0 MW por límite de transferencia de la línea doble terna TAJ-YAG23001 y TAJ-YAG23002.
2021-09-20,ENDE ANDINA,G,SUR10,15:46,16:43,Reducción de potencia de la unidad CCSUR10 a 95.0 MW por límite de transferencia de la línea doble terna TAJ-YAG23001 y TAJ-YAG23002.
2021-09-20,ENDE ANDINA,G,SUR10,16:43,18:15,Reducción de potencia de la unidad CCSUR10 a 90.0 MW por límite de transferencia de la línea doble terna TAJ-YAG23001 y TAJ-YAG23002.
2021-09-21,ENDE ANDINA,G,SUR10,14:26,14:37,Reducción de potencia de la unidad CCSUR10 a 80.0 MW por límite de transferencia de la línea doble terna TAJ-YAG23001 y TAJ-YAG23002.
2021-09-21,ENDE ANDINA,G,SUR10,14:37,15:07,Reducción de potencia de la unidad CCSUR10 a 76.0 MW por límite de transferencia de la línea doble terna TAJ-YAG23001 y TAJ-YAG23002.
2021-09-22,ENDE ANDINA,G,SUR10,16:09,18:15,Reducción de potencia de la unidad CCSUR10 a 80.0 MW por límite de transferencia de la línea doble terna TAJ-YAG23001 y TAJ-YAG23002.
2021-09-23,ENDE ANDINA,G,SUR10,09:45,11:56,Reducción de potencia de la unidad CCSUR10 a 76.0 MW por límite de transferencia de la línea doble terna TAJ-YAG23001 y TAJ-YAG23002.
2021-09-23,ENDE ANDINA,G,SUR10,13:05,15:00,Reducción de potencia de la unidad CCSUR10 a 76.0 MW por límite de transferencia de la línea doble terna TAJ-YAG23001 y TAJ-YAG23002.
2021-09-24,ENDE ANDINA,G,SUR10,10:33,12:05,Reducción de potencia de la unidad CCSUR10 a 81.0 MW por límite de transferencia de la línea doble terna TAJ-YAG23001 y TAJ-YAG23002.
2021-09-28,ENDE ANDINA,G,SUR40,07:10,09:33,Reducción de potencia de la unidad CCSUR40 a 89.0 MW por límite de transferencia de la línea doble terna TAJ-YAG23001 y TAJ-YAG23002.
2021-09-28,ENDE ANDINA,G,SUR40,16:40,18:10,Reducción de potencia de la unidad CCSUR40 a 98.0 MW por límite de transferencia de la línea doble terna TAJ-YAG23001 y TAJ-YAG23002.
2021-09-29,ENDE ANDINA,G,SUR40,07:00,09:56,Reducción de potencia de la unidad CCSUR40 a 85.0 MW por límite de transferencia de la línea doble terna TAJ-YAG23001 y TAJ-YAG23002.
2021-09-29,ENDE ANDINA,G,SUR40,11:39,12:03,Reducción de potencia de la unidad CCSUR40 a 90 MW por límite de transferencia de la línea doble terna TAJ-YAG23001 y TAJ-YAG23002.
2021-10-07,ENDE ANDINA,G,SUR10,07:31,14:30,Reducción de potencia de la unidad CCSUR10 a 76.0 MW por límite de transferencia de la línea doble terna TAJ-YAG23001 y TAJ-YAG23002.
2021-10-07,ENDE ANDINA,G,SUR10,14:30,16:10,Reducción de potencia de la unidad CCSUR10 a 85 MW por límite de transferencia de la línea doble terna TAJ-YAG23001 y TAJ-YAG23002.
2021-10-08,ENDE ANDINA,G,SUR10,07:30,10:16,Reducción de potencia de la unidad CCSUR10 a 85 MW por límite de transferencia de la línea doble terna TAJ-YAG23001 y TAJ-YAG23002.
2021-10-08,ENDE ANDINA,G,SUR10,11:20,18:02,Reducción de potencia de la unidad CCSUR10 a 85 MW por límite de transferencia de la línea doble terna TAJ-YAG23001 y TAJ-YAG23002.
2021-10-09,ENDE ANDINA,G,SUR10,08:55,09:50,Reducción de potencia de la unidad CCSUR10 a 83 MW por límite de transferencia de la línea doble terna TAJ-YAG23001 y TAJ-YAG23002.
2021-10-09,ENDE ANDINA,G,SUR10,14:56,16:59,Reducción de potencia de la unidad CCSUR10 a 84 MW por límite de transferencia de la línea doble terna TAJ-YAG23001 y TAJ-YAG23002.
2021-10-12,ENDE ANDINA,G,SUR10,06:32,13:15,Reducción de potencia de la unidad CCSUR10 a 83 MW por límite de transferencia de la línea doble terna TAJ-YAG23001 y TAJ-YAG23002.
2021-10-12,ENDE ANDINA,G,SUR10,13:15,18:04,Reducción de potencia de la unidad CCSUR10 a 87 MW por límite de transferencia de la línea doble terna TAJ-YAG23001 y TAJ-YAG23002.
2021-10-13,ENDE ANDINA,G,SUR10,07:18,12:55,Reducción de potencia de la unidad CCSUR10 a 83 MW por límite de transferencia de la línea doble terna TAJ-YAG23001 y TAJ-YAG23002.
2021-10-14,ENDE ANDINA,G,SUR10,07:05,11:48,Reducción de potencia de la unidad CCSUR10 a 83 MW por límite de transferencia de la línea doble terna TAJ-YAG23001 y TAJ-YAG23002.
2021-10-14,ENDE ANDINA,G,SUR10,11:48,14:49,Reducción de potencia de la unidad CCSUR10 a 93 MW por límite de transferencia de la línea doble terna TAJ-YAG23001 y TAJ-YAG23002.
2021-10-15,ENDE ANDINA,G,SUR10,07:02,11:58,Reducción de potencia de la unidad CCSUR10 a 76 MW por límite de transferencia de la línea doble terna TAJ-YAG23001 y TAJ-YAG23002.
2021-10-18,ENDE ANDINA,G,SUR10,07:02,12:09,Reducción de potencia de la unidad CCSUR10 a 75 MW por límite de transferencia de la línea doble terna TAJ-YAG23001 y TAJ-YAG23002.
2021-10-18,ENDE ANDINA,G,SUR10,15:20,18:02,Reducción de potencia de la unidad CCSUR10 a 78.0 MW por límite de transferencia de la línea doble terna TAJ-YAG23001 y TAJ-YAG23002.
2021-10-19,ENDE ANDINA,G,SUR10,08:20,15:15,Reducción de potencia de la unidad CCSUR10 a 80 MW por límite de transferencia de la línea doble terna TAJ-YAG23001 y TAJ-YAG23002.
2021-10-19,ENDE ANDINA,G,SUR10,15:15,18:04,Reducción de potencia de la unidad CCSUR10 a 86 MW por límite de transferencia de la línea doble terna TAJ-YAG23001 y TAJ-YAG23002.
2021-10-20,ENDE ANDINA,G,SUR10,07:04,09:12,Reducción de potencia de la unidad CCSUR10 a 75 MW por límite de transferencia de la línea doble terna TAJ-YAG23001 y TAJ-YAG23002.
2021-10-20,ENDE ANDINA,G,SUR40,09:12,10:34,Reducción de potencia de la unidad CCSUR40 a 105 MW por límite de transferencia de la línea POT-PUN115.
2021-10-20,ENDE ANDINA,G,SUR10,09:12,10:34,Reducción de potencia de la unidad CCSUR10 a 75 MW por límite de transferencia de la línea POT-PUN115.
2021-10-20,ENDE ANDINA,G,SUR10,10:34,10:58,Reducción de potencia de la unidad CCSUR10 a 75 MW por límite de transferencia de la línea doble terna TAJ-YAG23001 y TAJ-YAG23002.
2021-10-20,ENDE ANDINA,G,SUR10,10:58,15:57,Reducción de potencia de la unidad CCSUR10 a 82 MW por límite de transferencia de la línea doble terna TAJ-YAG23001 y TAJ-YAG23002.
2021-10-20,ENDE ANDINA,G,SUR10,15:57,18:10,Reducción de potencia de la unidad CCSUR10 a 92 MW por límite de transferencia de la línea doble terna TAJ-YAG23001 y TAJ-YAG23002.
2021-10-21,ENDE ANDINA,G,SUR10,07:08,09:58,Reducción de potencia de la unidad CCSUR10 a 75 MW por límite de transferencia de la línea doble terna TAJ-YAG23001 y TAJ-YAG23002.
2021-10-21,ENDE ANDINA,G,SUR10,09:58,14:15,Reducción de potencia de la unidad CCSUR10 a 82 MW por límite de transferencia de la línea doble terna TAJ-YAG23001 y TAJ-YAG23002.
2021-10-21,ENDE ANDINA,G,SUR10,14:15,18:04,Reducción de potencia de la unidad CCSUR10 a 94 MW por límite de transferencia de la línea doble terna TAJ-YAG23001 y TAJ-YAG23002.
2021-10-22,ENDE ANDINA,G,SUR10,07:04,08:46,Reducción de potencia de la unidad CCSUR10 a 80 MW por límite de transferencia de la línea doble terna TAJ-YAG23001 y TAJ-YAG23002.
2021-10-22,ENDE ANDINA,G,SUR10,08:46,11:48,Reducción de potencia de la unidad CCSUR10 a 90 MW por límite de transferencia de la línea doble terna TAJ-YAG23001 y TAJ-YAG23002.
2021-10-22,ENDE ANDINA,G,SUR10,11:48,14:57,Reducción de potencia de la unidad CCSUR10 a 95 MW por límite de transferencia de la línea doble terna TAJ-YAG23001 y TAJ-YAG23002.
2021-10-23,ENDE ANDINA,G,SUR10,07:20,08:45,Reducción de potencia de la unidad CCSUR10 a 84 MW por límite de transferencia de la línea doble terna TAJ-YAG23001 y TAJ-YAG23002.
2021-10-23,ENDE ANDINA,G,SUR10,08:45,09:20,Reducción de potencia de la unidad CCSUR10 a 95 MW por límite de transferencia de la línea doble terna TAJ-YAG23001 y TAJ-YAG23002.
2021-10-23,ENDE ANDINA,G,SUR10,09:20,10:55,Reducción de potencia de la unidad CCSUR10 a 77 MW por límite de transferencia de la línea doble terna TAJ-YAG23001 y TAJ-YAG23002.
2021-10-23,ENDE ANDINA,G,SUR10,10:55,12:10,Reducción de potencia de la unidad CCSUR10 a 85 MW por límite de transferencia de la línea doble terna TAJ-YAG23001 y TAJ-YAG23002.
2021-10-23,ENDE ANDINA,G,SUR10,12:10,12:45,Reducción de potencia de la unidad CCSUR10 a 90 MW por límite de transferencia de la línea doble terna TAJ-YAG23001 y TAJ-YAG23002.
2021-10-23,ENDE ANDINA,G,SUR10,12:45,17:10,Reducción de potencia de la unidad CCSUR10 a 86 MW por límite de transferencia de la línea doble terna TAJ-YAG23001 y TAJ-YAG23002.
2021-10-23,ENDE ANDINA,G,SUR10,17:10,17:41,Reducción de potencia de la unidad CCSUR10 a 72 MW por límite de transferencia de la línea doble terna TAJ-YAG23001 y TAJ-YAG23002.
2021-10-23,ENDE ANDINA,G,SUR40,17:41,18:10,Reducción de potencia de la unidad CCSUR40 a 106 MW por límite de transferencia de la línea doble terna TAJ-YAG23001 y TAJ-YAG23002.
2021-10-23,ENDE ANDINA,G,SUR10,17:41,18:27,Reducción de potencia de la unidad CCSUR10 a 69 MW por límite de transferencia de la línea doble terna TAJ-YAG23001 y TAJ-YAG23002.
2021-10-23,ENDE ANDINA,G,SUR22,18:27,22:46,Reducción de potencia de la unidad CCSUR22 a 41 MW por límite de transferencia de la línea POT-PUN115.
2021-10-23,ENDE ANDINA,G,SUR10,18:27,22:55,Reducción de potencia de la unidad CCSUR10 a 100 MW por límite de transferencia de la línea POT-PUN115.
2021-10-25,ENDE ANDINA,G,SUR10,07:04,07:50,Reducción de potencia de la unidad CCSUR10 a 75 MW por límite de transferencia de la línea doble terna TAJ-YAG23001 y TAJ-YAG23002.
2021-10-25,ENDE ANDINA,G,SUR10,07:50,11:12,Reducción de potencia de la unidad CCSUR10 a 80 MW por límite de transferencia de la línea doble terna TAJ-YAG23001 y TAJ-YAG23002.
2021-10-25,ENDE ANDINA,G,SUR10,11:12,11:31,Reducción de potencia de la unidad CCSUR10 a 90 MW por límite de transferencia de la línea doble terna TAJ-YAG23001 y TAJ-YAG23002.
2021-10-25,ENDE ANDINA,G,SUR10,11:31,18:08,Reducción de potencia de la unidad CCSUR10 a 88 MW por límite de transferencia de la línea doble terna TAJ-YAG23001 y TAJ-YAG23002.
2021-10-26,ENDE ANDINA,G,SUR10,07:14,08:22,Reducción de potencia de la unidad CCSUR10 a 78 MW por límite de transferencia de la línea doble terna TAJ-YAG23001 y TAJ-YAG23002.
2021-10-26,ENDE ANDINA,G,SUR10,08:22,10:55,Reducción de potencia de la unidad CCSUR10 a 85 MW por límite de transferencia de la línea doble terna TAJ-YAG23001 y TAJ-YAG23002.
2021-10-26,ENDE ANDINA,G,SUR10,10:55,12:55,Reducción de potencia de la unidad CCSUR10 a 90 MW por límite de transferencia de la línea doble terna TAJ-YAG23001 y TAJ-YAG23002.
2021-10-26,ENDE ANDINA,G,SUR10,12:55,18:07,Reducción de potencia de la unidad CCSUR10 a 95 MW por límite de transferencia de la línea doble terna TAJ-YAG23001 y TAJ-YAG23002.
2021-10-27,ENDE ANDINA,G,SUR10,07:05,11:05,Reducción de potencia de la unidad CCSUR10 a 85 MW por límite de transferencia de la línea doble terna TAJ-YAG23001 y TAJ-YAG23002.
2021-10-27,ENDE ANDINA,G,SUR10,11:05,12:50,Reducción de potencia de la unidad CCSUR10 a 90 MW por límite de transferencia de la línea doble terna TAJ-YAG23001 y TAJ-YAG23002.
2021-10-27,ENDE ANDINA,G,SUR10,12:50,18:03,Reducción de potencia de la unidad CCSUR10 a 96 MW por límite de transferencia de la línea doble terna TAJ-YAG23001 y TAJ-YAG23002.
2021-10-28,ENDE ANDINA,G,SUR10,07:08,10:10,Reducción de potencia de la unidad CCSUR10 a 87 MW por límite de transferencia de la línea doble terna TAJ-YAG23001 y TAJ-YAG23002.
2021-10-28,ENDE ANDINA,G,SUR10,10:10,14:42,Reducción de potencia de la unidad CCSUR10 a 97 MW por límite de transferencia de la línea doble terna TAJ-YAG23001 y TAJ-YAG23002.
2021-10-29,ENDE ANDINA,G,SUR10,07:15,12:00,Reducción de potencia de la unidad CCSUR10 a 87 MW por límite de transferencia de la línea doble terna TAJ-YAG23001 y TAJ-YAG23002.
2021-10-30,ENDE ANDINA,G,SUR10,07:05,18:20,Reducción de potencia de la unidad CCSUR10 a 80 MW por límite de transferencia de la línea doble terna TAJ-YAG23001 y TAJ-YAG23002.
2021-10-31,ENDE ANDINA,G,SUR40,08:00,09:45,Reducción de potencia de la unidad CCSUR40 a 90 MW por límite de transferencia de la línea doble terna TAJ-YAG23001 y TAJ-YAG23002.
2021-10-31,ENDE ANDINA,G,SUR10,08:00,18:23,Reducción de potencia de la unidad CCSUR10 a 72 MW por límite de transferencia de la línea doble terna TAJ-YAG23001 y TAJ-YAG23002.
2021-10-31,ENDE ANDINA,G,SUR40,09:45,18:23,Reducción de potencia de la unidad CCSUR40 a 95 MW por límite de transferencia de la línea doble terna TAJ-YAG23001 y TAJ-YAG23002.
2021-11-01,ENDE ANDINA,G,SUR10,07:43,11:45,Reducción de potencia de la unidad CCSUR10 a 80 MW por límite de transferencia de la línea doble terna TAJ-YAG23001 y TAJ-YAG23002.
2021-11-01,ENDE ANDINA,G,SUR10,11:45,18:17,Reducción de potencia de la unidad CCSUR10 a 90 MW por límite de transferencia de la línea doble terna TAJ-YAG23001 y TAJ-YAG23002.
2021-11-03,ENDE ANDINA,G,SUR10,08:17,14:59,Reducción de potencia de la unidad CCSUR10 a 75 MW por límite de transferencia de la línea doble terna TAJ-YAG23001 y TAJ-YAG23002.
2021-11-03,ENDE ANDINA,G,SUR10,14:59,18:17,Reducción de potencia de la unidad CCSUR10 a 85 MW por límite de transferencia de la línea doble terna TAJ-YAG23001 y TAJ-YAG23002.
2021-11-04,ENDE ANDINA,G,SUR10,07:06,08:47,Reducción de potencia de la unidad CCSUR10 a 75 MW por límite de transferencia de la línea doble terna TAJ-YAG23001 y TAJ-YAG23002.
2021-11-04,ENDE ANDINA,G,SUR10,08:47,11:54,Reducción de potencia de la unidad CCSUR10 a 80 MW por límite de transferencia de la línea doble terna TAJ-YAG23001 y TAJ-YAG23002.
2021-11-04,ENDE ANDINA,G,SUR10,11:54,13:01,Reducción de potencia de la unidad CCSUR10 a 90 MW por límite de transferencia de la línea doble terna TAJ-YAG23001 y TAJ-YAG23002.
2021-11-05,ENDE ANDINA,G,SUR10,07:31,09:04,Reducción de potencia de la unidad CCSUR10 a 85 MW por límite de transferencia de la línea doble terna TAJ-YAG23001 y TAJ-YAG23002.
2021-11-05,ENDE ANDINA,G,SUR10,09:04,18:10,Reducción de potencia de la unidad CCSUR10 a 80 MW por límite de transferencia de la línea doble terna TAJ-YAG23001 y TAJ-YAG23002.
2021-11-07,ENDE ANDINA,G,SUR10,16:30,17:42,Reducción de potencia de la unidad CCSUR10 a 80 MW por límite de transferencia de la línea doble terna TAJ-YAG23001 y TAJ-YAG23002.
2021-11-07,ENDE ANDINA,G,SUR30,16:30,24:00,Reducción de potencia de la unidad CCSUR30 a 77.4 MW por límite de transferencia de la línea doble terna TAJ-YAG23001 y TAJ-YAG23002.
2021-11-07,ENDE ANDINA,G,SUR10,17:42,18:04,Reducción de potencia de la unidad CCSUR10 a 85 MW por límite de transferencia de la línea doble terna TAJ-YAG23001 y TAJ-YAG23002.
2021-11-08,ENDE ANDINA,G,SUR30,07:08,07:22,Reducción de potencia de la unidad CCSUR30 a 90.4 MW por límite de transferencia de la línea doble terna TAJ-YAG23001 y TAJ-YAG23002.
2021-11-08,ENDE ANDINA,G,SUR30,07:22,07:57,Reducción de potencia de la unidad CCSUR30 a 84 MW por límite de transferencia de la línea doble terna TAJ-YAG23001 y TAJ-YAG23002.
2021-11-08,ENDE ANDINA,G,SUR10,09:04,10:17,Reducción de potencia de la unidad CCSUR10 a 105 MW por límite de transferencia de la línea POT-PUN115.
2021-11-08,ENDE ANDINA,G,SUR30,09:04,10:29,Reducción de potencia de la unidad CCSUR30 a 78 MW por límite de transferencia de la línea POT-PUN115.
2021-11-08,ENDE ANDINA,G,SUR30,10:29,18:10,Reducción de potencia de la unidad CCSUR30 a 84 MW por límite de transferencia de la línea doble terna TAJ-YAG23001 y TAJ-YAG23002.
2021-11-09,ENDE ANDINA,G,SUR30,07:28,07:35,Reducción de potencia de la unidad CCSUR30 a 100 MW por límite de transferencia de la línea doble terna TAJ-YAG23001 y TAJ-YAG23002.
2021-11-09,ENDE ANDINA,G,SUR30,07:35,11:15,Reducción de potencia de la unidad CCSUR30 a 85 MW por límite de transferencia de la línea doble terna TAJ-YAG23001 y TAJ-YAG23002.
2021-11-09,ENDE ANDINA,G,SUR30,11:15,15:18,Reducción de potencia de la unidad CCSUR30 a 93 MW por límite de transferencia de la línea doble terna TAJ-YAG23001 y TAJ-YAG23002.
2021-11-09,ENDE ANDINA,G,SUR30,15:18,18:01,Reducción de potencia de la unidad CCSUR30 a 97 MW por límite de transferencia de la línea doble terna TAJ-YAG23001 y TAJ-YAG23002.
2021-11-10,ENDE ANDINA,G,SUR30,07:20,07:50,Reducción de potencia de la unidad CCSUR30 a 100 MW por límite de transferencia de la línea doble terna TAJ-YAG23001 y TAJ-YAG23002.
2021-11-10,ENDE ANDINA,G,SUR30,07:50,10:38,Reducción de potencia de la unidad CCSUR30 a 90 MW por límite de transferencia de la línea doble terna TAJ-YAG23001 y TAJ-YAG23002.
2021-11-10,ENDE ANDINA,G,SUR30,10:38,18:10,Reducción de potencia de la unidad CCSUR30 a 86 MW por límite de transferencia de la línea doble terna TAJ-YAG23001 y TAJ-YAG23002.
2021-11-11,ENDE ANDINA,G,SUR30,07:11,10:41,Reducción de potencia de la unidad CCSUR30 a 90 MW por límite de transferencia de la línea doble terna TAJ-YAG23001 y TAJ-YAG23002.
2021-11-11,ENDE ANDINA,G,SUR30,10:41,13:09,Reducción de potencia de la unidad CCSUR30 a 86 MW por límite de transferencia de la línea doble terna TAJ-YAG23001 y TAJ-YAG23002.
2021-11-11,ENDE ANDINA,G,SUR30,13:09,16:11,Reducción de potencia de la unidad CCSUR30 a 80 MW por límite de transferencia de la línea POT-PUN115.
2021-11-11,ENDE ANDINA,G,SUR30,16:11,18:03,Reducción de potencia de la unidad CCSUR30 a 90 MW por límite de transferencia de la línea doble terna TAJ-YAG23001 y TAJ-YAG23002.
2021-11-12,ENDE ANDINA,G,SUR30,07:02,11:02,Reducción de potencia de la unidad CCSUR30 a 83 MW por límite de transferencia de la línea doble terna TAJ-YAG23001 y TAJ-YAG23002.
2021-11-12,ENDE ANDINA,G,SUR30,11:02,12:31,Reducción de potencia de la unidad CCSUR30 a 80 MW por límite de transferencia de la línea doble terna TAJ-YAG23001 y TAJ-YAG23002.
2021-11-12,ENDE ANDINA,G,SUR30,12:31,14:22,Reducción de potencia de la unidad CCSUR30 a 73.2 MW por límite de transferencia de las líneas SAN-SUC230 y OCU-POT115.
2021-11-12,ENDE ANDINA,G,SUR10,13:38,14:13,Reducción de potencia de la unidad CCSUR10 a 90 MW por límite de transferencia de las líneas SAN-SUC230 y OCU-POT115.
2021-11-12,ENDE ANDINA,G,SUR30,14:22,15:09,Reducción de potencia de la unidad CCSUR30 a 87 MW por límite de transferencia de las líneas SAN-SUC230 y OCU-POT115.
2021-11-12,ENDE ANDINA,G,SUR30,15:09,15:24,Reducción de potencia de la unidad CCSUR30 a 100 MW por límite de transferencia de la línea doble terna TAJ-YAG23001 y TAJ-YAG23002.
2021-11-12,ENDE ANDINA,G,SUR30,15:24,16:10,Reducción de potencia de la unidad CCSUR30 a 95 MW por límite de transferencia de las líneas SAN-SUC230 y OCU-POT115.
2021-11-12,ENDE ANDINA,G,SUR30,16:10,18:10,Reducción de potencia de la unidad CCSUR30 a 100 MW por límite de transferencia de la línea doble terna TAJ-YAG23001 y TAJ-YAG23002.
2021-11-13,ENDE ANDINA,G,SUR30,06:10,07:06,Reducción de potencia de la unidad CCSUR30 a 100 MW por límite de transferencia de las líneas SAN-SUC230 y OCU-POT115.
2021-11-13,ENDE ANDINA,G,SUR30,07:06,08:40,Reducción de potencia de la unidad CCSUR30 a 87 MW por límite de transferencia de la línea doble terna TAJ-YAG23001 y TAJ-YAG23002.
2021-11-13,ENDE ANDINA,G,SUR30,08:40,10:20,Reducción de potencia de la unidad CCSUR30 a 83 MW por límite de transferencia de las líneas SAN-SUC230 y OCU-POT115.
2021-11-13,ENDE ANDINA,G,SUR30,10:20,14:46,Reducción de potencia de la unidad CCSUR30 a 73.8 MW por límite de transferencia de las líneas SAN-SUC230 y OCU-POT115.
2021-11-13,ENDE ANDINA,G,SUR30,14:46,15:11,Reducción de potencia de la unidad CCSUR30 a 85 MW por límite de transferencia de las líneas SAN-SUC230 y OCU-POT115.
2021-11-13,ENDE ANDINA,G,SUR30,15:11,16:23,Reducción de potencia de la unidad CCSUR30 a 93 MW por límite de transferencia de las líneas SAN-SUC230 y OCU-POT115.
2021-11-13,ENDE ANDINA,G,SUR30,16:23,18:08,Reducción de potencia de la unidad CCSUR30 102 MW por límite de transferencia de la línea doble terna TAJ-YAG23001 y TAJ-YAG23002.
2021-11-15,ENDE ANDINA,G,SUR30,07:01,09:19,Reducción de potencia de la unidad CCSUR30 80 MW por límite de transferencia de la línea doble terna TAJ-YAG23001 y TAJ-YAG23002.
2021-11-15,ENDE ANDINA,G,SUR30,09:19,15:01,Reducción de potencia de la unidad CCSUR30 a 77.7 MW por límite de transferencia de las líneas SAN-SUC230 y OCU-POT115.
2021-11-15,ENDE ANDINA,G,SUR30,15:01,16:20,Reducción de potencia de la unidad CCSUR30 a 87 MW por límite de transferencia de las líneas SAN-SUC230 y OCU-POT115.
2021-11-15,ENDE ANDINA,G,SUR30,16:20,16:46,Reducción de potencia de la unidad CCSUR30 a 100 MW por límite de transferencia de las líneas SAN-SUC230 y OCU-POT115.
2021-11-15,ENDE ANDINA,G,SUR30,16:46,18:00,Reducción de potencia de la unidad CCSUR30 104 MW por límite de transferencia de la línea doble terna TAJ-YAG23001 y TAJ-YAG23002.
2021-11-16,ENDE ANDINA,G,SUR30,06:25,07:03,Reducción de potencia de la unidad CCSUR30 a 100 MW por límite de transferencia de las líneas SAN-SUC230 y OCU-POT115.
2021-11-16,ENDE ANDINA,G,SUR30,07:03,08:01,Reducción de potencia de la unidad CCSUR30 80 MW por límite de transferencia de la línea doble terna TAJ-YAG23001 y TAJ-YAG23002.
2021-11-16,ENDE ANDINA,G,SUR10,08:01,08:18,Reducción de potencia de la unidad CCSUR10 a 100 MW por límite de transferencia de las líneas SAN-SUC230 y OCU-POT115.
2021-11-16,ENDE ANDINA,G,SUR30,08:01,09:48,Reducción de potencia de la unidad CCSUR30 a 76.5 MW por límite de transferencia de las líneas SAN-SUC230 y OCU-POT115.
2021-11-16,ENDE ANDINA,G,SUR10,08:18,09:48,Reducción de potencia de la unidad CCSUR10 a 95 MW por límite de transferencia de las líneas SAN-SUC230 y OCU-POT115.
2021-11-16,ENDE ANDINA,G,SUR10,09:48,16:17,Reducción de potencia de la unidad CCSUR10 a 93 MW por límite de transferencia de las líneas SAN-SUC230 y OCU-POT115.
2021-11-16,ENDE ANDINA,G,SUR30,09:48,16:41,Reducción de potencia de la unidad CCSUR30 a 74.8 MW por límite de transferencia de las líneas SAN-SUC230 y OCU-POT115.
2021-11-16,ENDE ANDINA,G,SUR30,16:41,17:11,Reducción de potencia de la unidad CCSUR30 a 82 MW por límite de transferencia de las líneas SAN-SUC230 y OCU-POT115.
2021-11-16,ENDE ANDINA,G,SUR30,17:11,17:40,Reducción de potencia de la unidad CCSUR30 a 93 MW por límite de transferencia de las líneas SAN-SUC230 y OCU-POT115.
2021-11-17,ENDE ANDINA,G,SUR10,07:08,09:28,Reducción de potencia de la unidad CCSUR10 110 MW por límite de transferencia de la línea doble terna TAJ-YAG23001 y TAJ-YAG23002.
2021-11-17,ENDE ANDINA,G,SUR30,07:08,12:17,Reducción de potencia de la unidad CCSUR30 80.2 MW por límite de transferencia de la línea doble terna TAJ-YAG23001 y TAJ-YAG23002.
2021-11-17,ENDE ANDINA,G,SUR10,09:28,10:07,Reducción de potencia de la unidad CCSUR10 105 MW por límite de transferencia de la línea doble terna TAJ-YAG23001 y TAJ-YAG23002.
2021-11-17,ENDE ANDINA,G,SUR10,10:07,12:17,Reducción de potencia de la unidad CCSUR10 100 MW por límite de transferencia de la línea doble terna TAJ-YAG23001 y TAJ-YAG23002.
2021-11-17,ENDE ANDINA,G,SUR10,12:17,15:04,Reducción de potencia de la unidad CCSUR10 95 MW por límite de transferencia de la línea doble terna TAJ-YAG23001 y TAJ-YAG23002.
2021-11-17,ENDE ANDINA,G,SUR30,12:17,15:36,Reducción de potencia de la unidad CCSUR30 79.4 MW por límite de transferencia de la línea doble terna TAJ-YAG23001 y TAJ-YAG23002.
2021-11-17,ENDE ANDINA,G,SUR30,15:36,18:07,Reducción de potencia de la unidad CCSUR30 85 MW por límite de transferencia de la línea doble terna TAJ-YAG23001 y TAJ-YAG23002.
2021-11-18,ENDE ANDINA,G,SUR10,16:14,16:25,Reducción de potencia de la unidad CCSUR10 56 MW por límite de transferencia de la línea doble terna TAJ-YAG23001 y TAJ-YAG23002.
2021-11-18,ENDE ANDINA,G,SUR10,16:25,16:40,Reducción de potencia de la unidad CCSUR10 78 MW por límite de transferencia de la línea doble terna TAJ-YAG23001 y TAJ-YAG23002.
2021-11-18,ENDE ANDINA,G,SUR10,16:40,17:00,Reducción de potencia de la unidad CCSUR10 90 MW por límite de transferencia de la línea doble terna TAJ-YAG23001 y TAJ-YAG23002.
2021-11-18,ENDE ANDINA,G,SUR30,16:45,17:53,Reducción de potencia de la unidad CCSUR30 100 MW por límite de transferencia de la línea doble terna TAJ-YAG23001 y TAJ-YAG23002.
2021-11-23,ENDE ANDINA,G,SUR22,14:45,18:10,Reducción de potencia de la unidad CCSUR22 a 43 MW por límite de transferencia de la línea doble terna TAJ-YAG23001 y TAJ-YAG23002.
2021-11-23,ENDE ANDINA,G,SUR30,14:50,18:10,Reducción de potencia de la unidad CCSUR30 a 109 MW por límite de transferencia de la línea doble terna TAJ-YAG23001 y TAJ-YAG23002.
2021-11-24,ENDE ANDINA,G,SUR30,07:08,09:45,Reducción de potencia de la unidad CCSUR30 a 100 MW por límite de transferencia de la línea doble terna TAJ-YAG23001 y TAJ-YAG23002.
2021-11-24,ENDE ANDINA,G,SUR22,07:08,09:45,Reducción de potencia de la unidad CCSUR22 a 43.9 MW por límite de transferencia de la línea doble terna TAJ-YAG23001 y TAJ-YAG23002.
2021-11-24,ENDE ANDINA,G,SUR30,09:45,11:22,Reducción de potencia de la unidad CCSUR30 a 90 MW por límite de transferencia de las líneas SAN-SUC230 y OCU-POT115.
2021-11-24,ENDE ANDINA,G,SUR22,09:45,12:05,Reducción de potencia de la unidad CCSUR22 a 43.9 MW por límite de transferencia de las líneas SAN-SUC230 y OCU-POT115.
2021-11-24,ENDE ANDINA,G,SUR30,11:22,11:35,Reducción de potencia de la unidad CCSUR30 a 80 MW por límite de transferencia de las líneas SAN-SUC230 y OCU-POT115.
2021-11-24,ENDE ANDINA,G,SUR12,11:35,12:05,Reducción de potencia de la unidad CCSUR12 a 45 MW por límite de transferencia de las líneas SAN-SUC230 y OCU-POT115.
2021-11-24,ENDE ANDINA,G,SUR30,11:35,12:05,Reducción de potencia de la unidad CCSUR30 a 77 MW por límite de transferencia de las líneas SAN-SUC230 y OCU-POT115.
2021-11-25,ENDE ANDINA,G,SUR30,07:05,08:00,Reducción de potencia de la unidad CCSUR30 a 100 MW por límite de transferencia de la línea doble terna TAJ-YAG23001 y TAJ-YAG23002.
2021-11-25,ENDE ANDINA,G,SUR22,07:05,08:00,Reducción de potencia de la unidad CCSUR22 a 43.9 MW por límite de transferencia de la línea doble terna TAJ-YAG23001 y TAJ-YAG23002.
2021-11-25,ENDE ANDINA,G,SUR30,12:05,14:09,Reducción de potencia de la unidad CCSUR30 a 95 MW por límite de transferencia de las líneas SAN-SUC230 y OCU-POT115.
2021-11-25,ENDE ANDINA,G,SUR22,12:05,15:55,Reducción de potencia de la unidad CCSUR22 a 41.7 MW por límite de transferencia de las líneas SAN-SUC230 y OCU-POT115.
2021-11-25,ENDE ANDINA,G,SUR30,14:09,15:55,Reducción de potencia de la unidad CCSUR30 a 100 MW por límite de transferencia de las líneas SAN-SUC230 y OCU-POT115.
2021-11-25,ENDE ANDINA,G,SUR22,15:55,16:24,Reducción de potencia de la unidad CCSUR22 a 41.1 MW por límite de transferencia de la línea doble terna TAJ-YAG23001 y TAJ-YAG23002.
2021-11-25,ENDE ANDINA,G,SUR22,16:24,18:01,Reducción de potencia de la unidad CCSUR22 a 45 MW por límite de transferencia de la línea doble terna TAJ-YAG23001 y TAJ-YAG23002.
2021-11-29,ENDE ANDINA,G,SUR30,07:12,07:37,Reducción de potencia de la unidad CCSUR30 a 80.0 MW por límite de transferencia de la línea doble terna TAJ-YAG23001 y TAJ-YAG23002.
2021-11-29,ENDE ANDINA,G,SUR30,07:37,10:51,Reducción de potencia de la unidad CCSUR30 a 90.0 MW por límite de transferencia de la línea doble terna TAJ-YAG23001 y TAJ-YAG23002.
2021-11-29,ENDE ANDINA,G,SUR30,10:51,18:00,Reducción de potencia de la unidad CCSUR30 a 77.0 MW por límite de transferencia de las líneas SAN-SUC230 y OCU-POT115.
2021-11-29,ENDE ANDINA,G,SUR10,10:55,13:43,Reducción de potencia de la unidad CCSUR10 a 100.0 MW por límite de transferencia de las líneas SAN-SUC230 y OCU-POT115.
2021-12-02,ENDE ANDINA,G,SUR30,09:11,12:55,Reducción de potencia de la unidad CCSUR30 a 90.0 MW por límite de transferencia de la línea doble terna TAJ-YAG23001 y TAJ-YAG23002.
2021-12-06,ENDE ANDINA,G,SUR30,14:25,17:47,Reducción de potencia de la unidad CCSUR30 a 81.0 MW por límite de transferencia de la línea doble terna TAJ-YAG23001 y TAJ-YAG23002.
2021-12-08,ENDE ANDINA,G,SUR30,10:12,11:46,Reducción de potencia de la unidad CCSUR30 a 80.0 MW por límite de transferencia de la línea doble terna TAJ-YAG23001 y TAJ-YAG23002.
2021-12-08,ENDE ANDINA,G,SUR30,16:37,17:30,Reducción de potencia de la unidad CCSUR30 a 90.0 MW por límite de transferencia de la línea doble terna TAJ-YAG23001 y TAJ-YAG23002.
2021-12-09,ENDE ANDINA,G,SUR30,11:57,12:12,Reducción de potencia de la unidad CCSUR30 a 80.0 MW por límite de transferencia de la línea doble terna TAJ-YAG23001 y TAJ-YAG23002.
2021-12-09,ENDE ANDINA,G,SUR30,12:12,14:48,Reducción de potencia de la unidad CCSUR30 a 75.4 MW por límite de transferencia de la línea PUN-POT115.
2021-12-09,ENDE ANDINA,G,SUR40,12:18,12:23,Reducción de potencia de la unidad CCSUR40 a 110.0 MW por límite de transferencia de la línea PUN-POT115.
2021-12-09,ENDE ANDINA,G,SUR40,12:23,12:46,Reducción de potencia de la unidad CCSUR40 a 100.0 MW por límite de transferencia de la línea PUN-POT115.
2021-12-09,ENDE ANDINA,G,SUR40,12:46,14:00,Reducción de potencia de la unidad CCSUR40 a 110.0 MW por límite de transferencia de la línea PUN-POT115.
2021-12-09,ENDE ANDINA,G,SUR30,14:48,17:39,Reducción de potencia de la unidad CCSUR30 a 90.0 MW por límite de transferencia de la línea doble terna TAJ-YAG23001 y TAJ-YAG23002.
2021-12-11,ENDE ANDINA,G,SUR40,10:08,10:48,Reducción de potencia de la unidad CCSUR30 a 95 MW por límite de transferencia de las líneas SAN-SUC230 y OCU-POT115.
2021-12-14,ENDE ANDINA,G,SUR30,09:57,10:32,Reducción de potencia de la unidad CCSUR30 a 83 MW por límite de transferencia de las líneas SAN-SUC230 y OCU-POT115.
2021-12-14,ENDE ANDINA,G,SUR10,09:57,12:55,Reducción de potencia de la unidad CCSUR10 a 74.1 MW por límite de transferencia de las líneas SAN-SUC230 y OCU-POT115.
2021-12-14,ENDE ANDINA,G,SUR30,10:32,12:55,Reducción de potencia de la unidad CCSUR30 a 105 MW por límite de transferencia de las líneas SAN-SUC230 y OCU-POT115.
2021-12-14,ENDE ANDINA,G,SUR30,12:55,16:40,Reducción de potencia de la unidad CCSUR30 a 105 MW por límite de transferencia de la línea POT-PUN115.
2021-12-14,ENDE ANDINA,G,SUR10,12:55,17:03,Reducción de potencia de la unidad CCSUR10 a 74.1 MW por límite de transferencia de la línea POT-PUN115.
2021-12-14,ENDE ANDINA,G,SUR10,17:03,17:21,Reducción de potencia de la unidad CCSUR10 a 87.0 MW por límite de transferencia de la línea doble terna TAJ-YAG23001 y TAJ-YAG23002.
2021-12-15,ENDE ANDINA,G,SUR30,14:35,15:55,Reducción de potencia de la unidad CCSUR30 a 100 MW por límite de transferencia de la línea POT-PUN115.
2021-12-15,ENDE ANDINA,G,SUR10,14:35,17:10,Reducción de potencia de la unidad CCSUR10 a 72.4 MW por límite de transferencia de la línea POT-PUN115.
2021-12-15,ENDE ANDINA,G,SUR30,15:55,16:34,Reducción de potencia de la unidad CCSUR30 a 105 MW por límite de transferencia de la línea POT-PUN115.
2021-12-15,ENDE ANDINA,G,SUR30,16:34,17:10,Reducción de potencia de la unidad CCSUR30 a 110 MW por límite de transferencia de la línea POT-PUN115.
2021-12-16,ENDE ANDINA,G,SUR10,14:55,15:20,Reducción de potencia de la unidad CCSUR30 a 71.5 MW por límite de transferencia de la línea doble terna TAJ-YAG23001 y TAJ-YAG23002.
2021-12-16,ENDE ANDINA,G,SUR30,14:55,15:20,Reducción de potencia de la unidad CCSUR30 a 85.0 MW por límite de transferencia de la línea doble terna TAJ-YAG23001 y TAJ-YAG23002.
2021-12-16,ENDE ANDINA,G,SUR10,19:30,21:41,Reducción de potencia de la unidad CCSUR10 a 71.0 MW por límite de transferencia de la línea POT-PUN115.
2021-12-17,ENDE ANDINA,G,SUR10,08:46,09:30,Reducción de potencia de la unidad CCSUR30 a 87 MW por límite de transferencia de la línea doble terna TAJ-YAG23001 y TAJ-YAG23002.
2021-12-17,ENDE ANDINA,G,SUR10,13:18,17:32,Reducción de potencia de la unidad CCSUR10 a 75.0 MW por límite de transferencia de la línea POT-PUN115.
2021-12-18,ENDE ANDINA,G,SUR30,19:31,22:00,Reducción de potencia de la unidad CCSUR30 a 95.0 MW por límite de transferencia de la línea POT-PUN115.
2021-12-25,ENDE ANDINA,G,SUR30,11:35,12:46,Reducción de potencia de la unidad CCSUR30 a 85 MW por límite de transferencia de las líneas SAN-SUC230 y OCU-POT115.
2021-12-27,ENDE ANDINA,G,SUR30,10:46,11:15,Reducción de potencia de la unidad CCSUR30 a 90 MW por límite de transferencia de las líneas PUN-POT115.
2022-01-12,ENDE ANDINA,G,SUR30,11:14,12:45,Reducción de potencia de la unidad CCSUR30 a 74.6 MW por límite de transferencia de la línea POT-PUN115.
2022-01-13,ENDE ANDINA,G,SUR30,11:45,12:50,Reducción de potencia de la unidad CCSUR30 a 71.4 MW por límite de transferencia de la línea POT-PUN115.
2022-01-19,ENDE ANDINA,G,SUR30,07:25,09:15,Reducción de potencia de la unidad CCSUR30 a 80.0 MW por límite de transferencia de la línea doble terna TAJ-YAG23001 y TAJ-YAG23002.
2022-01-19,ENDE ANDINA,G,SUR10,09:15,14:15,Reducción de potencia de la unidad CCSUR10 a 90 MW por límite de transferencia de la línea POT-PUN115.
2022-01-19,ENDE ANDINA,G,SUR30,09:15,16:31,Reducción de potencia de la unidad CCSUR30 a 77.4 MW por límite de transferencia de la línea POT-PUN115.
2022-01-19,ENDE ANDINA,G,SUR30,16:31,17:37,Reducción de potencia de la unidad CCSUR30 a 90.0 MW por límite de transferencia de la línea doble terna TAJ-YAG23001 y TAJ-YAG23002.
2022-01-19,ENDE ANDINA,G,SUR30,20:50,21:10,Reducción de potencia de la unidad CCSUR30 a 100 MW por límite de transferencia de la línea POT-PUN115.
2022-01-20,ENDE ANDINA,G,SUR30,08:05,08:40,Reducción de potencia de la unidad CCSUR30 a 77.0 MW por límite de transferencia de la línea doble terna TAJ-YAG23001 y TAJ-YAG23002.
2022-01-20,ENDE ANDINA,G,SUR10,08:40,14:37,Reducción de potencia de la unidad CCSUR10 a 95 MW por límite de transferencia de la línea POT-PUN115.
2022-01-20,ENDE ANDINA,G,SUR30,08:40,14:45,Reducción de potencia de la unidad CCSUR30 a 77.0 MW por límite de transferencia de la línea POT-PUN115.
2022-01-20,ENDE ANDINA,G,SUR30,14:45,16:48,Reducción de potencia de la unidad CCSUR30 a 100.0 MW por límite de transferencia de la línea POT-PUN115.
2022-01-24,ENDE ANDINA,G,SUR10,09:06,10:55,Reducción de potencia de la unidad CCSUR10 a 100 MW por límite de transferencia de la línea POT-PUN115.
2022-01-24,ENDE ANDINA,G,SUR30,09:06,18:00,Reducción de potencia de la unidad CCSUR30 a 77 MW por límite de transferencia de la línea POT-PUN115.
2022-01-24,ENDE ANDINA,G,SUR10,10:55,18:00,Reducción de potencia de la unidad CCSUR10 a 95 MW por límite de transferencia de la línea POT-PUN115.
2022-01-25,ENDE ANDINA,G,SUR30,09:05,10:40,Reducción de potencia de la unidad CCSUR30 a 74 MW por límite de transferencia de la línea POT-PUN115.
2022-01-25,ENDE ANDINA,G,SUR10,09:05,13:48,Reducción de potencia de la unidad CCSUR10 a 100 MW por límite de transferencia de la línea POT-PUN115.
2022-01-27,ENDE ANDINA,G,SUR30,08:30,09:10,Reducción de potencia de la unidad CCSUR30 a 77.8 MW por límite de transferencia de la línea POT-PUN115.
2022-01-27,ENDE ANDINA,G,SUR30,09:10,10:14,Reducción de potencia de la unidad CCSUR30 a 85 MW por límite de transferencia de la línea POT-PUN115.
2022-01-27,ENDE ANDINA,G,SUR30,10:14,18:00,Reducción de potencia de la unidad CCSUR30 a 77.7 MW por límite de transferencia de la línea POT-PUN115.
2022-01-27,ENDE ANDINA,G,SUR10,11:05,18:00,Reducción de potencia de la unidad CCSUR10 a 100 MW por límite de transferencia de la línea POT-PUN115.
2022-01-28,ENDE ANDINA,G,SUR10,09:00,12:32,Reducción de potencia de la unidad CCSUR30 a 78.5 MW por límite de transferencia de la línea POT-PUN115.
2022-01-28,ENDE ANDINA,G,SUR30,09:00,12:32,Reducción de potencia de la unidad CCSUR30 a 92 MW por límite de transferencia de la línea POT-PUN115.
2022-01-30,ENDE ANDINA,G,SUR10,12:55,16:14,Reducción de potencia de la unidad CCSUR10 a 71.5 MW por límite de transferencia de la línea doble terna TAJ-YAG23001 y TAJ-YAG23002.
2022-01-30,ENDE ANDINA,G,SUR30,12:55,16:14,Reducción de potencia de la unidad CCSUR30 a 74.8 MW por límite de transferencia de la línea doble terna TAJ-YAG23001 y TAJ-YAG23002.
2022-02-18,ENDE ANDINA,G,SUR10,07:04,10:35,Reducción de potencia de la unidad CCSUR10 a 75.0 MW por límite de transferencia de la línea doble terna TAJ-YAG23001 y TAJ-YAG23002.
2022-02-18,ENDE ANDINA,G,SUR10,10:38,11:52,Reducción de potencia de la unidad CCSUR10 a 73 MW por límite de transferencia de las líneas SAN-SUC230 y OCU-POT115.
2022-02-18,ENDE ANDINA,G,SUR40,10:38,11:52,Reducción de potencia de la unidad CCSUR40 a 112 MW por límite de transferencia de las líneas SAN-SUC230 y OCU-POT115.
2022-02-18,ENDE ANDINA,G,SUR40,15:00,16:20,Reducción de potencia de la unidad CCSUR10 a 72 MW por límite de transferencia de las líneas SAN-SUC230 y OCU-POT115.
2022-02-18,ENDE ANDINA,G,SUR10,15:00,16:20,Reducción de potencia de la unidad CCSUR40 a 90 MW por límite de transferencia de las líneas SAN-SUC230 y OCU-POT115.
2022-02-18,ENDE ANDINA,G,SUR40,16:20,17:00,Reducción de potencia de la unidad CCSUR40 a 100 MW por límite de transferencia de las líneas SAN-SUC230 y OCU-POT115.
2022-02-18,ENDE ANDINA,G,SUR10,16:20,17:00,Reducción de potencia de la unidad CCSUR10 a 72 MW por límite de transferencia de las líneas SAN-SUC230 y OCU-POT115.
2022-02-19,ENDE ANDINA,G,SUR10,10:55,11:23,Reducción de potencia de la unidad CCSUR10 a 95 MW por límite de transferencia de las líneas SAN-SUC230 y OCU-POT115.
2022-02-19,ENDE ANDINA,G,SUR40,10:55,11:23,Reducción de potencia de la unidad CCSUR40 a 71 MW por límite de transferencia de las líneas SAN-SUC230 y OCU-POT115.
2022-02-19,ENDE ANDINA,G,SUR10,11:23,12:05,Reducción de potencia de la unidad CCSUR10 a 72 MW por límite de transferencia de las líneas SAN-SUC230 y OCU-POT115.
2022-02-19,ENDE ANDINA,G,SUR40,11:23,12:05,Reducción de potencia de la unidad CCSUR40 a 100 MW por límite de transferencia de las líneas SAN-SUC230 y OCU-POT115.
2022-02-21,ENDE ANDINA,G,SUR10,11:02,17:08,Reducción de potencia de la unidad CCSUR10 a 73 MW por límite de transferencia de las líneas SAN-SUC230 y OCU-POT115.
2022-02-21,ENDE ANDINA,G,SUR20,13:01,17:08,Reducción de potencia de la unidad CCSUR20 a 100 MW por límite de transferencia de las líneas SAN-SUC230 y OCU-POT115.
2022-02-22,ENDE ANDINA,G,SUR10,09:10,11:20,Reducción de potencia de la unidad CCSUR10 a 90 MW por límite de transferencia de las líneas SAN-SUC230 y OCU-POT115.
2022-02-22,ENDE ANDINA,G,SUR10,11:20,17:00,Reducción de potencia de la unidad CCSUR10 a 73 MW por límite de transferencia de las líneas SAN-SUC230 y OCU-POT115.
2022-02-23,ENDE ANDINA,G,SUR10,08:11,09:16,Reducción de potencia de la unidad CCSUR10 a 80 MW por límite de transferencia de las líneas SAN-SUC230 y OCU-POT115.
2022-02-23,ENDE ANDINA,G,SUR10,09:16,18:00,Reducción de potencia de la unidad CCSUR10 a 73 MW por límite de transferencia de las líneas SAN-SUC230 y OCU-POT115.
2022-02-23,ENDE ANDINA,G,SUR20,13:07,18:00,Reducción de potencia de la unidad CCSUR20 a 100 MW por límite de transferencia de las líneas SAN-SUC230 y OCU-POT115.
2022-02-24,ENDE ANDINA,G,SUR10,07:31,09:50,Reducción de potencia de la unidad CCSUR10 a 82.0 MW por límite de transferencia de la línea doble terna TAJ-YAG23001 y TAJ-YAG23002.
2022-02-24,ENDE ANDINA,G,SUR10,09:50,12:08,Reducción de potencia de la unidad CCSUR10 a 82 MW por límite de transferencia de las líneas SAN-SUC230 y OCU-POT115.
2022-02-24,ENDE ANDINA,G,SUR10,13:50,18:10,Reducción de potencia de la unidad CCSUR10 a 90 MW por límite de transferencia de las líneas SAN-SUC230 y OCU-POT115.
2022-03-02,ENDE ANDINA,G,SUR20,13:30,13:57,Reducción de potencia de la unidad CCSUR20 a 100 MW por límite de transferencia de las líneas SAN-SUC230 y OCU-POT115.
2022-03-02,ENDE ANDINA,G,SUR10,13:30,15:07,Reducción de potencia de la unidad CCSUR10 a 74 MW por límite de transferencia de las líneas SAN-SUC230 y OCU-POT115.
2022-03-02,ENDE ANDINA,G,SUR20,13:57,14:05,Reducción de potencia de la unidad CCSUR20 a 95 MW por límite de transferencia de las líneas SAN-SUC230 y OCU-POT115.
2022-03-02,ENDE ANDINA,G,SUR20,14:05,15:07,Reducción de potencia de la unidad CCSUR20 a 92 MW por límite de transferencia de las líneas SAN-SUC230 y OCU-POT115.
2022-03-03,ENDE ANDINA,G,SUR10,07:05,08:30,Reducción de potencia de la unidad CCSUR10 a 80 MW por límite de transferencia de la línea doble terna TAJ-YAG23001 y TAJ-YAG23002.
2022-03-03,ENDE ANDINA,G,SUR10,08:30,09:00,Reducción de potencia de la unidad CCSUR10 a 80 MW por límite de transferencia de las líneas SAN-SUC230 y OCU-POT115.
2022-03-03,ENDE ANDINA,G,SUR10,09:00,18:05,Reducción de potencia de la unidad CCSUR10 a 72 MW por límite de transferencia de las líneas SAN-SUC230 y OCU-POT115.
2022-03-03,ENDE GUARACACHI,G,ARJ08,09:35,10:27,Reducción de potencia de la unidad ARJ08 a 11.1 MW por límite de transferencia de las líneas SAN-SUC230 y OCU-POT115.
2022-03-04,ENDE ANDINA,G,SUR10,07:12,16:12,Reducción de potencia de la unidad CCSUR10 a 75 MW por límite de transferencia de la línea doble terna TAJ-YAG23001 y TAJ-YAG23002.
2022-03-04,ENDE ANDINA,G,SUR10,16:12,18:00,Reducción de potencia de la unidad CCSUR10 a 88 MW por límite de transferencia de la línea doble terna TAJ-YAG23001 y TAJ-YAG23002.
2022-03-05,ENDE ANDINA,G,SUR10,07:03,07:41,Reducción de potencia de la unidad CCSUR10 a 98 MW por límite de transferencia de la línea doble terna TAJ-YAG23001 y TAJ-YAG23002.
2022-03-05,ENDE ANDINA,G,SUR10,07:41,09:11,Reducción de potencia de la unidad CCSUR10 a 87 MW por límite de transferencia de la línea doble terna TAJ-YAG23001 y TAJ-YAG23002.
2022-03-05,ENDE ANDINA,G,SUR10,09:11,10:38,Reducción de potencia de la unidad CCSUR10 a 84 MW por límite de transferencia de las líneas SAN-SUC230 y OCU-POT115.
2022-03-05,ENDE ANDINA,G,SUR10,10:38,16:05,Reducción de potencia de la unidad CCSUR10 a 80 MW por límite de transferencia de las líneas SAN-SUC230 y OCU-POT115.
2022-03-06,ENDE ANDINA,G,SUR10,07:50,08:57,Reducción de potencia de la unidad CCSUR10 a 75 MW por límite de transferencia de las líneas SAN-SUC230 y OCU-POT115.
2022-03-06,ENDE ANDINA,G,SUR20,08:57,15:48,Reducción de potencia de la unidad CCSUR20 a 90 MW por límite de transferencia de la línea doble terna TAJ-YAG23001 y TAJ-YAG23002.
2022-03-06,ENDE ANDINA,G,SUR10,08:57,18:04,Reducción de potencia de la unidad CCSUR10 a 72 MW por límite de transferencia de la línea doble terna TAJ-YAG23001 y TAJ-YAG23002.
2022-03-06,ENDE ANDINA,G,SUR20,15:48,18:04,Reducción de potencia de la unidad CCSUR20 a 95 MW por límite de transferencia de la línea doble terna TAJ-YAG23001 y TAJ-YAG23002.
2022-03-07,ENDE ANDINA,G,SUR10,10:01,10:52,Reducción de potencia de la unidad CCSUR10 a 88 MW por límite de transferencia de las líneas SAN-SUC230 y OCU-POT115.
2022-03-07,ENDE ANDINA,G,SUR10,10:52,18:15,Reducción de potencia de la unidad CCSUR10 a 85 MW por límite de transferencia de las líneas SAN-SUC230 y OCU-POT115.
2022-03-08,ENDE ANDINA,G,SUR10,07:07,08:38,Reducción de potencia de la unidad CCSUR10 a 85 MW por límite de transferencia de la línea doble terna TAJ-YAG23001 y TAJ-YAG23002.
2022-03-08,ENDE ANDINA,G,SUR10,08:38,10:37,Reducción de potencia de la unidad CCSUR10 a 80 MW por límite de transferencia de las líneas SAN-SUC230 y OCU-POT115.
2022-03-08,ENDE ANDINA,G,SUR20,10:37,12:10,Reducción de potencia de la unidad CCSUR20 a 105 MW por límite de transferencia de las líneas SAN-SUC230 y OCU-POT115.
2022-03-08,ENDE ANDINA,G,SUR10,10:37,16:46,Reducción de potencia de la unidad CCSUR10 a 72.9 MW por límite de transferencia de las líneas SAN-SUC230 y OCU-POT115.
2022-03-08,ENDE ANDINA,G,SUR20,12:10,15:35,Reducción de potencia de la unidad CCSUR20 a 95 MW por límite de transferencia de las líneas SAN-SUC230 y OCU-POT115.
2022-03-08,ENDE ANDINA,G,SUR10,16:46,18:01,Reducción de potencia de la unidad CCSUR10 a 92 MW por límite de transferencia de la línea doble terna TAJ-YAG23001 y TAJ-YAG23002.
2022-03-09,ENDE ANDINA,G,SUR10,07:25,07:45,Reducción de potencia de la unidad CCSUR10 a 78 MW por límite de transferencia de la línea doble terna TAJ-YAG23001 y TAJ-YAG23002.
2022-03-09,ENDE ANDINA,G,SUR10,07:45,11:00,Reducción de potencia de la unidad CCSUR10 a 85 MW por límite de transferencia de la línea doble terna TAJ-YAG23001 y TAJ-YAG23002.
2022-03-09,ENDE ANDINA,G,SUR10,11:00,16:30,Reducción de potencia de la unidad CCSUR10 a 78 MW por límite de transferencia de las líneas SAN-SUC230 y OCU-POT115.
2022-03-09,ENDE ANDINA,G,SUR10,16:30,17:00,Reducción de potencia de la unidad CCSUR10 a 85 MW por límite de transferencia de las líneas SAN-SUC230 y OCU-POT115.
2022-03-09,ENDE ANDINA,G,SUR10,17:00,18:04,Reducción de potencia de la unidad CCSUR10 a 95 MW por límite de transferencia de las líneas SAN-SUC230 y OCU-POT115.
2022-03-10,ENDE ANDINA,G,SUR10,07:40,14:25,Reducción de potencia de la unidad CCSUR10 a 78 MW por límite de transferencia de la línea doble terna TAJ-YAG23001 y TAJ-YAG23002.
2022-03-10,ENDE ANDINA,G,SUR10,14:25,18:15,Reducción de potencia de la unidad CCSUR10 a 75 MW por límite de transferencia de las líneas SAN-SUC230 y OCU-POT115.
2022-03-12,ENDE ANDINA,G,SUR20,11:04,11:20,Reducción de potencia de la unidad CCSUR20 a 90 MW por límite de transferencia de las líneas SAN-SUC230 y OCU-POT115.
2022-03-12,ENDE ANDINA,G,SUR10,11:04,11:20,Reducción de potencia de la unidad CCSUR10 a 74.7 MW por límite de transferencia de las líneas SAN-SUC230 y OCU-POT115.
2022-03-14,ENDE ANDINA,G,SUR10,08:30,16:08,Reducción de potencia de la unidad CCSUR10 a 74.7 MW por límite de transferencia de las líneas SAN-SUC230 y OCU-POT115.
2022-03-14,ENDE ANDINA,G,SUR20,08:38,09:45,Reducción de potencia de la unidad CCSUR20 a 100 MW por límite de transferencia de las líneas SAN-SUC230 y OCU-POT115.
2022-03-14,ENDE ANDINA,G,SUR20,09:45,14:43,Reducción de potencia de la unidad CCSUR20 a 90 MW por límite de transferencia de las líneas SAN-SUC230 y OCU-POT115.
2022-03-14,ENDE ANDINA,G,SUR20,14:43,15:42,Reducción de potencia de la unidad CCSUR20 a 95 MW por límite de transferencia de las líneas SAN-SUC230 y OCU-POT115.
2022-03-14,ENDE ANDINA,G,SUR10,16:08,16:40,Reducción de potencia de la unidad CCSUR10 a 85 MW por límite de transferencia de las líneas SAN-SUC230 y OCU-POT115.
2022-03-14,ENDE ANDINA,G,SUR10,16:40,18:09,Reducción de potencia de la unidad CCSUR10 a 85 MW por límite de transferencia de la línea doble terna TAJ-YAG23001 y TAJ-YAG23002.
2022-03-15,ENDE ANDINA,G,SUR20,13:37,14:25,Reducción de potencia de la unidad CCSUR20 a 90 MW por límite de transferencia de las líneas SAN-SUC230 y OCU-POT115.
2022-03-15,ENDE ANDINA,G,SUR10,13:37,14:37,Reducción de potencia de la unidad CCSUR10 a 71.5 MW por límite de transferencia de las líneas SAN-SUC230 y OCU-POT115.
2022-03-15,ENDE ANDINA,G,SUR10,14:37,18:07,Reducción de potencia de la unidad CCSUR10 a 87 MW por límite de transferencia de la línea doble terna TAJ-YAG23001 y TAJ-YAG23002.
2022-03-16,ENDE ANDINA,G,SUR10,10:46,12:04,Reducción de potencia de la unidad CCSUR10 a 71.5 MW por límite de transferencia de las líneas SAN-SUC230 y OCU-POT115.
2022-03-16,ENDE ANDINA,G,SUR20,10:46,12:04,Reducción de potencia de la unidad CCSUR20 a 98 MW por límite de transferencia de las líneas SAN-SUC230 y OCU-POT115.
2022-03-16,ENDE ANDINA,G,SUR10,12:34,13:17,Reducción de potencia de la unidad CCSUR10 a 71.0 MW por límite de transferencia de las líneas SAN-SUC230 y OCU-POT115.
2022-03-16,ENDE ANDINA,G,SUR20,12:34,13:17,Reducción de potencia de la unidad CCSUR20 a 90 MW por límite de transferencia de las líneas SAN-SUC230 y OCU-POT115.
2022-03-16,ENDE ANDINA,G,SUR20,13:36,14:31,Reducción de potencia de la unidad CCSUR20 a 95 MW por límite de transferencia de las líneas SAN-SUC230 y OCU-POT115.
2022-03-16,ENDE ANDINA,G,SUR10,13:36,15:42,Reducción de potencia de la unidad CCSUR10 a 70.6 MW por límite de transferencia de las líneas SAN-SUC230 y OCU-POT115.
2022-03-16,ENDE ANDINA,G,SUR10,15:42,18:03,Reducción de potencia de la unidad CCSUR10 a 87 MW por límite de transferencia de la línea doble terna TAJ-YAG23001 y TAJ-YAG23002.
2022-03-18,ENDE ANDINA,G,SUR10,10:16,13:01,Reducción de potencia de la unidad CCSUR10 a 72.0 MW por límite de transferencia de las líneas SAN-SUC230 y OCU-POT115.
2022-03-18,ENDE ANDINA,G,SUR20,10:16,13:01,Reducción de potencia de la unidad CCSUR20 a 80.0 MW por límite de transferencia de las líneas SAN-SUC230 y OCU-POT115.
2022-03-18,ENDE ANDINA,G,SUR20,13:01,14:58,Reducción de potencia de la unidad CCSUR20 a 84.0 MW por límite de transferencia de las líneas SAN-SUC230 y OCU-POT115.
2022-03-18,ENDE ANDINA,G,SUR10,13:01,17:15,Reducción de potencia de la unidad CCSUR10 a 70.0 MW por límite de transferencia de las líneas SAN-SUC230 y OCU-POT115.
2022-03-18,ENDE ANDINA,G,SUR20,14:58,17:02,Reducción de potencia de la unidad CCSUR20 a 92.0 MW por límite de transferencia de las líneas SAN-SUC230 y OCU-POT115.
2022-04-04,ENDE ANDINA,G,SUR20,09:05,11:35,Reducción de potencia de la unidad CCSUR20 a 75.1 MW por límite de transferencia de las líneas SAN-SUC230 y OCU-POT115.
2022-04-07,ENDE ANDINA,G,SUR20,14:45,17:30,Reducción de potencia de la unidad CCSUR20 a 85 MW por límite de transferencia de las líneas SAN-SUC230 y OCU-POT115.
2022-04-07,ENDE ANDINA,G,SUR20,17:30,18:06,Reducción de potencia de la unidad CCSUR20 a 90 MW por límite de transferencia de la línea doble terna TAJ-YAG23001 y TAJ-YAG23002.
2022-04-23,ENDE ANDINA,G,SUR22,12:47,17:18,Reducción de potencia de la unidad CCSUR22 a 50 MW por límite de transferencia de las líneas SAN-SUC230 y OCU-POT115.
2022-05-29,ENDE ANDINA,G,SUR12,08:31,17:15,"La unidad CCSUR12 con 43 MW, por límite de transferencia de la línea en 230 kV Tarija - Yaguacua por trabajos en la línea en 115 kV Potosí - Punutuma."
2022-05-29,ENDE ANDINA,G,SUR42,08:31,17:15,"La unidad CCSUR42 con 47 MW, por límite de transferencia de la línea en 230 kV Tarija - Yaguacua por trabajos en la línea en 115 kV Potosí - Punutuma."
2022-05-29,ENDE ANDINA,G,SUR22,08:31,17:15,"La unidad CCSUR22 con 46 MW, por límite de transferencia de la línea en 230 kV Tarija - Yaguacua por trabajos en la línea en 115 kV Potosí - Punutuma."
2022-06-13,ENDE ANDINA,G,SUR10,07:05,18:15,Reducción de potencia de la unidad CCSUR10 a 77 MW por límite de transferencia de la línea doble terna TAJ-YAG23001 y TAJ-YAG23002.
2022-06-14,ENDE ANDINA,G,SUR10,07:18,12:17,Reducción de potencia de la unidad CCSUR10 a 77 MW por límite de transferencia de la línea doble terna TAJ-YAG23001 y TAJ-YAG23002.
2022-06-14,ENDE ANDINA,G,SUR10,12:17,18:03,Reducción de potencia de la unidad CCSUR10 a 82 MW por límite de transferencia de la línea doble terna TAJ-YAG23001 y TAJ-YAG23002.
2022-06-15,ENDE ANDINA,G,SUR40,07:21,11:38,Reducción de potencia de la unidad CCSUR40 a 116 MW por límite de transferencia de la línea doble terna TAJ-YAG23001 y TAJ-YAG23002.
2022-06-15,ENDE ANDINA,G,SUR10,07:21,11:38,Reducción de potencia de la unidad CCSUR10 a 77 MW por límite de transferencia de la línea doble terna TAJ-YAG23001 y TAJ-YAG23002.
2022-06-15,ENDE ANDINA,G,SUR10,13:19,18:10,Reducción de potencia de la unidad CCSUR10 a 77 MW por límite de transferencia de la línea doble terna TAJ-YAG23001 y TAJ-YAG23002.
2022-06-16,ENDE ANDINA,G,SUR40,13:38,16:16,Reducción de potencia de la unidad CCSUR40 a 98 MW por límite de transferencia de las líneas SAN-SUC230 y OCU-POT115.
2022-06-16,ENDE ANDINA,G,SUR10,13:38,16:16,Reducción de potencia de la unidad CCSUR10 a 74.4 MW por límite de transferencia de las líneas SAN-SUC230 y OCU-POT115.
2022-06-16,ENDE ANDINA,G,SUR10,16:16,18:05,Reducción de potencia de la unidad CCSUR10 a 74 MW por límite de transferencia de la línea doble terna TAJ-YAG23001 y TAJ-YAG23002.
2022-06-17,ENDE ANDINA,G,SUR10,07:02,18:00,Reducción de potencia de la unidad CCSUR10 a 76 MW por límite de transferencia de la línea doble terna TAJ-YAG23001 y TAJ-YAG23002.
2022-06-23,ENDE ANDINA,G,SUR10,07:05,18:00,"Reducción de potencia de la unidad CCSUR10 a 77 MW, límite de transferencia de la línea doble terna TAJ-YAG23001 y TAJ-YAG23002."
2022-06-24,ENDE ANDINA,G,SUR10,07:05,10:56,Reducción de potencia de la unidad CCSUR10 a 78 MW por límite de transferencia de la línea doble terna TAJ-YAG23001 y TAJ-YAG23002.
2022-06-24,ENDE ANDINA,G,SUR10,10:56,12:50,Reducción de potencia de la unidad CCSUR10 a 77 MW por límite de transferencia de la línea doble terna TAJ-YAG23001 y TAJ-YAG23002.
2022-06-24,ENDE ANDINA,G,SUR10,13:51,18:01,Reducción de potencia de la unidad CCSUR10 a 77 MW por límite de transferencia de la línea doble terna TAJ-YAG23001 y TAJ-YAG23002.
2022-06-25,ENDE ANDINA,G,SUR10,17:23,18:02,Reducción de potencia de la unidad CCSUR10 a 77.1 MW por límite de transferencia de la línea doble terna TAJ-YAG23001 y TAJ-YAG23002.
2022-06-27,ENDE ANDINA,G,SUR10,07:00,12:15,Reducción de potencia de la unidad CCSUR10 a 77.0 MW por límite de transferencia de la línea doble terna TAJ-YAG23001 y TAJ-YAG23002.
2022-06-27,ENDE ANDINA,G,SUR10,12:15,18:03,Reducción de potencia de la unidad CCSUR10 a 75.7 MW por límite de transferencia de la línea doble terna TAJ-YAG23001 y TAJ-YAG23002.
2022-06-28,ENDE ANDINA,G,SUR10,07:09,15:15,Reducción de potencia de la unidad CCSUR10 a 78.0 MW por límite de transferencia de la línea doble terna TAJ-YAG23001 y TAJ-YAG23002.
2022-06-28,ENDE ANDINA,G,SUR10,15:15,18:01,Reducción de potencia de la unidad CCSUR10 a 80.0 MW por límite de transferencia de la línea doble terna TAJ-YAG23001 y TAJ-YAG23002.
2022-06-29,ENDE ANDINA,G,SUR10,07:01,18:00,Reducción de potencia de la unidad CCSUR10 a 78.0 MW por límite de transferencia de la línea doble terna TAJ-YAG23001 y TAJ-YAG23002.
2022-06-30,ENDE ANDINA,G,SUR10,07:20,18:05,Reducción de potencia de la unidad CCSUR10 a 78.0 MW por límite de transferencia de la línea doble terna TAJ-YAG23001 y TAJ-YAG23002.
2022-07-01,ENDE ANDINA,G,SUR10,07:55,12:38,Reducción de potencia de la unidad CCSUR10 a 77.0 MW por límite de transferencia de la línea doble terna TAJ-YAG23001 y TAJ-YAG23002.
2022-07-01,ENDE ANDINA,G,SUR10,12:38,14:40,Reducción de potencia de la unidad CCSUR10 a 74 MW por límite de transferencia de las líneas SAN-SUC230 y OCU-POT115.
2022-07-01,ENDE ANDINA,G,SUR10,14:40,18:02,Reducción de potencia de la unidad CCSUR10 a 74.0 MW por límite de transferencia de la línea doble terna TAJ-YAG23001 y TAJ-YAG23002.
2022-07-04,ENDE ANDINA,G,SUR10,07:10,12:48,Reducción de potencia de la unidad CCSUR10 a 77.0 MW por límite de transferencia de la línea doble terna TAJ-YAG23001 y TAJ-YAG23002.
2022-07-04,ENDE ANDINA,G,SUR10,12:48,14:50,Reducción de potencia de la unidad CCSUR10 a 74 MW por límite de transferencia de las líneas SAN-SUC230 y OCU-POT115.
2022-07-04,ENDE ANDINA,G,SUR10,14:50,18:02,Reducción de potencia de la unidad CCSUR10 a 77.0 MW por límite de transferencia de la línea doble terna TAJ-YAG23001 y TAJ-YAG23002.
2022-07-05,ENDE ANDINA,G,SUR10,07:08,11:38,Reducción de potencia de la unidad CCSUR10 a 77.0 MW por límite de transferencia de la línea doble terna TAJ-YAG23001 y TAJ-YAG23002.
2022-07-05,ENDE ANDINA,G,SUR10,11:38,14:56,Reducción de potencia de la unidad CCSUR10 a 74 MW por límite de transferencia de las líneas SAN-SUC230 y OCU-POT115.
2022-07-05,ENDE ANDINA,G,SUR10,14:56,18:02,Reducción de potencia de la unidad CCSUR10 a 77.0 MW por límite de transferencia de la línea doble terna TAJ-YAG23001 y TAJ-YAG23002.
2022-07-06,ENDE ANDINA,G,SUR10,07:10,18:02,Reducción de potencia de la unidad CCSUR10 a 77.0 MW por límite de transferencia de la línea doble terna TAJ-YAG23001 y TAJ-YAG23002.
2022-07-07,ENDE ANDINA,G,SUR10,07:45,18:02,Reducción de potencia de la unidad CCSUR10 a 77.0 MW por límite de transferencia de la línea doble terna TAJ-YAG23001 y TAJ-YAG23002.
2022-07-08,ENDE ANDINA,G,SUR10,07:00,12:55,Reducción de potencia de la unidad CCSUR10 a 77.0 MW por límite de transferencia de la línea doble terna TAJ-YAG23001 y TAJ-YAG23002.
2022-07-08,ENDE ANDINA,G,SUR10,12:55,18:15,Reducción de potencia de la unidad CCSUR10 a 75 MW por límite de transferencia de las líneas SAN-SUC230 y OCU-POT115.
2022-07-11,ENDE ANDINA,G,SUR10,08:41,10:14,Reducción de potencia de la unidad CCSUR10 a 77.0 MW por límite de transferencia de la línea doble terna TAJ-YAG23001 y TAJ-YAG23002.
2022-07-11,ENDE ANDINA,G,SUR10,14:53,18:10,Reducción de potencia de la unidad CCSUR10 a 75.0 MW por límite de transferencia de la línea doble terna TAJ-YAG23001 y TAJ-YAG23002.
2022-07-12,ENDE ANDINA,G,SUR40,08:18,18:15,Reducción de potencia de la unidad CCSUR40 a 117.0 MW por límite de transferencia de la línea doble terna TAJ-YAG23001 y TAJ-YAG23002.
2022-07-12,ENDE ANDINA,G,SUR10,08:18,18:15,Reducción de potencia de la unidad CCSUR10 a 77.0 MW por límite de transferencia de la línea doble terna TAJ-YAG23001 y TAJ-YAG23002.
2022-07-13,ENDE ANDINA,G,SUR40,07:08,11:50,Reducción de potencia de la unidad CCSUR40 a 117.0 MW por límite de transferencia de la línea doble terna TAJ-YAG23001 y TAJ-YAG23002.
2022-07-13,ENDE ANDINA,G,SUR10,07:08,18:00,Reducción de potencia de la unidad CCSUR10 a 77.0 MW por límite de transferencia de la línea doble terna TAJ-YAG23001 y TAJ-YAG23002.
2022-07-14,ENDE ANDINA,G,SUR40,08:13,12:50,Reducción de potencia de la unidad CCSUR40 a 118.0 MW por límite de transferencia de la línea doble terna TAJ-YAG23001 y TAJ-YAG23002.
2022-07-14,ENDE ANDINA,G,SUR10,08:13,18:05,Reducción de potencia de la unidad CCSUR10 a 76.0 MW por límite de transferencia de la línea doble terna TAJ-YAG23001 y TAJ-YAG23002.
2022-07-15,ENDE ANDINA,G,SUR10,07:15,14:43,Reducción de potencia de la unidad CCSUR10 a 75 MW por límite de transferencia de la línea doble terna TAJ-YAG23001 y TAJ-YAG23002.
2022-07-15,ENDE ANDINA,G,SUR10,14:43,18:06,Reducción de potencia de la unidad CCSUR10 a 80 MW por límite de transferencia de la línea doble terna TAJ-YAG23001 y TAJ-YAG23002.
2022-07-16,ENDE ANDINA,G,SUR10,07:40,11:40,Reducción de potencia de la unidad CCSUR10 a 77 MW por límite de transferencia de la línea doble terna TAJ-YAG23001 y TAJ-YAG23002.
2022-07-18,ENDE ANDINA,G,SUR10,08:10,18:02,Reducción de potencia de la unidad CCSUR10 a 78 MW por límite de transferencia de la línea doble terna TAJ-YAG23001 y TAJ-YAG23002.
2022-07-19,ENDE ANDINA,G,SUR10,07:56,18:03,Reducción de potencia de la unidad CCSUR10 a 77 MW por límite de transferencia de la línea doble terna TAJ-YAG23001 y TAJ-YAG23002.
2022-07-20,ENDE ANDINA,G,SUR10,07:38,13:13,Reducción de potencia de la unidad CCSUR10 a 78 MW por límite de transferencia de la línea doble terna TAJ-YAG23001 y TAJ-YAG23002.
2022-07-20,ENDE ANDINA,G,SUR10,13:13,18:07,Reducción de potencia de la unidad CCSUR10 a 82 MW por límite de transferencia de la línea doble terna TAJ-YAG23001 y TAJ-YAG23002.
2022-07-21,ENDE ANDINA,G,SUR10,08:25,18:03,Reducción de potencia de la unidad CCSUR10 a 76 MW por límite de transferencia de la línea doble terna TAJ-YAG23001 y TAJ-YAG23002.
2022-07-22,ENDE ANDINA,G,SUR10,07:03,18:05,Reducción de potencia de la unidad CCSUR10 a 75.1 MW por límite de transferencia de la línea doble terna TAJ-YAG23001 y TAJ-YAG23002.
2022-07-25,ENDE ANDINA,G,SUR10,08:48,13:13,Reducción de potencia de la unidad CCSUR10 a 76 MW por límite de transferencia de la línea doble terna TAJ-YAG23001 y TAJ-YAG23002.
2022-07-25,ENDE ANDINA,G,SUR10,13:13,18:05,Reducción de potencia de la unidad CCSUR10 a 86 MW por límite de transferencia de la línea doble terna TAJ-YAG23001 y TAJ-YAG23002.
2022-07-26,ENDE ANDINA,G,SUR10,07:45,12:53,Reducción de potencia de la unidad CCSUR10 a 76 MW por límite de transferencia de la línea doble terna TAJ-YAG23001 y TAJ-YAG23002.
2022-07-26,ENDE ANDINA,G,SUR10,12:53,18:04,Reducción de potencia de la unidad CCSUR10 a 86 MW por límite de transferencia de la línea doble terna TAJ-YAG23001 y TAJ-YAG23002.
2022-07-27,ENDE ANDINA,G,SUR10,07:12,11:55,Reducción de potencia de la unidad CCSUR10 a 76 MW por límite de transferencia de la línea doble terna TAJ-YAG23001 y TAJ-YAG23002.
2022-07-27,ENDE ANDINA,G,SUR10,11:55,18:08,Reducción de potencia de la unidad CCSUR10 a 88 MW por límite de transferencia de la línea doble terna TAJ-YAG23001 y TAJ-YAG23002.
2022-07-28,ENDE ANDINA,G,SUR10,07:08,11:56,Reducción de potencia de la unidad CCSUR10 a 76 MW por límite de transferencia de la línea doble terna TAJ-YAG23001 y TAJ-YAG23002.
2022-07-28,ENDE ANDINA,G,SUR10,11:56,14:26,Reducción de potencia de la unidad CCSUR10 a 80 MW por límite de transferencia de la línea doble terna TAJ-YAG23001 y TAJ-YAG23002.
2022-07-28,ENDE ANDINA,G,SUR10,14:26,18:05,Reducción de potencia de la unidad CCSUR10 a 85 MW por límite de transferencia de la línea doble terna TAJ-YAG23001 y TAJ-YAG23002.
2022-07-29,ENDE ANDINA,G,SUR10,07:05,18:10,Reducción de potencia de la unidad CCSUR10 a 76 MW por límite de transferencia de la línea doble terna TAJ-YAG23001 y TAJ-YAG23002.
2022-07-30,ENDE ANDINA,G,SUR10,07:10,18:05,Reducción de potencia de la unidad CCSUR10 a 76 MW por límite de transferencia de la línea doble terna TAJ-YAG23001 y TAJ-YAG23002.
2022-07-31,ENDE ANDINA,G,SUR10,15:13,18:05,Reducción de potencia de la unidad CCSUR10 a 72.4 MW por límite de transferencia de la línea doble terna TAJ-YAG23001 y TAJ-YAG23002.
2022-07-31,ENDE ANDINA,G,SUR40,15:13,18:05,Reducción de potencia de la unidad CCSUR10 a 90 MW por límite de transferencia de la línea doble terna TAJ-YAG23001 y TAJ-YAG23002.
2022-08-01,ENDE ANDINA,G,SUR10,07:05,08:53,Reducción de potencia de la unidad CCSUR10 a 76 MW por límite de transferencia de la línea doble terna TAJ-YAG23001 y TAJ-YAG23002.
2022-08-01,ENDE ANDINA,G,SUR10,08:53,10:55,Reducción de potencia de la unidad CCSUR10 a 80 MW por límite de transferencia de la línea doble terna TAJ-YAG23001 y TAJ-YAG23002.
2022-08-01,ENDE ANDINA,G,SUR10,10:55,18:05,Reducción de potencia de la unidad CCSUR10 a 83 MW por límite de transferencia de la línea doble terna TAJ-YAG23001 y TAJ-YAG23002.
2022-08-02,ENDE ANDINA,G,SUR10,07:05,12:00,Reducción de potencia de la unidad CCSUR10 a 76 MW por límite de transferencia de la línea doble terna TAJ-YAG23001 y TAJ-YAG23002.
2022-08-02,ENDE ANDINA,G,SUR10,12:00,18:00,Reducción de potencia de la unidad CCSUR10 a 86 MW por límite de transferencia de la línea doble terna TAJ-YAG23001 y TAJ-YAG23002.
2022-08-03,ENDE ANDINA,G,SUR10,07:05,09:43,Reducción de potencia de la unidad CCSUR10 a 76 MW por límite de transferencia de la línea doble terna TAJ-YAG23001 y TAJ-YAG23002.
2022-08-03,ENDE ANDINA,G,SUR10,16:05,18:05,Reducción de potencia de la unidad CCSUR10 a 82 MW por límite de transferencia de la línea doble terna TAJ-YAG23001 y TAJ-YAG23002.
2022-08-04,ENDE ANDINA,G,SUR10,07:05,11:50,Reducción de potencia de la unidad CCSUR10 a 76 MW por límite de transferencia de la línea doble terna TAJ-YAG23001 y TAJ-YAG23002.
2022-08-04,ENDE ANDINA,G,SUR10,11:50,18:04,Reducción de potencia de la unidad CCSUR10 a 80 MW por límite de transferencia de la línea doble terna TAJ-YAG23001 y TAJ-YAG23002.
2022-08-05,ENDE ANDINA,G,SUR10,07:10,18:05,Reducción de potencia de la unidad CCSUR10 a 76 MW por límite de transferencia de la línea doble terna TAJ-YAG23001 y TAJ-YAG23002.
2022-08-06,ENDE ANDINA,G,SUR10,09:22,10:34,Reducción de potencia de la unidad CCSUR10 a 76 MW por límite de transferencia de la línea doble terna TAJ-YAG23001 y TAJ-YAG23002.
2022-08-07,ENDE ANDINA,G,SUR10,10:20,18:05,Reducción de potencia de la unidad CCSUR10 a 75 MW por límite de transferencia de la línea doble terna TAJ-YAG23001 y TAJ-YAG23002.
2022-08-07,ENDE ANDINA,G,SUR40,10:20,18:05,Reducción de potencia de la unidad CCSUR10 a 82 MW por límite de transferencia de la línea doble terna TAJ-YAG23001 y TAJ-YAG23002.
2022-08-27,ENDE ANDINA,G,SUR21,13:30,18:01,Reducción de potencia de la unidad CCSUR21 a 46 MW por límite de transferencia de la línea doble terna TAJ-YAG23001 y TAJ-YAG23002.
2022-08-28,ENDE ANDINA,G,SUR11,10:55,11:51,Reducción de potencia de la unidad CCSUR11 a 47 MW por límite de transferencia de la línea doble terna TAJ-YAG23001 y TAJ-YAG23002.
2022-08-28,ENDE ANDINA,G,SUR11,11:51,12:05,Reducción de potencia de la unidad CCSUR11 a 50 MW por límite de transferencia de la línea doble terna TAJ-YAG23001 y TAJ-YAG23002.
2022-08-28,ENDE ANDINA,G,SUR11,12:05,13:30,Reducción de potencia de la unidad CCSUR11 a 47 MW por límite de transferencia de la línea doble terna TAJ-YAG23001 y TAJ-YAG23002.
2022-08-28,ENDE ANDINA,G,SUR40,13:30,17:18,Reducción de potencia de la unidad CCSUR40 a 105 MW por límite de transferencia de la línea doble terna TAJ-YAG23001 y TAJ-YAG23002.
2022-08-28,ENDE ANDINA,G,SUR11,13:30,18:03,Reducción de potencia de la unidad CCSUR11 a 41.1 MW por límite de transferencia de la línea doble terna TAJ-YAG23001 y TAJ-YAG23002.
2022-08-28,ENDE ANDINA,G,SUR21,17:18,18:03,Reducción de potencia de la unidad CCSUR21 a 44.5 MW por límite de transferencia de la línea doble terna TAJ-YAG23001 y TAJ-YAG23002.
2022-08-28,ENDE ANDINA,G,SUR40,17:18,18:03,Reducción de potencia de la unidad CCSUR40 a 90 MW por límite de transferencia de la línea doble terna TAJ-YAG23001 y TAJ-YAG23002.
2022-08-29,ENDE ANDINA,G,SUR11,07:07,18:11,Reducción de potencia de la unidad CCSUR11 a 42.9 MW por límite de transferencia de la línea doble terna TAJ-YAG23001 y TAJ-YAG23002.
2022-08-29,ENDE ANDINA,G,SUR40,07:07,18:11,Reducción de potencia de la unidad CCSUR40 a 110 MW por límite de transferencia de la línea doble terna TAJ-YAG23001 y TAJ-YAG23002.
2022-08-29,ENDE ANDINA,G,SUR21,07:07,18:11,Reducción de potencia de la unidad CCSUR21 a 45.8 MW por límite de transferencia de la línea doble terna TAJ-YAG23001 y TAJ-YAG23002.
2022-08-30,ENDE ANDINA,G,SUR21,07:02,14:42,Reducción de potencia de la unidad CCSUR21 a 46 MW por límite de transferencia de la línea doble terna TAJ-YAG23001 y TAJ-YAG23002.
2022-08-30,ENDE ANDINA,G,SUR11,07:02,14:54,Reducción de potencia de la unidad CCSUR11 a 43 MW por límite de transferencia de la línea doble terna TAJ-YAG23001 y TAJ-YAG23002.
2022-08-30,ENDE ANDINA,G,SUR40,07:02,14:54,Reducción de potencia de la unidad CCSUR40 a 108 MW por límite de transferencia de la línea doble terna TAJ-YAG23001 y TAJ-YAG23002.
2022-09-03,ENDE ANDINA,G,SUR11,07:47,13:31,Reducción de potencia de la unidad CCSUR11 a 42.2 MW por límite de transferencia de la línea doble terna TAJ-YAG23001 y TAJ-YAG23002.
2022-09-03,ENDE ANDINA,G,SUR21,07:52,13:31,Reducción de potencia de la unidad CCSUR11 a 45.1 MW por límite de transferencia de la línea doble terna TAJ-YAG23001 y TAJ-YAG23002.
2022-09-03,ENDE ANDINA,G,SUR40,08:07,13:31,Reducción de potencia de la unidad CCSUR40 a 111 MW por límite de transferencia de la línea doble terna TAJ-YAG23001 y TAJ-YAG23002.
2022-09-09,ENDE ANDINA,G,SUR21,07:07,08:50,Reducción de potencia de la unidad CCSUR21 a 44 MW por límite de transferencia de la línea doble terna TAJ-YAG23001 y TAJ-YAG23002.
2022-09-09,ENDE ANDINA,G,SUR11,07:07,08:50,Reducción de potencia de la unidad CCSUR11 a 42 MW por límite de transferencia de la línea doble terna TAJ-YAG23001 y TAJ-YAG23002.
2022-09-11,ENDE ANDINA,G,SUR11,07:05,15:34,Reducción de potencia de la unidad CCSUR11 a 42 MW por límite de transferencia de la línea doble terna TAJ-YAG23001 y TAJ-YAG23002.
2022-09-12,ENDE ANDINA,G,SUR11,07:20,12:20,Reducción de potencia de la unidad CCSUR11 a 42 MW por límite de transferencia de la línea doble terna TAJ-YAG23001 y TAJ-YAG23002.
2022-09-12,ENDE ANDINA,G,SUR20,07:20,12:20,Reducción de potencia de la unidad CCSUR21 a 45 MW por límite de transferencia de la línea doble terna TAJ-YAG23001 y TAJ-YAG23002.
2022-09-12,ENDE ANDINA,G,SUR40,08:32,12:20,Reducción de potencia de la unidad CCSUR40 a 112 MW por límite de transferencia de la línea doble terna TAJ-YAG23001 y TAJ-YAG23002.
2022-09-15,ENDE ANDINA,G,SUR20,11:25,16:35,Reducción de potencia de la unidad CCSUR20 a 85.0 MW por límite de transferencia de la línea doble terna TAJ-YAG23001 y TAJ-YAG23002.
2022-09-15,ENDE ANDINA,G,SUR20,16:35,18:00,Reducción de potencia de la unidad CCSUR20 a 95.0 MW por límite de transferencia de la línea doble terna TAJ-YAG23001 y TAJ-YAG23002.
2022-09-16,ENDE ANDINA,G,SUR20,07:01,12:55,Reducción de potencia de la unidad CCSUR20 a 89.0 MW por límite de transferencia de la línea doble terna TAJ-YAG23001 y TAJ-YAG23002.
2022-09-16,ENDE ANDINA,G,SUR20,12:55,18:05,Reducción de potencia de la unidad CCSUR20 a 98.0 MW por límite de transferencia de la línea doble terna TAJ-YAG23001 y TAJ-YAG23002.
2022-09-17,ENDE ANDINA,G,SUR20,07:07,07:17,Reducción de potencia de la unidad CCSUR20 a 107.0 MW por límite de transferencia de la línea doble terna TAJ-YAG23001 y TAJ-YAG23002.
2022-09-17,ENDE ANDINA,G,SUR20,07:17,07:57,Reducción de potencia de la unidad CCSUR20 a 86.0 MW por límite de transferencia de la línea doble terna TAJ-YAG23001 y TAJ-YAG23002.
2022-09-23,ENDE ANDINA,G,SUR20,07:05,18:06,Reducción de potencia de la unidad CCSUR20 a 76 MW por límite de transferencia de la línea doble terna TAJ-YAG23001 y TAJ-YAG23002.
2022-09-24,ENDE ANDINA,G,SUR20,15:55,18:01,Reducción de potencia de la unidad CCSUR20 a 76 MW por límite de transferencia de la línea doble terna TAJ-YAG23001 y TAJ-YAG23002.
2022-09-25,ENDE ANDINA,G,SUR40,14:37,18:01,Reducción de potencia de la unidad CCSUR40 a 90 MW por límite de transferencia de la línea doble terna TAJ-YAG23001 y TAJ-YAG23002.
2022-09-25,ENDE ANDINA,G,SUR20,15:34,18:01,Reducción de potencia de la unidad CCSUR20 a 71.9 MW por límite de transferencia de la línea doble terna TAJ-YAG23001 y TAJ-YAG23002.
2022-09-26,ENDE ANDINA,G,SUR20,07:10,16:31,Reducción de potencia de la unidad CCSUR20 a 78 MW por límite de transferencia de la línea doble terna TAJ-YAG23001 y TAJ-YAG23002.
2022-09-26,ENDE ANDINA,G,SUR20,16:31,18:10,Reducción de potencia de la unidad CCSUR20 a 85 MW por límite de transferencia de la línea doble terna TAJ-YAG23001 y TAJ-YAG23002.
2022-09-27,ENDE ANDINA,G,SUR20,07:05,15:20,Reducción de potencia de la unidad CCSUR20 a 78 MW por límite de transferencia de la línea doble terna TAJ-YAG23001 y TAJ-YAG23002.
2022-09-27,ENDE ANDINA,G,SUR20,15:20,18:00,Reducción de potencia de la unidad CCSUR20 a 85 MW por límite de transferencia de la línea doble terna TAJ-YAG23001 y TAJ-YAG23002.
2022-09-28,ENDE ANDINA,G,SUR40,07:04,08:05,Reducción de potencia de la unidad CCSUR40 a 81.7 MW por mantenimiento del autotransformador ATPUN23002 en S/E Punutuma.
2022-09-28,ENDE ANDINA,G,SUR20,07:04,08:05,Reducción de potencia de la unidad CCSUR20 a 100 MW por mantenimiento del autotransformador ATPUN23002 en S/E Punutuma.
2022-09-28,ENDE ANDINA,G,SUR20,08:05,09:28,Reducción de potencia de la unidad CCSUR20 a 114 MW por límite de transferencia de la línea doble terna TAJ-YAG23001 y TAJ-YAG23002.
2022-09-28,ENDE ANDINA,G,SUR40,08:05,18:04,Reducción de potencia de la unidad CCSUR20 a 81.7 MW por límite de transferencia de la línea doble terna TAJ-YAG23001 y TAJ-YAG23002.
2022-09-29,ENDE ANDINA,G,SUR20,07:05,18:10,Reducción de potencia de la unidad CCSUR20 a 78 MW por límite de transferencia de la línea doble terna TAJ-YAG23001 y TAJ-YAG23002.
2022-09-30,ENDE ANDINA,G,SUR20,07:05,18:15,Reducción de potencia de la unidad CCSUR20 a 77 MW por límite de transferencia de la línea doble terna TAJ-YAG23001 y TAJ-YAG23002.
2022-10-02,ENDE ANDINA,G,SUR40,07:13,16:21,Reducción de potencia de la unidad CCSUR40 a 111 MW por límite de transferencia de la línea doble terna TAJ-YAG23001 y TAJ-YAG23002.
2022-10-03,ENDE ANDINA,G,SUR10,16:45,17:28,Reducción de potencia de la unidad CCSUR20 a 74 MW por límite de transferencia de la línea doble terna TAJ-YAG23001 y TAJ-YAG23002.
2022-10-03,ENDE ANDINA,G,SUR10,17:28,18:18,Reducción de potencia de la unidad CCSUR20 a 86 MW por límite de transferencia de la línea doble terna TAJ-YAG23001 y TAJ-YAG23002.
2022-10-04,ENDE ANDINA,G,SUR10,07:26,10:02,Reducción de potencia de la unidad CCSUR10 a 73 MW por límite de transferencia de la línea doble terna TAJ-YAG23001 y TAJ-YAG23002.
2022-10-04,ENDE ANDINA,G,SUR10,10:02,15:04,Reducción de potencia de la unidad CCSUR10 a 80 MW por límite de transferencia de la línea doble terna TAJ-YAG23001 y TAJ-YAG23002.
2022-10-04,ENDE ANDINA,G,SUR10,15:04,18:10,Reducción de potencia de la unidad CCSUR10 a 96 MW por límite de transferencia de la línea doble terna TAJ-YAG23001 y TAJ-YAG23002.
2022-10-05,ENDE ANDINA,G,SUR10,07:11,10:16,Reducción de potencia de la unidad CCSUR10 a 80 MW por límite de transferencia de la línea doble terna TAJ-YAG23001 y TAJ-YAG23002.
2022-10-05,ENDE ANDINA,G,SUR10,10:16,12:41,Reducción de potencia de la unidad CCSUR10 a 88 MW por límite de transferencia de la línea doble terna TAJ-YAG23001 y TAJ-YAG23002.
2022-10-05,ENDE ANDINA,G,SUR10,12:41,13:33,Reducción de potencia de la unidad CCSUR10 a 91 MW por límite de transferencia de la línea doble terna TAJ-YAG23001 y TAJ-YAG23002.
2022-10-06,ENDE ANDINA,G,SUR10,07:01,14:23,Reducción de potencia de la unidad CCSUR10 a 75 MW por límite de transferencia de la línea doble terna TAJ-YAG23001 y TAJ-YAG23002.
2022-10-06,ENDE ANDINA,G,SUR10,14:23,16:30,Reducción de potencia de la unidad CCSUR10 a 84 MW por límite de transferencia de la línea doble terna TAJ-YAG23001 y TAJ-YAG23002.
2022-10-06,ENDE ANDINA,G,SUR10,16:30,18:01,Reducción de potencia de la unidad CCSUR10 a 100 MW por límite de transferencia de la línea doble terna TAJ-YAG23001 y TAJ-YAG23002.
2022-10-07,ENDE ANDINA,G,SUR20,07:38,07:55,Reducción de potencia de la unidad CCSUR20 a 90 MW por límite de transferencia de la línea doble terna TAJ-YAG23001 y TAJ-YAG23002.
2022-10-07,ENDE ANDINA,G,SUR20,07:55,09:08,Reducción de potencia de la unidad CCSUR20 a 82 MW por límite de transferencia de la línea doble terna TAJ-YAG23001 y TAJ-YAG23002.
2022-10-07,ENDE ANDINA,G,SUR40,09:08,13:00,Reducción de potencia de la unidad CCSUR40 a 82 MW por límite de transferencia de la línea doble terna TAJ-YAG23001 y TAJ-YAG23002.
2022-10-08,ENDE ANDINA,G,SUR21,08:06,09:03,Reducción de potencia de la unidad CCSUR21 a 45 MW por mantenimiento de la línea en 230 kV Las Carreras - Torre Huayco.
2022-10-08,ENDE ANDINA,G,SUR40,09:03,13:03,Reducción de potencia de la unidad CCSUR40 a 103 MW por mantenimiento de la línea en 230 kV Las Carreras - Torre Huayco.
2022-10-09,ENDE ANDINA,G,SUR22,07:25,09:00,Reducción de potencia de la unidad CCSUR22 a 50 MW por límite de transferencia de la línea doble terna TAJ-YAG23001 y TAJ-YAG23002.
2022-10-09,ENDE ANDINA,G,SUR40,09:00,11:37,Reducción de potencia de la unidad CCSUR40 a 106 MW por límite de transferencia de la línea doble terna TAJ-YAG23001 y TAJ-YAG23002.
2022-10-10,ENDE ANDINA,G,SUR22,07:07,08:40,Reducción de potencia de la unidad CCSUR22 a 45 MW por límite de transferencia de la línea doble terna TAJ-YAG23001 y TAJ-YAG23002.
2022-10-10,ENDE ANDINA,G,SUR11,07:07,12:51,Reducción de potencia de la unidad CCSUR11 a 42 MW por límite de transferencia de la línea doble terna TAJ-YAG23001 y TAJ-YAG23002.
2022-10-10,ENDE ANDINA,G,SUR40,07:45,08:40,Reducción de potencia de la unidad CCSUR40 a 113 MW por límite de transferencia de la línea doble terna TAJ-YAG23001 y TAJ-YAG23002.
2022-10-10,ENDE ANDINA,G,SUR40,08:40,09:25,Reducción de potencia de la unidad CCSUR40 a 95 MW por límite de transferencia de la línea doble terna TAJ-YAG23001 y TAJ-YAG23002.
2022-10-10,ENDE ANDINA,G,SUR20,08:40,09:25,Reducción de potencia de la unidad CCSUR20 a 62 MW por límite de transferencia de la línea doble terna TAJ-YAG23001 y TAJ-YAG23002.
2022-10-10,ENDE ANDINA,G,SUR40,09:25,11:12,Reducción de potencia de la unidad CCSUR40 a 92 MW por límite de transferencia de la línea doble terna TAJ-YAG23001 y TAJ-YAG23002.
2022-10-10,ENDE ANDINA,G,SUR20,09:25,11:12,Reducción de potencia de la unidad CCSUR20 a 64 MW por límite de transferencia de la línea doble terna TAJ-YAG23001 y TAJ-YAG23002.
2022-10-10,ENDE ANDINA,G,SUR20,11:12,12:05,Reducción de potencia de la unidad CCSUR20 a 76 MW por límite de transferencia de la línea doble terna TAJ-YAG23001 y TAJ-YAG23002.
2022-10-10,ENDE ANDINA,G,SUR40,11:12,12:05,Reducción de potencia de la unidad CCSUR40 a 82 MW por límite de transferencia de la línea doble terna TAJ-YAG23001 y TAJ-YAG23002.
2022-10-10,ENDE ANDINA,G,SUR40,12:05,12:51,Reducción de potencia de la unidad CCSUR40 a 108 MW por límite de transferencia de la línea doble terna TAJ-YAG23001 y TAJ-YAG23002.
2022-10-10,ENDE ANDINA,G,SUR20,12:05,12:51,Reducción de potencia de la unidad CCSUR20 a 51 MW por límite de transferencia de la línea doble terna TAJ-YAG23001 y TAJ-YAG23002.
2022-10-10,ENDE ANDINA,G,SUR11,12:51,18:14,Reducción de potencia de la unidad CCSUR11 a 41 MW por límite de transferencia de la línea doble terna TAJ-YAG23001 y TAJ-YAG23002.
2022-10-10,ENDE ANDINA,G,SUR21,12:51,18:14,Reducción de potencia de la unidad CCSUR21 a 43.5 MW por límite de transferencia de la línea doble terna TAJ-YAG23001 y TAJ-YAG23002.
2022-10-11,ENDE ANDINA,G,SUR21,07:05,17:02,Reducción de potencia de la unidad CCSUR21 a 46 MW por límite de transferencia de la línea doble terna TAJ-YAG23001 y TAJ-YAG23002.
2022-10-11,ENDE ANDINA,G,SUR40,07:05,17:02,Reducción de potencia de la unidad CCSUR40 a 110 MW por límite de transferencia de la línea doble terna TAJ-YAG23001 y TAJ-YAG23002.
2022-10-11,ENDE ANDINA,G,SUR11,07:05,18:15,Reducción de potencia de la unidad CCSUR11 a 43 MW por límite de transferencia de la línea doble terna TAJ-YAG23001 y TAJ-YAG23002.
2022-10-11,ENDE ANDINA,G,SUR40,17:02,18:15,Reducción de potencia de la unidad CCSUR40 a 96 MW por límite de transferencia de la línea doble terna TAJ-YAG23001 y TAJ-YAG23002.
2022-10-12,ENDE ANDINA,G,SUR20,07:30,07:37,Reducción de potencia de la unidad CCSUR20 a 100 MW por límite de transferencia de la línea doble terna TAJ-YAG23001 y TAJ-YAG23002.
2022-10-12,ENDE ANDINA,G,SUR20,07:37,07:48,Reducción de potencia de la unidad CCSUR20 a 90 MW por límite de transferencia de la línea doble terna TAJ-YAG23001 y TAJ-YAG23002.
2022-10-12,ENDE ANDINA,G,SUR20,07:48,11:51,Reducción de potencia de la unidad CCSUR20 a 84 MW por límite de transferencia de la línea doble terna TAJ-YAG23001 y TAJ-YAG23002.
2022-10-12,ENDE ANDINA,G,SUR20,11:51,12:41,Reducción de potencia de la unidad CCSUR20 a 89 MW por límite de transferencia de la línea doble terna TAJ-YAG23001 y TAJ-YAG23002.
2022-10-12,ENDE ANDINA,G,SUR20,15:28,18:09,Reducción de potencia de la unidad CCSUR20 a 83 MW por límite de transferencia de la línea doble terna TAJ-YAG23001 y TAJ-YAG23002.
2022-10-13,ENDE ANDINA,G,SUR20,07:12,07:40,"Reducción de potencia de la unidad CCSUR20 a 100 MW, por límite de transferencia de la línea doble terna TAJ-YAG23001 y TAJ-YAG23002."
2022-10-13,ENDE ANDINA,G,SUR20,07:40,07:46,"Reducción de potencia de la unidad CCSUR20 a 90 MW, por límite de transferencia de la línea doble terna TAJ-YAG23001 y TAJ-YAG23002."
2022-10-13,ENDE ANDINA,G,SUR20,07:46,11:14,"Reducción de potencia de la unidad CCSUR20 a 84 MW, por límite de transferencia de la línea doble terna TAJ-YAG23001 y TAJ-YAG23002."
2022-10-13,ENDE ANDINA,G,SUR20,11:14,18:01,"Reducción de potencia de la unidad CCSUR20 a 94 MW, por límite de transferencia de la línea doble terna TAJ-YAG23001 y TAJ-YAG23002."
2022-10-14,ENDE ANDINA,G,SUR20,07:03,18:00,Reducción de potencia de la unidad CCSUR20 a 90 MW por límite de transferencia de la línea doble terna TAJ-YAG23001 y TAJ-YAG23002.
2022-10-15,ENDE ANDINA,G,SUR40,07:10,07:17,Reducción de potencia de la unidad CCSUR40 a 110 MW por límite de transferencia de la línea doble terna TAJ-YAG23001 y TAJ-YAG23002.
2022-10-15,ENDE ANDINA,G,SUR20,07:10,07:47,Reducción de potencia de la unidad CCSUR20 a 75.4 MW por límite de transferencia de la línea doble terna TAJ-YAG23001 y TAJ-YAG23002.
2022-10-15,ENDE ANDINA,G,SUR40,07:17,07:47,Reducción de potencia de la unidad CCSUR40 a 100 MW por límite de transferencia de la línea doble terna TAJ-YAG23001 y TAJ-YAG23002.
2022-10-15,ENDE ANDINA,G,SUR40,07:47,16:03,"Reducción de potencia de la unidad CCSUR40 a 79.2 MW por límite de transferencia de la línea doble terna TAJ-YAG23001 y TAJ-YAG23002, por mantenimiento PUN-LCA230."
2022-10-15,ENDE ANDINA,G,SUR20,07:47,16:03,"Reducción de potencia de la unidad CCSUR20 a 75.4 MW por límite de transferencia de la línea doble terna TAJ-YAG23001 y TAJ-YAG23002, por mantenimiento de la línea PUN-LCA230."
2022-10-15,ENDE ANDINA,G,SUR40,16:03,16:54,Reducción de potencia de la unidad CCSUR40 a 87 MW por límite de transferencia de la línea doble terna TAJ-YAG23001 y TAJ-YAG23002.
2022-10-15,ENDE ANDINA,G,SUR20,16:03,18:00,Reducción de potencia de la unidad CCSUR20 a 75.4 MW por límite de transferencia de la línea doble terna TAJ-YAG23001 y TAJ-YAG23002.
2022-10-15,ENDE ANDINA,G,SUR40,16:54,17:11,Reducción de potencia de la unidad CCSUR40 a 105 MW por límite de transferencia de la línea doble terna TAJ-YAG23001 y TAJ-YAG23002.
2022-10-15,ENDE ANDINA,G,SUR40,17:11,17:36,Reducción de potencia de la unidad CCSUR40 a 110 MW por límite de transferencia de la línea doble terna TAJ-YAG23001 y TAJ-YAG23002.
2022-10-15,ENDE ANDINA,G,SUR40,17:36,18:00,Reducción de potencia de la unidad CCSUR40 a 100 MW por límite de transferencia de la línea doble terna TAJ-YAG23001 y TAJ-YAG23002.
2022-10-15,ENDE ANDINA,G,SUR11,18:23,21:57,Reducción de potencia de la unidad CCSUR11 a 40 MW por límite de transferencia de la línea doble terna TAJ-YAG23001 y TAJ-YAG23002.
2022-10-16,ENDE ANDINA,G,SUR40,08:12,18:07,Reducción de potencia de la unidad CCSUR40 a 79.5 MW por límite de transferencia de la línea doble terna TAJ-YAG23001 y TAJ-YAG23002.
2022-10-16,ENDE ANDINA,G,SUR20,08:12,18:30,Reducción de potencia de la unidad CCSUR20 a 74.4 MW por límite de transferencia de la línea doble terna TAJ-YAG23001 y TAJ-YAG23002.
2022-10-16,ENDE ANDINA,G,SUR20,18:30,18:45,Reducción de potencia de la unidad CCSUR20 a 100 MW por límite de transferencia de la línea doble terna TAJ-YAG23001 y TAJ-YAG23002.
2022-10-16,ENDE ANDINA,G,SUR20,18:45,19:00,Reducción de potencia de la unidad CCSUR20 a 74.7 MW por límite de transferencia de la línea doble terna TAJ-YAG23001 y TAJ-YAG23002.
2022-10-16,ENDE ANDINA,G,SUR11,18:45,22:24,Reducción de potencia de la unidad CCSUR11 a 40.5 MW por límite de transferencia de la línea doble terna TAJ-YAG23001 y TAJ-YAG23002.
2022-10-16,ENDE ANDINA,G,SUR20,21:11,21:26,Reducción de potencia de la unidad CCSUR20 a 90 MW por límite de transferencia de la línea doble terna TAJ-YAG23001 y TAJ-YAG23002.
2022-10-16,ENDE ANDINA,G,SUR20,21:26,22:24,Reducción de potencia de la unidad CCSUR20 a 85 MW por límite de transferencia de la línea doble terna TAJ-YAG23001 y TAJ-YAG23002.
2022-10-17,ENDE ANDINA,G,SUR20,07:05,18:15,Reducción de potencia de la unidad CCSUR20 a 80 MW por límite de transferencia de la línea doble terna TAJ-YAG23001 y TAJ-YAG23002.
2022-10-17,ENDE ANDINA,G,SUR11,18:15,22:30,Reducción de potencia de la unidad CCSUR11 a 42 MW por límite de transferencia de la línea doble terna TAJ-YAG23001 y TAJ-YAG23002.
2022-10-17,ENDE ANDINA,G,SUR20,18:42,22:30,Reducción de potencia de la unidad CCSUR20 a 114 MW por límite de transferencia de la línea doble terna TAJ-YAG23001 y TAJ-YAG23002.
2022-10-18,ENDE ANDINA,G,SUR20,07:22,18:21,Reducción de potencia de la unidad CCSUR20 a 80 MW por límite de transferencia de la línea doble terna TAJ-YAG23001 y TAJ-YAG23002.
2022-10-18,ENDE ANDINA,G,SUR10,18:00,22:18,Reducción de potencia de la unidad CCSUR11 a 42 MW por límite de transferencia de la línea doble terna TAJ-YAG23001 y TAJ-YAG23002.
2022-10-18,ENDE ANDINA,G,SUR20,18:21,22:18,Reducción de potencia de la unidad CCSUR20 a 114 MW por límite de transferencia de la línea doble terna TAJ-YAG23001 y TAJ-YAG23002.
2022-10-19,ENDE ANDINA,G,SUR20,07:01,18:30,Reducción de potencia de la unidad CCSUR20 a 80 MW por límite de transferencia de la línea doble terna TAJ-YAG23001 y TAJ-YAG23002.
2022-10-19,ENDE ANDINA,G,SUR11,18:06,22:10,Reducción de potencia de la unidad CCSUR11 a 42 MW por límite de transferencia de la línea doble terna TAJ-YAG23001 y TAJ-YAG23002.
2022-10-19,ENDE ANDINA,G,SUR20,18:30,24:00,Reducción de potencia de la unidad CCSUR20 a 114 MW por límite de transferencia de la línea doble terna TAJ-YAG23001 y TAJ-YAG23002.
2022-10-20,ENDE ANDINA,G,SUR20,00:00,01:00,Reducción de potencia de la unidad CCSUR20 a 114 MW por límite de transferencia de la línea doble terna TAJ-YAG23001 y TAJ-YAG23002.
2022-10-20,ENDE ANDINA,G,SUR20,07:13,18:15,Reducción de potencia de la unidad CCSUR20 a 80 MW por límite de transferencia de la línea doble terna TAJ-YAG23001 y TAJ-YAG23002.
2022-10-20,ENDE ANDINA,G,SUR40,11:05,12:05,Reducción de potencia de la unidad CCSUR40 a 113 MW por límite de transferencia de la línea doble terna TAJ-YAG23001 y TAJ-YAG23002.
2022-10-20,ENDE ANDINA,G,SUR40,12:05,18:15,Reducción de potencia de la unidad CCSUR40 a 108 MW por límite de transferencia de la línea doble terna TAJ-YAG23001 y TAJ-YAG23002.
2022-10-20,ENDE ANDINA,G,SUR12,18:45,23:21,Reducción de potencia de la unidad CCSUR12 a 40.5 MW por límite de transferencia de la línea doble terna TAJ-YAG23001 y TAJ-YAG23002.
2022-10-21,ENDE ANDINA,G,SUR20,07:15,08:10,Reducción de potencia de la unidad CCSUR20 a 80 MW por límite de transferencia de la línea doble terna TAJ-YAG23001 y TAJ-YAG23002.
2022-10-21,ENDE ANDINA,G,SUR20,08:10,18:10,Reducción de potencia de la unidad CCSUR20 a 84 MW por límite de transferencia de la línea doble terna TAJ-YAG23001 y TAJ-YAG23002.
2022-10-22,ENDE ANDINA,G,SUR20,07:03,11:40,Reducción de potencia de la unidad CCSUR20 a 85 MW por límite de transferencia de la línea doble terna TAJ-YAG23001 y TAJ-YAG23002.
2022-10-22,ENDE ANDINA,G,SUR20,11:40,18:05,Reducción de potencia de la unidad CCSUR20 a 90 MW por límite de transferencia de la línea doble terna TAJ-YAG23001 y TAJ-YAG23002.
2022-10-23,ENDE ANDINA,G,SUR40,07:12,07:23,Reducción de potencia de la unidad CCSUR40 a 90 MW por límite de transferencia de la línea doble terna TAJ-YAG23001 y TAJ-YAG23002.
2022-10-23,ENDE ANDINA,G,SUR20,07:12,18:25,Reducción de potencia de la unidad CCSUR20 a 74.7 MW por límite de transferencia de la línea doble terna TAJ-YAG23001 y TAJ-YAG23002.
2022-10-23,ENDE ANDINA,G,SUR40,07:23,13:40,Reducción de potencia de la unidad CCSUR40 a 88 MW por límite de transferencia de la línea doble terna TAJ-YAG23001 y TAJ-YAG23002.
2022-10-23,ENDE ANDINA,G,SUR40,13:40,18:25,Reducción de potencia de la unidad CCSUR40 a 91 MW por límite de transferencia de la línea doble terna TAJ-YAG23001 y TAJ-YAG23002.
2022-10-24,ENDE ANDINA,G,SUR20,07:15,12:00,Reducción de potencia de la unidad CCSUR20 a 90 MW por límite de transferencia de la línea doble terna TAJ-YAG23001 y TAJ-YAG23002.
2022-10-24,ENDE ANDINA,G,SUR20,12:00,16:10,Reducción de potencia de la unidad CCSUR20 a 97 MW por límite de transferencia de la línea doble terna TAJ-YAG23001 y TAJ-YAG23002.
2022-10-25,ENDE ANDINA,G,SUR20,07:10,18:07,Reducción de potencia de la unidad CCSUR20 a 88 MW por límite de transferencia de la línea doble terna TAJ-YAG23001 y TAJ-YAG23002.
2022-10-25,ENDE ANDINA,G,SUR11,22:34,23:55,Reducción de potencia de la unidad CCSUR11 a 38.5 MW por límite de transferencia de la línea doble terna TAJ-YAG23001 y TAJ-YAG23002.
2022-10-26,ENDE ANDINA,G,SUR20,07:17,09:25,Reducción de potencia de la unidad CCSUR20 a 90 MW por límite de transferencia de la línea doble terna TAJ-YAG23001 y TAJ-YAG23002.
2022-10-26,ENDE ANDINA,G,SUR20,09:25,11:06,Reducción de potencia de la unidad CCSUR20 a 95 MW por límite de transferencia de la línea doble terna TAJ-YAG23001 y TAJ-YAG23002.
2022-10-27,ENDE ANDINA,G,SUR20,07:20,08:47,Reducción de potencia de la unidad CCSUR20 a 92 MW por límite de transferencia de la línea doble terna TAJ-YAG23001 y TAJ-YAG23002.
2022-10-27,ENDE ANDINA,G,SUR20,08:47,08:53,Reducción de potencia de la unidad CCSUR20 a 85 MW por límite de transferencia de la línea doble terna TAJ-YAG23001 y TAJ-YAG23002.
2022-10-27,ENDE ANDINA,G,SUR20,13:00,18:05,Reducción de potencia de la unidad CCSUR20 a 73 MW por límite de transferencia de la línea doble terna TAJ-YAG23001 y TAJ-YAG23002.
2022-10-27,ENDE ANDINA,G,SUR40,14:37,14:46,Reducción de potencia de la unidad CCSUR40 a 100 MW por límite de transferencia de la línea doble terna TAJ-YAG23001 y TAJ-YAG23002.
2022-10-27,ENDE ANDINA,G,SUR11,14:37,18:27,Reducción de potencia de la unidad CCSUR11 a 39.2 MW por límite de transferencia de la línea doble terna TAJ-YAG23001 y TAJ-YAG23002.
2022-10-27,ENDE ANDINA,G,SUR40,14:46,18:05,Reducción de potencia de la unidad CCSUR40 a 95 MW por límite de transferencia de la línea doble terna TAJ-YAG23001 y TAJ-YAG23002.
2022-10-27,ENDE ANDINA,G,SUR11,21:45,22:37,Reducción de potencia de la unidad CCSUR11 a 44 MW por límite de transferencia de la línea doble terna TAJ-YAG23001 y TAJ-YAG23002.
2022-10-27,ENDE ANDINA,G,SUR11,22:37,24:00,Reducción de potencia de la unidad CCSUR11 a 39.7 MW por límite de transferencia de la línea doble terna TAJ-YAG23001 y TAJ-YAG23002.
2022-10-27,ENDE ANDINA,G,SUR20,22:45,24:00,Reducción de potencia de la unidad CCSUR20 a 98 MW por límite de transferencia de la línea doble terna TAJ-YAG23001 y TAJ-YAG23002.
2022-10-28,ENDE ANDINA,G,SUR11,00:00,00:16,Reducción de potencia de la unidad CCSUR11 a 39.7 MW por límite de transferencia de la línea doble terna TAJ-YAG23001 y TAJ-YAG23002.
2022-10-28,ENDE ANDINA,G,SUR20,00:00,00:16,Reducción de potencia de la unidad CCSUR20 a 98 MW por límite de transferencia de la línea doble terna TAJ-YAG23001 y TAJ-YAG23002.
2022-10-28,ENDE ANDINA,G,SUR20,07:17,09:20,Reducción de potencia de la unidad CCSUR20 a 75 MW por límite de transferencia de la línea doble terna TAJ-YAG23001 y TAJ-YAG23002.
2022-10-28,ENDE ANDINA,G,SUR20,09:20,12:50,Reducción de potencia de la unidad CCSUR20 a 85 MW por límite de transferencia de la línea doble terna TAJ-YAG23001 y TAJ-YAG23002.
2022-10-28,ENDE ANDINA,G,SUR20,12:50,13:03,Reducción de potencia de la unidad CCSUR20 a 95 MW por límite de transferencia de la línea doble terna TAJ-YAG23001 y TAJ-YAG23002.
2022-10-29,ENDE ANDINA,G,SUR20,07:13,10:04,Reducción de potencia de la unidad CCSUR20 a 85 MW por límite de transferencia de la línea doble terna TAJ-YAG23001 y TAJ-YAG23002.
2022-10-29,ENDE ANDINA,G,SUR20,10:04,11:10,Reducción de potencia de la unidad CCSUR20 a 95 MW por límite de transferencia de la línea doble terna TAJ-YAG23001 y TAJ-YAG23002.
2022-10-30,ENDE ANDINA,G,SUR40,07:01,11:50,Reducción de potencia de la unidad CCSUR40 a 90 MW por límite de transferencia de la línea doble terna TAJ-YAG23001 y TAJ-YAG23002.
2022-10-30,ENDE ANDINA,G,SUR20,07:01,17:24,Reducción de potencia de la unidad CCSUR20 a 75.0 MW por límite de transferencia de la línea doble terna TAJ-YAG23001 y TAJ-YAG23002.
2022-10-30,ENDE ANDINA,G,SUR40,11:50,17:24,Reducción de potencia de la unidad CCSUR40 a 100 MW por límite de transferencia de la línea doble terna TAJ-YAG23001 y TAJ-YAG23002.
2022-10-30,ENDE ANDINA,G,SUR20,17:24,17:49,Reducción de potencia de la unidad CCSUR20 a 85.0 MW por límite de transferencia de la línea doble terna TAJ-YAG23001 y TAJ-YAG23002.
2022-10-31,ENDE ANDINA,G,SUR20,07:15,12:30,Reducción de potencia de la unidad CCSUR20 a 80.0 MW por límite de transferencia de la línea doble terna TAJ-YAG23001 y TAJ-YAG23002.
2022-10-31,ENDE ANDINA,G,SUR20,12:30,16:46,Reducción de potencia de la unidad CCSUR20 a 77.0 MW por límite de transferencia de la línea doble terna TAJ-YAG23001 y TAJ-YAG23002.
2022-10-31,ENDE ANDINA,G,SUR20,16:46,17:40,Reducción de potencia de la unidad CCSUR20 a 95.0 MW por límite de transferencia de la línea doble terna TAJ-YAG23001 y TAJ-YAG23002.
2022-10-31,ENDE ANDINA,G,SUR20,17:40,18:30,Reducción de potencia de la unidad CCSUR20 a 105.0 MW por límite de transferencia de la línea doble terna TAJ-YAG23001 y TAJ-YAG23002.
2022-11-01,ENDE ANDINA,G,SUR20,07:17,07:33,Reducción de potencia de la unidad CCSUR20 a 80.0 MW por límite de transferencia de la línea doble terna TAJ-YAG23001 y TAJ-YAG23002.
2022-11-01,ENDE ANDINA,G,SUR20,07:33,07:44,Reducción de potencia de la unidad CCSUR20 a 100.0 MW por límite de transferencia de la línea doble terna TAJ-YAG23001 y TAJ-YAG23002.
2022-11-01,ENDE ANDINA,G,SUR20,07:44,08:12,Reducción de potencia de la unidad CCSUR20 a 110.0 MW por límite de transferencia de la línea doble terna TAJ-YAG23001 y TAJ-YAG23002.
2022-11-03,ENDE ANDINA,G,SUR20,07:17,12:53,Reducción de potencia de la unidad CCSUR20 a 77.0 MW por límite de transferencia de la línea doble terna TAJ-YAG23001 y TAJ-YAG23002.
2022-11-03,ENDE ANDINA,G,SUR20,12:53,17:00,Reducción de potencia de la unidad CCSUR20 a 85.0 MW por límite de transferencia de la línea doble terna TAJ-YAG23001 y TAJ-YAG23002.
2022-11-03,ENDE ANDINA,G,SUR20,17:00,17:10,Reducción de potencia de la unidad CCSUR20 a 95.0 MW por límite de transferencia de la línea doble terna TAJ-YAG23001 y TAJ-YAG23002.
2022-11-03,ENDE ANDINA,G,SUR20,17:10,18:05,Reducción de potencia de la unidad CCSUR20 a 105.0 MW por límite de transferencia de la línea doble terna TAJ-YAG23001 y TAJ-YAG23002.
2022-11-04,ENDE ANDINA,G,SUR20,07:00,11:10,Reducción de potencia de la unidad CCSUR20 a 90 MW por límite de transferencia de la línea doble terna TAJ-YAG23001 y TAJ-YAG23002.
2022-11-04,ENDE ANDINA,G,SUR20,11:52,18:06,Reducción de potencia de la unidad CCSUR20 a 92 MW por límite de transferencia de la línea doble terna TAJ-YAG23001 y TAJ-YAG23002.
2022-11-05,ENDE ANDINA,G,SUR20,07:00,07:17,Reducción de potencia de la unidad CCSUR20 a 90 MW por límite de transferencia de la línea doble terna TAJ-YAG23001 y TAJ-YAG23002.
2022-11-05,ENDE ANDINA,G,SUR20,07:17,09:40,Reducción de potencia de la unidad CCSUR20 a 85 MW por límite de transferencia de la línea doble terna TAJ-YAG23001 y TAJ-YAG23002.
2022-11-05,ENDE ANDINA,G,SUR20,09:40,13:27,Reducción de potencia de la unidad CCSUR20 a 91 MW por límite de transferencia de la línea doble terna TAJ-YAG23001 y TAJ-YAG23002.
2022-11-05,ENDE ANDINA,G,SUR20,13:27,17:39,Reducción de potencia de la unidad CCSUR20 a 96 MW por límite de transferencia de la línea doble terna TAJ-YAG23001 y TAJ-YAG23002.
2022-11-05,ENDE ANDINA,G,SUR20,17:39,18:03,Reducción de potencia de la unidad CCSUR20 a 100 MW por límite de transferencia de la línea doble terna TAJ-YAG23001 y TAJ-YAG23002.
2022-11-06,ENDE ANDINA,G,SUR10,07:02,17:40,Reducción de potencia de la unidad CCSUR20 a 90 MW por límite de transferencia de la línea doble terna TAJ-YAG23001 y TAJ-YAG23002.
2022-11-06,ENDE ANDINA,G,SUR20,07:02,18:05,Reducción de potencia de la unidad CCSUR20 a 76 MW por límite de transferencia de la línea doble terna TAJ-YAG23001 y TAJ-YAG23002.
2022-11-07,ENDE ANDINA,G,SUR20,07:00,07:21,Reducción de potencia de la unidad CCSUR20 a 100 MW por límite de transferencia de la línea doble terna TAJ-YAG23001 y TAJ-YAG23002.
2022-11-07,ENDE ANDINA,G,SUR20,07:21,07:48,Reducción de potencia de la unidad CCSUR20 a 95 MW por límite de transferencia de la línea doble terna TAJ-YAG23001 y TAJ-YAG23002.
2022-11-07,ENDE ANDINA,G,SUR20,08:28,11:55,Reducción de potencia de la unidad CCSUR20 a 95 MW por límite de transferencia de la línea doble terna TAJ-YAG23001 y TAJ-YAG23002.
2022-11-07,ENDE ANDINA,G,SUR20,11:55,14:41,Reducción de potencia de la unidad CCSUR20 a 102 MW por límite de transferencia de la línea doble terna TAJ-YAG23001 y TAJ-YAG23002.
2022-11-08,ENDE ANDINA,G,SUR20,07:35,11:12,Reducción de potencia de la unidad CCSUR20 a 95 MW por límite de transferencia de la línea doble terna TAJ-YAG23001 y TAJ-YAG23002.
2022-11-08,ENDE ANDINA,G,SUR20,11:12,13:26,Reducción de potencia de la unidad CCSUR20 a 100 MW por límite de transferencia de la línea doble terna TAJ-YAG23001 y TAJ-YAG23002.
2022-11-09,ENDE ANDINA,G,SUR20,07:36,07:42,Reducción de potencia de la unidad CCSUR20 a 100 MW por límite de transferencia de la línea doble terna TAJ-YAG23001 y TAJ-YAG23002.
2022-11-09,ENDE ANDINA,G,SUR20,07:42,10:28,Reducción de potencia de la unidad CCSUR20 a 97 MW por límite de transferencia de la línea doble terna TAJ-YAG23001 y TAJ-YAG23002.
2022-11-09,ENDE ANDINA,G,SUR20,10:28,12:28,Reducción de potencia de la unidad CCSUR20 a 102 MW por límite de transferencia de la línea doble terna TAJ-YAG23001 y TAJ-YAG23002.
2022-11-10,ENDE ANDINA,G,SUR20,07:41,07:58,Reducción de potencia de la unidad CCSUR20 a 100 MW por límite de transferencia de la línea doble terna TAJ-YAG23001 y TAJ-YAG23002.
2022-11-10,ENDE ANDINA,G,SUR20,07:58,11:12,Reducción de potencia de la unidad CCSUR20 a 95 MW por límite de transferencia de la línea doble terna TAJ-YAG23001 y TAJ-YAG23002.
2022-11-10,ENDE ANDINA,G,SUR20,11:12,13:27,Reducción de potencia de la unidad CCSUR20 a 99 MW por límite de transferencia de la línea doble terna TAJ-YAG23001 y TAJ-YAG23002.
2022-11-11,ENDE ANDINA,G,SUR20,07:08,07:49,Reducción de potencia de la unidad CCSUR20 a 85 MW por límite de transferencia de la línea doble terna TAJ-YAG23001 y TAJ-YAG23002.
2022-11-11,ENDE ANDINA,G,SUR20,07:49,10:57,Reducción de potencia de la unidad CCSUR20 a 90 MW por límite de transferencia de la línea doble terna TAJ-YAG23001 y TAJ-YAG23002.
2022-11-11,ENDE ANDINA,G,SUR20,10:57,13:54,Reducción de potencia de la unidad CCSUR20 a 100 MW por límite de transferencia de la línea doble terna TAJ-YAG23001 y TAJ-YAG23002.
2022-11-12,ENDE ANDINA,G,SUR20,07:03,07:55,Reducción de potencia de la unidad CCSUR20 a 90 MW por límite de transferencia de la línea doble terna TAJ-YAG23001 y TAJ-YAG23002.
2022-11-12,ENDE ANDINA,G,SUR10,07:55,17:20,Reducción de potencia de la unidad CCSUR10 a 79 MW por límite de transferencia de la línea TAJ-YAG23002 (mantenimiento de TAJ-YAG23001).
2022-11-12,ENDE ANDINA,G,SUR20,07:55,17:20,Reducción de potencia de la unidad CCSUR20 a 73.8 MW por límite de transferencia de la línea TAJ-YAG23002 (mantenimiento de TAJ-YAG23001).
2022-11-13,ENDE ANDINA,G,SUR10,05:51,17:45,Reducción de potencia de la unidad CCSUR10 a 74.4 MW por límite de transferencia de la línea TAJ-YAG23002 (mantenimiento de PUN-UYU230).
2022-11-13,ENDE ANDINA,G,SUR20,05:51,18:00,Reducción de potencia de la unidad CCSUR20 a 75.8 MW por límite de transferencia de la línea TAJ-YAG23002 (mantenimiento de PUN-UYU230).
2022-11-13,ENDE ANDINA,G,SUR10,17:45,18:00,Reducción de potencia de la unidad CCSUR10 a 95 MW por límite de transferencia de la línea TAJ-YAG23002 (mantenimiento de PUN-UYU230).
2022-11-14,ENDE ANDINA,G,SUR20,07:34,18:06,Reducción de potencia de la unidad CCSUR20 a 90 MW por límite de transferencia de la línea doble terna TAJ-YAG23001 y TAJ-YAG23002.
2022-11-15,ENDE ANDINA,G,SUR20,07:15,08:55,Reducción de potencia de la unidad CCSUR20 a 85 MW por límite de transferencia de la línea doble terna TAJ-YAG23001 y TAJ-YAG23002.
2022-11-15,ENDE ANDINA,G,SUR20,08:55,12:51,Reducción de potencia de la unidad CCSUR20 a 90 MW por límite de transferencia de la línea doble terna TAJ-YAG23001 y TAJ-YAG23002.
2022-11-16,ENDE ANDINA,G,SUR20,07:26,09:53,Reducción de potencia de la unidad CCSUR20 a 90 MW por límite de transferencia de la línea doble terna TAJ-YAG23001 y TAJ-YAG23002.
2022-11-16,ENDE ANDINA,G,SUR20,09:53,11:50,Reducción de potencia de la unidad CCSUR20 a 100 MW por límite de transferencia de la línea doble terna TAJ-YAG23001 y TAJ-YAG23002.
2022-11-17,ENDE ANDINA,G,SUR20,07:23,08:32,Reducción de potencia de la unidad CCSUR20 a 105 MW por límite de transferencia de la línea doble terna TAJ-YAG23001 y TAJ-YAG23002.
2022-11-20,ENDE ANDINA,G,SUR20,08:00,08:55,Reducción de potencia de la unidad CCSUR20 a 97 MW por límite de transferencia de la línea doble terna TAJ-YAG23001 y TAJ-YAG23002.
2022-11-20,ENDE ANDINA,G,SUR20,08:55,10:00,Reducción de potencia de la unidad CCSUR20 a 85 MW por límite de transferencia de la línea doble terna TAJ-YAG23001 y TAJ-YAG23002.
2022-11-20,ENDE ANDINA,G,SUR20,10:00,11:52,Reducción de potencia de la unidad CCSUR20 a 75 MW por límite de transferencia de la línea doble terna TAJ-YAG23001 y TAJ-YAG23002.
2022-11-20,ENDE ANDINA,G,SUR20,11:52,13:54,Reducción de potencia de la unidad CCSUR20 a 72.3 MW por límite de transferencia de la línea doble terna TAJ-YAG23001 y TAJ-YAG23002.
2022-11-20,ENDE ANDINA,G,SUR20,13:54,15:14,Reducción de potencia de la unidad CCSUR20 a 80 MW por límite de transferencia de la línea doble terna TAJ-YAG23001 y TAJ-YAG23002.
2022-11-21,ENDE ANDINA,G,SUR20,10:52,14:01,Reducción de potencia de la unidad CCSUR20 a 100 MW por límite de transferencia de la línea doble terna TAJ-YAG23001 y TAJ-YAG23002.
2022-11-21,ENDE ANDINA,G,SUR20,14:01,16:04,Reducción de potencia de la unidad CCSUR20 a 106 MW por límite de transferencia de la línea doble terna TAJ-YAG23001 y TAJ-YAG23002.
2022-11-22,ENDE ANDINA,G,SUR20,10:46,15:26,Reducción de potencia de la unidad CCSUR20 a 105 MW por límite de transferencia de la línea doble terna TAJ-YAG23001 y TAJ-YAG23002.
2022-11-23,ENDE ANDINA,G,SUR20,00:07,02:24,Reducción de potencia de la unidad CCSUR20 a 100 MW por límite de transferencia de la línea doble terna TAJ-YAG23001 y TAJ-YAG23002.
2022-11-23,ENDE ANDINA,G,SUR20,10:28,13:53,Reducción de potencia de la unidad CCSUR20 a 100 MW por límite de transferencia de la línea doble terna TAJ-YAG23001 y TAJ-YAG23002.
2022-11-24,ENDE ANDINA,G,SUR20,08:44,09:45,Reducción de potencia de la unidad CCSUR20 a 100 MW por límite de transferencia de la línea doble terna TAJ-YAG23001 y TAJ-YAG23002.
2022-11-24,ENDE ANDINA,G,SUR20,09:45,12:45,Reducción de potencia de la unidad CCSUR20 a 92 MW por límite de transferencia de la línea doble terna TAJ-YAG23001 y TAJ-YAG23002.
2022-11-24,ENDE ANDINA,G,SUR20,12:45,13:10,Reducción de potencia de la unidad CCSUR20 a 83 MW por límite de transferencia de la línea doble terna TAJ-YAG23001 y TAJ-YAG23002.
2022-11-24,ENDE ANDINA,G,SUR20,13:10,16:03,Reducción de potencia de la unidad CCSUR20 a 78 MW por límite de transferencia de la línea doble terna TAJ-YAG23001 y TAJ-YAG23002.
2022-11-24,ENDE ANDINA,G,SUR12,13:10,18:14,Reducción de potencia de la unidad CCSUR12 a 36.2 MW por límite de transferencia de la línea doble terna TAJ-YAG23001 y TAJ-YAG23002.
2022-11-24,ENDE ANDINA,G,SUR20,16:03,16:12,Reducción de potencia de la unidad CCSUR20 a 90 MW por límite de transferencia de la línea doble terna TAJ-YAG23001 y TAJ-YAG23002.
2022-11-25,ENDE ANDINA,G,SUR20,11:12,13:21,Reducción de potencia de la unidad CCSUR20 a 100 MW por límite de transferencia de la línea doble terna TAJ-YAG23001 y TAJ-YAG23002.
2022-11-25,ENDE ANDINA,G,SUR12,16:52,18:18,Reducción de potencia de la unidad CCSUR12 a 37 MW por límite de transferencia de la línea doble terna TAJ-YAG23001 y TAJ-YAG23002.
2022-11-27,ENDE ANDINA,G,SUR40,10:06,12:50,Reducción de potencia de la unidad CCSUR40 a 105 MW por límite de transferencia de la línea doble terna TAJ-YAG23001 y TAJ-YAG23002.
2022-11-27,ENDE ANDINA,G,SUR20,11:01,16:15,Reducción de potencia de la unidad CCSUR20 a 69 MW por límite de transferencia de la línea doble terna TAJ-YAG23001 y TAJ-YAG23002.
2022-11-27,ENDE ANDINA,G,SUR20,16:15,17:20,Reducción de potencia de la unidad CCSUR20 a 80 MW por límite de transferencia de la línea doble terna TAJ-YAG23001 y TAJ-YAG23002.
2022-11-28,ENDE ANDINA,G,SUR20,08:41,12:46,Reducción de potencia de la unidad CCSUR20 a 95 MW por límite de transferencia de la línea doble terna TAJ-YAG23001 y TAJ-YAG23002.
2022-11-28,ENDE ANDINA,G,SUR20,12:46,13:28,Reducción de potencia de la unidad CCSUR20 a 80 MW por límite de transferencia de la línea doble terna TAJ-YAG23001 y TAJ-YAG23002.
2022-11-28,ENDE ANDINA,G,SUR12,13:26,16:19,Reducción de potencia de la unidad CCSUR20 a 36 MW por límite de transferencia de la línea doble terna TAJ-YAG23001 y TAJ-YAG23002.
2022-11-28,ENDE ANDINA,G,SUR20,13:28,14:42,Reducción de potencia de la unidad CCSUR20 a 74 MW por límite de transferencia de la línea doble terna TAJ-YAG23001 y TAJ-YAG23002.
2022-11-28,ENDE ANDINA,G,SUR20,14:42,15:02,Reducción de potencia de la unidad CCSUR20 a 82 MW por límite de transferencia de la línea doble terna TAJ-YAG23001 y TAJ-YAG23002.
2022-11-28,ENDE ANDINA,G,SUR20,15:02,15:25,Reducción de potencia de la unidad CCSUR20 a 90 MW por límite de transferencia de la línea doble terna TAJ-YAG23001 y TAJ-YAG23002.
2022-11-29,ENDE ANDINA,G,SUR20,00:31,01:19,Reducción de potencia de la unidad CCSUR20 a 95 MW por límite de transferencia de la línea doble terna TAJ-YAG23001 y TAJ-YAG23002.
2022-11-29,ENDE ANDINA,G,SUR20,01:19,03:01,Reducción de potencia de la unidad CCSUR20 a 90 MW por límite de transferencia de la línea doble terna TAJ-YAG23001 y TAJ-YAG23002.
2022-11-29,ENDE ANDINA,G,SUR20,14:51,16:04,Reducción de potencia de la unidad CCSUR20 a 80 MW por límite de transferencia de la línea doble terna TAJ-YAG23001 y TAJ-YAG23002.
2022-11-29,ENDE ANDINA,G,SUR12,14:51,16:04,Reducción de potencia de la unidad CCSUR12 a 36 MW por límite de transferencia de la línea doble terna TAJ-YAG23001 y TAJ-YAG23002.
2022-11-30,ENDE ANDINA,G,SUR11,16:04,18:10,Reducción de potencia de la unidad CCSUR11 a 37 MW por límite de transferencia de la línea doble terna TAJ-YAG23001 y TAJ-YAG23002.
2022-11-30,ENDE ANDINA,G,SUR20,16:04,18:10,Reducción de potencia de la unidad CCSUR20 a 92 MW por límite de transferencia de la línea doble terna TAJ-YAG23001 y TAJ-YAG23002.
2022-12-01,ENDE ANDINA,G,SUR20,09:32,10:48,Reducción de potencia de la unidad CCSUR20 a 100 MW por límite de transferencia de la línea doble terna TAJ-YAG23001 y TAJ-YAG23002.
2022-12-01,ENDE ANDINA,G,SUR20,10:48,16:16,Reducción de potencia de la unidad CCSUR20 a 95 MW por límite de transferencia de la línea doble terna TAJ-YAG23001 y TAJ-YAG23002.
2022-12-01,ENDE ANDINA,G,SUR20,16:16,17:21,Reducción de potencia de la unidad CCSUR20 a 75 MW por límite de transferencia de la línea doble terna TAJ-YAG23001 y TAJ-YAG23002.
2022-12-01,ENDE ANDINA,G,SUR11,16:16,18:50,Reducción de potencia de la unidad CCSUR11 a 41 MW por límite de transferencia de la línea doble terna TAJ-YAG23001 y TAJ-YAG23002.
2022-12-01,ENDE ANDINA,G,SUR20,17:21,18:30,Reducción de potencia de la unidad CCSUR20 a 90 MW por límite de transferencia de la línea doble terna TAJ-YAG23001 y TAJ-YAG23002.
2022-12-01,ENDE ANDINA,G,SUR11,18:50,22:19,Reducción de potencia de la unidad CCSUR11 a 45 MW por límite de transferencia de la línea doble terna TAJ-YAG23001 y TAJ-YAG23002.
2022-12-02,ENDE ANDINA,G,SUR20,07:30,08:09,Reducción de potencia de la unidad CCSUR20 a 90 MW por límite de transferencia de la línea doble terna TAJ-YAG23001 y TAJ-YAG23002.
2022-12-02,ENDE ANDINA,G,SUR20,08:09,10:41,Reducción de potencia de la unidad CCSUR20 a 100 MW por límite de transferencia de la línea doble terna TAJ-YAG23001 y TAJ-YAG23002.
2022-12-02,ENDE ANDINA,G,SUR20,10:41,12:15,Reducción de potencia de la unidad CCSUR20 a 95 MW por límite de transferencia de la línea doble terna TAJ-YAG23001 y TAJ-YAG23002.
2022-12-02,ENDE ANDINA,G,SUR20,12:15,17:17,Reducción de potencia de la unidad CCSUR20 a 90 MW por límite de transferencia de la línea doble terna TAJ-YAG23001 y TAJ-YAG23002.
2022-12-03,ENDE ANDINA,G,SUR20,08:18,08:37,Reducción de potencia de la unidad CCSUR20 a 95 MW por límite de transferencia de la línea doble terna TAJ-YAG23001 y TAJ-YAG23002.
2022-12-03,ENDE ANDINA,G,SUR20,08:37,15:00,Reducción de potencia de la unidad CCSUR20 a 100 MW por límite de transferencia de la línea doble terna TAJ-YAG23001 y TAJ-YAG23002.
2022-12-04,ENDE ANDINA,G,SUR20,12:03,15:03,Reducción de potencia de la unidad CCSUR20 a 75 MW por límite de transferencia de la línea doble terna TAJ-YAG23001 y TAJ-YAG23002.
2022-12-04,ENDE ANDINA,G,SUR20,15:03,15:50,Reducción de potencia de la unidad CCSUR20 a 85 MW por límite de transferencia de la línea doble terna TAJ-YAG23001 y TAJ-YAG23002.
2022-12-13,ENDE ANDINA,G,SUR20,10:01,10:29,Reducción de potencia de la unidad CCSUR20 a 90 MW por límite de transferencia de las líneas SAN-SUC230 y OCU-POT115.
2022-12-13,ENDE ANDINA,G,SUR20,12:01,12:57,Reducción de potencia de la unidad CCSUR20 a 100 MW por límite de transferencia de las líneas SAN-SUC230 y OCU-POT115.
2022-12-13,ENDE ANDINA,G,SUR20,12:57,14:06,Reducción de potencia de la unidad CCSUR20 a 95 MW por límite de transferencia de las líneas SAN-SUC230 y OCU-POT115.
2022-12-14,ENDE ANDINA,G,SUR20,22:44,24:00,Reducción de potencia de la unidad CCSUR20 a 90 MW por límite de transferencia de la línea doble terna TAJ-YAG23001 y TAJ-YAG23002.
2022-12-15,ENDE ANDINA,G,SUR20,00:00,01:30,Reducción de potencia de la unidad CCSUR20 a 90 MW por límite de transferencia de la línea doble terna TAJ-YAG23001 y TAJ-YAG23002.
2022-12-15,ENDE ANDINA,G,SUR20,09:17,11:41,Reducción de potencia de la unidad CCSUR20 a 74 MW por límite de transferencia de las líneas SAN-SUC230 y OCU-POT115.
2022-12-15,ENDE ANDINA,G,SUR20,11:41,14:30,Reducción de potencia de la unidad CCSUR20 a 80 MW por límite de transferencia de las líneas SAN-SUC230 y OCU-POT115.
2022-12-15,ENDE ANDINA,G,SUR20,14:30,15:15,Reducción de potencia de la unidad CCSUR20 a 95 MW por límite de transferencia de la línea doble terna TAJ-YAG23001 y TAJ-YAG23002.
2022-12-15,ENDE ANDINA,G,SUR20,15:15,18:00,Reducción de potencia de la unidad CCSUR20 a 90 MW por límite de transferencia de la línea doble terna TAJ-YAG23001 y TAJ-YAG23002.
2022-12-15,ENDE ANDINA,G,SUR10,19:15,19:57,Reducción de potencia de la unidad CCSUR10 a 74.7 MW por límite de transferencia de la línea doble terna TAJ-YAG23001 y TAJ-YAG23002.
2022-12-15,ENDE ANDINA,G,SUR20,19:15,23:40,Reducción de potencia de la unidad CCSUR20 a 74.5 MW por límite de transferencia de la línea doble terna TAJ-YAG23001 y TAJ-YAG23002.
2022-12-15,ENDE ANDINA,G,SUR10,19:57,22:27,Reducción de potencia de la unidad CCSUR10 a 82 MW por límite de transferencia de la línea doble terna TAJ-YAG23001 y TAJ-YAG23002.
2022-12-15,ENDE ANDINA,G,SUR40,22:27,22:58,Reducción de potencia de la unidad CCSUR40 a 95 MW por límite de transferencia de la línea doble terna TAJ-YAG23001 y TAJ-YAG23002.
2022-12-15,ENDE ANDINA,G,SUR10,22:27,23:12,Reducción de potencia de la unidad CCSUR10 a 74 MW por límite de transferencia de la línea doble terna TAJ-YAG23001 y TAJ-YAG23002.
2022-12-17,ENDE ANDINA,G,SUR10,09:30,12:25,"Reducción de potencia de la unidad CCSUR10 a 90 MW, debido a mantenimiento de la línea TAJ-YAG23002."
2022-12-27,ENDE ANDINA,G,SUR20,10:44,16:52,Reducción de potencia de la unidad CCSUR20 a 87 MW por límite de transferencia de la línea doble terna TAJ-YAG23001 y TAJ-YAG23002.
2022-12-27,ENDE ANDINA,G,SUR20,16:52,17:59,Reducción de potencia de la unidad CCSUR20 a 100 MW por límite de transferencia de la línea doble terna TAJ-YAG23001 y TAJ-YAG23002.
2022-12-28,ENDE ANDINA,G,SUR20,09:24,11:24,Reducción de potencia de la unidad CCSUR20 a 95 MW por límite de transferencia de la línea doble terna TAJ-YAG23001 y TAJ-YAG23002.
2022-12-28,ENDE ANDINA,G,SUR20,11:24,12:19,Reducción de potencia de la unidad CCSUR20 a 87 MW por límite de transferencia de la línea doble terna TAJ-YAG23001 y TAJ-YAG23002.
2022-12-28,ENDE ANDINA,G,SUR20,13:14,15:34,Reducción de potencia de la unidad CCSUR20 a 87 MW por límite de transferencia de la línea doble terna TAJ-YAG23001 y TAJ-YAG23002.
2022-12-28,ENDE ANDINA,G,SUR20,15:34,16:04,Reducción de potencia de la unidad CCSUR20 a 97 MW por límite de transferencia de la línea doble terna TAJ-YAG23001 y TAJ-YAG23002.
2023-01-05,ENDE ANDINA,G,SUR20,09:00,09:54,"Reducción de potencia de la unidad CCSUR20 a 100 MW, límite de transferencia de la línea doble terna TAJ-YAG23001 y TAJ-YAG23002."
2023-01-17,ENDE ANDINA,G,SUR20,10:05,15:40,Reducción de potencia de la unidad CCSUR20 a 74 MW por límite de transferencia de la línea doble terna TAJ-YAG23001 y TAJ-YAG23002.
2023-01-17,ENDE ANDINA,G,SUR20,15:40,18:01,Reducción de potencia de la unidad CCSUR20 a 85 MW por límite de transferencia de la línea doble terna TAJ-YAG23001 y TAJ-YAG23002.
2023-01-17,ENDE ANDINA,G,SUR20,23:15,24:00,Reducción de potencia de la unidad CCSUR20 a 95 MW por límite de transferencia de la línea doble terna TAJ-YAG23001 y TAJ-YAG23002.
2023-01-18,ENDE ANDINA,G,SUR20,00:00,02:02,Reducción de potencia de la unidad CCSUR20 a 95 MW por límite de transferencia de la línea doble terna TAJ-YAG23001 y TAJ-YAG23002.
2023-01-18,ENDE ANDINA,G,SUR20,10:50,16:05,Reducción de potencia de la unidad CCSUR20 a 69 MW por límite de transferencia de la línea doble terna TAJ-YAG23001 y TAJ-YAG23002.
2023-01-18,ENDE ANDINA,G,SUR20,16:05,17:37,Reducción de potencia de la unidad CCSUR20 a 92 MW por límite de transferencia de la línea doble terna TAJ-YAG23001 y TAJ-YAG23002.
2023-01-19,ENDE ANDINA,G,SUR20,13:30,16:47,Reducción de potencia de la unidad CCSUR20 a 70 MW por límite de transferencia de la línea doble terna TAJ-YAG23001 y TAJ-YAG23002.
2023-01-23,ENDE ANDINA,G,SUR20,11:44,18:20,Reducción de potencia de la unidad CCSUR20 a 85 MW por límite de transferencia de la línea doble terna TAJ-YAG23001 y TAJ-YAG23002.
2023-01-24,ENDE ANDINA,G,SUR20,07:12,13:22,Reducción de potencia de la unidad CCSUR20 a 90 MW por límite de transferencia de la línea doble terna TAJ-YAG23001 y TAJ-YAG23002.
2023-01-24,ENDE ANDINA,G,SUR20,13:22,18:15,Reducción de potencia de la unidad CCSUR20 a 100 MW por límite de transferencia de la línea doble terna TAJ-YAG23001 y TAJ-YAG23002.
2023-01-25,ENDE ANDINA,G,SUR20,07:57,12:02,Reducción de potencia de la unidad CCSUR20 a 90 MW por límite de transferencia de la línea doble terna TAJ-YAG23001 y TAJ-YAG23002.
2023-01-26,ENDE ANDINA,G,SUR20,07:20,10:29,Reducción de potencia de la unidad CCSUR20 a 90 MW por límite de transferencia de la línea doble terna TAJ-YAG23001 y TAJ-YAG23002.
2023-01-26,ENDE ANDINA,G,SUR20,10:29,13:05,Reducción de potencia de la unidad CCSUR20 a 100 MW por límite de transferencia de la línea doble terna TAJ-YAG23001 y TAJ-YAG23002.
2023-01-28,ENDE ANDINA,G,SUR20,08:23,14:48,Reducción de potencia de la unidad CCSUR20 a 100 MW por límite de transferencia de la línea doble terna TAJ-YAG23001 y TAJ-YAG23002.
2023-02-06,ENDE ANDINA,G,SUR20,14:11,14:18,Reducción de potencia de la unidad CCSUR20 a 95 MW por límite de transferencia de las líneas SAN-SUC230 y OCU-POT115.
2023-02-06,ENDE ANDINA,G,SUR20,14:18,15:30,Reducción de potencia de la unidad CCSUR20 a 90 MW por límite de transferencia de las líneas SAN-SUC230 y OCU-POT115.
2023-03-07,ENDE ANDINA,G,SUR22,13:45,17:45,"Reducción de potencia de la unidad CCSUR22 a 42,7 MW por límite de transferencia de las líneas SAN-SUC230 y OCU-POT115."
2023-03-09,ENDE ANDINA,G,SUR22,10:49,14:25,Reducción de potencia de la unidad CCSUR22 a 41.4 MW por límite de transferencia de las líneas SAN-SUC230 y OCU-POT115.
2023-03-16,ENDE ANDINA,G,SUR20,10:27,11:58,Reducción de potencia de la unidad CCSUR20 a 90 MW por límite de transferencia en las líneas CAT-OCU115 kV y SUC-SAN230kV.
2023-03-16,ENDE ANDINA,G,SUR20,22:19,24:00,Reducción de potencia de la unidad CCSUR20 a 95 MW por límite de transferencia en las líneas TAJ-YAG23001 Y 02.
2023-03-20,ENDE ANDINA,G,SUR21,09:45,10:12,Reducción de potencia de la unidad CCSUR21 a 43 MW por límite de transferencia de la línea doble terna TAJ-YAG23001 y TAJ-YAG23002.
2023-03-20,ENDE ANDINA,G,SUR21,10:51,12:30,Reducción de potencia de la unidad CCSUR21 a 43 MW por límite de transferencia de la línea doble terna TAJ-YAG23001 y TAJ-YAG23002.
2023-03-24,ENDE ANDINA,G,SUR22,14:23,16:21,Reducción de potencia de la unidad CCSUR22 a 41.4 MW por límite de transferencia de las líneas SAN-SUC230 y CAT-OCU115.
2023-03-24,ENDE ANDINA,G,SUR10,14:23,16:21,Reducción de potencia de la unidad CCSUR10 a 85 MW por límite de transferencia de las líneas SAN-SUC230 y CAT-OCU115.
2023-03-27,ENDE ANDINA,G,SUR22,14:31,17:36,Reducción de potencia de la unidad CCSUR22 a 43 MW por límite de transferencia de las líneas SAN-SUC230 y CAT-OCU115.
2023-03-27,ENDE ANDINA,G,SUR10,14:31,17:36,Reducción de potencia de la unidad CCSUR10 a 72.9 MW por límite de transferencia de las líneas SAN-SUC230 y CAT-OCU115.
2023-03-28,ENDE ANDINA,G,SUR10,14:12,15:46,Reducción de potencia de la unidad CCSUR10 a 75 MW por límite de transferencia de las líneas SAN-SUC230 y CAT-OCU115.
2023-03-28,ENDE ANDINA,G,SUR22,14:12,18:05,Reducción de potencia de la unidad CCSUR22 a 42 MW por límite de transferencia de las líneas SAN-SUC230 y CAT-OCU115.
2023-03-28,ENDE ANDINA,G,SUR10,15:46,18:05,Reducción de potencia de la unidad CCSUR10 a 85 MW por límite de transferencia de las líneas SAN-SUC230 y CAT-OCU115.
2023-03-31,ENDE ANDINA,G,SUR21,10:39,15:48,Reducción de potencia de la unidad CCSUR21 a 45 MW por límite de transferencia de la línea doble terna TAJ-YAG23001 y TAJ-YAG23002.
2023-04-03,ENDE ANDINA,G,SUR10,10:38,12:40,Reducción de potencia de la unidad CCSUR10 a 90 MW por límite de transferencia de las líneas Catavi - Potosí y Santivañez - Sucre.
2023-04-03,ENDE ANDINA,G,SUR21,10:38,12:40,Reducción de potencia de la unidad CCSUR21 a 45 MW por límite de transferencia de la línea doble terna TAJ-YAG23001 y TAJ-YAG23002.
2023-04-03,ENDE ANDINA,G,SUR10,13:53,14:30,Reducción de potencia de la unidad CCSUR10 a 85 MW por límite de transferencia de las líneas Catavi - Potosí y Santivañez - Sucre.
2023-04-03,ENDE ANDINA,G,SUR21,13:53,16:30,Reducción de potencia de la unidad CCSUR21 a 45 MW por límite de transferencia de la línea doble terna TAJ-YAG23001 y TAJ-YAG23002.
2023-04-09,ENDE ANDINA,G,SUR20,17:25,18:05,Reducción de potencia de la unidad CCSUR20 a 75 MW por límite de transferencia de la línea doble terna TAJ-YAG23001 y TAJ-YAG23002.
2023-04-09,ENDE ANDINA,G,SUR10,17:25,18:05,Reducción de potencia de la unidad CCSUR10 a 95 MW por límite de transferencia de la línea doble terna TAJ-YAG23001 y TAJ-YAG23002.
2023-04-11,ENDE ANDINA,G,SUR20,09:32,12:01,Reducción de potencia de la unidad CCSUR20 a 92 MW por límite de transferencia de la línea doble terna TAJ-YAG23001 y TAJ-YAG23002.
2023-04-11,ENDE ANDINA,G,SUR20,13:46,16:46,Reducción de potencia de la unidad CCSUR20 a 97 MW por límite de transferencia de la línea doble terna TAJ-YAG23001 y TAJ-YAG23002.
2023-04-12,ENDE ANDINA,G,SUR20,08:30,10:06,Reducción de potencia de la unidad CCSUR20 a 100 MW por límite de transferencia de la línea doble terna TAJ-YAG23001 y TAJ-YAG23002.
2023-04-12,ENDE ANDINA,G,SUR20,10:06,16:53,Reducción de potencia de la unidad CCSUR20 a 90 MW por límite de transferencia de la línea doble terna TAJ-YAG23001 y TAJ-YAG23002.
2023-04-13,ENDE ANDINA,G,SUR20,08:35,11:00,Reducción de potencia de la unidad CCSUR20 a 100 MW por límite de transferencia de la línea doble terna TAJ-YAG23001 y TAJ-YAG23002.
2023-04-13,ENDE ANDINA,G,SUR20,11:00,12:17,Reducción de potencia de la unidad CCSUR20 a 90 MW por límite de transferencia de la línea doble terna TAJ-YAG23001 y TAJ-YAG23002.
2023-04-13,ENDE ANDINA,G,SUR20,12:17,12:54,Reducción de potencia de la unidad CCSUR20 a 85 MW por límite de transferencia de las líneas SAN-SUC230 y OCU-POT115.
2023-04-13,ENDE ANDINA,G,SUR20,12:54,15:01,Reducción de potencia de la unidad CCSUR20 a 80 MW por límite de transferencia de las líneas SAN-SUC230 y OCU-POT115.
2023-04-19,ENDE ANDINA,G,SUR20,10:42,11:17,Reducción de potencia de la unidad CCSUR20 a 77 MW por límite de transferencia de las líneas SAN-SUC230 y OCU-POT115.
2023-04-19,ENDE ANDINA,G,SUR20,11:17,12:10,Reducción de potencia de la unidad CCSUR20 a 90 MW por límite de transferencia de la línea doble terna TAJ-YAG23001 y TAJ-YAG23002.
2023-04-20,ENDE ANDINA,G,SUR20,15:10,15:50,Reducción de potencia de la unidad CCSUR20 a 100 MW por límite de transferencia de la línea doble terna TAJ-YAG23001 y TAJ-YAG23002.
2023-05-23,ENDE ANDINA,G,SUR20,10:15,15:40,Reducción de potencia de la unidad CCSUR20 a 100 MW por límite de transferencia de la línea doble terna TAJ-YAG23001 y TAJ-YAG23002.
2023-05-24,ENDE ANDINA,G,SUR20,10:56,17:05,Reducción de potencia de la unidad CCSUR20 a 104 MW por límite de transferencia de la línea doble terna TAJ-YAG23001 y TAJ-YAG23002.
2023-05-25,ENDE ANDINA,G,SUR20,09:52,12:00,Reducción de potencia de la unidad CCSUR20 a 104 MW por límite de transferencia de la línea doble terna TAJ-YAG23001 y TAJ-YAG23002.
2023-05-25,ENDE ANDINA,G,SUR20,12:00,12:34,Reducción de potencia de la unidad CCSUR20 a 95 MW por límite de transferencia de la línea doble terna TAJ-YAG23001 y TAJ-YAG23002.
2023-05-25,ENDE ANDINA,G,SUR20,12:34,15:24,Reducción de potencia de la unidad CCSUR20 a 90 MW por límite de transferencia de la línea doble terna TAJ-YAG23001 y TAJ-YAG23002.
2023-05-26,ENDE ANDINA,G,SUR20,10:40,14:00,Reducción de potencia de la unidad CCSUR20 a 105 MW por límite de transferencia de la línea doble terna TAJ-YAG23001 y TAJ-YAG23002.
2023-05-31,ENDE ANDINA,G,SUR20,11:20,17:06,Reducción de potencia de la unidad CCSUR20 a 92 MW por límite de transferencia de la línea doble terna TAJ-YAG23001 y TAJ-YAG23002.
2023-06-01,ENDE ANDINA,G,SUR20,09:51,12:06,Reducción de potencia de la unidad CCSUR20 a 108 MW por límite de transferencia de la línea doble terna TAJ-YAG23001 y TAJ-YAG23002.
2023-06-01,ENDE ANDINA,G,SUR20,12:06,17:23,Reducción de potencia de la unidad CCSUR20 a 101 MW por límite de transferencia de la línea doble terna TAJ-YAG23001 y TAJ-YAG23002.
2023-06-02,ENDE ANDINA,G,SUR20,08:45,16:51,Reducción de potencia de la unidad CCSUR20 a 100 MW por límite de transferencia de la línea doble terna TAJ-YAG23001 y TAJ-YAG23002.
2023-06-04,ENDE ANDINA,G,SUR10,15:21,17:47,Reducción de potencia de la unidad CCSUR10 a 90 MW por límite de transferencia de la línea doble terna TAJ-YAG23001 y TAJ-YAG23002.
2023-06-04,ENDE ANDINA,G,SUR20,16:45,17:47,Reducción de potencia de la unidad CCSUR20 a 75 MW por límite de transferencia de la línea doble terna TAJ-YAG23001 y TAJ-YAG23002.
2023-06-05,ENDE ANDINA,G,SUR20,09:04,10:45,Reducción de potencia de la unidad CCSUR20 a 105 MW por límite de transferencia de la línea doble terna TAJ-YAG23001 y TAJ-YAG23002.
2023-06-05,ENDE ANDINA,G,SUR20,10:45,11:17,Reducción de potencia de la unidad CCSUR20 a 99 MW por límite de transferencia de la línea doble terna TAJ-YAG23001 y TAJ-YAG23002.
2023-06-07,ENDE ANDINA,G,SUR20,09:26,09:51,Reducción de potencia de la unidad CCSUR20 a 105 MW por límite de transferencia de la línea doble terna TAJ-YAG23001 y TAJ-YAG23002.
2023-06-07,ENDE ANDINA,G,SUR20,09:51,10:42,Reducción de potencia de la unidad CCSUR20 a 98 MW por límite de transferencia de la línea doble terna TAJ-YAG23001 y TAJ-YAG23002.
2023-06-07,ENDE ANDINA,G,SUR20,10:42,15:56,Reducción de potencia de la unidad CCSUR20 a 91 MW por límite de transferencia de la línea doble terna TAJ-YAG23001 y TAJ-YAG23002.
2023-06-09,ENDE ANDINA,G,SUR20,07:15,14:18,Reducción de potencia de la unidad CCSUR20 a 90 MW por límite de transferencia de la línea doble terna TAJ-YAG23001 y TAJ-YAG23002.
2023-06-09,ENDE ANDINA,G,SUR20,14:18,15:35,Reducción de potencia de la unidad CCSUR20 a 95 MW por límite de transferencia de la línea doble terna TAJ-YAG23001 y TAJ-YAG23002.
2023-06-10,ENDE ANDINA,G,SUR20,08:45,15:28,Reducción de potencia de la unidad CCSUR20 a 90 MW por límite de transferencia de la línea doble terna TAJ-YAG23001 y TAJ-YAG23002.
2023-06-12,ENDE ANDINA,G,SUR20,07:00,17:45,Reducción de potencia de la unidad CCSUR20 a 90 MW por límite de transferencia de la línea doble terna TAJ-YAG23001 y TAJ-YAG23002.
2023-06-13,ENDE ANDINA,G,SUR20,07:05,12:37,Reducción de potencia de la unidad CCSUR20 a 90 MW por límite de transferencia de la línea doble terna TAJ-YAG23001 y TAJ-YAG23002.
2023-06-13,ENDE ANDINA,G,SUR20,12:37,17:30,"Reducción de potencia de la unidad CCSUR20 a 78 MW por límite de transferencia de la línea doble terna TAJ-LCA23001 y TAJ-LCA23002, condiciones climáticas adversas."
2023-06-13,ENDE ANDINA,G,SUR10,12:45,12:55,"Reducción de potencia de la unidad CCSUR10 a 90 MW por límite de transferencia de la línea doble terna TAJ-LCA23001 y TAJ-LCA23002, condiciones climáticas adversas."
2023-06-13,ENDE ANDINA,G,SUR10,12:55,14:58,"Reducción de potencia de la unidad CCSUR10 a 78 MW por límite de transferencia de la línea doble terna TAJ-LCA23001 y TAJ-LCA23002, condiciones climáticas adversas."
2023-06-13,ENDE ANDINA,G,SUR12,14:58,24:00,"Reducción de potencia de la unidad CCSUR12 a 43.0 MW por límite de transferencia de la línea doble terna TAJ-LCA23001 y TAJ-LCA23002, condiciones climáticas adversas."
2023-06-13,ENDE ANDINA,G,SUR20,17:30,19:16,"Reducción de potencia de la unidad CCSUR20 a 100.0 MW por límite de transferencia de la línea doble terna TAJ-LCA23001 y TAJ-LCA23002, condiciones climáticas adversas."
2023-06-13,ENDE ANDINA,G,SUR20,19:16,22:20,"Reducción de potencia de la unidad CCSUR20 a 110.0 MW por límite de transferencia de la línea doble terna TAJ-LCA23001 y TAJ-LCA23002, condiciones climáticas adversas."
2023-06-13,ENDE ANDINA,G,SUR20,22:20,23:36,"Reducción de potencia de la unidad CCSUR20 a 105.0 MW por límite de transferencia de la línea doble terna TAJ-LCA23001 y TAJ-LCA23002, condiciones climáticas adversas."
2023-06-13,ENDE ANDINA,G,SUR20,23:36,24:00,"Reducción de potencia de la unidad CCSUR20 a 95.0 MW por límite de transferencia de la línea doble terna TAJ-LCA23001 y TAJ-LCA23002, condiciones climáticas adversas."
2023-06-14,ENDE ANDINA,G,SUR12,00:00,00:08,"Reducción de potencia de la unidad CCSUR12 a 43.0 MW por límite de transferencia de la línea doble terna TAJ-LCA23001 y TAJ-LCA23002, condiciones climáticas adversas."
2023-06-14,ENDE ANDINA,G,SUR20,00:00,00:08,"Reducción de potencia de la unidad CCSUR20 a 95.0 MW por límite de transferencia de la línea doble terna TAJ-LCA23001 y TAJ-LCA23002, condiciones climáticas adversas."
2023-06-14,ENDE ANDINA,G,SUR20,04:03,08:54,"Reducción de potencia de la unidad CCSUR20 a 100.0 MW por límite de transferencia de la línea TAJ-LCA23002, indisponibilidad TAJ-LCA23001 y condiciones climáticas adversas."
2023-06-14,ENDE ANDINA,G,SUR20,08:54,09:05,"Reducción de potencia de la unidad CCSUR20 a 78.0 MW por límite de transferencia de la línea TAJ-LCA23002, indisponibilidad TAJ-LCA23001 y condiciones climáticas adversas."
2023-06-14,ENDE ANDINA,G,SUR20,09:05,09:26,"Reducción de potencia de la unidad CCSUR20 a 90.0 MW por límite de transferencia de la línea TAJ-LCA23002, indisponibilidad TAJ-LCA23001 y condiciones climáticas adversas."
2023-06-14,ENDE ANDINA,G,SUR20,09:26,13:51,"Reducción de potencia de la unidad CCSUR20 a 100.0 MW por límite de transferencia de la línea TAJ-LCA23002, indisponibilidad TAJ-LCA23001 y condiciones climáticas adversas."
2023-06-14,ENDE ANDINA,G,SUR11,11:51,13:24,"Reducción de potencia de la unidad CCSUR11 a 42.0 MW por límite de transferencia de la línea doble terna TAJ-LCA23001 y TAJ-LCA23002, condiciones climáticas adversas."
2023-06-15,ENDE ANDINA,G,SUR20,07:37,17:30,Reducción de potencia de la unidad CCSUR20 a 90 MW por límite de transferencia de la línea doble terna TAJ-YAG23001 y TAJ-YAG23002.
2023-06-15,ENDE ANDINA,G,SUR20,17:30,18:10,Reducción de potencia de la unidad CCSUR20 a 105 MW por límite de transferencia de la línea doble terna TAJ-YAG23001 y TAJ-YAG23002.
2023-06-16,ENDE ANDINA,G,SUR20,08:12,12:35,Reducción de potencia de la unidad CCSUR20 a 95 MW por límite de transferencia de la línea doble terna TAJ-YAG23001 y TAJ-YAG23002.
2023-06-19,ENDE ANDINA,G,SUR20,10:23,15:33,Reducción de potencia de la unidad CCSUR20 a 90 MW por límite de transferencia de la línea doble terna TAJ-YAG23001 y TAJ-YAG23002.
2023-06-19,ENDE ANDINA,G,SUR20,15:33,16:03,Reducción de potencia de la unidad CCSUR20 a 100 MW por límite de transferencia de la línea doble terna TAJ-YAG23001 y TAJ-YAG23002.
2023-06-20,ENDE ANDINA,G,SUR20,09:45,11:01,Reducción de potencia de la unidad CCSUR20 a 90 MW por límite de transferencia de la línea doble terna TAJ-YAG23001 y TAJ-YAG23002.
2023-06-20,ENDE ANDINA,G,SUR20,11:01,12:24,Reducción de potencia de la unidad CCSUR20 a 80 MW por límite de transferencia de la línea PUN-POT115.
2023-06-20,ENDE ANDINA,G,SUR20,14:50,16:06,Reducción de potencia de la unidad CCSUR20 a 95 MW por límite de transferencia de la línea doble terna TAJ-YAG23001 y TAJ-YAG23002.
2023-06-21,ENDE ANDINA,G,SUR20,15:13,15:26,Reducción de potencia de la unidad CCSUR20 a 90 MW por límite de transferencia de la línea doble terna TAJ-YAG23001 y TAJ-YAG23002.
2023-06-22,ENDE ANDINA,G,SUR20,09:11,17:05,Reducción de potencia de la unidad CCSUR20 a 90 MW por límite de transferencia de la línea doble terna TAJ-YAG23001 y TAJ-YAG23002.
2023-06-22,ENDE ANDINA,G,WAR40,17:50,18:07,Reducción de potencia de la unidad CCWAR40 a 110 MW por límite de transferencia de las líneas CAR-YAP23001 y CAR-ARB230.
2023-06-22,ENDE ANDINA,G,WAR22,18:32,20:05,Reducción de potencia de la unidad WAR22 a 26.3 MW por límite de transferencia de las líneas CAR-YAP23001 y CAR-ARB230.
2023-06-22,ENDE ANDINA,G,WAR05,18:32,20:05,Reducción de potencia de la unidad WAR05 a 26.0 MW por límite de transferencia de las líneas CAR-YAP23001 y CAR-ARB230.
2023-06-22,ENDE ANDINA,G,WAR21,23:20,24:00,Reducción de potencia de la unidad WAR22 a 26.6 MW por límite de transferencia de las líneas CAR-YAP23001 y CAR-ARB230.
2023-06-23,ENDE ANDINA,G,WAR21,00:00,00:10,Reducción de potencia de la unidad WAR22 a 26.6 MW por límite de transferencia de las líneas CAR-YAP23001 y CAR-ARB230.
2023-06-23,ENDE ANDINA,G,WAR22,05:36,06:20,Reducción de potencia de la unidad WAR22 a 27.2 MW por límite de transferencia de las líneas CAR-YAP23001 y CAR-ARB230.
2023-06-23,ENDE ANDINA,G,WAR21,17:38,18:26,Reducción de potencia de la unidad WAR22 a 25.8 MW por límite de transferencia en la línea CAR-YAP23001 y el autotransformador ATARB230.
2023-06-23,ENDE ANDINA,G,WAR22,17:48,18:18,Reducción de potencia de la unidad WAR22 a 26.0 MW por límite de transferencia en la línea CAR-YAP23001 y el autotransformador ATARB230.
2023-06-23,ENDE ANDINA,G,WAR05,18:40,19:10,Reducción de potencia de la unidad WAR22 a 26.0 MW por límite de transferencia en la línea CAR-YAP23001 y el autotransformador ATARB230.
2023-06-23,ENDE ANDINA,G,WAR05,19:50,20:40,Reducción de potencia de la unidad WAR22 a 26.2 MW por límite de transferencia en la línea CAR-YAP23001 y el autotransformador ATARB230.
2023-06-24,ENDE ANDINA,G,SUR10,07:50,10:24,Reducción de potencia de la unidad CCSUR10 a 102 MW por límite de transferencia de la línea TAJ-YAG23001 y mantenimiento de la línea TAJ-YAG23002.
2023-06-24,ENDE ANDINA,G,SUR22,07:50,10:24,Reducción de potencia de la unidad CCSUR22 a 44.5 MW por límite de transferencia de la línea TAJ-YAG23001 y mantenimiento de la línea TAJ-YAG23002.
2023-06-24,ENDE ANDINA,G,SUR10,10:24,10:55,Reducción de potencia de la unidad CCSUR10 a 106 MW por límite de transferencia de la línea TAJ-YAG23001 y mantenimiento de la línea TAJ-YAG23002.
2023-06-24,ENDE ANDINA,G,SUR22,10:24,10:55,Reducción de potencia de la unidad CCSUR22 a 43.9 MW por límite de transferencia de la línea TAJ-YAG23001 y mantenimiento de la línea TAJ-YAG23002.
2023-06-27,ENDE ANDINA,G,WAR30,01:07,07:00,Reducción de potencia de la unidad CCWAR30 a 81.2 MW por límite de transferencia en la línea CAR-YAP23001 y el autotransformador ATARB230.
2023-06-27,ENDE ANDINA,G,WAR11,04:01,07:27,Reducción de potencia de la unidad CCWAR11 a 45.3 MW por límite de transferencia en la línea CAR-YAP23001 y el autotransformador ATARB230.
2023-06-27,ENDE ANDINA,G,WAR42,04:01,08:00,Reducción de potencia de la unidad CCWAR42 a 46.3 MW por límite de transferencia en la línea CAR-YAP23001 y el autotransformador ATARB230.
2023-06-27,ENDE ANDINA,G,WAR30,07:00,07:27,Reducción de potencia de la unidad CCWAR30 a 100 MW por límite de transferencia en la línea CAR-YAP23001 y el autotransformador ATARB230.
2023-06-27,ENDE ANDINA,G,WAR40,21:24,22:11,Reducción de potencia de la unidad CCWAR40 a 100.0 MW por límite de transferencia en la línea CAR-YAP23001 y el autotransformador ATARB230.
2023-06-27,ENDE ANDINA,G,WAR40,22:11,22:52,Reducción de potencia de la unidad CCWAR40 a 81.0 MW por límite de transferencia en la línea CAR-YAP23001 y el autotransformador ATARB230.
2023-06-27,ENDE ANDINA,G,WAR11,22:41,24:00,Reducción de potencia de la unidad CCWAR11 a 44.8 MW por límite de transferencia en la línea CAR-YAP23001 y el autotransformador ATARB230.
2023-06-27,ENDE ANDINA,G,WAR42,22:52,24:00,Reducción de potencia de la unidad CCWAR42 a 46.3 MW por límite de transferencia en la línea CAR-YAP23001 y el autotransformador ATARB230.
2023-06-27,ENDE ANDINA,G,WAR30,23:02,24:00,Reducción de potencia de la unidad CCWAR30 a 80.8 MW por límite de transferencia en la línea CAR-YAP23001 y el autotransformador ATARB230.
2023-06-28,ENDE ANDINA,G,WAR30,00:00,01:43,Reducción de potencia de la unidad CCWAR30 a 82.0 MW por límite de transferencia en la línea CAR-YAP23001 y el autotransformador ATARB230.
2023-06-28,ENDE ANDINA,G,WAR11,00:00,05:00,Reducción de potencia de la unidad CCWAR11 a 44.8 MW por límite de transferencia en la línea CAR-YAP23001 y el autotransformador ATARB230.
2023-06-28,ENDE ANDINA,G,WAR42,00:00,05:40,Reducción de potencia de la unidad CCWAR42 a 46.3 MW por límite de transferencia en la línea CAR-YAP23001 y el autotransformador ATARB230.
2023-06-28,ENDE ANDINA,G,WAR32,01:43,04:30,Reducción de potencia de la unidad CCWAR32 a 48.6 MW por límite de transferencia en la línea CAR-YAP23001 y el autotransformador ATARB230.
2023-06-28,ENDE ANDINA,G,WAR21,16:26,24:00,Reducción de potencia de la unidad CCWAR21 a 44.5 MW por límite de transferencia en la línea CAR-YAP23001 y el autotransformador ATARB230.
2023-06-28,ENDE ANDINA,G,WAR40,17:00,18:10,Reducción de potencia de la unidad CCWAR40 a 90.0 MW por límite de transferencia en la línea CAR-YAP23001 y el autotransformador ATARB230.
2023-06-28,ENDE ANDINA,G,WAR05,18:30,20:51,"Parada de la unidad de WAR05, por límite de transferencia en la línea CAR-YAP23001 y el autotransformador ATARB230."
2023-06-28,ENDE ANDINA,G,WAR40,19:55,20:52,Reducción de potencia de la unidad CCWAR40 a 105.0 MW por límite de transferencia en la línea CAR-YAP23001 y el autotransformador ATARB230.
2023-06-28,ENDE ANDINA,G,WAR40,20:52,23:13,Reducción de potencia de la unidad CCWAR40 a 81.4 MW por límite de transferencia en la línea CAR-YAP23001 y el autotransformador ATARB230.
2023-06-28,ENDE ANDINA,G,WAR11,22:10,24:00,Reducción de potencia de la unidad CCWAR11 a 45.1MW por límite de transferencia en la línea CAR-YAP23001 y el autotransformador ATARB230.
2023-06-28,ENDE ANDINA,G,WAR30,23:02,24:00,Reducción de potencia de la unidad CCWAR30 a 82.0 MW por límite de transferencia en la línea CAR-YAP23001 y el autotransformador ATARB230.
2023-06-28,ENDE ANDINA,G,WAR42,23:13,24:00,Reducción de potencia de la unidad CCWAR42 a 46.3 MW por límite de transferencia en la línea CAR-YAP23001 y el autotransformador ATARB230.
2023-06-29,ENDE ANDINA,G,WAR30,00:00,00:34,Reducción de potencia de la unidad CCWAR30 a 82.0 MW por límite de transferencia en la línea CAR-YAP23001 y el autotransformador ATARB230.
2023-06-29,ENDE ANDINA,G,WAR11,00:00,02:05,Reducción de potencia de la unidad CCWAR11 a 45.8MW por límite de transferencia en la línea CAR-YAP23001 y el autotransformador ATARB230.
2023-06-29,ENDE ANDINA,G,WAR21,00:00,02:05,Reducción de potencia de la unidad CCWAR21 a 45.5 MW por límite de transferencia en la línea CAR-YAP23001 y el autotransformador ATARB230.
2023-06-29,ENDE ANDINA,G,WAR42,00:00,02:05,Reducción de potencia de la unidad CCWAR42 a 47.5 MW por límite de transferencia en la línea CAR-YAP23001 y el autotransformador ATARB230.
2023-06-29,ENDE ANDINA,G,WAR32,00:34,08:10,Reducción de potencia de la unidad CCWAR32 a 47.9 MW por límite de transferencia en la línea CAR-YAP23001 y el autotransformador ATARB230.
2023-06-29,ENDE ANDINA,G,WAR42,04:55,05:57,Reducción de potencia de la unidad CCWAR42 a 48.0 MW por límite de transferencia en la línea CAR-YAP23001 y el autotransformador ATARB230.
2023-06-29,ENDE ANDINA,G,WAR21,04:55,06:42,Reducción de potencia de la unidad CCWAR21 a 46.0 MW por límite de transferencia en la línea CAR-YAP23001 y el autotransformador ATARB230.
2023-06-29,ENDE ANDINA,G,WAR11,04:55,10:20,Reducción de potencia de la unidad CCWAR11 a 46.0 MW por límite de transferencia en la línea CAR-YAP23001 y el autotransformador ATARB230.
2023-06-29,ENDE ANDINA,G,WAR11,17:52,18:14,Reducción de potencia de la unidad CCWAR11 a 45.1 MW por límite de transferencia en la línea CAR-YAP23001 y el autotransformador ATARB230.
2023-06-29,ENDE ANDINA,G,WAR11,21:38,24:00,Reducción de potencia de la unidad CCWAR11 a 45.3 MW por límite de transferencia en la línea CAR-YAP23001 y el autotransformador ATARB230.
2023-06-29,ENDE ANDINA,G,WAR21,21:38,24:00,Reducción de potencia de la unidad CCWAR21 a 45.3 MW por límite de transferencia en la línea CAR-YAP23001 y el autotransformador ATARB230.
2023-06-29,ENDE ANDINA,G,WAR40,22:20,24:00,Reducción de potencia de la unidad CCWAR40 a 82.2 MW por límite de transferencia en la línea CAR-YAP23001 y el autotransformador ATARB230.
2023-06-30,ENDE ANDINA,G,WAR40,00:00,07:08,Reducción de potencia de la unidad CCWAR40 a 82.2 MW por límite de transferencia en la línea CAR-YAP23001 y el autotransformador ATARB230.
2023-06-30,ENDE ANDINA,G,WAR21,00:00,09:55,Reducción de potencia de la unidad CCWAR21 a 45.3 MW por límite de transferencia en la línea CAR-YAP23001 y el autotransformador ATARB230.
2023-06-30,ENDE ANDINA,G,WAR11,00:00,10:52,Reducción de potencia de la unidad CCWAR11 a 45.3 MW por límite de transferencia en la línea CAR-YAP23001 y el autotransformador ATARB230.
2023-06-30,ENDE ANDINA,G,WAR30,00:05,05:24,Reducción de potencia de la unidad CCWAR30 a 86.6 MW por límite de transferencia en la línea CAR-YAP23001 y el autotransformador ATARB230.
2023-06-30,ENDE ANDINA,G,WAR30,05:24,06:20,Reducción de potencia de la unidad CCWAR30 a 100.0 MW por límite de transferencia en la línea CAR-YAP23001 y el autotransformador ATARB230.
2023-06-30,ENDE ANDINA,G,WAR40,07:08,08:50,Reducción de potencia de la unidad CCWAR40 a 83.5 MW por límite de transferencia en la línea CAR-YAP23001 y el autotransformador ATARB230.
2023-06-30,ENDE ANDINA,G,WAR05,07:39,13:49,Límite de transferencia en la línea CAR-YAP23001 y el autotransformador ATARB230.
2023-06-30,ENDE ANDINA,G,WAR12,07:39,19:48,Límite de transferencia en la línea CAR-YAP23001 y el autotransformador ATARB230.
2023-06-30,ENDE ANDINA,G,WAR40,08:50,09:22,Reducción de potencia de la unidad CCWAR40 a 105.0 MW por límite de transferencia en la línea CAR-YAP23001 y el autotransformador ATARB230.
2023-06-30,ENDE ANDINA,G,WAR05,16:21,19:57,Reducción de potencia de la unidad WAR05 a 25.8 MW por límite de transferencia en la línea CAR-YAP23001 y el autotransformador ATARB230.
2023-06-30,ENDE ANDINA,G,WAR11,16:43,18:11,Reducción de potencia de la unidad CCWAR11 a 43.6 MW por límite de transferencia en la línea CAR-YAP23001 y el autotransformador ATARB230.
2023-06-30,ENDE ANDINA,G,WAR21,16:49,18:11,Reducción de potencia de la unidad CCWAR11 a 43.6 MW por límite de transferencia en la línea CAR-YAP23001 y el autotransformador ATARB230.
2023-06-30,ENDE ANDINA,G,WAR11,21:14,22:53,Reducción de potencia de la unidad CCWAR11 a 45.1 MW por límite de transferencia en la línea CAR-YAP23001 y el autotransformador ATARB230.
2023-06-30,ENDE ANDINA,G,WAR21,21:36,22:53,Reducción de potencia de la unidad CCWAR21 a 45.1 MW por límite de transferencia en la línea CAR-YAP23001 y el autotransformador ATARB230.
2023-06-30,ENDE ANDINA,G,WAR40,21:48,22:01,Reducción de potencia de la unidad CCWAR40 a 110 MW por límite de transferencia en la línea CAR-YAP23001 y el autotransformador ATARB230.
2023-06-30,ENDE ANDINA,G,WAR40,22:01,22:53,Reducción de potencia de la unidad CCWAR40 a 81.4 MW por límite de transferencia en la línea CAR-YAP23001 y el autotransformador ATARB230.
2023-07-02,ENDE ANDINA,G,SUR20,16:20,18:00,Reducción de potencia de la unidad CCSUR20 a 82 MW por límite de transferencia de la línea doble terna TAJ-YAG23001 y TAJ-YAG23002.
2023-07-03,ENDE ANDINA,G,SUR20,09:00,10:45,Reducción de potencia de la unidad CCSUR20 a 100.0 MW por límite de transferencia en las líneas TAJ-YAG23001 Y 02.
2023-07-03,ENDE ANDINA,G,SUR20,10:45,18:08,Reducción de potencia de la unidad CCSUR20 a 94.0 MW por límite de transferencia en las líneas TAJ-YAG23001 Y 02.
2023-07-03,ENDE ANDINA,G,WAR40,21:35,21:47,Reducción de potencia de la unidad CCWAR40 a 90.0 MW por límite de transferencia en la línea CAR-YAP23001 y el autotransformador ATARB230.
2023-07-03,ENDE ANDINA,G,WAR40,21:47,23:23,Reducción de potencia de la unidad CCWAR40 a 81.4 MW por límite de transferencia en la línea CAR-YAP23001 y el autotransformador ATARB230.
2023-07-03,ENDE ANDINA,G,WAR21,23:06,23:23,Reducción de potencia de la unidad CCWAR21 a 45.0 MW por límite de transferencia en la línea CAR-YAP23001 y el autotransformador ATARB230.
2023-07-04,ENDE ANDINA,G,SUR20,09:06,10:45,Reducción de potencia de la unidad CCSUR20 a 100.0 MW por límite de transferencia en las líneas TAJ-YAG23001 Y 02.
2023-07-04,ENDE ANDINA,G,SUR20,10:45,11:15,Reducción de potencia de la unidad CCSUR20 a 94.0 MW por límite de transferencia en las líneas TAJ-YAG23001 Y 02.
2023-07-04,ENDE ANDINA,G,SUR20,11:15,16:24,Reducción de potencia de la unidad CCSUR20 a 90.0 MW por límite de transferencia en las líneas TAJ-YAG23001 Y 02.
2023-07-04,ENDE ANDINA,G,SUR20,16:24,17:15,Reducción de potencia de la unidad CCSUR20 a 104.0 MW por límite de transferencia en las líneas TAJ-YAG23001 Y 02.
2023-07-05,ENDE ANDINA,G,SUR20,09:20,10:45,Reducción de potencia de la unidad CCSUR20 a 100.0 MW por límite de transferencia en las líneas TAJ-YAG23001 Y 02.
2023-07-05,ENDE ANDINA,G,SUR20,10:45,18:05,Reducción de potencia de la unidad CCSUR20 a 94.0 MW por límite de transferencia en las líneas TAJ-YAG23001 Y 02.
2023-07-06,ENDE ANDINA,G,SUR20,09:18,10:45,Reducción de potencia de la unidad CCSUR20 a 100.0 MW por límite de transferencia en las líneas TAJ-YAG23001 Y 02.
2023-07-06,ENDE ANDINA,G,SUR20,10:45,18:03,Reducción de potencia de la unidad CCSUR20 a 94.0 MW por límite de transferencia en las líneas TAJ-YAG23001 Y 02.
2023-07-07,ENDE ANDINA,G,SUR20,09:12,18:00,Reducción de potencia de la unidad CCSUR20 a 90.0 MW por límite de transferencia en las líneas TAJ-YAG23001 y 02.
2023-07-07,ENDE ANDINA,G,SUR20,19:20,19:30,Reducción de potencia de la unidad CCSUR20 a 100.0 MW por límite de transferencia en las líneas TAJ-YAG23001 y 02.
2023-07-07,ENDE ANDINA,G,SUR20,19:30,20:50,Reducción de potencia de la unidad CCSUR20 a 105.0 MW por límite de transferencia en las líneas TAJ-YAG23001 y 02.
2023-07-08,ENDE ANDINA,G,SUR40,07:30,17:30,Reducción de potencia de la unidad CCSUR40 a 75 MW por mantenimiento de la línea en 230 kV Litio - Uyuni.
2023-07-08,ENDE ANDINA,G,SUR10,07:30,17:30,Reducción de potencia de la unidad CCSUR10 a 75 MW por mantenimiento de la línea en 230 kV Litio - Uyuni.
2023-07-09,ENDE ANDINA,G,SUR40,07:30,17:10,Reducción de potencia de la unidad CCSUR10 a 75 MW por mantenimiento de la línea en 230 kV Litio - Uyuni.
2023-07-09,ENDE ANDINA,G,SUR10,07:30,17:10,Reducción de potencia de la unidad CCSUR10 a 75 MW por mantenimiento de la línea en 230 kV Litio - Uyuni.
2023-07-10,ENDE ANDINA,G,SUR10,09:10,10:05,Reducción de potencia de la unidad CCSUR10 a 100.0 MW por límite de transferencia en las líneas TAJ-YAG23001 Y 02.
2023-07-10,ENDE ANDINA,G,SUR10,10:05,11:01,Reducción de potencia de la unidad CCSUR10 a 94.0 MW por límite de transferencia en las líneas TAJ-YAG23001 Y 02.
2023-07-10,ENDE ANDINA,G,SUR10,11:01,18:10,Reducción de potencia de la unidad CCSUR10 a 90.0 MW por límite de transferencia en las líneas TAJ-YAG23001 y 02.
2023-07-11,ENDE ANDINA,G,SUR10,09:18,10:30,Reducción de potencia de la unidad CCSUR10 a 100.0 MW por límite de transferencia en las líneas TAJ-YAG23001 y 02.
2023-07-11,ENDE ANDINA,G,SUR10,10:30,18:05,Reducción de potencia de la unidad CCSUR10 a 90.0 MW por límite de transferencia en las líneas TAJ-YAG23001 y 02.
2023-07-12,ENDE ANDINA,G,SUR10,08:26,18:05,Reducción de potencia de la unidad CCSUR10 a 90.0 MW por límite de transferencia en las líneas TAJ-YAG23001 y 02.
2023-07-13,ENDE ANDINA,G,SUR10,08:05,09:37,Reducción de potencia de la unidad CCSUR10 a 90.0 MW por límite de transferencia en las líneas TAJ-YAG23001 y 02.
2023-07-13,ENDE ANDINA,G,SUR10,09:37,17:00,Reducción de potencia de la unidad CCSUR10 a 76.9 MW por límite de transferencia en las líneas TAJ-YAG23001 y 02.
2023-07-13,ENDE ANDINA,G,SUR40,13:28,16:30,Reducción de potencia de la unidad CCSUR40 a 100 MW por límite de transferencia de la línea PUN-POT115.
2023-07-13,ENDE ANDINA,G,SUR10,17:00,17:50,Reducción de potencia de la unidad CCSUR10 a 90.0 MW por límite de transferencia en las líneas TAJ-YAG23001 y 02.
2023-07-14,ENDE ANDINA,G,SUR10,08:26,14:54,Reducción de potencia de la unidad CCSUR10 a 90.0 MW por límite de transferencia en las líneas TAJ-YAG23001 y 02.
2023-07-14,ENDE ANDINA,G,SUR10,14:54,17:54,Reducción de potencia de la unidad CCSUR10 a 97.0 MW por límite de transferencia en las líneas TAJ-YAG23001 y 02.
2023-07-15,ENDE ANDINA,G,SUR10,14:55,15:10,Reducción de potencia de la unidad CCSUR10 a 90.0 MW por límite de transferencia en las líneas TAJ-YAG23001 y 02.
2023-07-15,ENDE ANDINA,G,SUR10,15:10,18:01,Reducción de potencia de la unidad CCSUR10 a 98.0 MW por límite de transferencia en las líneas TAJ-YAG23001 y 02.
2023-07-17,ENDE ANDINA,G,SUR10,08:15,16:15,Reducción de potencia de la unidad CCSUR10 a 95.0 MW por límite de transferencia en las líneas TAJ-YAG23001 y 02.
2023-07-17,ENDE ANDINA,G,SUR10,16:15,16:53,Reducción de potencia de la unidad CCSUR10 a 105.0 MW por límite de transferencia en las líneas TAJ-YAG23001 y 02.
2023-07-18,ENDE ANDINA,G,SUR10,08:00,13:45,Reducción de potencia de la unidad CCSUR10 a 100.0 MW por límite de transferencia en las líneas TAJ-YAG23001 y 02.
2023-07-18,ENDE ANDINA,G,SUR10,13:45,17:03,Reducción de potencia de la unidad CCSUR10 a 90.0 MW por límite de transferencia en las líneas TAJ-YAG23001 y 02.
2023-07-19,ENDE ANDINA,G,SUR10,08:21,15:42,Reducción de potencia de la unidad CCSUR10 a 81.0 MW por límite de transferencia en las líneas TAJ-YAG23001 y 02.
2023-07-19,ENDE ANDINA,G,SUR10,15:42,17:20,Reducción de potencia de la unidad CCSUR10 a 95.0 MW por límite de transferencia en las líneas TAJ-YAG23001 y 02.
2023-07-20,ENDE ANDINA,G,SUR10,08:01,08:42,Reducción de potencia de la unidad CCSUR10 a 100.0 MW por límite de transferencia en las líneas TAJ-YAG23001 y 02.
2023-07-20,ENDE ANDINA,G,SUR10,08:42,10:47,Reducción de potencia de la unidad CCSUR10 a 90.0 MW por límite de transferencia en las líneas TAJ-YAG23001 y 02.
2023-07-20,ENDE ANDINA,G,SUR10,10:47,14:48,Reducción de potencia de la unidad CCSUR10 a 85.0 MW por límite de transferencia en las líneas TAJ-YAG23001 y 02.
2023-07-20,ENDE ANDINA,G,SUR10,14:48,16:46,Reducción de potencia de la unidad CCSUR10 a 95.0 MW por límite de transferencia en las líneas TAJ-YAG23001 y 02.
2023-07-21,ENDE ANDINA,G,SUR10,08:16,10:36,Reducción de potencia de la unidad CCSUR10 a 100.0 MW por límite de transferencia en las líneas TAJ-YAG23001 y 02.
2023-07-21,ENDE ANDINA,G,SUR10,10:36,15:21,Reducción de potencia de la unidad CCSUR10 a 90.0 MW por límite de transferencia en las líneas TAJ-YAG23001 y 02.
2023-07-22,ENDE ANDINA,G,SUR10,08:25,16:24,Reducción de potencia de la unidad CCSUR10 a 100.0 MW por límite de transferencia en las líneas TAJ-YAG23001 y 02.
2023-07-23,ENDE ANDINA,G,SUR10,14:12,18:01,Reducción de potencia de la unidad CCSUR10 a 93.0 MW por límite de transferencia en las líneas TAJ-YAG23001 y 02.
2023-07-23,ENDE ANDINA,G,SUR40,15:21,18:01,Reducción de potencia de la unidad CCSUR40 a 78.9 MW por límite de transferencia en las líneas TAJ-YAG23001 y 02.
2023-07-24,ENDE ANDINA,G,SUR10,09:15,09:33,Reducción de potencia de la unidad CCSUR10 a 100 MW por límite de transferencia en las líneas TAJ-YAG23001 y 02.
2023-07-24,ENDE ANDINA,G,SUR10,09:33,14:05,Reducción de potencia de la unidad CCSUR10 a 90 MW por límite de transferencia en las líneas TAJ-YAG23001 y 02.
2023-07-24,ENDE ANDINA,G,SUR10,14:05,15:02,Reducción de potencia de la unidad CCSUR10 a 83 MW por límite de transferencia de las líneas SAN-SUC230 y CAT-OCU115.
2023-07-24,ENDE ANDINA,G,SUR10,15:02,16:22,Reducción de potencia de la unidad CCSUR10 a 95 MW por límite de transferencia en las líneas TAJ-YAG23001 y 02.
2023-07-25,ENDE ANDINA,G,SUR10,08:31,09:31,Reducción de potencia de la unidad CCSUR10 a 100 MW por límite de transferencia en las líneas TAJ-YAG23001 y 02.
2023-07-25,ENDE ANDINA,G,SUR10,09:31,16:39,Reducción de potencia de la unidad CCSUR10 a 90 MW por límite de transferencia en las líneas TAJ-YAG23001 y 02.
2023-07-26,ENDE ANDINA,G,SUR10,08:52,10:10,Reducción de potencia de la unidad CCSUR10 a 100 MW por límite de transferencia en las líneas TAJ-YAG23001 y 02.
2023-07-26,ENDE ANDINA,G,SUR10,10:10,17:00,Reducción de potencia de la unidad CCSUR10 a 90 MW por límite de transferencia en las líneas TAJ-YAG23001 y 02.
2023-07-27,ENDE ANDINA,G,SUR10,08:55,11:05,Reducción de potencia de la unidad CCSUR10 a 100 MW por límite de transferencia en las líneas TAJ-YAG23001 y 02.
2023-07-27,ENDE ANDINA,G,SUR10,11:05,17:00,Reducción de potencia de la unidad CCSUR10 a 90 MW por límite de transferencia en las líneas TAJ-YAG23001 y 02.
2023-07-28,ENDE ANDINA,G,SUR10,08:45,10:19,Reducción de potencia de la unidad CCSUR10 a 94 MW por límite de transferencia en las líneas TAJ-YAG23001 y 02.
2023-07-28,ENDE ANDINA,G,SUR10,10:19,17:20,Reducción de potencia de la unidad CCSUR10 a 80 MW por límite de transferencia en las líneas TAJ-YAG23001 y 02.
2023-07-28,ENDE ANDINA,G,SUR10,17:20,18:01,Reducción de potencia de la unidad CCSUR10 a 100 MW por límite de transferencia en las líneas TAJ-YAG23001 y 02.
2023-07-29,ENDE ANDINA,G,WAR30,07:59,10:34,Reducción de potencia de la unidad CCWAR30 a 82.3 MW por límite de transferencia en la línea ARB-MON115 y el autotransformador ATWAR23001 por mantenimiento programado de la línea WAR-URU23001.
2023-07-29,ENDE ANDINA,G,WAR22,07:59,12:38,Reducción de potencia de la unidad CCWAR22 a 45.5 MW por límite de transferencia en la línea ARB-MON115 y el autotransformador ATWAR23001 por mantenimiento programado de la línea WAR-URU23001.
2023-07-29,ENDE ANDINA,G,WAR10,07:59,14:20,Reducción de potencia de la unidad CCWAR10 a 78.5 MW por límite de transferencia en la línea ARB-MON115 y el autotransformador ATWAR23001 por mantenimiento programado de la línea WAR-URU23001.
2023-07-29,ENDE ANDINA,G,SUR10,09:16,10:21,Reducción de potencia de la unidad CCSUR10 a 95 MW por límite de transferencia en las líneas TAJ-YAG23001 y 02.
2023-07-29,ENDE ANDINA,G,SUR10,10:21,10:50,Reducción de potencia de la unidad CCSUR10 a 80 MW por límite de transferencia en las líneas TAJ-YAG23001 y 02.
2023-07-29,ENDE ANDINA,G,WAR30,10:34,11:11,Reducción de potencia de la unidad CCWAR30 a 100 MW por límite de transferencia en la línea ARB-MON115 y el autotransformador ATWAR23001 por mantenimiento programado de la línea WAR-URU23001.
2023-07-29,ENDE ANDINA,G,SUR10,10:50,12:26,Reducción de potencia de la unidad CCSUR10 a 74.4 MW por límite de transferencia en las líneas TAJ-YAG23001 y 02.
2023-07-29,ENDE ANDINA,G,WAR30,11:34,12:56,Reducción de potencia de la unidad CCWAR30 a 100 MW por límite de transferencia en la línea ARB-MON115 y el autotransformador ATWAR23001 por mantenimiento programado de la línea WAR-URU23001.
2023-07-29,ENDE ANDINA,G,SUR10,12:26,16:31,Reducción de potencia de la unidad CCSUR10 a 84 MW por límite de transferencia en las líneas TAJ-YAG23001 y 02.
2023-07-29,ENDE ANDINA,G,WAR20,12:38,14:20,Reducción de potencia de la unidad CCWAR20 a 62.5 MW por límite de transferencia en la línea ARB-MON115 y el autotransformador ATWAR23001 por mantenimiento programado de la línea WAR-URU23001.
2023-07-29,ENDE ANDINA,G,WAR30,12:56,14:20,Reducción de potencia de la unidad CCWAR30 a 81.2 MW por límite de transferencia en la línea ARB-MON115 y el autotransformador ATWAR23001 por mantenimiento programado de la línea WAR-URU23001.
2023-07-29,ENDE ANDINA,G,SUR10,16:31,18:01,Reducción de potencia de la unidad CCSUR10 a 95 MW por límite de transferencia en las líneas TAJ-YAG23001 y 02.
2023-07-30,ENDE ANDINA,G,SUR10,15:33,18:02,Reducción de potencia de la unidad CCSUR10 a 90 MW por límite de transferencia en las líneas TAJ-YAG23001 y 02.
2023-07-31,ENDE ANDINA,G,SUR10,08:47,10:08,Reducción de potencia de la unidad CCSUR10 a 95 MW por límite de transferencia en las líneas TAJ-YAG23001 y 02.
2023-07-31,ENDE ANDINA,G,SUR10,10:08,13:27,Reducción de potencia de la unidad CCSUR10 a 85 MW por límite de transferencia en las líneas TAJ-YAG23001 y 02.
2023-07-31,ENDE ANDINA,G,SUR10,13:27,16:17,Reducción de potencia de la unidad CCSUR10 a 90 MW por límite de transferencia en las líneas TAJ-YAG23001 y 02.
2023-07-31,ENDE ANDINA,G,SUR10,16:17,18:05,Reducción de potencia de la unidad CCSUR10 a 100 MW por límite de transferencia en las líneas TAJ-YAG23001 y 02.
2023-08-01,ENDE ANDINA,G,SUR10,09:00,10:17,Reducción de potencia de la unidad CCSUR10 a 95 MW por límite de transferencia en las líneas TAJ-YAG23001 y 02.
2023-08-01,ENDE ANDINA,G,SUR10,10:17,10:53,Reducción de potencia de la unidad CCSUR10 a 85 MW por límite de transferencia en las líneas TAJ-YAG23001 y 02.
2023-08-01,ENDE ANDINA,G,SUR10,10:53,14:24,Reducción de potencia de la unidad CCSUR10 a 90 MW por límite de transferencia en las líneas TAJ-YAG23001 y 02.
2023-08-02,ENDE ANDINA,G,SUR10,08:58,14:07,Reducción de potencia de la unidad CCSUR10 a 95 MW por límite de transferencia en las líneas TAJ-YAG23001 y 02.
2023-08-03,ENDE ANDINA,G,SUR10,08:50,15:02,Reducción de potencia de la unidad CCSUR10 a 95 MW por límite de transferencia en las líneas TAJ-YAG23001 y 02.
2023-08-04,ENDE ANDINA,G,SUR10,08:49,17:09,Reducción de potencia de la unidad CCSUR10 a 95 MW por límite de transferencia en las líneas TAJ-YAG23001 y 02.
2023-08-05,ENDE ANDINA,G,SUR10,08:20,10:52,Reducción de potencia de la unidad CCSUR10 a 90 MW por límite de transferencia en las líneas TAJ-YAG23001 y 02.
2023-08-06,ENDE ANDINA,G,SUR10,15:46,18:08,Reducción de potencia de la unidad CCSUR10 a 85 MW por límite de transferencia en las líneas TAJ-YAG23001 y 02.
2023-08-07,ENDE ANDINA,G,SUR10,10:19,12:29,Reducción de potencia de la unidad CCSUR10 a 85 MW por límite de transferencia en las líneas TAJ-YAG23001 y 02.
2023-08-08,ENDE ANDINA,G,SUR10,09:03,11:08,Reducción de potencia de la unidad CCSUR10 a 95 MW por límite de transferencia en las líneas TAJ-YAG23001 y 02.
2023-08-08,ENDE ANDINA,G,SUR10,11:08,17:50,Reducción de potencia de la unidad CCSUR10 a 87 MW por límite de transferencia en las líneas TAJ-YAG23001 y 02.
2023-08-09,ENDE ANDINA,G,SUR10,09:44,12:15,Reducción de potencia de la unidad CCSUR10 a 87 MW por límite de transferencia en las líneas TAJ-YAG23001 y 02.
2023-08-09,ENDE ANDINA,G,SUR10,14:46,16:31,Reducción de potencia de la unidad CCSUR10 a 85 MW por límite de transferencia en las líneas TAJ-YAG23001 y 02.
2023-08-09,ENDE ANDINA,G,SUR10,16:31,17:16,Reducción de potencia de la unidad CCSUR10 a 95 MW por límite de transferencia en las líneas TAJ-YAG23001 y 02.
2023-08-10,ENDE ANDINA,G,SUR10,08:21,16:06,Reducción de potencia de la unidad CCSUR10 a 87 MW por límite de transferencia en las líneas TAJ-YAG23001 y 02.
2023-08-10,ENDE ANDINA,G,SUR10,16:06,17:02,Reducción de potencia de la unidad CCSUR10 a 95 MW por límite de transferencia en las líneas TAJ-YAG23001 y 02.
2023-08-11,ENDE ANDINA,G,SUR10,07:05,08:24,Reducción de potencia de la unidad CCSUR10 a 100 MW por límite de transferencia en las líneas TAJ-YAG23001 y 02.
2023-08-11,ENDE ANDINA,G,SUR10,08:24,16:53,Reducción de potencia de la unidad CCSUR10 a 87 MW por límite de transferencia en las líneas TAJ-YAG23001 y 02.
2023-08-13,ENDE ANDINA,G,SUR10,15:56,18:04,Reducción de potencia de la unidad CCSUR10 a 76.6 MW por límite de transferencia en las líneas TAJ-YAG23001 y 02.
2023-08-14,ENDE ANDINA,G,SUR10,08:00,09:43,Reducción de potencia de la unidad CCSUR10 a 90.0 MW por límite de transferencia en las líneas TAJ-YAG23001 y 02.
2023-08-14,ENDE ANDINA,G,SUR10,09:43,11:04,Reducción de potencia de la unidad CCSUR10 a 82.0 MW por límite de transferencia en las líneas TAJ-YAG23001 y 02.
2023-08-15,ENDE ANDINA,G,SUR10,08:21,09:05,Reducción de potencia de la unidad CCSUR10 a 95.0 MW por límite de transferencia en las líneas TAJ-YAG23001 y 02.
2023-08-15,ENDE ANDINA,G,SUR10,09:05,12:34,Reducción de potencia de la unidad CCSUR10 a 80.0 MW por límite de transferencia en las líneas TAJ-YAG23001 y 02.
2023-08-15,ENDE ANDINA,G,SUR10,12:34,14:25,Reducción de potencia de la unidad CCSUR10 a 87.0 MW por límite de transferencia en las líneas TAJ-YAG23001 y 02.
2023-08-15,ENDE ANDINA,G,SUR10,14:25,16:05,Reducción de potencia de la unidad CCSUR10 a 97.0 MW por límite de transferencia en las líneas TAJ-YAG23001 y 02.
2023-08-16,ENDE ANDINA,G,SUR10,07:46,08:47,Reducción de potencia de la unidad CCSUR10 a 100.0 MW por límite de transferencia en las líneas TAJ-YAG23001 y 02.
2023-08-16,ENDE ANDINA,G,SUR10,08:47,09:28,Reducción de potencia de la unidad CCSUR10 a 90.0 MW por límite de transferencia en las líneas TAJ-YAG23001 y 02.
2023-08-16,ENDE ANDINA,G,SUR10,09:28,10:08,Reducción de potencia de la unidad CCSUR10 a 82.0 MW por límite de transferencia en las líneas TAJ-YAG23001 y 02.
2023-08-16,ENDE ANDINA,G,SUR10,10:08,11:46,Reducción de potencia de la unidad CCSUR10 a 85.0 MW por límite de transferencia en las líneas TAJ-YAG23001 y 02.
2023-08-16,ENDE ANDINA,G,SUR10,11:46,13:08,Reducción de potencia de la unidad CCSUR10 a 90.0 MW por límite de transferencia en las líneas TAJ-YAG23001 y 02.
2023-08-16,ENDE ANDINA,G,SUR10,13:08,16:00,Reducción de potencia de la unidad CCSUR10 a 95.0 MW por límite de transferencia en las líneas TAJ-YAG23001 y 02.
2023-08-17,ENDE ANDINA,G,SUR10,08:17,10:40,Reducción de potencia de la unidad CCSUR10 a 100.0 MW por límite de transferencia en las líneas TAJ-YAG23001 y 02.
2023-08-17,ENDE ANDINA,G,SUR10,10:40,13:30,Reducción de potencia de la unidad CCSUR10 a 92.0 MW por límite de transferencia en las líneas TAJ-YAG23001 y 02.
2023-08-18,ENDE ANDINA,G,SUR10,09:48,10:06,Reducción de potencia de la unidad CCSUR10 a 102.0 MW por límite de transferencia en las líneas TAJ-YAG23001 y 02.
2023-08-18,ENDE ANDINA,G,SUR10,10:06,10:19,Reducción de potencia de la unidad CCSUR10 a 93.0 MW por límite de transferencia PUN-SUC230 y PUN-POT115.
2023-08-18,ENDE ANDINA,G,SUR10,10:19,12:15,Reducción de potencia de la unidad CCSUR10 a 85.0 MW por límite de transferencia PUN-SUC230 y PUN-POT115.
2023-08-18,ENDE ANDINA,G,SUR10,12:15,15:46,Reducción de potencia de la unidad CCSUR10 a 95.0 MW por límite de transferencia en las líneas TAJ-YAG23001 y 02.
2023-08-19,ENDE ANDINA,G,SUR10,09:10,14:15,Reducción de potencia de la unidad CCSUR10 a 100.0 MW por límite de transferencia en las líneas TAJ-YAG23001 y 02.
2023-08-19,ENDE ANDINA,G,SUR10,14:15,15:52,Reducción de potencia de la unidad CCSUR10 a 90.0 MW por límite de transferencia en las líneas TAJ-YAG23001 y 02.
2023-08-20,ENDE ANDINA,G,SUR10,15:42,16:48,Reducción de potencia de la unidad CCSUR10 a 70.6 MW por límite de transferencia en las líneas TAJ-YAG23001 y 02.
2023-08-20,ENDE ANDINA,G,SUR10,16:48,17:55,Reducción de potencia de la unidad CCSUR10 a 95 MW por límite de transferencia en las líneas TAJ-YAG23001 y 02.
2023-08-23,ENDE ANDINA,G,SUR10,10:01,12:30,Reducción de potencia de la unidad CCSUR10 a 102 MW por límite de transferencia en las líneas TAJ-YAG23001 y 02.
2023-08-23,ENDE ANDINA,G,SUR10,12:30,15:45,Reducción de potencia de la unidad CCSUR10 a 100 MW por límite de transferencia en las líneas TAJ-YAG23001 y 02.
2023-08-24,ENDE ANDINA,G,SUR10,09:24,10:36,Reducción de potencia de la unidad CCSUR10 a 100 MW por límite de transferencia en las líneas TAJ-YAG23001 y 02.
2023-08-24,ENDE ANDINA,G,SUR10,10:36,13:08,Reducción de potencia de la unidad CCSUR10 a 92 MW por límite de transferencia en las líneas TAJ-YAG23001 y 02.
2023-08-24,ENDE ANDINA,G,SUR10,13:08,15:30,Reducción de potencia de la unidad CCSUR10 a 86 MW por límite de transferencia en las líneas TAJ-YAG23001 y 02.
2023-08-24,ENDE ANDINA,G,SUR10,15:30,16:30,Reducción de potencia de la unidad CCSUR10 a 100 MW por límite de transferencia en las líneas TAJ-YAG23001 y 02.
2023-08-25,ENDE ANDINA,G,SUR10,08:58,09:30,Reducción de potencia de la unidad CCSUR10 a 100 MW por límite de transferencia en las líneas TAJ-YAG23001 y 02.
2023-08-25,ENDE ANDINA,G,SUR10,09:30,10:40,Reducción de potencia de la unidad CCSUR10 a 90 MW por límite de transferencia en las líneas TAJ-YAG23001 y 02.
2023-08-25,ENDE ANDINA,G,SUR10,10:40,15:52,Reducción de potencia de la unidad CCSUR10 a 85 MW por límite de transferencia en las líneas TAJ-YAG23001 y 02.
2023-08-25,ENDE ANDINA,G,SUR10,15:52,16:43,Reducción de potencia de la unidad CCSUR10 a 100 MW por límite de transferencia en las líneas TAJ-YAG23001 y 02.
2023-08-26,ENDE ANDINA,G,SUR10,08:22,09:50,Reducción de potencia de la unidad CCSUR10 a 100 MW por límite de transferencia en las líneas TAJ-YAG23001 y 02.
2023-08-26,ENDE ANDINA,G,SUR10,09:50,10:52,Reducción de potencia de la unidad CCSUR10 a 90 MW por límite de transferencia en las líneas TAJ-YAG23001 y 02.
2023-08-26,ENDE ANDINA,G,SUR10,10:52,12:54,Reducción de potencia de la unidad CCSUR10 a 85 MW por límite de transferencia en las líneas TAJ-YAG23001 y 02.
2023-08-26,ENDE ANDINA,G,SUR10,12:54,13:03,Reducción de potencia de la unidad CCSUR10 a 74.4 MW por límite de transferencia en las líneas TAJ-YAG23001 y 02.
2023-08-26,ENDE ANDINA,G,SUR40,13:01,13:19,Reducción de potencia de la unidad CCSUR40 a 90 MW por límite de transferencia en las líneas TAJ-YAG23001 y 02.
2023-08-28,ENDE ANDINA,G,SUR10,08:54,09:46,Reducción de potencia de la unidad CCSUR10 a 100 MW por límite de transferencia en las líneas TAJ-YAG23001 y 02.
2023-08-28,ENDE ANDINA,G,SUR10,09:46,09:57,Reducción de potencia de la unidad CCSUR10 a 90 MW por límite de transferencia en las líneas TAJ-YAG23001 y 02.
2023-08-28,ENDE ANDINA,G,SUR10,11:45,15:56,Reducción de potencia de la unidad CCSUR10 a 85 MW por límite de transferencia en las líneas TAJ-YAG23001 y 02.
2023-08-28,ENDE ANDINA,G,SUR10,15:56,16:50,Reducción de potencia de la unidad CCSUR10 a 100 MW por límite de transferencia en las líneas TAJ-YAG23001 y 02.
2023-08-29,ENDE ANDINA,G,SUR10,09:04,09:52,Reducción de potencia de la unidad CCSUR10 a 100 MW por límite de transferencia en las líneas TAJ-YAG23001 y 02.
2023-08-29,ENDE ANDINA,G,SUR10,09:52,10:52,Reducción de potencia de la unidad CCSUR10 a 90 MW por límite de transferencia en las líneas TAJ-YAG23001 y 02.
2023-08-29,ENDE ANDINA,G,SUR10,10:52,16:15,Reducción de potencia de la unidad CCSUR10 a 85 MW por límite de transferencia en las líneas TAJ-YAG23001 y 02.
2023-08-29,ENDE ANDINA,G,SUR10,16:15,16:47,Reducción de potencia de la unidad CCSUR10 a 100 MW por límite de transferencia en las líneas TAJ-YAG23001 y 02.
2023-08-30,ENDE ANDINA,G,SUR10,08:46,09:50,Reducción de potencia de la unidad CCSUR10 a 100 MW por límite de transferencia en las líneas TAJ-YAG23001 y 02.
2023-08-30,ENDE ANDINA,G,SUR10,09:50,10:55,Reducción de potencia de la unidad CCSUR10 a 90 MW por límite de transferencia en las líneas TAJ-YAG23001 y 02.
2023-08-30,ENDE ANDINA,G,SUR10,10:55,15:03,Reducción de potencia de la unidad CCSUR10 a 85 MW por límite de transferencia en las líneas TAJ-YAG23001 y 02.
2023-08-31,ENDE ANDINA,G,WAR05,00:03,02:00,Parada de la unidad WAR05 por límite de transferencia en la línea en 230 kV Yapacani - Bélgica.
2023-08-31,ENDE ANDINA,G,SUR10,08:54,09:50,Reducción de potencia de la unidad CCSUR10 a 100 MW por límite de transferencia en las líneas TAJ-YAG23001 y 02.
2023-08-31,ENDE ANDINA,G,SUR10,09:50,18:00,Reducción de potencia de la unidad CCSUR10 a 90 MW por límite de transferencia en las líneas TAJ-YAG23001 y 02.
2023-09-01,ENDE ANDINA,G,SUR10,08:40,13:11,Reducción de potencia de la unidad CCSUR10 a 90 MW por límite de transferencia en las líneas TAJ-YAG23001 y 02.
2023-09-02,ENDE ANDINA,G,SUR10,09:05,12:51,Reducción de potencia de la unidad CCSUR10 a 95 MW por límite de transferencia en las líneas TAJ-YAG23001 y 02.
2023-09-04,ENDE ANDINA,G,SUR10,08:35,11:32,Reducción de potencia de la unidad CCSUR10 a 90 MW por límite de transferencia en las líneas TAJ-YAG23001 y 02.
2023-09-04,ENDE ANDINA,G,SUR10,11:32,18:05,Reducción de potencia de la unidad CCSUR10 a 85 MW por límite de transferencia en las líneas TAJ-YAG23001 y 02.
2023-09-05,ENDE ANDINA,G,SUR10,08:37,10:57,Reducción de potencia de la unidad CCSUR10 a 90 MW por límite de transferencia en las líneas TAJ-YAG23001 y 02.
2023-09-05,ENDE ANDINA,G,SUR10,10:57,18:10,Reducción de potencia de la unidad CCSUR10 a 85 MW por límite de transferencia en las líneas TAJ-YAG23001 y 02.
2023-09-06,ENDE ANDINA,G,SUR10,08:35,11:16,Reducción de potencia de la unidad CCSUR10 a 90 MW por límite de transferencia en las líneas TAJ-YAG23001 y 02.
2023-09-06,ENDE ANDINA,G,SUR10,11:16,12:15,Reducción de potencia de la unidad CCSUR10 a 85 MW por límite de transferencia en las líneas TAJ-YAG23001 y 02.
2023-09-06,ENDE ANDINA,G,SUR10,13:26,18:05,Reducción de potencia de la unidad CCSUR10 a 85 MW por límite de transferencia en las líneas TAJ-YAG23001 y 02.
2023-09-07,ENDE ANDINA,G,SUR10,08:37,18:15,Reducción de potencia de la unidad CCSUR10 a 90 MW por límite de transferencia en las líneas TAJ-YAG23001 y 02.
2023-09-08,ENDE ANDINA,G,SUR10,06:00,07:13,Reducción de potencia de la unidad CCSUR10 a 105 MW por límite de transferencia PUN-SUC230 y PUN-POT115.
2023-09-08,ENDE ANDINA,G,SUR10,07:13,07:55,Reducción de potencia de la unidad CCSUR10 a 95 MW por límite de transferencia PUN-SUC230 y PUN-POT115.
2023-09-08,ENDE ANDINA,G,SUR10,07:55,08:10,Reducción de potencia de la unidad CCSUR10 a 90 MW por límite de transferencia PUN-SUC230 y PUN-POT115.
2023-09-08,ENDE ANDINA,G,SUR10,08:10,08:30,Reducción de potencia de la unidad CCSUR10 a 85 MW por límite de transferencia PUN-SUC230 y PUN-POT115.
2023-09-08,ENDE ANDINA,G,SUR10,08:30,17:10,Reducción de potencia de la unidad CCSUR10 a 76 MW por límite de transferencia PUN-SUC230 y PUN-POT115.
2023-09-08,ENDE ANDINA,G,SUR40,09:31,11:05,Reducción de potencia de la unidad CCSUR40 a 105 MW por límite de transferencia PUN-SUC230 y PUN-POT115.
2023-09-08,ENDE ANDINA,G,SUR40,11:05,12:00,Reducción de potencia de la unidad CCSUR40 a 95 MW por límite de transferencia PUN-SUC230 y PUN-POT115.
2023-09-08,ENDE ANDINA,G,SUR40,12:00,15:25,Reducción de potencia de la unidad CCSUR40 a 90 MW por límite de transferencia PUN-SUC230 y PUN-POT115.
2023-09-08,ENDE ANDINA,G,SUR40,15:25,16:20,Reducción de potencia de la unidad CCSUR40 a 104 MW por límite de transferencia PUN-SUC230 y PUN-POT115.
2023-09-08,ENDE ANDINA,G,SUR40,16:20,17:10,Reducción de potencia de la unidad CCSUR40 a 114 MW por límite de transferencia PUN-SUC230 y PUN-POT115.
2023-09-08,ENDE ANDINA,G,SUR10,17:10,17:32,Reducción de potencia de la unidad CCSUR10 a 88 MW por límite de transferencia PUN-SUC230 y PUN-POT115.
2023-09-08,ENDE ANDINA,G,SUR10,17:32,17:53,Reducción de potencia de la unidad CCSUR10 a 96 MW por límite de transferencia PUN-SUC230 y PUN-POT115.
2023-09-08,ENDE ANDINA,G,SUR10,17:53,18:53,Reducción de potencia de la unidad CCSUR10 a 107 MW por límite de transferencia PUN-SUC230 y PUN-POT115.
2023-09-08,ENDE ANDINA,G,SUR10,18:53,20:05,Reducción de potencia de la unidad CCSUR10 a 110 MW por límite de transferencia PUN-SUC230 y PUN-POT115.
2023-09-09,ENDE ANDINA,G,SUR10,00:13,03:38,Reducción de potencia de la unidad CCSUR10 a 100 MW por límite de transferencia PUN-SUC230 y PUN-POT115.
2023-09-09,ENDE ANDINA,G,SUR10,08:20,14:30,Reducción de potencia de la unidad CCSUR10 a 75 MW por límite de transferencia PUN-SUC230 y PUN-POT115.
2023-09-09,ENDE ANDINA,G,SUR40,09:00,09:55,Reducción de potencia de la unidad CCSUR40 a 110 MW por límite de transferencia PUN-SUC230 y PUN-POT115.
2023-09-09,ENDE ANDINA,G,SUR40,09:55,14:30,Reducción de potencia de la unidad CCSUR40 a 100 MW por límite de transferencia PUN-SUC230 y PUN-POT115.
2023-09-10,ENDE ANDINA,G,SUR40,08:15,10:05,Reducción de potencia de la unidad CCSUR40 a 100 MW por límite de transferencia PUN-SUC230 y PUN-POT115.
2023-09-10,ENDE ANDINA,G,SUR10,08:15,16:28,Reducción de potencia de la unidad CCSUR10 a 74 MW por límite de transferencia PUN-SUC230 y PUN-POT115.
2023-09-10,ENDE ANDINA,G,SUR40,10:05,15:44,Reducción de potencia de la unidad CCSUR40 a 90 MW por límite de transferencia PUN-SUC230 y PUN-POT115.
2023-09-10,ENDE ANDINA,G,SUR40,15:44,15:58,Reducción de potencia de la unidad CCSUR40 a 98 MW por límite de transferencia PUN-SUC230 y PUN-POT115.
2023-09-10,ENDE ANDINA,G,SUR10,16:28,16:47,Reducción de potencia de la unidad CCSUR10 a 84 MW por límite de transferencia PUN-SUC230 y PUN-POT115.
2023-09-11,ENDE ANDINA,G,SUR10,07:45,08:10,Reducción de potencia de la unidad CCSUR10 a 100 MW por límite de transferencia PUN-SUC230 y PUN-POT115.
2023-09-11,ENDE ANDINA,G,SUR10,08:10,08:50,Reducción de potencia de la unidad CCSUR10 a 90 MW por límite de transferencia PUN-SUC230 y PUN-POT115.
2023-09-11,ENDE ANDINA,G,SUR10,08:50,13:00,Reducción de potencia de la unidad CCSUR10 a 80 MW por límite de transferencia PUN-SUC230 y PUN-POT115.
2023-09-11,ENDE ANDINA,G,SUR10,13:00,13:27,Reducción de potencia de la unidad CCSUR10 a 90 MW por límite de transferencia PUN-SUC230 y PUN-POT115.
2023-09-12,ENDE ANDINA,G,SUR10,08:30,09:10,Reducción de potencia de la unidad CCSUR10 a 90 MW por límite de transferencia PUN-SUC230 y PUN-POT115.
2023-09-12,ENDE ANDINA,G,SUR10,09:10,09:33,Reducción de potencia de la unidad CCSUR10 a 85 MW por límite de transferencia PUN-SUC230 y PUN-POT115.
2023-09-12,ENDE ANDINA,G,SUR10,09:33,12:05,Reducción de potencia de la unidad CCSUR10 a 75 MW por límite de transferencia PUN-SUC230 y PUN-POT115.
2023-09-12,ENDE ANDINA,G,SUR40,10:52,11:45,Reducción de potencia de la unidad CCSUR40 a 110 MW por límite de transferencia PUN-SUC230 y PUN-POT115.
2023-09-12,ENDE ANDINA,G,SUR10,12:05,12:40,Reducción de potencia de la unidad CCSUR10 a 85 MW por límite de transferencia PUN-SUC230 y PUN-POT115.
2023-09-12,ENDE ANDINA,G,SUR10,12:40,13:15,Reducción de potencia de la unidad CCSUR10 a 95 MW por límite de transferencia PUN-SUC230 y PUN-POT115.
2023-09-12,ENDE ANDINA,G,SUR10,13:15,17:02,Reducción de potencia de la unidad CCSUR10 a 105 MW por límite de transferencia PUN-SUC230 y PUN-POT115.
2023-09-13,ENDE ANDINA,G,SUR10,10:50,16:05,Reducción de potencia de la unidad CCSUR10 a 80 MW por límite de transferencia en las líneas TAJ-YAG23001 y 02.
2023-09-13,ENDE ANDINA,G,SUR10,16:05,17:31,Reducción de potencia de la unidad CCSUR10 a 100 MW por límite de transferencia en las líneas TAJ-YAG23001 y 02.
2023-09-14,ENDE ANDINA,G,SUR10,08:21,10:12,Reducción de potencia de la unidad CCSUR10 a 100 MW por límite de transferencia en las líneas TAJ-YAG23001 y 02.
2023-09-14,ENDE ANDINA,G,SUR10,10:12,11:48,Reducción de potencia de la unidad CCSUR10 a 90 MW por límite de transferencia en las líneas TAJ-YAG23001 y 02.
2023-09-14,ENDE ANDINA,G,SUR10,11:48,15:37,Reducción de potencia de la unidad CCSUR10 a 80 MW por límite de transferencia en las líneas TAJ-YAG23001 y 02.
2023-09-14,ENDE ANDINA,G,SUR10,15:37,18:03,Reducción de potencia de la unidad CCSUR10 a 95 MW por límite de transferencia en las líneas TAJ-YAG23001 y 02.
2023-09-15,ENDE ANDINA,G,SUR10,09:33,13:52,Reducción de potencia de la unidad CCSUR10 a 90 MW por límite de transferencia en las líneas TAJ-YAG23001 y 02.
2023-09-15,ENDE ANDINA,G,SUR10,13:52,16:00,Reducción de potencia de la unidad CCSUR10 a 96 MW por límite de transferencia en las líneas TAJ-YAG23001 y 02.
2023-09-16,ENDE ANDINA,G,SUR10,08:50,14:08,Reducción de potencia de la unidad CCSUR10 a 100 MW por límite de transferencia en las líneas TAJ-YAG23001 y 02.
2023-09-17,ENDE ANDINA,G,SUR10,17:00,18:00,Reducción de potencia de la unidad CCSUR10 a 71 MW por límite de transferencia en las líneas TAJ-YAG23001 y 02.
2023-09-18,ENDE ANDINA,G,SUR10,09:31,11:17,Reducción de potencia de la unidad CCSUR10 a 100 MW por límite de transferencia en las líneas TAJ-YAG23001 y 02.
2023-09-18,ENDE ANDINA,G,SUR10,11:17,18:05,Reducción de potencia de la unidad CCSUR10 a 90 MW por límite de transferencia en las líneas TAJ-YAG23001 y 02.
2023-09-19,ENDE ANDINA,G,SUR10,08:46,11:39,Reducción de potencia de la unidad CCSUR10 a 100 MW por límite de transferencia en las líneas TAJ-YAG23001 y 02.
2023-09-19,ENDE ANDINA,G,SUR10,11:39,16:20,Reducción de potencia de la unidad CCSUR10 a 90 MW por límite de transferencia en las líneas TAJ-YAG23001 y 02.
2023-09-19,ENDE ANDINA,G,SUR10,16:20,17:31,Reducción de potencia de la unidad CCSUR10 a 95 MW por límite de transferencia en las líneas TAJ-YAG23001 y 02.
2023-09-20,ENDE ANDINA,G,SUR10,08:38,09:50,Reducción de potencia de la unidad CCSUR10 a 100 MW por límite de transferencia en las líneas TAJ-YAG23001 y 02.
2023-09-20,ENDE ANDINA,G,SUR10,09:50,15:33,Reducción de potencia de la unidad CCSUR10 a 90 MW por límite de transferencia en las líneas TAJ-YAG23001 y 02.
2023-09-21,ENDE ANDINA,G,SUR10,09:39,12:57,Reducción de potencia de la unidad CCSUR10 a 90 MW por límite de transferencia en las líneas TAJ-YAG23001 y 02.
2023-09-21,ENDE ANDINA,G,SUR10,12:57,15:11,Reducción de potencia de la unidad CCSUR10 a 100 MW por límite de transferencia en las líneas TAJ-YAG23001 y 02.
2023-09-22,ENDE ANDINA,G,SUR10,09:50,11:55,Reducción de potencia de la unidad CCSUR10 a 95 MW por límite de transferencia en las líneas TAJ-YAG23001 y 02.
2023-09-23,ENDE ANDINA,G,SUR10,09:48,11:48,Reducción de potencia de la unidad CCSUR10 a 95 MW por límite de transferencia en las líneas TAJ-YAG23001 y 02.
2023-09-24,ENDE ANDINA,G,SUR10,10:58,18:10,Reducción de potencia de la unidad CCSUR10 a 70.1 MW por límite de transferencia en las líneas TAJ-YAG23001 y 02.
2023-09-25,ENDE ANDINA,G,SUR10,09:23,10:45,Reducción de potencia de la unidad CCSUR10 a 95 MW por límite de transferencia en las líneas TAJ-YAG23001 y 02.
2023-09-25,ENDE ANDINA,G,SUR10,10:45,12:40,Reducción de potencia de la unidad CCSUR10 a 90 MW por límite de transferencia en las líneas TAJ-YAG23001 y 02.
2023-09-25,ENDE ANDINA,G,SUR10,12:40,16:56,Reducción de potencia de la unidad CCSUR10 a 97 MW por límite de transferencia en las líneas TAJ-YAG23001 y 02.
2023-09-26,ENDE ANDINA,G,SUR10,09:00,16:55,Reducción de potencia de la unidad CCSUR10 a 95 MW por límite de transferencia en las líneas TAJ-YAG23001 y 02.
2023-09-27,ENDE ANDINA,G,SUR10,09:00,09:30,Reducción de potencia de la unidad CCSUR10 a 100 MW por límite de transferencia en las líneas TAJ-YAG23001 y 02.
2023-09-27,ENDE ANDINA,G,SUR10,09:30,09:41,Reducción de potencia de la unidad CCSUR10 a 94 MW por límite de transferencia en las líneas TAJ-YAG23001 y 02.
2023-09-27,ENDE ANDINA,G,SUR10,09:41,17:23,Reducción de potencia de la unidad CCSUR10 a 85 MW por límite de transferencia en las líneas TAJ-YAG23001 y 02.
2023-09-28,ENDE ANDINA,G,SUR10,08:18,08:30,Reducción de potencia de la unidad CCSUR10 a 100 MW por límite de transferencia en las líneas TAJ-YAG23001 y 02.
2023-09-28,ENDE ANDINA,G,SUR10,08:30,08:45,Reducción de potencia de la unidad CCSUR10 a 90 MW por límite de transferencia en las líneas TAJ-YAG23001 y 02.
2023-09-28,ENDE ANDINA,G,SUR10,08:45,09:04,Reducción de potencia de la unidad CCSUR10 a 83 MW por límite de transferencia en las líneas TAJ-YAG23001 y 02.
2023-09-28,ENDE ANDINA,G,SUR10,09:04,15:51,Reducción de potencia de la unidad CCSUR10 a 87 MW por límite de transferencia en las líneas TAJ-YAG23001 y 02.
2023-09-29,ENDE ANDINA,G,SUR10,08:52,14:55,Reducción de potencia de la unidad CCSUR10 a 80 MW por límite de transferencia en las líneas TAJ-YAG23001 y 02.
2023-09-29,ENDE ANDINA,G,SUR10,14:55,16:40,Reducción de potencia de la unidad CCSUR10 a 90 MW por límite de transferencia en las líneas TAJ-YAG23001 y 02.
2023-09-29,ENDE ANDINA,G,SUR10,16:40,17:00,Reducción de potencia de la unidad CCSUR10 a 100 MW por límite de transferencia en las líneas TAJ-YAG23001 y 02.
2023-09-30,ENDE ANDINA,G,SUR10,08:55,17:46,Reducción de potencia de la unidad CCSUR10 a 80 MW por límite de transferencia en las líneas TAJ-YAG23001 y 02.
2023-09-30,ENDE ANDINA,G,SUR10,17:46,18:01,Reducción de potencia de la unidad CCSUR10 a 100 MW por límite de transferencia en las líneas TAJ-YAG23001 y 02.
2023-10-02,ENDE ANDINA,G,SUR10,09:04,13:18,Reducción de potencia de la unidad CCSUR10 a 80 MW por límite de transferencia en las líneas TAJ-YAG23001 y 02.
2023-10-04,ENDE ANDINA,G,SUR10,09:50,17:06,Reducción de potencia de la unidad CCSUR10 a 90 MW por límite de transferencia en las líneas TAJ-YAG23001 y 02.
2023-10-04,ENDE ANDINA,G,SUR10,17:06,18:15,Reducción de potencia de la unidad CCSUR10 a 100 MW por límite de transferencia en las líneas TAJ-YAG23001 y 02.
2023-10-05,ENDE ANDINA,G,SUR10,08:03,17:00,Reducción de potencia de la unidad CCSUR10 a 85 MW por límite de transferencia en las líneas TAJ-YAG23001 y 02.
2023-10-05,ENDE ANDINA,G,SUR10,17:00,18:08,Reducción de potencia de la unidad CCSUR10 a 100 MW por límite de transferencia en las líneas TAJ-YAG23001 y 02.
2023-10-06,ENDE ANDINA,G,SUR10,07:33,15:54,Reducción de potencia de la unidad CCSUR10 a 90 MW por límite de transferencia en las líneas TAJ-YAG23001 y 02.
2023-10-07,ENDE ANDINA,G,SUR10,07:58,16:55,Reducción de potencia de la unidad CCSUR10 a 90 MW por límite de transferencia en las líneas TAJ-YAG23001 y 02.
2023-10-09,ENDE ANDINA,G,SUR10,09:45,14:53,Reducción de potencia de la unidad CCSUR10 a 90 MW por límite de transferencia en las líneas TAJ-YAG23001 y 02.
2023-10-10,ENDE ANDINA,G,SUR10,09:05,12:42,Reducción de potencia de la unidad CCSUR10 a 95 MW por límite de transferencia en las líneas TAJ-YAG23001 y 02.
2023-10-12,ENDE ANDINA,G,SUR10,08:02,09:34,Reducción de potencia de la unidad CCSUR10 a 100 MW por límite de transferencia en las líneas TAJ-YAG23001 y 02.
2023-10-12,ENDE ANDINA,G,SUR10,09:34,12:41,Reducción de potencia de la unidad CCSUR10 a 90 MW por límite de transferencia en las líneas TAJ-YAG23001 y 02.
2023-10-12,ENDE ANDINA,G,SUR10,12:41,16:45,Reducción de potencia de la unidad CCSUR10 a 85 MW por límite de transferencia en las líneas TAJ-YAG23001 y 02.
2023-10-13,ENDE ANDINA,G,SUR10,08:20,09:49,Reducción de potencia de la unidad CCSUR10 a 100 MW por límite de transferencia en las líneas TAJ-YAG23001 y 02.
2023-10-13,ENDE ANDINA,G,SUR10,09:49,14:42,Reducción de potencia de la unidad CCSUR10 a 90 MW por límite de transferencia en las líneas TAJ-YAG23001 y 02.
2023-10-13,ENDE ANDINA,G,SUR10,14:42,15:46,Reducción de potencia de la unidad CCSUR10 a 95 MW por límite de transferencia en las líneas TAJ-YAG23001 y 02.
2023-10-14,ENDE ANDINA,G,SUR10,07:51,14:45,Reducción de potencia de la unidad CCSUR10 a 73.7 MW por límite de transferencia de la línea TAJ-YAG23001 y mantenimiento de la línea TAJ-YAG23002.
2023-10-14,ENDE ANDINA,G,SUR40,07:58,08:55,Reducción de potencia de la unidad CCSUR40 a 100 MW por límite de transferencia de la línea TAJ-YAG23001 y mantenimiento de la línea TAJ-YAG23002.
2023-10-14,ENDE ANDINA,G,SUR40,08:55,14:45,Reducción de potencia de la unidad CCSUR40 a 105 MW por límite de transferencia de la línea TAJ-YAG23001 y mantenimiento de la línea TAJ-YAG23002.
2023-10-14,ENDE ANDINA,G,SUR10,14:45,16:05,Reducción de potencia de la unidad CCSUR10 a 70.6 MW por límite de transferencia de la línea TAJ-YAG23001 y mantenimiento de la línea TAJ-YAG23002.
2023-10-15,ENDE ANDINA,G,SUR40,08:10,15:37,Reducción de potencia de la unidad CCSUR40 a 85 MW por límite de transferencia en la línea SUC -PUN230.
2023-10-15,ENDE ANDINA,G,SUR10,08:10,16:47,Reducción de potencia de la unidad CCSUR10 a 75 MW por límite de transferencia en la línea SUC -PUN230.
2023-10-15,ENDE ANDINA,G,SUR40,15:37,16:47,Reducción de potencia de la unidad CCSUR40 a 96 MW por límite de transferencia en la línea SUC -PUN230.
2023-10-15,ENDE ANDINA,G,SUR10,16:47,17:48,Reducción de potencia de la unidad CCSUR10 a 85 MW por límite de transferencia en la línea SUC -PUN230.
2023-10-15,ENDE ANDINA,G,SUR10,17:48,18:02,Reducción de potencia de la unidad CCSUR10 a 85 MW por límite de transferencia en las líneas TAJ-YAG23001 y 02.
2023-10-17,ENDE ANDINA,G,SUR10,13:44,15:40,Reducción de potencia de la unidad CCSUR10 a 95 MW por límite de transferencia en las líneas TAJ-YAG23001 y 02.
2023-10-18,ENDE ANDINA,G,SUR10,10:22,15:30,Reducción de potencia de la unidad CCSUR10 a 100 MW por límite de transferencia en las líneas TAJ-YAG23001 y 02.
2023-10-19,ENDE ANDINA,G,SUR10,09:12,16:04,Reducción de potencia de la unidad CCSUR10 a 100 MW por límite de transferencia en las líneas TAJ-YAG23001 y 02.
2023-10-20,ENDE ANDINA,G,SUR10,08:52,11:50,Reducción de potencia de la unidad CCSUR10 a 100 MW por límite de transferencia en las líneas TAJ-YAG23001 y 02.
2023-10-20,ENDE ANDINA,G,SUR10,11:50,14:15,Reducción de potencia de la unidad CCSUR10 a 95 MW por límite de transferencia en las líneas TAJ-YAG23001 y 02.
2023-10-20,ENDE ANDINA,G,SUR10,14:15,14:23,Reducción de potencia de la unidad CCSUR10 a 100 MW por límite de transferencia en las líneas TAJ-YAG23001 y 02.
2023-10-21,ENDE ANDINA,G,SUR10,10:26,13:52,Reducción de potencia de la unidad CCSUR10 a 95 MW por límite de transferencia en las líneas TAJ-YAG23001 y 02.
2023-10-22,ENDE ANDINA,G,SUR10,10:10,15:05,Reducción de potencia de la unidad CCSUR10 a 80 MW por límite de transferencia en las líneas TAJ-YAG23001 y 02.
2023-10-23,ENDE ANDINA,G,SUR10,08:54,11:12,Reducción de potencia de la unidad CCSUR20 a 90 MW por límite de transferencia de las líneas SAN-SUC230 y OCU-POT115.
2023-10-24,ENDE ANDINA,G,SUR10,11:36,13:50,Reducción de potencia de la unidad CCSUR10 a 95 MW por límite de transferencia en las líneas TAJ-YAG23001 y 02.
2023-10-25,ENDE ANDINA,G,SUR10,09:16,09:50,Reducción de potencia de la unidad CCSUR10 a 100 MW por límite de transferencia en las líneas TAJ-YAG23001 y 02.
2023-10-25,ENDE ANDINA,G,SUR10,09:50,10:48,Reducción de potencia de la unidad CCSUR10 a 95 MW por límite de transferencia en las líneas TAJ-YAG23001 y 02.
2023-10-25,ENDE ANDINA,G,SUR10,10:48,14:54,Reducción de potencia de la unidad CCSUR10 a 90 MW por límite de transferencia en las líneas TAJ-YAG23001 y 02.
2023-10-26,ENDE ANDINA,G,SUR10,08:54,09:56,Reducción de potencia de la unidad CCSUR10 a 100 MW por límite de transferencia en las líneas TAJ-YAG23001 y 02.
2023-10-26,ENDE ANDINA,G,SUR10,09:56,15:25,Reducción de potencia de la unidad CCSUR10 a 95 MW por límite de transferencia en las líneas TAJ-YAG23001 y 02.
2023-10-27,ENDE ANDINA,G,SUR10,08:37,24:00,Reducción de potencia de la unidad CCSUR10 a 95 MW por límite de transferencia en las líneas TAJ-YAG23001 y 02.
2023-10-28,ENDE ANDINA,G,SUR10,08:37,13:45,Reducción de potencia de la unidad CCSUR10 a 95 MW por límite de transferencia en las líneas TAJ-YAG23001 y 02.
2023-10-29,ENDE ANDINA,G,SUR10,08:14,11:29,Reducción de potencia de la unidad CCSUR10 a 85 MW por límite de transferencia en las líneas TAJ-YAG23001 y 02.
2023-10-29,ENDE ANDINA,G,SUR10,11:29,18:00,Reducción de potencia de la unidad CCSUR10 a 72 MW por límite de transferencia en las líneas TAJ-YAG23001 y 02.
2023-10-31,ENDE ANDINA,G,SUR10,09:44,18:10,Reducción de potencia de la unidad CCSUR10 a 95 MW por límite de transferencia en las líneas TAJ-YAG23001 y 02.
2023-11-01,ENDE ANDINA,G,SUR10,09:10,18:01,Reducción de potencia de la unidad CCSUR10 a 95 MW por límite de transferencia en las líneas TAJ-YAG23001 y 02.
2023-11-02,ENDE ANDINA,G,SUR10,07:49,09:56,Reducción de potencia de la unidad CCSUR10 a 95 MW por límite de transferencia en las líneas TAJ-YAG23001 y 02.
2023-11-02,ENDE ANDINA,G,SUR10,09:56,18:02,Reducción de potencia de la unidad CCSUR10 a 86 MW por límite de transferencia en las líneas TAJ-YAG23001 y 02.
2023-11-03,ENDE ANDINA,G,SUR10,07:30,10:17,Reducción de potencia de la unidad CCSUR10 a 100 MW por límite de transferencia en las líneas TAJ-YAG23001 y 02.
2023-11-03,ENDE ANDINA,G,SUR10,10:17,15:56,Reducción de potencia de la unidad CCSUR10 a 80 MW por límite de transferencia en las líneas TAJ-YAG23001 y 02.
2023-11-03,ENDE ANDINA,G,SUR10,15:56,16:01,Reducción de potencia de la unidad CCSUR10 a 85 MW por límite de transferencia en las líneas TAJ-YAG23001 y 02.
2023-11-03,ENDE ANDINA,G,SUR10,16:01,16:08,Reducción de potencia de la unidad CCSUR10 a 100 MW por límite de transferencia en las líneas TAJ-YAG23001 y 02.
2023-11-05,ENDE ANDINA,G,SUR10,08:00,10:00,Reducción de potencia de la unidad CCSUR10 a 75 MW por límite de transferencia en las líneas TAJ-YAG23001 y 02.
2023-11-05,ENDE ANDINA,G,SUR40,08:00,13:10,Reducción de potencia de la unidad CCSUR40 a 100 MW por límite de transferencia en las líneas TAJ-YAG23001 y 02.
2023-11-05,ENDE ANDINA,G,SUR10,10:00,15:17,Reducción de potencia de la unidad CCSUR10 a 70 MW por límite de transferencia en las líneas TAJ-YAG23001 y 02.
2023-11-05,ENDE ANDINA,G,SUR10,15:17,16:20,Reducción de potencia de la unidad CCSUR10 a 85 MW por límite de transferencia en las líneas TAJ-YAG23001 y 02.
2023-11-06,ENDE ANDINA,G,SUR10,07:16,10:06,Reducción de potencia de la unidad CCSUR10 a 90 MW por límite de transferencia en las líneas TAJ-YAG23001 y 02.
2023-11-06,ENDE ANDINA,G,SUR10,10:06,11:47,Reducción de potencia de la unidad CCSUR10 a 95 MW por límite de transferencia en las líneas TAJ-YAG23001 y 02.
2023-11-12,ENDE ANDINA,G,SUR10,10:40,12:06,Reducción de potencia de la unidad CCSUR10 a 92 MW por límite de transferencia en las líneas TAJ-YAG23001 y 02.
2023-11-12,ENDE ANDINA,G,SUR10,13:17,16:38,Reducción de potencia de la unidad CCSUR10 a 85 MW por límite de transferencia en las líneas TAJ-YAG23001 y 02.
2023-11-13,ENDE ANDINA,G,SUR10,10:06,16:00,Reducción de potencia de la unidad CCSUR10 a 98 MW por límite de transferencia en las líneas TAJ-YAG23001 y 02.
2023-11-14,ENDE ANDINA,G,SUR10,10:01,12:26,Reducción de potencia de la unidad CCSUR10 a 95 MW por límite de transferencia en las líneas TAJ-YAG23001 y 02.
2023-11-14,ENDE ANDINA,G,SUR10,12:26,15:50,Reducción de potencia de la unidad CCSUR10 a 90 MW por límite de transferencia en las líneas TAJ-YAG23001 y 02.
2023-11-15,ENDE ANDINA,G,SUR10,10:58,12:48,Reducción de potencia de la unidad CCSUR10 a 90 MW por límite de transferencia en las líneas TAJ-YAG23001 y 02.
2023-11-19,ENDE ANDINA,G,SUR10,08:45,12:51,Reducción de potencia de la unidad CCSUR10 a 73.3 MW por límite de transferencia en las líneas TAJ-YAG23001 y 02.
2023-11-21,ENDE ANDINA,G,SUR10,10:45,13:55,Reducción de potencia de la unidad CCSUR10 a 98 MW por límite de transferencia en las líneas TAJ-YAG23001 y 02.
2023-11-23,ENDE ANDINA,G,SUR10,08:58,11:10,Reducción de potencia de la unidad CCSUR10 a 100.0 MW por límite de transferencia en las líneas TAJ-YAG23001 y 02.
2023-11-23,ENDE ANDINA,G,SUR10,11:10,17:14,Reducción de potencia de la unidad CCSUR10 a 95.0 MW por límite de transferencia en las líneas TAJ-YAG23001 y 02.
2023-11-24,ENDE ANDINA,G,SUR10,08:46,10:34,Reducción de potencia de la unidad CCSUR10 a 95.0 MW por límite de transferencia en las líneas TAJ-YAG23001 y 02.
2023-12-01,ENDE ANDINA,G,SUR10,08:56,10:57,Reducción de potencia de la unidad CCSUR10 a 100 MW por límite de transferencia en las líneas TAJ-YAG23001 y 02.
2023-12-08,ENDE ANDINA,G,SUR10,09:49,14:41,Reducción de potencia de la unidad CCSUR10 a 95 MW por límite de transferencia en las líneas TAJ-YAG23001 y 02.
2023-12-11,ENDE ANDINA,G,SUR10,13:53,15:29,Reducción de potencia de la unidad CCSUR10 a 95 MW por límite de transferencia en las líneas TAJ-YAG23001 y 02.
2023-12-13,ENDE ANDINA,G,SUR10,11:08,13:00,Reducción de potencia de la unidad CCSUR10 a 95 MW por límite de transferencia en las líneas TAJ-YAG23001 y 02.
2023-12-14,ENDE ANDINA,G,SUR10,08:33,13:50,Reducción de potencia de la unidad CCSUR10 a 95 MW por límite de transferencia en las líneas TAJ-YAG23001 y 02.
2024-01-05,ENDE ANDINA,G,SUR10,10:48,11:50,Reducción de potencia de la unidad CCSUR10 a 100 MW por límite de transferencia en las líneas TAJ-YAG23001 y 02.
2024-01-17,ENDE ANDINA,G,SUR10,11:49,13:20,Reducción de potencia de la unidad CCSUR10 a 95 MW por límite de transferencia en las líneas TAJ-YAG23001 y 02.
2024-01-24,ENDE ANDINA,G,SUR10,15:56,16:48,Reducción de potencia de la unidad CCSUR10 a 90 MW por límite de transferencia PUN-SUC230 y PUN-POT115.
2024-01-25,ENDE ANDINA,G,SUR10,23:45,24:00,Reducción de potencia de la unidad CCSUR10 a 90 MW por límite de transferencia en las líneas TAJ-YAG23001 y 02.
2024-01-26,ENDE ANDINA,G,SUR10,00:00,00:19,Reducción de potencia de la unidad CCSUR10 a 90 MW por límite de transferencia en las líneas TAJ-YAG23001 y 02.
2024-02-04,ENDE ANDINA,G,SUR20,08:42,13:56,Reducción de potencia de la unidad CCSUR20 a 90 MW por límite de transferencia en las líneas TAJ-YAG23001 y 02.
2024-02-08,ENDE ANDINA,G,SUR40,09:53,15:42,Reducción de potencia de la unidad CCSUR40 a 100 MW por límite de transferencia en las líneas TAJ-YAG23001 y 02.
2024-02-11,ENDE ANDINA,G,SUR40,15:09,16:30,Reducción de potencia de la unidad CCSUR40 a 80 MW por límite de transferencia en las líneas TAJ-YAG23001 y 02.
2024-02-16,ENDE ANDINA,G,SUR40,09:54,15:06,Reducción de potencia de la unidad CCSUR40 a 105 MW por límite de transferencia en las líneas TAJ-YAG23001 y 02.
2024-02-17,ENDE ANDINA,G,SUR40,11:40,14:58,Reducción de potencia de la unidad CCSUR40 a 105 MW por límite de transferencia en las líneas TAJ-YAG23001 y 02.
2024-02-18,ENDE ANDINA,G,SUR40,16:06,18:04,Reducción de potencia de la unidad CCSUR40 a 74 MW por límite de transferencia en las líneas TAJ-YAG23001 y 02.
2024-02-19,ENDE ANDINA,G,SUR40,09:46,13:02,Reducción de potencia de la unidad CCSUR40 a 105 MW por límite de transferencia en las líneas TAJ-YAG23001 y 02.
2024-02-19,ENDE ANDINA,G,SUR40,13:02,17:36,Reducción de potencia de la unidad CCSUR20 a 97 MW por límite de transferencia de las líneas SAN-SUC230 y OCU-POT115.
2024-02-20,ENDE ANDINA,G,SUR40,10:50,17:52,Reducción de potencia de la unidad CCSUR40 a 105 MW por límite de transferencia en las líneas TAJ-YAG23001 y 02.
2024-02-25,ENDE ANDINA,G,SUR40,10:00,11:00,Reducción de potencia de la unidad CCSUR40 a 80.0 MW por límite de transferencia en las líneas TAJ-YAG23001 y 02.
2024-02-25,ENDE ANDINA,G,SUR40,11:54,12:16,Reducción de potencia de la unidad CCSUR40 a 80.0 MW por límite de transferencia en las líneas TAJ-YAG23001 y 02.
2024-02-28,ENDE ANDINA,G,SUR40,11:00,13:58,Reducción de potencia de la unidad CCSUR40 a 100.0 MW por límite de transferencia en las líneas TAJ-YAG23001 y 02.
2024-02-29,ENDE ANDINA,G,SUR40,10:54,14:34,Reducción de potencia de la unidad CCSUR40 a 100 MW por límite de transferencia en las líneas TAJ-YAG23001 y 02.
2024-03-07,ENDE ANDINA,G,SUR40,08:28,09:40,Reducción de potencia de la unidad CCSUR40 a 95.0 MW por límite de transferencia en las líneas PUN-SUC230 y POT-PUN115.
2024-03-07,ENDE ANDINA,G,SUR40,09:40,09:56,Reducción de potencia de la unidad CCSUR40 a 90.0 MW por límite de transferencia en las líneas PUN-SUC230 y POT-PUN115.
2024-03-07,ENDE ANDINA,G,SUR40,14:03,16:35,Reducción de potencia de la unidad CCSUR40 a 82.0 MW por límite de transferencia en las líneas PUN-SUC230 y POT-PUN115.
2024-03-07,ENDE ANDINA,G,SUR20,14:03,16:35,Reducción de potencia de la unidad CCSUR40 a 105.0 MW por límite de transferencia en las líneas PUN-SUC230 y POT-PUN115.
2024-03-07,ENDE ANDINA,G,SUR40,16:35,16:40,Reducción de potencia de la unidad CCSUR40 a 82.0 MW por límite de transferencia en las líneas PUN-SUC230 y POT-PUN115.
2024-03-11,ENDE ANDINA,G,SUR40,08:40,10:05,Reducción de potencia de la unidad CCSUR40 a 90.0 MW por límite de transferencia en la línea POT-PUN115.
2024-03-11,ENDE ANDINA,G,SUR40,10:05,10:33,Reducción de potencia de la unidad CCSUR40 a 83.0 MW por límite de transferencia en la línea POT-PUN115.
2024-03-11,ENDE ANDINA,G,SUR40,10:33,11:58,Reducción de potencia de la unidad CCSUR40 a 80.0 MW por límite de transferencia en la línea POT-PUN115.
2024-03-12,ENDE ANDINA,G,SUR40,10:33,13:00,Reducción de potencia de la unidad CCSUR40 a 103 MW por límite de transferencia en las líneas TAJ-YAG23001 y 02.
2024-03-17,ENDE ANDINA,G,SUR40,09:45,11:40,Reducción de potencia de la unidad CCSUR40 a 80.0 MW por límite de transferencia en las líneas TAJ-YAG23001 y 02.
2024-03-20,ENDE ANDINA,G,SUR40,11:40,12:24,Reducción de potencia de la unidad CCSUR40 a 100.0 MW por límite de transferencia en las líneas TAJ-YAG23001 y 02.
2024-03-21,ENDE ANDINA,G,SUR40,10:02,11:49,Reducción de potencia de la unidad CCSUR40 a 100.0 MW por límite de transferencia en las líneas TAJ-YAG23001 y 02.
2024-03-21,ENDE ANDINA,G,SUR40,13:47,17:33,Reducción de potencia de la unidad CCSUR40 a 90.0 MW por límite de transferencia en las líneas TAJ-YAG23001 y 02.
2024-03-24,ENDE ANDINA,G,SUR40,14:00,18:30,Reducción de potencia de la unidad CCSUR40 a 77.0 MW por límite de transferencia en las líneas TAJ-YAG23001 y 02.
2024-03-25,ENDE ANDINA,G,SUR40,10:25,17:07,Reducción de potencia de la unidad CCSUR40 a 105.0 MW por límite de transferencia en las líneas TAJ-YAG23001 y 02.
2024-03-26,ENDE ANDINA,G,SUR40,09:40,11:48,Reducción de potencia de la unidad CCSUR40 a 105.0 MW por límite de transferencia en las líneas TAJ-YAG23001 y 02.
2024-03-26,ENDE ANDINA,G,SUR40,11:48,17:23,Reducción de potencia de la unidad CCSUR40 a 100.0 MW por límite de transferencia en las líneas TAJ-YAG23001 y 02.
2024-04-02,ENDE ANDINA,G,SUR40,09:06,11:10,Reducción de potencia de la unidad CCSUR40 a 106.0 MW por límite de transferencia en las líneas TAJ-YAG23001 y 02.
2024-04-04,ENDE ANDINA,G,SUR40,14:35,15:55,Reducción de potencia de la unidad CCSUR10 a 95 MW por límite de transferencia en las líneas TAJ-YAG23001 y 02.
2024-04-05,ENDE ANDINA,G,SUR40,09:35,09:50,Reducción de potencia de la unidad CCSUR10 a 105 MW por límite de transferencia en las líneas TAJ-YAG23001 y 02.
2024-04-05,ENDE ANDINA,G,SUR40,09:50,10:18,Reducción de potencia de la unidad CCSUR10 a 100 MW por límite de transferencia en las líneas TAJ-YAG23001 y 02.
2024-04-09,ENDE ANDINA,G,SUR40,09:50,16:02,Reducción de potencia de la unidad CCSUR40 a 100 MW por límite de transferencia en las líneas TAJ-YAG23001 y 02.
2024-04-10,ENDE ANDINA,G,SUR40,09:00,10:00,Reducción de potencia de la unidad CCSUR40 a 100 MW por límite de transferencia en las líneas TAJ-YAG23001 y 02.
2024-04-10,ENDE ANDINA,G,SUR40,10:00,16:00,Reducción de potencia de la unidad CCSUR40 a 95 MW por límite de transferencia en las líneas TAJ-YAG23001 y 02.
2024-04-11,ENDE ANDINA,G,SUR40,10:10,11:56,Reducción de potencia de la unidad CCSUR40 a 95 MW por límite de transferencia en las líneas TAJ-YAG23001 y 02.
2024-04-11,ENDE ANDINA,G,SUR40,11:56,12:07,Reducción de potencia de la unidad CCSUR40 a 90 MW por límite de transferencia en las líneas TAJ-YAG23001 y 02.
2024-04-11,ENDE ANDINA,G,SUR40,14:45,17:00,Reducción de potencia de la unidad CCSUR40 a 95 MW por límite de transferencia en las líneas TAJ-YAG23001 y 02.
2024-04-21,ENDE ANDINA,G,SUR20,14:00,15:28,Reducción de potencia de la unidad CCSUR20 a 95 MW por límite de transferencia en las líneas TAJ-YAG23001 y 02.
2024-04-21,ENDE ANDINA,G,SUR40,14:00,17:31,Reducción de potencia de la unidad CCSUR40 a 77 MW por límite de transferencia en las líneas TAJ-YAG23001 y 02.
2024-04-24,ENDE ANDINA,G,SUR40,07:15,10:06,Reducción de potencia de la unidad CCSUR40 a 110 MW por límite de transferencia en las líneas TAJ-YAG23001 y 02.
2024-04-24,ENDE ANDINA,G,SUR40,10:06,14:23,Reducción de potencia de la unidad CCSUR40 a 90 MW por límite de transferencia en las líneas TAJ-YAG23001 y 02.
2024-04-24,ENDE ANDINA,G,SUR40,14:23,18:26,Reducción de potencia de la unidad CCSUR40 a 100 MW por límite de transferencia en las líneas TAJ-YAG23001 y 02.
2024-04-25,ENDE ANDINA,G,SUR40,08:22,09:46,Reducción de potencia de la unidad CCSUR40 a 105 MW por límite de transferencia en las líneas TAJ-YAG23001 y 02.
2024-04-25,ENDE ANDINA,G,SUR40,09:46,16:07,Reducción de potencia de la unidad CCSUR40 a 90 MW por límite de transferencia en las líneas TAJ-YAG23001 y 02.
2024-04-25,ENDE ANDINA,G,SUR40,16:07,16:28,Reducción de potencia de la unidad CCSUR40 a 110 MW por límite de transferencia en las líneas TAJ-YAG23001 y 02.
2024-04-26,ENDE ANDINA,G,SUR40,09:12,10:50,Reducción de potencia de la unidad CCSUR40 a 105 MW por límite de transferencia en las líneas TAJ-YAG23001 y 02.
2024-04-26,ENDE ANDINA,G,SUR40,10:50,15:02,Reducción de potencia de la unidad CCSUR40 a 95 MW por límite de transferencia en las líneas TAJ-YAG23001 y 02.
2024-04-26,ENDE ANDINA,G,SUR40,15:02,16:30,Reducción de potencia de la unidad CCSUR40 a 100 MW por límite de transferencia en las líneas TAJ-YAG23001 y 02.
2024-04-27,ENDE ANDINA,G,SUR40,11:00,15:20,Reducción de potencia de la unidad CCSUR40 a 95 MW por límite de transferencia en las líneas TAJ-YAG23001 y 02.
2024-04-27,ENDE ANDINA,G,SUR40,15:20,16:51,Reducción de potencia de la unidad CCSUR40 a 105 MW por límite de transferencia en las líneas TAJ-YAG23001 y 02.
2024-04-28,ENDE ANDINA,G,SUR20,14:38,15:48,Reducción de potencia de la unidad CCSUR20 a 90 MW por límite de transferencia en las líneas TAJ-YAG23001 y 02.
2024-04-28,ENDE ANDINA,G,SUR40,14:38,17:20,"Reducción de potencia de la unidad CCSUR40 a 79,7 MW por límite de transferencia en las líneas TAJ-YAG23001 y 02."
2024-04-28,ENDE ANDINA,G,SUR20,15:48,16:38,Reducción de potencia de la unidad CCSUR20 a 100 MW por límite de transferencia en las líneas TAJ-YAG23001 y 02.
2024-04-28,ENDE ANDINA,G,SUR40,17:20,17:40,Reducción de potencia de la unidad CCSUR40 a 100 MW por límite de transferencia en las líneas TAJ-YAG23001 y 02.
2024-04-29,ENDE ANDINA,G,SUR40,13:32,15:22,Reducción de potencia de la unidad CCSUR40 a 90 MW por límite de transferencia en las líneas TAJ-YAG23001 y 02.
2024-04-29,ENDE ANDINA,G,SUR40,15:22,16:22,Reducción de potencia de la unidad CCSUR40 a 100 MW por límite de transferencia en las líneas TAJ-YAG23001 y 02.
2024-04-30,ENDE ANDINA,G,SUR40,08:42,10:24,Reducción de potencia de la unidad CCSUR40 a 105 MW por límite de transferencia en las líneas TAJ-YAG23001 y 02.
2024-04-30,ENDE ANDINA,G,SUR40,10:24,15:22,Reducción de potencia de la unidad CCSUR40 a 95 MW por límite de transferencia en las líneas TAJ-YAG23001 y 02.
2024-04-30,ENDE ANDINA,G,SUR40,15:22,16:28,Reducción de potencia de la unidad CCSUR40 a 105 MW por límite de transferencia en las líneas TAJ-YAG23001 y 02.
2024-05-01,ENDE ANDINA,G,SUR40,10:31,14:50,Reducción de potencia de la unidad CCSUR40 a 90 MW por límite de transferencia en las líneas TAJ-YAG23001 y 02.
2024-05-01,ENDE ANDINA,G,SUR40,14:50,15:00,Reducción de potencia de la unidad CCSUR40 a 100 MW por límite de transferencia en las líneas TAJ-YAG23001 y 02.
2024-05-01,ENDE ANDINA,G,SUR40,15:00,16:10,Reducción de potencia de la unidad CCSUR40 a 100 MW por límite de transferencia de las líneas SAN-SUC230 y CAT-OCU115.
2024-05-01,ENDE ANDINA,G,SUR40,16:10,16:48,Reducción de potencia de la unidad CCSUR40 a 105 MW por límite de transferencia de las líneas SAN-SUC230 y CAT-OCU115.
2024-05-02,ENDE ANDINA,G,SUR40,10:07,11:40,Reducción de potencia de la unidad CCSUR40 a 95 MW por límite de transferencia en las líneas TAJ-YAG23001 y 02.
2024-05-02,ENDE ANDINA,G,SUR40,11:40,15:00,Reducción de potencia de la unidad CCSUR40 a 90 MW por límite de transferencia en las líneas TAJ-YAG23001 y 02.
2024-05-02,ENDE ANDINA,G,SUR40,15:00,16:42,Reducción de potencia de la unidad CCSUR40 a 100 MW por límite de transferencia en las líneas TAJ-YAG23001 y 02.
2024-05-03,ENDE ANDINA,G,SUR40,09:20,10:15,Reducción de potencia de la unidad CCSUR40 a 110 MW por límite de transferencia en las líneas TAJ-YAG23001 y 02.
2024-05-03,ENDE ANDINA,G,SUR40,10:15,10:55,Reducción de potencia de la unidad CCSUR40 a 100 MW por límite de transferencia en las líneas TAJ-YAG23001 y 02.
2024-05-03,ENDE ANDINA,G,SUR40,10:55,12:46,Reducción de potencia de la unidad CCSUR40 a 90 MW por límite de transferencia en las líneas TAJ-YAG23001 y 02.
2024-05-04,ENDE ANDINA,G,SUR20,06:40,17:38,Reducción de potencia de la unidad CCSUR10 a 78.3 MW por mantenimiento de la línea en 230 kV Litio - Uyuni.
2024-05-04,ENDE ANDINA,G,SUR40,06:40,17:38,Reducción de potencia de la unidad CCSUR10 a 81.7 MW por mantenimiento de la línea en 230 kV Litio - Uyuni.
2024-05-05,ENDE ANDINA,G,SUR20,06:42,14:05,Reducción de potencia de la unidad CCSUR10 a 77.4 MW por mantenimiento de la línea en 230 kV Litio - Uyuni.
2024-05-05,ENDE ANDINA,G,SUR40,06:42,14:05,Reducción de potencia de la unidad CCSUR10 a 80.9 MW por mantenimiento de la línea en 230 kV Litio - Uyuni.
2024-05-06,ENDE ANDINA,G,SUR40,08:16,08:30,Reducción de potencia de la unidad CCSUR40 a 105 MW por límite de transferencia de las líneas SAN-SUC230 y CAT-OCU115.
2024-05-06,ENDE ANDINA,G,SUR40,08:30,08:46,Reducción de potencia de la unidad CCSUR40 a 100 MW por límite de transferencia de las líneas SAN-SUC230 y CAT-OCU115.
2024-05-06,ENDE ANDINA,G,SUR40,08:46,10:02,Reducción de potencia de la unidad CCSUR40 a 95 MW por límite de transferencia de las líneas SAN-SUC230 y CAT-OCU115.
2024-05-06,ENDE ANDINA,G,SUR40,10:02,14:30,Reducción de potencia de la unidad CCSUR40 a 90 MW por límite de transferencia de las líneas SAN-SUC230 y CAT-OCU115.
2024-05-07,ENDE ANDINA,G,SUR40,09:05,09:55,Reducción de potencia de la unidad CCSUR40 a 105 MW por límite de transferencia en las líneas TAJ-YAG23001 y 02.
2024-05-07,ENDE ANDINA,G,SUR40,09:55,11:12,Reducción de potencia de la unidad CCSUR40 a 100 MW por límite de transferencia en las líneas TAJ-YAG23001 y 02.
2024-05-07,ENDE ANDINA,G,SUR40,11:12,14:27,Reducción de potencia de la unidad CCSUR40 a 95 MW por límite de transferencia en las líneas TAJ-YAG23001 y 02.
2024-05-08,ENDE ANDINA,G,SUR40,08:46,09:45,Reducción de potencia de la unidad CCSUR40 a 105 MW por límite de transferencia en las líneas TAJ-YAG23001 y 02.
2024-05-08,ENDE ANDINA,G,SUR40,09:45,13:20,Reducción de potencia de la unidad CCSUR40 a 100 MW por límite de transferencia en las líneas TAJ-YAG23001 y 02.
2024-05-08,ENDE ANDINA,G,SUR40,13:20,14:19,Reducción de potencia de la unidad CCSUR40 a 95 MW por límite de transferencia en las líneas TAJ-YAG23001 y 02.
2024-05-08,ENDE ANDINA,G,SUR40,14:19,14:49,Reducción de potencia de la unidad CCSUR40 a 110 MW por límite de transferencia en las líneas TAJ-YAG23001 y 02.
2024-05-09,ENDE ANDINA,G,SUR40,08:40,09:42,Reducción de potencia de la unidad CCSUR40 a 105 MW por límite de transferencia en las líneas TAJ-YAG23001 y 02.
2024-05-09,ENDE ANDINA,G,SUR40,09:42,11:10,Reducción de potencia de la unidad CCSUR40 a 95 MW por límite de transferencia en las líneas TAJ-YAG23001 y 02.
2024-05-09,ENDE ANDINA,G,SUR40,11:10,15:01,Reducción de potencia de la unidad CCSUR40 a 90 MW por límite de transferencia en las líneas TAJ-YAG23001 y 02.
2024-05-09,ENDE ANDINA,G,SUR40,15:01,18:01,Reducción de potencia de la unidad CCSUR40 a 100 MW por límite de transferencia en las líneas TAJ-YAG23001 y 02.
2024-05-10,ENDE ANDINA,G,SUR40,09:10,10:42,Reducción de potencia de la unidad CCSUR40 a 102 MW por límite de transferencia en las líneas TAJ-YAG23001 y 02.
2024-05-10,ENDE ANDINA,G,SUR40,10:42,17:00,Reducción de potencia de la unidad CCSUR40 a 95 MW por límite de transferencia en las líneas TAJ-YAG23001 y 02.
2024-05-10,ENDE ANDINA,G,SUR40,17:00,18:00,Reducción de potencia de la unidad CCSUR40 a 110 MW por límite de transferencia en las líneas TAJ-YAG23001 y 02.
2024-05-11,ENDE ANDINA,G,SUR40,09:14,10:10,Reducción de potencia de la unidad CCSUR40 a 100 MW por límite de transferencia en las líneas TAJ-YAG23001 y 02.
2024-05-11,ENDE ANDINA,G,SUR40,10:10,12:48,Reducción de potencia de la unidad CCSUR40 a 93 MW por límite de transferencia en las líneas TAJ-YAG23001 y 02.
2024-05-11,ENDE ANDINA,G,SUR40,12:48,15:40,Reducción de potencia de la unidad CCSUR40 a 81 MW por límite de transferencia de las líneas SAN-SUC230 y CAT-OCU115.
2024-05-11,ENDE ANDINA,G,SUR40,15:40,18:01,Reducción de potencia de la unidad CCSUR40 a 93 MW por límite de transferencia en las líneas TAJ-YAG23001 y 02.
2024-05-12,ENDE ANDINA,G,SUR40,08:22,18:05,Reducción de potencia de la unidad CCSUR40 a 81.7 MW por límite de transferencia en las líneas TAJ-YAG23001 y 02.
2024-05-12,ENDE ANDINA,G,SUR20,08:30,10:42,Reducción de potencia de la unidad CCSUR20 a 100 MW por límite de transferencia en las líneas TAJ-YAG23001 y 02.
2024-05-12,ENDE ANDINA,G,SUR20,10:42,18:05,Reducción de potencia de la unidad CCSUR20 a 90 MW por límite de transferencia en las líneas TAJ-YAG23001 y 02.
2024-05-13,ENDE ANDINA,G,SUR40,09:05,10:15,Reducción de potencia de la unidad CCSUR40 a 105 MW por límite de transferencia en las líneas TAJ-YAG23001 y 02.
2024-05-13,ENDE ANDINA,G,SUR40,10:15,18:03,Reducción de potencia de la unidad CCSUR40 a 95 MW por límite de transferencia en las líneas TAJ-YAG23001 y 02.
2024-05-14,ENDE ANDINA,G,SUR40,07:48,12:27,Reducción de potencia de la unidad CCSUR40 a 100 MW por límite de transferencia en las líneas TAJ-YAG23001 y 02.
2024-05-14,ENDE ANDINA,G,SUR40,12:27,18:03,Reducción de potencia de la unidad CCSUR40 a 90 MW por límite de transferencia en las líneas TAJ-YAG23001 y 02.
2024-05-15,ENDE ANDINA,G,SUR40,09:15,10:49,Reducción de potencia de la unidad CCSUR40 a 105 MW por límite de transferencia en las líneas TAJ-YAG23001 y 02.
2024-05-15,ENDE ANDINA,G,SUR40,10:49,18:03,Reducción de potencia de la unidad CCSUR40 a 90 MW por límite de transferencia en las líneas TAJ-YAG23001 y 02.
2024-05-16,ENDE ANDINA,G,SUR40,09:26,11:00,Reducción de potencia de la unidad CCSUR40 a 100 MW por límite de transferencia en las líneas TAJ-YAG23001 y 02.
2024-05-16,ENDE ANDINA,G,SUR40,11:00,18:05,Reducción de potencia de la unidad CCSUR40 a 93 MW por límite de transferencia en las líneas TAJ-YAG23001 y 02.
2024-05-17,ENDE ANDINA,G,SUR40,08:18,11:40,Reducción de potencia de la unidad CCSUR40 a 100 MW por límite de transferencia en las líneas TAJ-YAG23001 y 02.
2024-05-18,ENDE ANDINA,G,SUR40,08:30,12:55,Reducción de potencia de la unidad CCSUR40 a 100 MW por límite de transferencia en las líneas TAJ-YAG23001 y 02.
2024-05-20,ENDE ANDINA,G,SUR40,09:16,14:46,Reducción de potencia de la unidad CCSUR40 a 100 MW por límite de transferencia en las líneas TAJ-YAG23001 y 02.
2024-05-22,ENDE ANDINA,G,SUR40,09:21,12:15,Reducción de potencia de la unidad CCSUR40 a 100 MW por límite de transferencia en las líneas TAJ-YAG23001 y 02.
2024-05-22,ENDE ANDINA,G,SUR40,12:15,15:12,Reducción de potencia de la unidad CCSUR40 a 90 MW por límite de transferencia en las líneas TAJ-YAG23001 y 02.
2024-05-22,ENDE ANDINA,G,SUR40,15:12,16:21,Reducción de potencia de la unidad CCSUR40 a 100 MW por límite de transferencia en las líneas TAJ-YAG23001 y 02.
2024-05-22,ENDE ANDINA,G,SUR40,16:21,16:36,Reducción de potencia de la unidad CCSUR40 a 110 MW por límite de transferencia en las líneas TAJ-YAG23001 y 02.
2024-05-23,ENDE ANDINA,G,SUR40,09:50,10:59,Reducción de potencia de la unidad CCSUR40 a 100 MW por límite de transferencia en las líneas TAJ-YAG23001 y 02.
2024-05-23,ENDE ANDINA,G,SUR40,10:59,16:10,Reducción de potencia de la unidad CCSUR40 a 90 MW por límite de transferencia en las líneas TAJ-YAG23001 y 02.
2024-05-23,ENDE ANDINA,G,SUR40,16:10,17:06,Reducción de potencia de la unidad CCSUR40 a 100 MW por límite de transferencia en las líneas TAJ-YAG23001 y 02.
2024-05-24,ENDE ANDINA,G,SUR40,08:51,09:25,Reducción de potencia de la unidad CCSUR40 a 100 MW por límite de transferencia en las líneas TAJ-YAG23001 y 02.
2024-05-24,ENDE ANDINA,G,SUR40,09:25,15:36,Reducción de potencia de la unidad CCSUR40 a 90 MW por límite de transferencia en las líneas TAJ-YAG23001 y 02.
2024-05-24,ENDE ANDINA,G,SUR40,15:36,16:05,Reducción de potencia de la unidad CCSUR40 a 100 MW por límite de transferencia en las líneas TAJ-YAG23001 y 02.
2024-05-24,ENDE ANDINA,G,SUR40,16:05,16:50,Reducción de potencia de la unidad CCSUR40 a 115 MW por límite de transferencia en las líneas TAJ-YAG23001 y 02.
2024-05-25,ENDE ANDINA,G,SUR40,08:06,10:08,Reducción de potencia de la unidad CCSUR40 a 100 MW por límite de transferencia en las líneas TAJ-YAG23001 y 02.
2024-05-25,ENDE ANDINA,G,SUR40,10:08,15:03,Reducción de potencia de la unidad CCSUR40 a 90 MW por límite de transferencia en las líneas TAJ-YAG23001 y 02.
2024-05-25,ENDE ANDINA,G,SUR40,15:03,15:47,Reducción de potencia de la unidad CCSUR40 a 100 MW por límite de transferencia en las líneas TAJ-YAG23001 y 02.
2024-05-25,ENDE ANDINA,G,SUR40,15:47,16:38,Reducción de potencia de la unidad CCSUR40 a 110 MW por límite de transferencia en las líneas TAJ-YAG23001 y 02.
2024-05-27,ENDE ANDINA,G,SUR40,08:12,09:20,Reducción de potencia de la unidad CCSUR40 a 100 MW por límite de transferencia en las líneas TAJ-YAG23001 y 02.
2024-05-27,ENDE ANDINA,G,SUR40,09:20,15:31,Reducción de potencia de la unidad CCSUR40 a 90 MW por límite de transferencia en las líneas TAJ-YAG23001 y 02.
2024-05-27,ENDE ANDINA,G,SUR40,15:31,16:54,Reducción de potencia de la unidad CCSUR40 a 105 MW por límite de transferencia en las líneas TAJ-YAG23001 y 02.
2024-05-28,ENDE ANDINA,G,SUR40,08:09,09:27,Reducción de potencia de la unidad CCSUR40 a 100 MW por límite de transferencia en las líneas TAJ-YAG23001 y 02.
2024-05-28,ENDE ANDINA,G,SUR40,09:27,15:22,Reducción de potencia de la unidad CCSUR40 a 90 MW por límite de transferencia en las líneas TAJ-YAG23001 y 02.
2024-05-28,ENDE ANDINA,G,SUR40,15:22,15:56,Reducción de potencia de la unidad CCSUR40 a 100 MW por límite de transferencia en las líneas TAJ-YAG23001 y 02.
2024-05-28,ENDE ANDINA,G,SUR40,15:56,16:48,Reducción de potencia de la unidad CCSUR40 a 110 MW por límite de transferencia en las líneas TAJ-YAG23001 y 02.
2024-05-29,ENDE ANDINA,G,SUR40,08:06,09:42,Reducción de potencia de la unidad CCSUR40 a 100 MW por límite de transferencia en las líneas TAJ-YAG23001 y 02.
2024-05-29,ENDE ANDINA,G,SUR40,09:42,14:55,Reducción de potencia de la unidad CCSUR40 a 90 MW por límite de transferencia en las líneas TAJ-YAG23001 y 02.
2024-05-29,ENDE ANDINA,G,SUR40,14:55,15:53,Reducción de potencia de la unidad CCSUR40 a 100 MW por límite de transferencia en las líneas TAJ-YAG23001 y 02.
2024-05-29,ENDE ANDINA,G,SUR40,15:53,16:12,Reducción de potencia de la unidad CCSUR40 a 112 MW por límite de transferencia en las líneas TAJ-YAG23001 y 02.
2024-05-30,ENDE ANDINA,G,SUR40,07:58,09:19,Reducción de potencia de la unidad CCSUR40 a 100 MW por límite de transferencia en las líneas TAJ-YAG23001 y 02.
2024-05-30,ENDE ANDINA,G,SUR40,09:19,14:45,Reducción de potencia de la unidad CCSUR40 a 90 MW por límite de transferencia en las líneas TAJ-YAG23001 y 02.
2024-05-30,ENDE ANDINA,G,SUR40,14:45,15:57,Reducción de potencia de la unidad CCSUR40 a 100 MW por límite de transferencia en las líneas TAJ-YAG23001 y 02.
2024-05-30,ENDE ANDINA,G,SUR40,15:57,16:22,Reducción de potencia de la unidad CCSUR40 a 110 MW por límite de transferencia en las líneas TAJ-YAG23001 y 02.
2024-05-31,ENDE ANDINA,G,SUR40,12:42,16:03,Reducción de potencia de la unidad CCSUR40 a 95 MW por límite de transferencia en las líneas TAJ-YAG23001 y 02.
2024-06-01,ENDE ANDINA,G,SUR40,09:22,13:04,Reducción de potencia de la unidad CCSUR40 a 100 MW por límite de transferencia en las líneas TAJ-YAG23001 y 02.
2024-06-01,ENDE ANDINA,G,SUR40,14:28,17:30,Reducción de potencia de la unidad CCSUR40 a 92 MW por límite de transferencia en las líneas TAJ-YAG23001 y 02.
2024-06-02,ENDE ANDINA,G,SUR20,08:32,10:01,Reducción de potencia de la unidad CCSUR20 a 76.8 MW por trabajos de mantenimiento de la línea en 230 kV Sucre-Santivañez.
2024-06-02,ENDE ANDINA,G,SUR40,08:32,12:40,Reducción de potencia de la unidad CCSUR40 a 80.3 MW por trabajos de mantenimiento de la línea en 230 kV Sucre-Santivañez.
2024-06-02,ENDE ANDINA,G,SUR20,10:01,12:09,Reducción de potencia de la unidad CCSUR20 a 83.0 MW por trabajos de mantenimiento de la línea en 230 kV Sucre-Santivañez.
2024-06-02,ENDE ANDINA,G,SUR20,12:09,12:40,Reducción de potencia de la unidad CCSUR20 a 90.0 MW por trabajos de mantenimiento de la línea en 230 kV Sucre-Santivañez.
2024-06-02,ENDE ANDINA,G,SUR20,12:40,14:42,Reducción de potencia de la unidad CCSUR20 a 73.8 MW por trabajos de mantenimiento de la línea en 230 kV Sucre-Santivañez.
2024-06-02,ENDE ANDINA,G,SUR40,12:40,17:03,Reducción de potencia de la unidad CCSUR40 a 77.4 MW por trabajos de mantenimiento de la línea en 230 kV Sucre-Santivañez.
2024-06-02,ENDE ANDINA,G,SUR20,14:42,15:20,Reducción de potencia de la unidad CCSUR20 a 80.0 MW por trabajos de mantenimiento de la línea en 230 kV Sucre-Santivañez.
2024-06-02,ENDE ANDINA,G,SUR20,15:20,15:48,Reducción de potencia de la unidad CCSUR20 a 90.0 MW por trabajos de mantenimiento de la línea en 230 kV Sucre-Santivañez.
2024-06-02,ENDE ANDINA,G,SUR20,15:48,17:03,Reducción de potencia de la unidad CCSUR20 a 100.0 MW por trabajos de mantenimiento de la línea en 230 kV Sucre-Santivañez.
2024-06-02,ENDE ANDINA,G,SUR40,17:03,17:21,Reducción de potencia de la unidad CCSUR40 a 77.4 MW por límite de transferencia en las líneas TAJ-YAG23001 y 02.
2024-06-02,ENDE ANDINA,G,SUR40,17:21,17:36,Reducción de potencia de la unidad CCSUR40 a 95 MW por límite de transferencia en las líneas TAJ-YAG23001 y 02.
2024-06-03,ENDE ANDINA,G,SUR40,08:56,09:01,Reducción de potencia de la unidad CCSUR40 a 111 MW por límite de transferencia en las líneas TAJ-YAG23001 y 02.
2024-06-03,ENDE ANDINA,G,SUR40,09:01,09:37,Reducción de potencia de la unidad CCSUR40 a 105 MW por límite de transferencia en las líneas TAJ-YAG23001 y 02.
2024-06-03,ENDE ANDINA,G,SUR40,09:37,15:45,Reducción de potencia de la unidad CCSUR40 a 95 MW por límite de transferencia en las líneas TAJ-YAG23001 y 02.
2024-06-03,ENDE ANDINA,G,SUR40,15:45,16:55,Reducción de potencia de la unidad CCSUR40 a 105 MW por límite de transferencia en las líneas TAJ-YAG23001 y 02.
2024-06-04,ENDE ANDINA,G,SUR40,08:47,09:41,Reducción de potencia de la unidad CCSUR40 a 110 MW por límite de transferencia en las líneas TAJ-YAG23001 y 02.
2024-06-04,ENDE ANDINA,G,SUR40,09:41,10:51,Reducción de potencia de la unidad CCSUR40 a 100 MW por límite de transferencia en las líneas TAJ-YAG23001 y 02.
2024-06-04,ENDE ANDINA,G,SUR40,10:51,17:02,Reducción de potencia de la unidad CCSUR40 a 95 MW por límite de transferencia en las líneas TAJ-YAG23001 y 02.
2024-06-05,ENDE ANDINA,G,SUR40,08:50,09:58,Reducción de potencia de la unidad CCSUR40 a 110 MW por límite de transferencia en las líneas TAJ-YAG23001 y 02.
2024-06-05,ENDE ANDINA,G,SUR40,09:58,10:46,Reducción de potencia de la unidad CCSUR40 a 100 MW por límite de transferencia en las líneas TAJ-YAG23001 y 02.
2024-06-05,ENDE ANDINA,G,SUR40,10:46,16:00,Reducción de potencia de la unidad CCSUR40 a 95 MW por límite de transferencia en las líneas TAJ-YAG23001 y 02.
2024-06-05,ENDE ANDINA,G,SUR40,16:00,16:50,Reducción de potencia de la unidad CCSUR40 a 110 MW por límite de transferencia en las líneas TAJ-YAG23001 y 02.
2024-06-06,ENDE ANDINA,G,SUR40,09:01,09:52,Reducción de potencia de la unidad CCSUR40 a 110 MW por límite de transferencia en las líneas TAJ-YAG23001 y 02.
2024-06-06,ENDE ANDINA,G,SUR40,09:52,11:27,Reducción de potencia de la unidad CCSUR40 a 100 MW por límite de transferencia en las líneas TAJ-YAG23001 y 02.
2024-06-06,ENDE ANDINA,G,SUR40,11:27,16:09,Reducción de potencia de la unidad CCSUR40 a 95 MW por límite de transferencia en las líneas TAJ-YAG23001 y 02.
2024-06-07,ENDE ANDINA,G,SUR40,09:43,10:52,Reducción de potencia de la unidad CCSUR40 a 100 MW por límite de transferencia en las líneas TAJ-YAG23001 y 02.
2024-06-07,ENDE ANDINA,G,SUR40,10:52,17:00,Reducción de potencia de la unidad CCSUR40 a 93 MW por límite de transferencia en las líneas TAJ-YAG23001 y 02.
2024-06-07,ENDE ANDINA,G,SUR40,17:00,18:00,Reducción de potencia de la unidad CCSUR40 a 105 MW por límite de transferencia en las líneas TAJ-YAG23001 y 02.
2024-06-08,ENDE ANDINA,G,SUR40,07:37,17:15,Reducción de potencia de la unidad CCSUR40 a 79.7 MW por trabajos de mantenimiento de la línea en 230 kV Punutuma-Uyuni.
2024-06-08,ENDE ANDINA,G,SUR20,07:43,17:15,Reducción de potencia de la unidad CCSUR40 a 76.1 MW por trabajos de mantenimiento de la línea en 230 kV Punutuma-Uyuni.
2024-06-09,ENDE ANDINA,G,SUR20,11:35,16:15,Reducción de potencia de la unidad CCSUR20 a 95 MW por límite de transferencia en las líneas TAJ-YAG23001 y 02.
2024-06-09,ENDE ANDINA,G,SUR40,11:35,18:00,Reducción de potencia de la unidad CCSUR40 a 78 MW por límite de transferencia en las líneas TAJ-YAG23001 y 02.
2024-06-10,ENDE ANDINA,G,SUR40,09:01,10:31,Reducción de potencia de la unidad CCSUR40 a 105 MW por límite de transferencia en las líneas TAJ-YAG23001 y 02.
2024-06-10,ENDE ANDINA,G,SUR40,10:31,11:02,Reducción de potencia de la unidad CCSUR40 a 95 MW por límite de transferencia en las líneas TAJ-YAG23001 y 02.
2024-06-10,ENDE ANDINA,G,SUR40,11:02,18:02,Reducción de potencia de la unidad CCSUR40 a 90 MW por límite de transferencia en las líneas TAJ-YAG23001 y 02.
2024-06-11,ENDE ANDINA,G,SUR40,08:15,08:18,Reducción de potencia de la unidad CCSUR40 a 110 MW por límite de transferencia en las líneas TAJ-YAG23001 y 02.
2024-06-11,ENDE ANDINA,G,SUR40,08:18,18:02,Reducción de potencia de la unidad CCSUR40 a 95 MW por límite de transferencia en las líneas TAJ-YAG23001 y 02.
2024-06-12,ENDE ANDINA,G,SUR40,08:56,09:33,Reducción de potencia de la unidad CCSUR40 a 110 MW por límite de transferencia en las líneas TAJ-YAG23001 y 02.
2024-06-12,ENDE ANDINA,G,SUR40,09:33,18:01,Reducción de potencia de la unidad CCSUR40 a 100 MW por límite de transferencia en las líneas TAJ-YAG23001 y 02.
2024-06-13,ENDE ANDINA,G,SUR40,09:42,18:02,Reducción de potencia de la unidad CCSUR40 a 100 MW por límite de transferencia en las líneas TAJ-YAG23001 y 02.
2024-06-14,ENDE ANDINA,G,SUR40,09:52,17:56,Reducción de potencia de la unidad CCSUR40 a 90 MW por límite de transferencia en las líneas TAJ-YAG23001 y 02.
2024-06-15,ENDE ANDINA,G,SUR40,08:50,12:12,Reducción de potencia de la unidad CCSUR40 a 100 MW por límite de transferencia en las líneas TAJ-YAG23001 y 02.
2024-06-16,ENDE ANDINA,G,SUR40,08:30,17:51,Reducción de potencia de la unidad CCSUR40 a 80.0 MW por límite de transferencia en las líneas TAJ-YAG23001 y 02.
2024-06-16,ENDE ANDINA,G,SUR20,10:50,17:45,Reducción de potencia de la unidad CCSUR20 a 100.0 MW por límite de transferencia en las líneas TAJ-YAG23001 y 02.
2024-06-17,ENDE ANDINA,G,SUR40,09:01,10:30,Reducción de potencia de la unidad CCSUR40 a 100 MW por límite de transferencia en las líneas TAJ-YAG23001 y 02.
2024-06-17,ENDE ANDINA,G,SUR40,10:30,15:19,Reducción de potencia de la unidad CCSUR40 a 90 MW por límite de transferencia en las líneas TAJ-YAG23001 y 02.
2024-06-17,ENDE ANDINA,G,SUR40,15:19,16:10,Reducción de potencia de la unidad CCSUR40 a 105 MW por límite de transferencia en las líneas TAJ-YAG23001 y 02.
2024-06-18,ENDE ANDINA,G,SUR40,08:37,10:05,Reducción de potencia de la unidad CCSUR40 a 100 MW por límite de transferencia en las líneas TAJ-YAG23001 y 02.
2024-06-18,ENDE ANDINA,G,SUR40,10:05,12:38,Reducción de potencia de la unidad CCSUR40 a 90 MW por límite de transferencia en las líneas TAJ-YAG23001 y 02.
2024-06-18,ENDE ANDINA,G,SUR40,12:38,16:15,Reducción de potencia de la unidad CCSUR40 a 80 MW por límite de transferencia en las líneas TAJ-YAG23001 y 02.
2024-06-18,ENDE ANDINA,G,SUR40,16:15,16:57,Reducción de potencia de la unidad CCSUR40 a 100 MW por límite de transferencia en las líneas TAJ-YAG23001 y 02.
2024-06-19,ENDE ANDINA,G,SUR40,08:51,10:10,Reducción de potencia de la unidad CCSUR40 a 100 MW por límite de transferencia en las líneas TAJ-YAG23001 y 02.
2024-06-19,ENDE ANDINA,G,SUR40,10:10,11:20,Reducción de potencia de la unidad CCSUR40 a 90 MW por límite de transferencia en las líneas TAJ-YAG23001 y 02.
2024-06-19,ENDE ANDINA,G,SUR40,11:20,14:17,Reducción de potencia de la unidad CCSUR40 a 80 MW por límite de transferencia en las líneas TAJ-YAG23001 y 02.
2024-06-19,ENDE ANDINA,G,SUR40,14:17,17:45,Reducción de potencia de la unidad CCSUR40 a 95 MW por límite de transferencia en las líneas TAJ-YAG23001 y 02.
2024-06-20,ENDE ANDINA,G,SUR40,08:42,11:30,Reducción de potencia de la unidad CCSUR40 a 100 MW por límite de transferencia en las líneas TAJ-YAG23001 y 02.
2024-06-20,ENDE ANDINA,G,SUR40,11:30,15:45,Reducción de potencia de la unidad CCSUR40 a 90 MW por límite de transferencia en las líneas TAJ-YAG23001 y 02.
2024-06-20,ENDE ANDINA,G,SUR40,15:45,17:08,Reducción de potencia de la unidad CCSUR40 a 105 MW por límite de transferencia en las líneas TAJ-YAG23001 y 02.
2024-06-21,ENDE ANDINA,G,SUR40,09:25,10:30,Reducción de potencia de la unidad CCSUR40 a 105 MW por límite de transferencia en las líneas TAJ-YAG23001 y 02.
2024-06-21,ENDE ANDINA,G,SUR40,10:30,14:37,Reducción de potencia de la unidad CCSUR40 a 95 MW por límite de transferencia en las líneas TAJ-YAG23001 y 02.
2024-06-23,ENDE ANDINA,G,SUR20,11:58,14:58,Reducción de potencia de la unidad CCSUR20 a 90.0 MW por límite de transferencia en las líneas TAJ-YAG23001 y 02.
2024-06-23,ENDE ANDINA,G,SUR40,11:58,15:46,Reducción de potencia de la unidad CCSUR40 a 80.0 MW por límite de transferencia en las líneas TAJ-YAG23001 y 02.
2024-06-23,ENDE ANDINA,G,SUR20,14:58,15:06,Reducción de potencia de la unidad CCSUR20 a 100.0 MW por límite de transferencia en las líneas TAJ-YAG23001 y 02.
2024-06-23,ENDE ANDINA,G,SUR40,15:46,16:37,Reducción de potencia de la unidad CCSUR40 a 90.0 MW por límite de transferencia en las líneas TAJ-YAG23001 y 02.
2024-06-24,ENDE ANDINA,G,SUR40,08:10,09:01,Reducción de potencia de la unidad CCSUR40 a 100 MW por límite de transferencia en las líneas TAJ-YAG23001 y 02.
2024-06-24,ENDE ANDINA,G,SUR40,09:01,09:27,Reducción de potencia de la unidad CCSUR40 a 85 MW por límite de transferencia en las líneas TAJ-YAG23001 y 02.
2024-06-25,ENDE ANDINA,G,SUR40,09:11,11:40,Reducción de potencia de la unidad CCSUR40 a 100 MW por límite de transferencia en las líneas TAJ-YAG23001 y 02.
2024-06-25,ENDE ANDINA,G,SUR40,11:40,14:52,Reducción de potencia de la unidad CCSUR40 a 90 MW por límite de transferencia en las líneas TAJ-YAG23001 y 02.
2024-06-26,ENDE ANDINA,G,SUR40,08:58,09:55,Reducción de potencia de la unidad CCSUR40 a 110 MW por límite de transferencia en las líneas TAJ-YAG23001 y 02.
2024-06-26,ENDE ANDINA,G,SUR40,09:55,10:48,Reducción de potencia de la unidad CCSUR40 a 100 MW por límite de transferencia en las líneas TAJ-YAG23001 y 02.
2024-06-26,ENDE ANDINA,G,SUR40,10:48,15:22,Reducción de potencia de la unidad CCSUR40 a 90 MW por límite de transferencia en las líneas TAJ-YAG23001 y 02.
2024-06-26,ENDE ANDINA,G,SUR40,15:22,16:31,Reducción de potencia de la unidad CCSUR40 a 100 MW por límite de transferencia en las líneas TAJ-YAG23001 y 02.
2024-06-27,ENDE ANDINA,G,SUR40,08:25,09:53,Reducción de potencia de la unidad CCSUR40 a 105 MW por límite de transferencia en las líneas TAJ-YAG23001 y 02.
2024-06-27,ENDE ANDINA,G,SUR40,09:53,15:11,Reducción de potencia de la unidad CCSUR40 a 95 MW por límite de transferencia en las líneas TAJ-YAG23001 y 02.
2024-06-27,ENDE ANDINA,G,SUR40,15:11,15:40,Reducción de potencia de la unidad CCSUR40 a 105 MW por límite de transferencia en las líneas TAJ-YAG23001 y 02.
2024-06-28,ENDE ANDINA,G,SUR40,08:22,09:45,Reducción de potencia de la unidad CCSUR40 a 105 MW por límite de transferencia en las líneas TAJ-YAG23001 y 02.
2024-06-28,ENDE ANDINA,G,SUR40,09:45,14:50,Reducción de potencia de la unidad CCSUR40 a 95 MW por límite de transferencia en las líneas TAJ-YAG23001 y 02.
2024-06-28,ENDE ANDINA,G,SUR40,14:50,15:31,Reducción de potencia de la unidad CCSUR40 a 108 MW por límite de transferencia en las líneas TAJ-YAG23001 y 02.
2024-06-29,ENDE ANDINA,G,SUR40,08:40,09:46,Reducción de potencia de la unidad CCSUR40 a 105 MW por límite de transferencia en las líneas TAJ-YAG23001 y 02.
2024-06-30,ENDE ANDINA,G,SUR20,14:18,16:09,Reducción de potencia de la unidad CCSUR20 a 88 MW por límite de transferencia en las líneas TAJ-YAG23001 y 02.
2024-06-30,ENDE ANDINA,G,SUR40,14:18,17:21,Reducción de potencia de la unidad CCSUR40 a 83 MW por límite de transferencia en las líneas TAJ-YAG23001 y 02.
2024-06-30,ENDE ANDINA,G,SUR20,16:09,17:21,Reducción de potencia de la unidad CCSUR20 a 110 MW por límite de transferencia en las líneas TAJ-YAG23001 y 02.
2024-07-01,ENDE ANDINA,G,SUR40,13:18,13:58,Reducción de potencia de la unidad CCSUR40 a 80 MW por límite de transferencia en las líneas TAJ-YAG23001 y 02.
2024-07-01,ENDE ANDINA,G,SUR40,13:58,14:46,Reducción de potencia de la unidad CCSUR40 a 90 MW por límite de transferencia en las líneas TAJ-YAG23001 y 02.
2024-07-01,ENDE ANDINA,G,SUR40,14:46,16:15,Reducción de potencia de la unidad CCSUR40 a 100 MW por límite de transferencia en las líneas TAJ-YAG23001 y 02.
2024-07-02,ENDE ANDINA,G,SUR40,08:28,09:30,Reducción de potencia de la unidad CCSUR40 a 105 MW por límite de transferencia en las líneas TAJ-YAG23001 y 02.
2024-07-02,ENDE ANDINA,G,SUR40,09:30,14:45,Reducción de potencia de la unidad CCSUR40 a 90 MW por límite de transferencia en las líneas TAJ-YAG23001 y 02.
2024-07-02,ENDE ANDINA,G,SUR40,14:45,15:51,Reducción de potencia de la unidad CCSUR40 a 105 MW por límite de transferencia en las líneas TAJ-YAG23001 y 02.
2024-07-03,ENDE ANDINA,G,SUR40,08:14,08:46,Reducción de potencia de la unidad CCSUR40 a 105 MW por límite de transferencia en las líneas TAJ-YAG23001 y 02.
2024-07-03,ENDE ANDINA,G,SUR40,14:27,15:57,Reducción de potencia de la unidad CCSUR40 a 100 MW por límite de transferencia en las líneas TAJ-YAG23001 y 02.
2024-07-04,ENDE ANDINA,G,SUR40,08:18,09:06,Reducción de potencia de la unidad CCSUR40 a 105 MW por límite de transferencia en las líneas TAJ-YAG23001 y 02.
2024-07-04,ENDE ANDINA,G,SUR40,09:06,15:06,Reducción de potencia de la unidad CCSUR40 a 90 MW por límite de transferencia en las líneas TAJ-YAG23001 y 02.
2024-07-04,ENDE ANDINA,G,SUR40,15:06,16:16,Reducción de potencia de la unidad CCSUR40 a 100 MW por límite de transferencia en las líneas TAJ-YAG23001 y 02.
2024-07-05,ENDE ANDINA,G,SUR40,08:47,09:52,Reducción de potencia de la unidad CCSUR40 a 105 MW por límite de transferencia en las líneas TAJ-YAG23001 y 02.
2024-07-05,ENDE ANDINA,G,SUR40,09:52,11:53,Reducción de potencia de la unidad CCSUR40 a 95 MW por límite de transferencia en las líneas TAJ-YAG23001 y 02.
2024-07-05,ENDE ANDINA,G,SUR40,11:53,16:40,Reducción de potencia de la unidad CCSUR40 a 90 MW por límite de transferencia en las líneas TAJ-YAG23001 y 02.
2024-07-05,ENDE ANDINA,G,SUR40,16:40,17:50,Reducción de potencia de la unidad CCSUR40 a 110 MW por límite de transferencia en las líneas TAJ-YAG23001 y 02.
2024-07-06,ENDE ANDINA,G,SUR40,08:40,10:09,Reducción de potencia de la unidad CCSUR40 a 105 MW por límite de transferencia en las líneas TAJ-YAG23001 y 02.
2024-07-06,ENDE ANDINA,G,SUR40,10:09,10:40,Reducción de potencia de la unidad CCSUR40 a 95 MW por límite de transferencia en las líneas TAJ-YAG23001 y 02.
2024-07-08,ENDE ANDINA,G,SUR40,09:16,10:26,Reducción de potencia de la unidad CCSUR40 a 105 MW por límite de transferencia en las líneas TAJ-YAG23001 y 02.
2024-07-08,ENDE ANDINA,G,SUR40,10:26,16:24,Reducción de potencia de la unidad CCSUR40 a 95 MW por límite de transferencia en las líneas TAJ-YAG23001 y 02.
2024-07-08,ENDE ANDINA,G,SUR40,16:24,17:42,Reducción de potencia de la unidad CCSUR40 a 110 MW por límite de transferencia en las líneas TAJ-YAG23001 y 02.
2024-07-10,ENDE ANDINA,G,SUR40,08:53,09:53,Reducción de potencia de la unidad CCSUR40 a 110 MW por límite de transferencia en las líneas TAJ-YAG23001 y 02.
2024-07-10,ENDE ANDINA,G,SUR40,09:53,10:27,Reducción de potencia de la unidad CCSUR40 a 100 MW por límite de transferencia en las líneas TAJ-YAG23001 y 02.
2024-07-10,ENDE ANDINA,G,SUR40,10:27,12:07,Reducción de potencia de la unidad CCSUR40 a 100 MW por límite de transferencia en las líneas TAJ-YAG23001 y 02.
2024-07-11,ENDE ANDINA,G,SUR40,08:45,09:30,Reducción de potencia de la unidad CCSUR40 a 110 MW por límite de transferencia en las líneas TAJ-YAG23001 y 02.
2024-07-11,ENDE ANDINA,G,SUR40,09:30,10:47,Reducción de potencia de la unidad CCSUR40 a 102 MW por límite de transferencia en las líneas TAJ-YAG23001 y 02.
2024-07-11,ENDE ANDINA,G,SUR40,10:47,12:04,Reducción de potencia de la unidad CCSUR40 a 92 MW por límite de transferencia en las líneas TAJ-YAG23001 y 02.
2024-07-11,ENDE ANDINA,G,SUR40,15:57,18:05,Reducción de potencia de la unidad CCSUR40 a 110 MW por límite de transferencia en las líneas TAJ-YAG23001 y 02.
2024-07-12,ENDE ANDINA,G,SUR40,08:14,11:11,Reducción de potencia de la unidad CCSUR40 a 110 MW por límite de transferencia en las líneas TAJ-YAG23001 y 02.
2024-07-12,ENDE ANDINA,G,SUR40,11:11,17:49,Reducción de potencia de la unidad CCSUR40 a 90 MW por límite de transferencia en las líneas TAJ-YAG23001 y 02.
2024-07-13,ENDE ANDINA,G,SUR40,10:17,17:21,Reducción de potencia de la unidad CCSUR40 a 100 MW por límite de transferencia en las líneas TAJ-YAG23001 y 02.
2024-07-14,ENDE ANDINA,G,SUR40,08:34,17:31,Reducción de potencia de la unidad CCSUR40 a 82 MW por límite de transferencia en las líneas TAJ-YAG23001 y 02.
2024-07-14,ENDE ANDINA,G,SUR20,10:20,16:01,Reducción de potencia de la unidad CCSUR20 a 86 MW por límite de transferencia en las líneas TAJ-YAG23001 y 02.
2024-07-14,ENDE ANDINA,G,SUR20,16:01,17:31,Reducción de potencia de la unidad CCSUR20 a 105 MW por límite de transferencia en las líneas TAJ-YAG23001 y 02.
2024-07-14,ENDE ANDINA,G,SUR40,17:31,18:04,Reducción de potencia de la unidad CCSUR40 a 90 MW por límite de transferencia en las líneas TAJ-YAG23001 y 02.
2024-07-15,ENDE ANDINA,G,SUR40,08:16,10:03,Reducción de potencia de la unidad CCSUR40 a 100 MW por límite de transferencia en las líneas TAJ-YAG23001 y 02.
2024-07-15,ENDE ANDINA,G,SUR40,10:03,16:17,Reducción de potencia de la unidad CCSUR40 a 90 MW por límite de transferencia en las líneas TAJ-YAG23001 y 02.
2024-07-15,ENDE ANDINA,G,SUR40,16:17,17:15,Reducción de potencia de la unidad CCSUR40 a 105 MW por límite de transferencia en las líneas TAJ-YAG23001 y 02.
2024-07-16,ENDE ANDINA,G,SUR40,08:28,09:21,Reducción de potencia de la unidad CCSUR40 a 100 MW por límite de transferencia en las líneas TAJ-YAG23001 y 02.
2024-07-19,ENDE ANDINA,G,SUR40,15:04,16:06,Reducción de potencia de la unidad CCSUR40 a 100 MW por límite de transferencia en las líneas TAJ-YAG23001 y 02.
2024-07-20,ENDE ANDINA,G,SUR40,08:33,10:16,Reducción de potencia de la unidad CCSUR40 a 110 MW por límite de transferencia en las líneas TAJ-YAG23001 y 02.
2024-07-20,ENDE ANDINA,G,SUR40,10:16,15:12,Reducción de potencia de la unidad CCSUR40 a 90 MW por límite de transferencia en las líneas TAJ-YAG23001 y 02.
2024-07-20,ENDE ANDINA,G,SUR40,15:12,16:46,Reducción de potencia de la unidad CCSUR40 a 100 MW por límite de transferencia en las líneas TAJ-YAG23001 y 02.
2024-07-21,ENDE ANDINA,G,SUR20,10:57,11:32,Reducción de potencia de la unidad CCSUR20 a 85 MW por límite de transferencia en las líneas TAJ-YAG23001 y 02.
2024-07-21,ENDE ANDINA,G,SUR20,13:47,14:37,Reducción de potencia de la unidad CCSUR20 a 77.8 MW por límite de transferencia en las líneas TAJ-YAG23001 y 02.
2024-07-21,ENDE ANDINA,G,SUR40,13:47,17:06,Reducción de potencia de la unidad CCSUR40 a 81.2 MW por límite de transferencia en las líneas TAJ-YAG23001 y 02.
2024-07-21,ENDE ANDINA,G,SUR20,14:37,15:20,Reducción de potencia de la unidad CCSUR20 a 90 MW por límite de transferencia en las líneas TAJ-YAG23001 y 02.
2024-07-21,ENDE ANDINA,G,SUR20,15:20,16:22,Reducción de potencia de la unidad CCSUR20 a 90 MW por límite de transferencia en las líneas TAJ-YAG23001 y 02.
2024-07-21,ENDE ANDINA,G,SUR40,17:06,17:48,Reducción de potencia de la unidad CCSUR40 a 100 MW por límite de transferencia en las líneas TAJ-YAG23001 y 02.
2024-07-22,ENDE ANDINA,G,SUR40,08:52,10:37,Reducción de potencia de la unidad CCSUR40 a 100 MW por límite de transferencia en las líneas TAJ-YAG23001 y 02.
2024-07-22,ENDE ANDINA,G,SUR40,10:37,15:35,Reducción de potencia de la unidad CCSUR40 a 90 MW por límite de transferencia en las líneas TAJ-YAG23001 y 02.
2024-07-22,ENDE ANDINA,G,SUR40,15:35,16:05,Reducción de potencia de la unidad CCSUR40 a 100 MW por límite de transferencia en las líneas TAJ-YAG23001 y 02.
2024-07-22,ENDE ANDINA,G,SUR40,16:05,17:00,Reducción de potencia de la unidad CCSUR40 a 110 MW por límite de transferencia en las líneas TAJ-YAG23001 y 02.
2024-07-23,ENDE ANDINA,G,SUR40,09:13,11:06,Reducción de potencia de la unidad CCSUR40 a 105 MW por límite de transferencia en las líneas TAJ-YAG23001 y 02.
2024-07-23,ENDE ANDINA,G,SUR40,11:06,14:45,Reducción de potencia de la unidad CCSUR40 a 90 MW por límite de transferencia en las líneas TAJ-YAG23001 y 02.
2024-07-23,ENDE ANDINA,G,SUR40,14:45,15:55,Reducción de potencia de la unidad CCSUR40 a 100 MW por límite de transferencia en las líneas TAJ-YAG23001 y 02.
2024-07-24,ENDE ANDINA,G,SUR40,08:56,10:21,Reducción de potencia de la unidad CCSUR40 a 105 MW por límite de transferencia en las líneas TAJ-YAG23001 y 02.
2024-07-24,ENDE ANDINA,G,SUR40,10:21,14:35,Reducción de potencia de la unidad CCSUR40 a 90 MW por límite de transferencia en las líneas TAJ-YAG23001 y 02.
2024-07-24,ENDE ANDINA,G,SUR40,14:35,15:36,Reducción de potencia de la unidad CCSUR40 a 100 MW por límite de transferencia en las líneas TAJ-YAG23001 y 02.
2024-07-25,ENDE ANDINA,G,SUR40,09:57,11:58,Reducción de potencia de la unidad CCSUR40 a 105 MW por límite de transferencia en las líneas TAJ-YAG23001 y 02.
2024-07-25,ENDE ANDINA,G,SUR40,11:58,15:40,Reducción de potencia de la unidad CCSUR40 a 95 MW por límite de transferencia en las líneas TAJ-YAG23001 y 02.
2024-07-25,ENDE ANDINA,G,SUR40,15:40,18:05,Reducción de potencia de la unidad CCSUR40 a 105 MW por límite de transferencia en las líneas TAJ-YAG23001 y 02.
2024-07-26,ENDE ANDINA,G,SUR40,08:37,09:49,Reducción de potencia de la unidad CCSUR40 a 105 MW por límite de transferencia en las líneas TAJ-YAG23001 y 02.
2024-07-26,ENDE ANDINA,G,SUR40,09:49,14:52,Reducción de potencia de la unidad CCSUR40 a 95 MW por límite de transferencia en las líneas TAJ-YAG23001 y 02.
2024-07-26,ENDE ANDINA,G,SUR40,14:52,16:15,Reducción de potencia de la unidad CCSUR40 a 105 MW por límite de transferencia en las líneas TAJ-YAG23001 y 02.
2024-07-27,ENDE ANDINA,G,SUR40,08:22,09:01,Reducción de potencia de la unidad CCSUR40 a 105 MW por límite de transferencia en las líneas TAJ-YAG23001 y 02.
2024-07-27,ENDE ANDINA,G,SUR40,09:01,10:41,Reducción de potencia de la unidad CCSUR40 a 95 MW por límite de transferencia en las líneas TAJ-YAG23001 y 02.
2024-07-27,ENDE ANDINA,G,SUR40,10:41,15:50,Reducción de potencia de la unidad CCSUR40 a 90 MW por límite de transferencia en las líneas TAJ-YAG23001 y 02.
2024-07-27,ENDE ANDINA,G,SUR40,15:50,16:29,Reducción de potencia de la unidad CCSUR40 a 105 MW por límite de transferencia en las líneas TAJ-YAG23001 y 02.
2024-07-28,ENDE ANDINA,G,SUR20,09:00,09:56,Reducción de potencia de la unidad CCSUR20 a 100 MW por límite de transferencia en las líneas TAJ-YAG23001 y 02.
2024-07-28,ENDE ANDINA,G,SUR40,09:00,09:56,Reducción de potencia de la unidad CCSUR40 a 79.7 MW por límite de transferencia en las líneas TAJ-YAG23001 y 02.
2024-07-28,ENDE ANDINA,G,SUR20,14:53,15:46,Reducción de potencia de la unidad CCSUR20 a 95 MW por límite de transferencia en las líneas TAJ-YAG23001 y 02.
2024-07-28,ENDE ANDINA,G,SUR40,14:53,16:52,Reducción de potencia de la unidad CCSUR40 a 79.5 MW por límite de transferencia en las líneas TAJ-YAG23001 y 02.
2024-07-28,ENDE ANDINA,G,SUR20,15:46,16:35,Reducción de potencia de la unidad CCSUR20 a 105 MW por límite de transferencia en las líneas TAJ-YAG23001 y 02.
2024-07-28,ENDE ANDINA,G,SUR40,16:52,17:25,Reducción de potencia de la unidad CCSUR40 a 90 MW por límite de transferencia en las líneas TAJ-YAG23001 y 02.
2024-07-28,ENDE ANDINA,G,SUR40,17:25,18:03,Reducción de potencia de la unidad CCSUR40 a 100 MW por límite de transferencia en las líneas TAJ-YAG23001 y 02.
2024-07-29,ENDE ANDINA,G,SUR40,08:23,08:40,Reducción de potencia de la unidad CCSUR40 a 105 MW por límite de transferencia en las líneas TAJ-YAG23001 y 02.
2024-07-29,ENDE ANDINA,G,SUR40,08:40,10:20,Reducción de potencia de la unidad CCSUR40 a 95 MW por límite de transferencia en las líneas TAJ-YAG23001 y 02.
2024-07-29,ENDE ANDINA,G,SUR40,10:20,15:05,Reducción de potencia de la unidad CCSUR40 a 90 MW por límite de transferencia en las líneas TAJ-YAG23001 y 02.
2024-07-29,ENDE ANDINA,G,SUR40,15:05,16:20,Reducción de potencia de la unidad CCSUR40 a 100 MW por límite de transferencia en las líneas TAJ-YAG23001 y 02.
2024-07-29,ENDE ANDINA,G,SUR40,16:20,16:45,Reducción de potencia de la unidad CCSUR40 a 110 MW por límite de transferencia en las líneas TAJ-YAG23001 y 02.
2024-07-30,ENDE ANDINA,G,SUR40,08:39,09:19,Reducción de potencia de la unidad CCSUR40 a 105 MW por límite de transferencia en las líneas TAJ-YAG23001 y 02.
2024-07-30,ENDE ANDINA,G,SUR40,09:19,09:57,Reducción de potencia de la unidad CCSUR40 a 95 MW por límite de transferencia en las líneas TAJ-YAG23001 y 02.
2024-07-30,ENDE ANDINA,G,SUR40,09:57,13:31,Reducción de potencia de la unidad CCSUR40 a 90 MW por límite de transferencia en las líneas TAJ-YAG23001 y 02.
2024-07-30,ENDE ANDINA,G,SUR40,14:15,14:55,Reducción de potencia de la unidad CCSUR40 a 90 MW por límite de transferencia en las líneas TAJ-YAG23001 y 02.
2024-07-30,ENDE ANDINA,G,SUR40,14:55,15:50,Reducción de potencia de la unidad CCSUR40 a 95 MW por límite de transferencia en las líneas TAJ-YAG23001 y 02.
2024-07-30,ENDE ANDINA,G,SUR40,15:50,16:22,Reducción de potencia de la unidad CCSUR40 a 105 MW por límite de transferencia en las líneas TAJ-YAG23001 y 02.
2024-07-30,ENDE ANDINA,G,SUR40,16:22,16:50,Reducción de potencia de la unidad CCSUR40 a 115 MW por límite de transferencia en las líneas TAJ-YAG23001 y 02.
2024-07-31,ENDE ANDINA,G,SUR40,09:30,09:55,Reducción de potencia de la unidad CCSUR40 a 100 MW por límite de transferencia en las líneas TAJ-YAG23001 y 02.
2024-07-31,ENDE ANDINA,G,SUR40,09:55,15:10,Reducción de potencia de la unidad CCSUR40 a 90 MW por límite de transferencia en las líneas TAJ-YAG23001 y 02.
2024-07-31,ENDE ANDINA,G,SUR40,15:10,15:35,Reducción de potencia de la unidad CCSUR40 a 100 MW por límite de transferencia en las líneas TAJ-YAG23001 y 02.
2024-07-31,ENDE ANDINA,G,SUR40,15:35,15:57,Reducción de potencia de la unidad CCSUR40 a 110 MW por límite de transferencia en las líneas TAJ-YAG23001 y 02.
2024-08-01,ENDE ANDINA,G,SUR40,08:30,10:00,Reducción de potencia de la unidad CCSUR40 a 100 MW por límite de transferencia en las líneas TAJ-YAG23001 y 02.
2024-08-01,ENDE ANDINA,G,SUR40,10:00,14:20,Reducción de potencia de la unidad CCSUR40 a 90 MW por límite de transferencia en las líneas TAJ-YAG23001 y 02.
2024-08-01,ENDE ANDINA,G,SUR40,14:20,15:22,Reducción de potencia de la unidad CCSUR40 a 100 MW por límite de transferencia en las líneas TAJ-YAG23001 y 02.
2024-08-02,ENDE ANDINA,G,SUR40,08:50,10:15,Reducción de potencia de la unidad CCSUR40 a 105 MW por límite de transferencia en las líneas TAJ-YAG23001 y 02.
2024-08-02,ENDE ANDINA,G,SUR40,10:15,14:23,Reducción de potencia de la unidad CCSUR40 a 95 MW por límite de transferencia en las líneas TAJ-YAG23001 y 02.
2024-08-03,ENDE ANDINA,G,SUR40,09:58,16:01,Reducción de potencia de la unidad CCSUR40 a 100 MW por límite de transferencia en las líneas TAJ-YAG23001 y 02.
2024-08-04,ENDE ANDINA,G,SUR40,08:00,08:46,Reducción de potencia de la unidad CCSUR20 a 105 MW por límite de transferencia en las líneas TAJ-YAG23001 y 02.
2024-08-04,ENDE ANDINA,G,SUR40,08:46,18:06,Reducción de potencia de la unidad CCSUR20 a 85 MW por límite de transferencia en las líneas TAJ-YAG23001 y 02.
2024-08-04,ENDE ANDINA,G,SUR20,09:50,10:25,Reducción de potencia de la unidad CCSUR20 a 105 MW por límite de transferencia en las líneas TAJ-YAG23001 y 02.
2024-08-04,ENDE ANDINA,G,SUR20,10:25,11:35,Reducción de potencia de la unidad CCSUR20 a 100 MW por límite de transferencia en las líneas TAJ-YAG23001 y 02.
2024-08-04,ENDE ANDINA,G,SUR20,11:35,17:45,Reducción de potencia de la unidad CCSUR20 a 90 MW por límite de transferencia en las líneas TAJ-YAG23001 y 02.
2024-08-05,ENDE ANDINA,G,SUR40,09:16,10:56,Reducción de potencia de la unidad CCSUR40 a 105 MW por límite de transferencia en las líneas TAJ-YAG23001 y 02.
2024-08-05,ENDE ANDINA,G,SUR40,10:56,17:54,Reducción de potencia de la unidad CCSUR40 a 100 MW por límite de transferencia en las líneas TAJ-YAG23001 y 02.
2024-08-06,ENDE ANDINA,G,SUR40,09:20,11:01,Reducción de potencia de la unidad CCSUR40 a 105 MW por límite de transferencia en las líneas TAJ-YAG23001 y 02.
2024-08-06,ENDE ANDINA,G,SUR40,11:01,16:53,Reducción de potencia de la unidad CCSUR40 a 100 MW por límite de transferencia en las líneas TAJ-YAG23001 y 02.
2024-08-07,ENDE ANDINA,G,SUR40,08:58,10:06,Reducción de potencia de la unidad CCSUR40 a 105 MW por límite de transferencia en las líneas TAJ-YAG23001 y 02.
2024-08-07,ENDE ANDINA,G,SUR40,10:06,11:19,Reducción de potencia de la unidad CCSUR40 a 100 MW por límite de transferencia en las líneas TAJ-YAG23001 y 02.
2024-08-07,ENDE ANDINA,G,SUR40,11:19,15:42,Reducción de potencia de la unidad CCSUR40 a 90 MW por límite de transferencia en las líneas TAJ-YAG23001 y 02.
2024-08-07,ENDE ANDINA,G,SUR40,15:42,17:11,Reducción de potencia de la unidad CCSUR40 a 100 MW por límite de transferencia en las líneas TAJ-YAG23001 y 02.
2024-08-08,ENDE ANDINA,G,SUR40,08:15,09:25,Reducción de potencia de la unidad CCSUR40 a 110 MW por límite de transferencia en las líneas TAJ-YAG23001 y 02.
2024-08-08,ENDE ANDINA,G,SUR40,09:25,10:28,Reducción de potencia de la unidad CCSUR40 a 100 MW por límite de transferencia en las líneas TAJ-YAG23001 y 02.
2024-08-08,ENDE ANDINA,G,SUR40,10:28,11:30,Reducción de potencia de la unidad CCSUR40 a 95 MW por límite de transferencia en las líneas TAJ-YAG23001 y 02.
2024-08-08,ENDE ANDINA,G,SUR40,11:30,18:04,Reducción de potencia de la unidad CCSUR40 a 90 MW por límite de transferencia en las líneas TAJ-YAG23001 y 02.
2024-08-09,ENDE ANDINA,G,SUR40,09:00,18:04,Reducción de potencia de la unidad CCSUR40 a 100 MW por límite de transferencia en las líneas TAJ-YAG23001 y 02.
2024-08-10,ENDE ANDINA,G,SUR40,09:15,10:49,Reducción de potencia de la unidad CCSUR40 a 100 MW por límite de transferencia en las líneas TAJ-YAG23001 y 02.
2024-08-10,ENDE ANDINA,G,SUR40,10:49,16:06,Reducción de potencia de la unidad CCSUR40 a 90 MW por límite de transferencia en las líneas TAJ-YAG23001 y 02.
2024-08-10,ENDE ANDINA,G,SUR40,16:06,17:07,Reducción de potencia de la unidad CCSUR40 a 100 MW por límite de transferencia en las líneas TAJ-YAG23001 y 02.
2024-08-11,ENDE ANDINA,G,SUR20,08:33,10:12,Reducción de potencia de la unidad CCSUR20 a 105 MW por límite de transferencia en las líneas TAJ-YAG23001 y 02.
2024-08-11,ENDE ANDINA,G,SUR40,08:33,18:05,Reducción de potencia de la unidad CCSUR40 a 80.6 MW por límite de transferencia en las líneas TAJ-YAG23001 y 02.
2024-08-11,ENDE ANDINA,G,SUR20,10:12,16:22,Reducción de potencia de la unidad CCSUR20 a 95 MW por límite de transferencia en las líneas TAJ-YAG23001 y 02.
2024-08-12,ENDE ANDINA,G,SUR40,09:02,11:28,Reducción de potencia de la unidad CCSUR40 a 100 MW por límite de transferencia en las líneas TAJ-YAG23001 y 02.
2024-08-12,ENDE ANDINA,G,SUR40,11:28,18:05,Reducción de potencia de la unidad CCSUR40 a 90 MW por límite de transferencia en las líneas TAJ-YAG23001 y 02.
2024-08-13,ENDE ANDINA,G,SUR40,09:21,10:56,Reducción de potencia de la unidad CCSUR40 a 100 MW por límite de transferencia en las líneas TAJ-YAG23001 y 02.
2024-08-13,ENDE ANDINA,G,SUR40,10:56,17:25,Reducción de potencia de la unidad CCSUR40 a 90 MW por límite de transferencia en las líneas TAJ-YAG23001 y 02.
2024-08-13,ENDE ANDINA,G,SUR40,17:25,18:06,Reducción de potencia de la unidad CCSUR40 a 105 MW por límite de transferencia en las líneas TAJ-YAG23001 y 02.
2024-08-14,ENDE ANDINA,G,SUR40,09:22,11:49,Reducción de potencia de la unidad CCSUR40 a 100 MW por límite de transferencia en las líneas TAJ-YAG23001 y 02.
2024-08-14,ENDE ANDINA,G,SUR40,11:49,16:15,Reducción de potencia de la unidad CCSUR40 a 90 MW por límite de transferencia en las líneas TAJ-YAG23001 y 02.
2024-08-14,ENDE ANDINA,G,SUR40,16:15,18:05,Reducción de potencia de la unidad CCSUR40 a 100 MW por límite de transferencia en las líneas TAJ-YAG23001 y 02.
2024-08-15,ENDE ANDINA,G,SUR40,08:47,10:50,Reducción de potencia de la unidad CCSUR40 a 100 MW por límite de transferencia en las líneas TAJ-YAG23001 y 02.
2024-08-15,ENDE ANDINA,G,SUR40,10:50,14:35,Reducción de potencia de la unidad CCSUR40 a 90 MW por límite de transferencia en las líneas TAJ-YAG23001 y 02.
2024-08-15,ENDE ANDINA,G,SUR40,14:35,18:02,Reducción de potencia de la unidad CCSUR40 a 100 MW por límite de transferencia en las líneas TAJ-YAG23001 y 02.
2024-08-16,ENDE ANDINA,G,SUR40,09:02,10:17,Reducción de potencia de la unidad CCSUR40 a 100 MW por límite de transferencia en las líneas TAJ-YAG23001 y 02.
2024-08-16,ENDE ANDINA,G,SUR40,10:17,16:52,Reducción de potencia de la unidad CCSUR40 a 90 MW por límite de transferencia en las líneas TAJ-YAG23001 y 02.
2024-08-17,ENDE ANDINA,G,SUR40,08:32,10:16,Reducción de potencia de la unidad CCSUR40 a 100 MW por límite de transferencia en las líneas TAJ-YAG23001 y 02.
2024-08-17,ENDE ANDINA,G,SUR10,10:16,15:52,Reducción de potencia de la unidad CCSUR10 a 90 MW por límite de transferencia en las líneas TAJ-YAG23001 y 02.
2024-08-18,ENDE ANDINA,G,SUR10,08:33,10:00,Reducción de potencia de la unidad CCSUR10 a 75 MW por límite de transferencia en las líneas TAJ-YAG23001 y 02.
2024-08-18,ENDE ANDINA,G,SUR20,10:00,14:48,Reducción de potencia de la unidad CCSUR20 a 95 MW por límite de transferencia en las líneas TAJ-YAG23001 y 02.
2024-08-18,ENDE ANDINA,G,SUR10,10:00,16:27,Reducción de potencia de la unidad CCSUR10 a 73.4 MW por límite de transferencia en las líneas TAJ-YAG23001 y 02.
2024-08-18,ENDE ANDINA,G,SUR10,16:27,16:38,Reducción de potencia de la unidad CCSUR10 a 84 MW por límite de transferencia en las líneas TAJ-YAG23001 y 02.
2024-08-18,ENDE ANDINA,G,SUR10,16:38,17:06,Reducción de potencia de la unidad CCSUR10 a 92 MW por límite de transferencia en las líneas TAJ-YAG23001 y 02.
2024-08-19,ENDE ANDINA,G,SUR10,08:50,11:00,Reducción de potencia de la unidad CCSUR10 a 100 MW por límite de transferencia en las líneas TAJ-YAG23001 y 02.
2024-08-19,ENDE ANDINA,G,SUR10,11:00,15:41,Reducción de potencia de la unidad CCSUR10 a 90 MW por límite de transferencia en las líneas TAJ-YAG23001 y 02.
2024-08-19,ENDE ANDINA,G,SUR10,15:41,16:14,Reducción de potencia de la unidad CCSUR10 a 100 MW por límite de transferencia en las líneas TAJ-YAG23001 y 02.
2024-08-20,ENDE ANDINA,G,SUR10,10:18,17:00,Reducción de potencia de la unidad CCSUR10 a 90 MW por límite de transferencia en las líneas TAJ-YAG23001 y 02.
2024-08-20,ENDE ANDINA,G,SUR10,17:00,17:11,Reducción de potencia de la unidad CCSUR10 a 100 MW por límite de transferencia en las líneas TAJ-YAG23001 y 02.
2024-08-21,ENDE ANDINA,G,SUR10,08:42,10:22,Reducción de potencia de la unidad CCSUR10 a 100 MW por límite de transferencia en las líneas TAJ-YAG23001 y 02.
2024-08-21,ENDE ANDINA,G,SUR10,10:22,16:10,Reducción de potencia de la unidad CCSUR10 a 90 MW por límite de transferencia en las líneas TAJ-YAG23001 y 02.
2024-08-21,ENDE ANDINA,G,SUR10,16:10,16:39,Reducción de potencia de la unidad CCSUR10 a 100 MW por límite de transferencia en las líneas TAJ-YAG23001 y 02.
2024-08-22,ENDE ANDINA,G,SUR10,09:10,10:15,Reducción de potencia de la unidad CCSUR10 a 100 MW por límite de transferencia en las líneas TAJ-YAG23001 y 02.
2024-08-22,ENDE ANDINA,G,SUR10,10:15,12:20,Reducción de potencia de la unidad CCSUR10 a 90 MW por límite de transferencia en las líneas TAJ-YAG23001 y 02.
2024-08-22,ENDE ANDINA,G,SUR10,12:20,15:09,Reducción de potencia de la unidad CCSUR10 a 80 MW por límite de transferencia en las líneas TAJ-YAG23001 y 02.
2024-08-22,ENDE ANDINA,G,SUR10,15:09,15:47,Reducción de potencia de la unidad CCSUR10 a 90 MW por límite de transferencia en las líneas TAJ-YAG23001 y 02.
2024-08-22,ENDE ANDINA,G,SUR10,15:47,16:22,Reducción de potencia de la unidad CCSUR10 a 96 MW por límite de transferencia en las líneas TAJ-YAG23001 y 02.
2024-08-23,ENDE ANDINA,G,SUR10,08:31,11:05,Reducción de potencia de la unidad CCSUR10 a 100 MW por límite de transferencia en las líneas TAJ-YAG23001 y 02.
2024-08-23,ENDE ANDINA,G,SUR10,11:05,14:46,Reducción de potencia de la unidad CCSUR10 a 85 MW por límite de transferencia en las líneas TAJ-YAG23001 y 02.
2024-08-23,ENDE ANDINA,G,SUR10,14:46,15:41,Reducción de potencia de la unidad CCSUR10 a 95 MW por límite de transferencia en las líneas TAJ-YAG23001 y 02.
2024-08-23,ENDE ANDINA,G,SUR10,15:41,16:53,Reducción de potencia de la unidad CCSUR10 a 105 MW por límite de transferencia en las líneas TAJ-YAG23001 y 02.
2024-08-24,ENDE ANDINA,G,SUR10,08:09,10:36,Reducción de potencia de la unidad CCSUR10 a 77.7 por límite de transferencia en la líneas LCA230-THU23001.
2024-08-24,ENDE ANDINA,G,SUR20,08:09,10:42,Reducción de potencia de la unidad CCSUR20 a 79.1 por límite de transferencia en la líneas LCA230-THU23001.
2024-08-24,ENDE ANDINA,G,SUR20,10:42,11:22,Reducción de potencia de la unidad CCSUR20 a 90.0 por límite de transferencia en la líneas LCA230-THU23001.
2024-08-24,ENDE ANDINA,G,SUR20,11:22,11:33,Reducción de potencia de la unidad CCSUR20 a 95.0 por límite de transferencia en la líneas LCA230-THU23001.
2024-08-24,ENDE ANDINA,G,SUR20,11:33,17:00,Reducción de potencia de la unidad CCSUR20 a 106.0 por límite de transferencia en la líneas LCA230-THU23001.
2024-08-24,ENDE ANDINA,G,SUR11,11:33,17:00,Reducción de potencia de la unidad CCSUR11 a 43.0 por límite de transferencia en la líneas LCA230-THU23001.
2024-08-27,ENDE ANDINA,G,SUR41,14:25,15:57,Reducción de potencia de la unidad CCSUR41 a 40.5 MW por límite de transferencia en las líneas TAJ-YAG23001 y 02.
2024-08-28,ENDE ANDINA,G,SUR11,09:45,10:00,Reducción de potencia de la unidad CCSUR11 a 42.6 MW por límite de transferencia en las líneas TAJ-YAG23001 y 02.
2024-08-28,ENDE ANDINA,G,SUR41,12:21,14:44,Reducción de potencia de la unidad CCSUR41 a 50.0 MW por límite de transferencia en las líneas TAJ-YAG23001 y 02.
2024-08-29,ENDE ANDINA,G,SUR40,09:55,10:54,Reducción de potencia de la unidad CCSUR40 a 106 MW por límite de transferencia en las líneas TAJ-YAG23001 y 02.
2024-08-29,ENDE ANDINA,G,SUR40,10:54,11:51,Reducción de potencia de la unidad CCSUR40 a 98 MW por límite de transferencia en las líneas TAJ-YAG23001 y 02.
2024-08-29,ENDE ANDINA,G,SUR40,11:51,14:36,Reducción de potencia de la unidad CCSUR40 a 92 MW por límite de transferencia en las líneas TAJ-YAG23001 y 02.
2024-08-29,ENDE ANDINA,G,SUR40,14:36,15:14,Reducción de potencia de la unidad CCSUR40 a 100 MW por límite de transferencia en las líneas TAJ-YAG23001 y 02.
2024-08-29,ENDE ANDINA,G,SUR40,15:14,16:15,Reducción de potencia de la unidad CCSUR40 a 105 MW por límite de transferencia en las líneas TAJ-YAG23001 y 02.
2024-08-30,ENDE ANDINA,G,SUR40,08:50,09:22,Reducción de potencia de la unidad CCSUR40 a 110 MW por límite de transferencia en las líneas TAJ-YAG23001 y 02.
2024-08-30,ENDE ANDINA,G,SUR40,09:22,10:28,Reducción de potencia de la unidad CCSUR40 a 100 MW por límite de transferencia en las líneas TAJ-YAG23001 y 02.
2024-08-30,ENDE ANDINA,G,SUR40,10:28,11:08,Reducción de potencia de la unidad CCSUR40 a 95 MW por límite de transferencia en las líneas TAJ-YAG23001 y 02.
2024-08-30,ENDE ANDINA,G,SUR40,11:08,16:09,Reducción de potencia de la unidad CCSUR40 a 90 MW por límite de transferencia en las líneas TAJ-YAG23001 y 02.
2024-08-30,ENDE ANDINA,G,SUR40,16:09,18:04,Reducción de potencia de la unidad CCSUR40 a 100 MW por límite de transferencia en las líneas TAJ-YAG23001 y 02.
2024-08-31,ENDE ANDINA,G,SUR40,07:47,07:57,Reducción de potencia de la unidad CCSUR40 a 105 MW por límite de transferencia en las líneas TAJ-YAG23001 y 02.
2024-08-31,ENDE ANDINA,G,SUR40,07:57,11:43,Reducción de potencia de la unidad CCSUR40 a 95 MW por límite de transferencia en las líneas TAJ-YAG23001 y 02.
2024-08-31,ENDE ANDINA,G,SUR40,11:43,16:10,Reducción de potencia de la unidad CCSUR40 a 85 MW por límite de transferencia en las líneas TAJ-YAG23001 y 02.
2024-08-31,ENDE ANDINA,G,SUR40,16:10,18:04,Reducción de potencia de la unidad CCSUR40 a 105 MW por límite de transferencia en las líneas TAJ-YAG23001 y 02.
2024-09-01,ENDE ANDINA,G,SUR20,14:22,16:07,Reducción de potencia de la unidad CCSUR20 a 90 MW por límite de transferencia en las líneas TAJ-YAG23001 y 02.
2024-09-01,ENDE ANDINA,G,SUR40,14:22,18:01,Reducción de potencia de la unidad CCSUR40 a 78 MW por límite de transferencia en las líneas TAJ-YAG23001 y 02.
2024-09-02,ENDE ANDINA,G,SUR40,08:34,10:04,Reducción de potencia de la unidad CCSUR40 a 105 MW por límite de transferencia en las líneas TAJ-YAG23001 y 02.
2024-09-02,ENDE ANDINA,G,SUR40,10:04,12:11,Reducción de potencia de la unidad CCSUR40 a 95 MW por límite de transferencia en las líneas TAJ-YAG23001 y 02.
2024-09-02,ENDE ANDINA,G,SUR40,12:11,14:53,Reducción de potencia de la unidad CCSUR40 a 90 MW por límite de transferencia en las líneas TAJ-YAG23001 y 02.
2024-09-02,ENDE ANDINA,G,SUR40,14:53,17:54,Reducción de potencia de la unidad CCSUR40 a 100 MW por límite de transferencia en las líneas TAJ-YAG23001 y 02.
2024-09-02,ENDE ANDINA,G,SUR40,17:54,18:01,Reducción de potencia de la unidad CCSUR40 a 108 MW por límite de transferencia en las líneas TAJ-YAG23001 y 02.
2024-09-03,ENDE ANDINA,G,SUR40,08:39,09:14,Reducción de potencia de la unidad CCSUR40 a 105 MW por límite de transferencia en las líneas TAJ-YAG23001 y 02.
2024-09-03,ENDE ANDINA,G,SUR40,09:14,17:26,Reducción de potencia de la unidad CCSUR40 a 95 MW por límite de transferencia en las líneas TAJ-YAG23001 y 02.
2024-09-03,ENDE ANDINA,G,SUR40,17:26,18:02,Reducción de potencia de la unidad CCSUR40 a 105 MW por límite de transferencia en las líneas TAJ-YAG23001 y 02.
2024-09-04,ENDE ANDINA,G,SUR40,08:17,09:06,Reducción de potencia de la unidad CCSUR40 a 105 MW por límite de transferencia en las líneas TAJ-YAG23001 y 02.
2024-09-04,ENDE ANDINA,G,SUR40,09:06,12:06,Reducción de potencia de la unidad CCSUR40 a 95 MW por límite de transferencia en las líneas TAJ-YAG23001 y 02.
2024-09-04,ENDE ANDINA,G,SUR40,12:06,16:37,Reducción de potencia de la unidad CCSUR40 a 90 MW por límite de transferencia en las líneas TAJ-YAG23001 y 02.
2024-09-05,ENDE ANDINA,G,SUR40,08:04,09:08,Reducción de potencia de la unidad CCSUR40 a 105 MW por límite de transferencia en las líneas TAJ-YAG23001 y 02.
2024-09-05,ENDE ANDINA,G,SUR40,09:08,10:52,Reducción de potencia de la unidad CCSUR40 a 95 MW por límite de transferencia en las líneas TAJ-YAG23001 y 02.
2024-09-05,ENDE ANDINA,G,SUR40,10:52,16:29,Reducción de potencia de la unidad CCSUR40 a 90 MW por límite de transferencia en las líneas TAJ-YAG23001 y 02.
2024-09-06,ENDE ANDINA,G,SUR40,08:05,10:33,Reducción de potencia de la unidad CCSUR40 a 105 MW por límite de transferencia en las líneas TAJ-YAG23001 y 02.
2024-09-06,ENDE ANDINA,G,SUR40,10:33,15:52,Reducción de potencia de la unidad CCSUR40 a 95 MW por límite de transferencia en las líneas TAJ-YAG23001 y 02.
2024-09-07,ENDE ANDINA,G,SUR40,09:47,15:04,Reducción de potencia de la unidad CCSUR40 a 100 MW por límite de transferencia en las líneas TAJ-YAG23001 y 02.
2024-09-08,ENDE ANDINA,G,SUR20,08:20,09:25,Reducción de potencia de la unidad CCSUR20 a 90 MW por límite de transferencia en la línea CAR-ARB230 por trabajos programados en la línea CAR-YAP23001.
2024-09-08,ENDE ANDINA,G,SUR40,08:20,10:41,Reducción de potencia de la unidad CCSUR40 a 79.5 MW por límite de transferencia en la línea CAR-ARB230 por trabajos programados en la línea CAR-YAP23001.
2024-09-08,ENDE VALLE HERMOSO,G,ALT02,08:20,10:41,Reducción de potencia de la unidad ALT02 a 20.5 MW por límite de transferencia en la línea CAR-ARB230 por trabajos programados en la línea CAR-YAP23001.
2024-09-08,ENDE ANDINA,G,ERI30,08:20,11:01,Reducción de potencia de la unidad CCERI30 a 82.9 MW por límite de transferencia en la línea CAR-ARB230 por trabajos programados en la línea CAR-YAP23001.
2024-09-08,ENDE ANDINA,G,ERI40,08:20,11:01,Reducción de potencia de la unidad CCERI30 a 83.0 MW por límite de transferencia en la línea CAR-ARB230 por trabajos programados en la línea CAR-YAP23001.
2024-09-08,ENDE ANDINA,G,ERI50,08:20,11:19,Reducción de potencia de la unidad CCERI50 a 82.9 MW por límite de transferencia en la línea CAR-ARB230 por trabajos programados en la línea CAR-YAP23001.
2024-09-08,ENDE ANDINA,G,SUR20,09:25,10:41,Reducción de potencia de la unidad CCSUR20 a 105 MW por límite de transferencia en la línea CAR-ARB230 por trabajos programados en la línea CAR-YAP23001.
2024-09-08,ENDE ANDINA,G,SUR20,10:41,15:36,Reducción de potencia de la unidad CCSUR20 a 95 MW por límite de transferencia en las líneas TAJ-YAG23001 y 02.
2024-09-08,ENDE ANDINA,G,SUR40,10:41,16:37,Reducción de potencia de la unidad CCSUR40 a 79.5 MW por límite de transferencia en las líneas TAJ-YAG23001 y 02.
2024-09-08,ENDE ANDINA,G,SUR40,16:37,17:14,Reducción de potencia de la unidad CCSUR40 a 100.0 MW por límite de transferencia en las líneas TAJ-YAG23001 y 02.
2024-09-09,ENDE ANDINA,G,SUR40,08:51,14:55,Reducción de potencia de la unidad CCSUR40 a 100 MW por límite de transferencia en las líneas TAJ-YAG23001 y 02.
2024-09-10,ENDE ANDINA,G,SUR40,09:14,12:57,Reducción de potencia de la unidad CCSUR40 a 105 MW por límite de transferencia en las líneas TAJ-YAG23001 y 02.
2024-09-11,ENDE ANDINA,G,SUR40,09:49,14:31,Reducción de potencia de la unidad CCSUR40 a 105 MW por límite de transferencia en las líneas TAJ-YAG23001 y 02.
2024-09-12,ENDE ANDINA,G,SUR40,07:19,09:03,Reducción de potencia de la unidad CCSUR40 a 105 MW por límite de transferencia en las líneas TAJ-YAG23001 y 02.
2024-09-12,ENDE ANDINA,G,SUR40,09:03,10:10,Reducción de potencia de la unidad CCSUR40 a 90 MW por límite de transferencia en las líneas TAJ-YAG23001 y 02.
2024-09-12,ENDE ANDINA,G,SUR40,10:10,18:16,Reducción de potencia de la unidad CCSUR40 a 80 MW por límite de transferencia en las líneas TAJ-YAG23001 y 02.
2024-09-12,ENDE ANDINA,G,SUR11,15:36,22:47,Reducción de potencia de la unidad CCSUR11 a 41 MW por límite de transferencia en las líneas TAJ-YAG23001 y 02.
2024-09-12,ENDE ANDINA,G,SUR20,15:55,18:07,Reducción de potencia de la unidad CCSUR20 a 100 MW por límite de transferencia en las líneas TAJ-YAG23001 y 02.
2024-09-12,ENDE ANDINA,G,SUR40,18:16,22:02,Reducción de potencia de la unidad CCSUR40 a 110 MW por límite de transferencia en las líneas TAJ-YAG23001 y 02.
2024-09-12,ENDE ANDINA,G,SUR40,22:02,22:56,Reducción de potencia de la unidad CCSUR40 a 85 MW por límite de transferencia en las líneas TAJ-YAG23001 y 02.
2024-09-12,ENDE ANDINA,G,SUR40,22:56,23:53,Reducción de potencia de la unidad CCSUR40 a 110 MW por límite de transferencia en las líneas TAJ-YAG23001 y 02.
2024-09-13,ENDE ANDINA,G,SUR40,07:33,08:23,Reducción de potencia de la unidad CCSUR40 a 100 MW por límite de transferencia de las líneas PUN-SUC230 y PUN-POT115.
2024-09-13,ENDE ANDINA,G,SUR40,08:23,15:54,Reducción de potencia de la unidad CCSUR40 a 79 MW por límite de transferencia de las líneas PUN-SUC230 y PUN-POT115.
2024-09-13,ENDE ANDINA,G,SUR20,10:03,13:03,Reducción de potencia de la unidad CCSUR20 a 102 MW por límite de transferencia de las líneas PUN-SUC230 y PUN-POT115.
2024-09-13,ENDE ANDINA,G,SUR20,13:03,15:31,Reducción de potencia de la unidad CCSUR20 a 95 MW por límite de transferencia de las líneas PUN-SUC230 y PUN-POT115.
2024-09-13,ENDE ANDINA,G,SUR40,15:54,16:34,Reducción de potencia de la unidad CCSUR40 a 90 MW por límite de transferencia de las líneas PUN-SUC230 y PUN-POT115.
2024-09-13,ENDE ANDINA,G,SUR40,16:34,17:50,Reducción de potencia de la unidad CCSUR40 a 100 MW por límite de transferencia de las líneas PUN-SUC230 y PUN-POT115.
2024-09-14,ENDE ANDINA,G,SUR40,07:16,07:58,Reducción de potencia de la unidad CCSUR40 a 100 MW por límite de transferencia de las líneas PUN-POT115 y PUN-SUC230.
2024-09-14,ENDE ANDINA,G,SUR40,07:58,16:57,Reducción de potencia de la unidad CCSUR40 a 80 MW por límite de transferencia de las líneas PUN-POT115 y PUN-SUC230.
2024-09-14,ENDE ANDINA,G,SUR20,10:01,16:47,Reducción de potencia de la unidad CCSUR20 a 100 MW por límite de transferencia de las líneas PUN-POT115 y PUN-SUC230.
2024-09-14,ENDE ANDINA,G,SUR40,16:57,17:33,Reducción de potencia de la unidad CCSUR40 a 90 MW por límite de transferencia de las líneas PUN-POT115 y PUN-SUC230.
2024-09-14,ENDE ANDINA,G,SUR40,17:33,17:54,Reducción de potencia de la unidad CCSUR40 a 100 MW por límite de transferencia de las líneas PUN-POT115 y PUN-SUC230.
2024-09-15,ENDE ANDINA,G,SUR20,08:55,16:48,Reducción de potencia de la unidad CCSUR20 a 76 MW por límite de transferencia de las líneas PUN-POT115 y PUN-SUC230.
2024-09-15,ENDE ANDINA,G,SUR40,08:55,17:38,Reducción de potencia de la unidad CCSUR40 a 79 MW por límite de transferencia de las líneas PUN-POT115 y PUN-SUC230.
2024-09-15,ENDE ANDINA,G,SUR20,16:48,16:58,Reducción de potencia de la unidad CCSUR20 a 95 MW por límite de transferencia de las líneas PUN-POT115 y PUN-SUC230.
2024-09-15,ENDE ANDINA,G,SUR40,17:36,17:55,Reducción de potencia de la unidad CCSUR20 a 90 MW por límite de transferencia de las líneas PUN-POT115 y PUN-SUC230.
2024-09-16,ENDE ANDINA,G,SUR40,06:24,07:49,Reducción de potencia de la unidad CCSUR40 a 105 MW por límite de transferencia de las líneas PUN-POT115 y PUN-SUC230.
2024-09-16,ENDE ANDINA,G,SUR40,07:49,17:10,Reducción de potencia de la unidad CCSUR40 a 80 MW por límite de transferencia de las líneas PUN-POT115 y PUN-SUC230.
2024-09-16,ENDE ANDINA,G,SUR20,09:37,12:51,Reducción de potencia de la unidad CCSUR20 a 100 MW por límite de transferencia de las líneas PUN-POT115 y PUN-SUC230.
2024-09-16,ENDE ANDINA,G,SUR20,12:51,16:38,Reducción de potencia de la unidad CCSUR20 a 92 MW por límite de transferencia de las líneas PUN-POT115 y PUN-SUC230.
2024-09-16,ENDE ANDINA,G,SUR40,17:10,17:28,Reducción de potencia de la unidad CCSUR40 a 100 MW por límite de transferencia de las líneas PUN-POT115 y PUN-SUC230.
2024-09-17,ENDE ANDINA,G,SUR40,08:10,09:32,Reducción de potencia de la unidad CCSUR40 a 105 MW por límite de transferencia en las líneas TAJ-YAG23001 y 02.
2024-09-17,ENDE ANDINA,G,SUR40,09:32,13:43,Reducción de potencia de la unidad CCSUR40 a 95 MW por límite de transferencia en las líneas TAJ-YAG23001 y 02.
2024-09-18,ENDE ANDINA,G,SUR40,08:15,08:56,Reducción de potencia de la unidad CCSUR40 a 100 MW por límite de transferencia en las líneas POT-PUN115 Y SUC-PUN230.
2024-09-18,ENDE ANDINA,G,SUR40,08:56,12:54,Reducción de potencia de la unidad CCSUR40 a 85 MW por límite de transferencia en las líneas POT-PUN115 Y SUC-PUN230.
2024-09-18,ENDE ANDINA,G,SUR40,12:54,14:55,Reducción de potencia de la unidad CCSUR40 a 95 MW por límite de transferencia en las líneas POT-PUN115 Y SUC-PUN230.
2024-09-19,ENDE ANDINA,G,SUR40,09:40,11:03,Reducción de potencia de la unidad CCSUR40 a 100 MW por límite de transferencia en las líneas TAJ-YAG23001 y 02.
2024-09-19,ENDE ANDINA,G,SUR40,11:03,12:21,Reducción de potencia de la unidad CCSUR40 a 95 MW por límite de transferencia en las líneas TAJ-YAG23001 y 02.
2024-09-19,ENDE ANDINA,G,SUR40,12:21,14:25,Reducción de potencia de la unidad CCSUR40 a 100 MW por límite de transferencia en las líneas TAJ-YAG23001 y 02.
2024-09-20,ENDE ANDINA,G,SUR40,08:51,09:28,Reducción de potencia de la unidad CCSUR40 a 100 MW por límite de transferencia en las líneas TAJ-YAG23001 y 02.
2024-09-20,ENDE ANDINA,G,SUR40,09:28,11:36,Reducción de potencia de la unidad CCSUR40 a 90 MW por límite de transferencia en las líneas TAJ-YAG23001 y 02.
2024-09-20,ENDE ANDINA,G,SUR40,11:36,14:22,Reducción de potencia de la unidad CCSUR40 a 80 MW por límite de transferencia en las líneas PUN-SUC230 y POT-PUN115.
2024-09-20,ENDE ANDINA,G,SUR40,14:22,14:38,Reducción de potencia de la unidad CCSUR40 a 85 MW por límite de transferencia en las líneas TAJ-YAG23001 y 02.
2024-09-20,ENDE ANDINA,G,SUR40,14:38,15:02,Reducción de potencia de la unidad CCSUR40 a 90 MW por límite de transferencia en las líneas TAJ-YAG23001 y 02.
2024-09-20,ENDE ANDINA,G,SUR40,15:02,15:17,Reducción de potencia de la unidad CCSUR40 a 95 MW por límite de transferencia en las líneas TAJ-YAG23001 y 02.
2024-09-20,ENDE ANDINA,G,SUR40,15:17,15:35,Reducción de potencia de la unidad CCSUR40 a 100 MW por límite de transferencia en las líneas TAJ-YAG23001 y 02.
2024-09-21,ENDE ANDINA,G,SUR40,07:50,09:12,Reducción de potencia de la unidad CCSUR40 a 80 MW por mantenimiento de línea THU-LCA230.
2024-09-21,ENDE ANDINA,G,SUR20,07:55,09:12,Reducción de potencia de la unidad CCSUR20 a 100 MW por mantenimiento de línea THU-LCA230.
2024-09-21,ENDE ANDINA,G,SUR40,09:12,10:55,Reducción de potencia de la unidad CCSUR40 a 75 MW por mantenimiento de línea THU-LCA230.
2024-09-21,ENDE ANDINA,G,SUR20,09:12,11:00,Reducción de potencia de la unidad CCSUR20 a 105 MW por mantenimiento de línea THU-LCA230.
2024-09-21,ENDE ANDINA,G,SUR40,10:55,11:34,Reducción de potencia de la unidad CCSUR40 a 78 MW por mantenimiento de línea THU-LCA230.
2024-09-21,ENDE ANDINA,G,SUR40,11:34,11:51,Reducción de potencia de la unidad CCSUR40 a 80 MW por mantenimiento de línea THU-LCA230.
2024-09-21,ENDE ANDINA,G,SUR40,11:51,15:02,Reducción de potencia de la unidad CCSUR40 a 84 MW por mantenimiento de línea THU-LCA230.
2024-09-21,ENDE ANDINA,G,SUR40,15:02,15:56,Reducción de potencia de la unidad CCSUR40 a 92 MW por mantenimiento de línea THU-LCA230.
2024-09-21,ENDE ANDINA,G,SUR40,15:56,17:10,Reducción de potencia de la unidad CCSUR40 a 87 MW por mantenimiento de línea THU-LCA230.
2024-09-22,ENDE ANDINA,G,SUR40,08:02,08:15,Reducción de potencia de la unidad CCSUR40 a 100 MW por límite de transferencia en las líneas TAJ-YAG23001 y 02.
2024-09-22,ENDE ANDINA,G,SUR40,08:15,09:22,Reducción de potencia de la unidad CCSUR40 a 90 MW por límite de transferencia en las líneas TAJ-YAG23001 y 02.
2024-09-22,ENDE ANDINA,G,SUR40,09:22,15:14,Reducción de potencia de la unidad CCSUR40 a 80 MW por límite de transferencia en las líneas TAJ-YAG23001 y 02.
2024-09-22,ENDE ANDINA,G,SUR40,15:14,15:48,Reducción de potencia de la unidad CCSUR40 a 87 MW por límite de transferencia en las líneas TAJ-YAG23001 y 02.
2024-09-24,ENDE ANDINA,G,SUR40,08:30,09:11,Reducción de potencia de la unidad CCSUR40 a 105 MW por límite de transferencia en las líneas TAJ-YAG23001 y 02.
2024-09-24,ENDE ANDINA,G,SUR40,09:11,09:16,Reducción de potencia de la unidad CCSUR40 a 95 MW por límite de transferencia en las líneas TAJ-YAG23001 y 02.
2024-09-24,ENDE ANDINA,G,SUR40,09:16,09:32,Reducción de potencia de la unidad CCSUR40 a 85 MW por límite de transferencia en las líneas TAJ-YAG23001 y 02.
2024-09-24,ENDE ANDINA,G,SUR40,09:32,10:28,Reducción de potencia de la unidad CCSUR40 a 80 MW por límite de transferencia en las líneas TAJ-YAG23001 y 02.
2024-09-24,ENDE ANDINA,G,SUR40,10:28,15:07,Reducción de potencia de la unidad CCSUR40 a 75 MW por límite de transferencia en las líneas TAJ-YAG23001 y 02.
2024-09-24,ENDE ANDINA,G,SUR20,11:13,12:07,Reducción de potencia de la unidad CCSUR20 a 100 MW por límite de transferencia en las líneas TAJ-YAG23001 y 02.
2024-09-24,ENDE ANDINA,G,SUR11,11:13,17:08,Reducción de potencia de la unidad CCSUR11 a 39 MW por límite de transferencia en las líneas TAJ-YAG23001 y 02.
2024-09-24,ENDE ANDINA,G,SUR20,12:07,12:20,Reducción de potencia de la unidad CCSUR20 a 90 MW por límite de transferencia en las líneas PUN-SUC230.
2024-09-24,ENDE ANDINA,G,SUR20,12:20,15:06,Reducción de potencia de la unidad CCSUR20 a 100 MW por límite de transferencia en las líneas TAJ-YAG23001 y 02.
2024-09-24,ENDE ANDINA,G,SUR40,15:07,15:21,Reducción de potencia de la unidad CCSUR40 a 82 MW por límite de transferencia en las líneas TAJ-YAG23001 y 02.
2024-09-24,ENDE ANDINA,G,SUR40,15:21,16:17,Reducción de potencia de la unidad CCSUR40 a 92 MW por límite de transferencia en las líneas TAJ-YAG23001 y 02.
2024-09-25,ENDE ANDINA,G,SUR40,10:31,14:24,Reducción de potencia de la unidad CCSUR40 a 104 MW por límite de transferencia en las líneas TAJ-YAG23001 y 02.
2024-09-25,ENDE ANDINA,G,SUR11,16:50,17:40,Reducción de potencia de la unidad CCSUR11 a 38.8 MW por límite de transferencia en las líneas TAJ-YAG23001 y 02.
2024-09-26,ENDE ANDINA,G,SUR40,09:14,09:42,Reducción de potencia de la unidad CCSUR40 a 105 MW por límite de transferencia en las líneas TAJ-YAG23001 y 02.
2024-09-26,ENDE ANDINA,G,SUR40,09:42,10:16,Reducción de potencia de la unidad CCSUR40 a 100 MW por límite de transferencia en las líneas TAJ-YAG23001 y 02.
2024-09-26,ENDE ANDINA,G,SUR40,10:16,14:54,Reducción de potencia de la unidad CCSUR40 a 90 MW por límite de transferencia en las líneas TAJ-YAG23001 y 02.
2024-09-26,ENDE ANDINA,G,SUR40,14:54,17:00,Reducción de potencia de la unidad CCSUR40 a 105 MW por límite de transferencia en las líneas TAJ-YAG23001 y 02.
2024-09-27,ENDE ANDINA,G,SUR40,08:22,09:15,Reducción de potencia de la unidad CCSUR40 a 105 MW por límite de transferencia en las líneas TAJ-YAG23001 y 02.
2024-09-27,ENDE ANDINA,G,SUR40,09:15,11:27,Reducción de potencia de la unidad CCSUR40 a 95 MW por límite de transferencia en las líneas TAJ-YAG23001 y 02.
2024-09-27,ENDE ANDINA,G,SUR40,11:27,15:41,Reducción de potencia de la unidad CCSUR40 a 90 MW por límite de transferencia en las líneas TAJ-YAG23001 y 02.
2024-09-28,ENDE ANDINA,G,SUR40,08:06,08:28,Reducción de potencia de la unidad CCSUR40 a 105 MW por límite de transferencia en las líneas TAJ-YAG23001 y 02.
2024-09-28,ENDE ANDINA,G,SUR40,08:28,11:33,Reducción de potencia de la unidad CCSUR40 a 95 MW por límite de transferencia en las líneas TAJ-YAG23001 y 02.
2024-09-28,ENDE ANDINA,G,SUR40,11:33,13:43,Reducción de potencia de la unidad CCSUR40 a 90 MW por límite de transferencia en las líneas TAJ-YAG23001 y 02.
2024-09-28,ENDE ANDINA,G,SUR40,13:43,15:30,Reducción de potencia de la unidad CCSUR40 a 95 MW por límite de transferencia en las líneas TAJ-YAG23001 y 02.
2024-09-29,ENDE ANDINA,G,SUR40,07:43,07:58,Reducción de potencia de la unidad CCSUR40 a 100 MW por límite de transferencia en las líneas TAJ-YAG23001 y 02.
2024-09-29,ENDE ANDINA,G,SUR40,07:58,08:12,Reducción de potencia de la unidad CCSUR40 a 90 MW por límite de transferencia en las líneas TAJ-YAG23001 y 02.
2024-09-29,ENDE ANDINA,G,SUR40,08:12,10:00,Reducción de potencia de la unidad CCSUR40 a 76.8 MW por límite de transferencia en las líneas TAJ-YAG23001 y 02.
2024-09-29,ENDE ANDINA,G,SUR40,10:00,15:12,Reducción de potencia de la unidad CCSUR40 a 75.2 MW por límite de transferencia en las líneas TAJ-YAG23001 y 02.
2024-09-29,ENDE ANDINA,G,SUR40,15:12,16:15,Reducción de potencia de la unidad CCSUR40 a 90 MW por límite de transferencia en las líneas TAJ-YAG23001 y 02.
2024-09-30,ENDE ANDINA,G,SUR40,08:50,13:03,Reducción de potencia de la unidad CCSUR40 a 105 MW por límite de transferencia en las líneas TAJ-YAG23001 y 02.
2024-10-01,ENDE ANDINA,G,SUR40,08:20,08:37,Reducción de potencia de la unidad CCSUR40 a 105 MW por límite de transferencia en las líneas TAJ-YAG23001 y 02.
2024-10-01,ENDE ANDINA,G,SUR40,08:37,10:50,Reducción de potencia de la unidad CCSUR40 a 95 MW por límite de transferencia en las líneas TAJ-YAG23001 y 02.
2024-10-01,ENDE ANDINA,G,SUR40,10:50,11:05,Reducción de potencia de la unidad CCSUR40 a 85 MW por límite de transferencia en las líneas TAJ-YAG23001 y 02.
2024-10-01,ENDE ANDINA,G,SUR40,11:05,11:36,Reducción de potencia de la unidad CCSUR40 a 78 MW por límite de transferencia en las líneas TAJ-YAG23001 y 02.
2024-10-01,ENDE ANDINA,G,SUR11,11:05,17:23,Reducción de potencia de la unidad CCSUR11 a 38.1 MW por límite de transferencia en las líneas TAJ-YAG23001 y 02.
2024-10-01,ENDE ANDINA,G,SUR40,11:36,15:01,Reducción de potencia de la unidad CCSUR40 a 75 MW por límite de transferencia en las líneas TAJ-YAG23001 y 02.
2024-10-01,ENDE ANDINA,G,SUR40,15:01,17:11,Reducción de potencia de la unidad CCSUR40 a 90 MW por límite de transferencia en las líneas TAJ-YAG23001 y 02.
2024-10-02,ENDE ANDINA,G,SUR40,08:49,09:50,Reducción de potencia de la unidad CCSUR40 a 105 MW por límite de transferencia en las líneas TAJ-YAG23001 y 02.
2024-10-02,ENDE ANDINA,G,SUR40,09:50,10:34,Reducción de potencia de la unidad CCSUR40 a 100 MW por límite de transferencia en las líneas TAJ-YAG23001 y 02.
2024-10-02,ENDE ANDINA,G,SUR40,10:34,10:47,Reducción de potencia de la unidad CCSUR40 a 95 MW por límite de transferencia en las líneas TAJ-YAG23001 y 02.
2024-10-02,ENDE ANDINA,G,SUR40,10:47,11:41,Reducción de potencia de la unidad CCSUR40 a 90 MW por límite de transferencia en las líneas TAJ-YAG23001 y 02.
2024-10-02,ENDE ANDINA,G,SUR40,11:41,12:01,Reducción de potencia de la unidad CCSUR40 a 78 MW por límite de transferencia en las líneas TAJ-YAG23001 y 02.
2024-10-02,ENDE ANDINA,G,SUR40,12:01,12:08,Reducción de potencia de la unidad CCSUR40 a 85 MW por límite de transferencia en las líneas TAJ-YAG23001 y 02.
2024-10-02,ENDE ANDINA,G,SUR40,12:08,17:37,Reducción de potencia de la unidad CCSUR40 a 90 MW por límite de transferencia en las líneas TAJ-YAG23001 y 02.
2024-10-02,ENDE ANDINA,G,SUR11,15:37,18:01,Reducción de potencia de la unidad CCSUR11 a 39.5 MW por límite de transferencia en las líneas TAJ-YAG23001 y 02.
2024-10-03,ENDE ANDINA,G,SUR40,08:11,08:59,Reducción de potencia de la unidad CCSUR40 a 105 MW por límite de transferencia en las líneas TAJ-YAG23001 y 02.
2024-10-03,ENDE ANDINA,G,SUR40,08:59,09:07,Reducción de potencia de la unidad CCSUR40 a 100 MW por límite de transferencia en las líneas TAJ-YAG23001 y 02.
2024-10-03,ENDE ANDINA,G,SUR40,09:07,10:08,Reducción de potencia de la unidad CCSUR40 a 90 MW por límite de transferencia en las líneas TAJ-YAG23001 y 02.
2024-10-03,ENDE ANDINA,G,SUR40,10:08,14:02,Reducción de potencia de la unidad CCSUR40 a 85 MW por límite de transferencia en las líneas TAJ-YAG23001 y 02.
2024-10-03,ENDE ANDINA,G,SUR40,14:02,16:04,Reducción de potencia de la unidad CCSUR40 a 76.2 MW por límite de transferencia en las líneas TAJ-YAG23001 y 02.
2024-10-03,ENDE ANDINA,G,SUR11,14:50,18:01,Reducción de potencia de la unidad CCSUR11 a 39.5 MW por límite de transferencia en las líneas TAJ-YAG23001 y 02.
2024-10-03,ENDE ANDINA,G,SUR40,16:04,17:00,Reducción de potencia de la unidad CCSUR40 a 95 MW por límite de transferencia en las líneas TAJ-YAG23001 y 02.
2024-10-04,ENDE ANDINA,G,SUR40,09:06,11:05,Reducción de potencia de la unidad CCSUR40 a 105 MW por límite de transferencia en las líneas TAJ-YAG23001 y 02.
2024-10-04,ENDE ANDINA,G,SUR40,11:05,14:26,Reducción de potencia de la unidad CCSUR40 a 95 MW por límite de transferencia en las líneas TAJ-YAG23001 y 02.
2024-10-06,ENDE ANDINA,G,SUR40,06:14,07:33,Reducción de potencia de la unidad CCSUR40 a 90 MW por límite de transferencia en la línea en 115 kV Potosí  Catavi por trabajos programados en la línea SAN-SUC230.
2024-10-06,ENDE ANDINA,G,SUR40,07:33,10:31,Reducción de potencia de la unidad CCSUR40 a 75 MW por límite de transferencia en la línea en 115 kV Potosí  Catavi por trabajos programados en la línea SAN-SUC230.
2024-10-06,ENDE ANDINA,G,SUR40,10:31,12:22,Reducción de potencia de la unidad CCSUR40 a 85 MW por límite de transferencia en la línea en 115 kV Potosí  Catavi por trabajos programados en la línea SAN-SUC230.
2024-10-06,ENDE ANDINA,G,SUR40,12:22,14:13,Reducción de potencia de la unidad CCSUR40 a 95 MW por límite de transferencia en la línea en 115 kV Potosí  Catavi por trabajos programados en la línea SAN-SUC230.
2024-10-07,ENDE ANDINA,G,SUR40,07:46,09:10,Reducción de potencia de la unidad CCSUR40 a 90 MW por límite de transferencia en las líneas TAJ-YAG23001 y 02.
2024-10-07,ENDE ANDINA,G,SUR11,07:46,18:05,Reducción de potencia de la unidad CCSUR11 a 39.2 MW por límite de transferencia en las líneas TAJ-YAG23001 y 02.
2024-10-07,ENDE ANDINA,G,SUR40,09:10,13:01,Reducción de potencia de la unidad CCSUR40 a 80 MW por límite de transferencia en las líneas TAJ-YAG23001 y 02.
2024-10-07,ENDE ANDINA,G,SUR40,13:01,14:57,Reducción de potencia de la unidad CCSUR40 a 95 MW por límite de transferencia en las líneas TAJ-YAG23001 y 02.
2024-10-08,ENDE ANDINA,G,SUR40,00:58,08:24,Reducción de potencia de la unidad CCSUR40 a 100 MW por límite de transferencia en las líneas TAJ-YAG23001 y 02.
2024-10-08,ENDE ANDINA,G,SUR11,00:58,22:19,Reducción de potencia de la unidad CCSUR11 a 39.7 MW por límite de transferencia en las líneas TAJ-YAG23001 y 02.
2024-10-08,ENDE ANDINA,G,SUR40,08:24,09:30,Reducción de potencia de la unidad CCSUR40 a 85 MW por límite de transferencia en las líneas TAJ-YAG23001 y 02.
2024-10-08,ENDE ANDINA,G,SUR40,09:30,18:05,Reducción de potencia de la unidad CCSUR40 a 78 MW por límite de transferencia en las líneas TAJ-YAG23001 y 02.
2024-10-08,ENDE ANDINA,G,SUR20,11:09,13:55,Reducción de potencia de la unidad CCSUR20 a 100 MW por límite de transferencia en las líneas TAJ-YAG23001 y 02.
2024-10-08,ENDE ANDINA,G,SUR20,13:55,16:08,Reducción de potencia de la unidad CCSUR20 a 90 MW por límite de transferencia en las líneas TAJ-YAG23001 y 02.
2024-10-08,ENDE ANDINA,G,SUR20,16:08,16:33,Reducción de potencia de la unidad CCSUR20 a 100 MW por límite de transferencia en las líneas TAJ-YAG23001 y 02.
2024-10-08,ENDE ANDINA,G,SUR40,22:19,24:00,Reducción de potencia de la unidad CCSUR40 a 95 MW por límite de transferencia en las líneas TAJ-YAG23001 y 02.
2024-10-08,ENDE ANDINA,G,SUR11,22:19,24:00,Reducción de potencia de la unidad CCSUR11 a 41.9 MW por límite de transferencia en las líneas TAJ-YAG23001 y 02.
2024-10-09,ENDE ANDINA,G,SUR40,00:00,04:29,Reducción de potencia de la unidad CCSUR40 a 95 MW por límite de transferencia en las líneas TAJ-YAG23001 y 02.
2024-10-09,ENDE ANDINA,G,SUR11,00:00,24:00,Reducción de potencia de la unidad CCSUR11 a 41.9 MW por límite de transferencia en las líneas TAJ-YAG23001 y 02.
2024-10-09,ENDE ANDINA,G,SUR40,04:29,08:31,Reducción de potencia de la unidad CCSUR40 a 85 MW por límite de transferencia en las líneas TAJ-YAG23001 y 02.
2024-10-09,ENDE ANDINA,G,SUR20,08:31,10:31,Reducción de potencia de la unidad CCSUR20 a 100 MW por límite de transferencia en las líneas TAJ-YAG23001 y 02.
2024-10-09,ENDE ANDINA,G,SUR40,08:31,18:12,Reducción de potencia de la unidad CCSUR40 a 80 MW por límite de transferencia en las líneas TAJ-YAG23001 y 02.
2024-10-09,ENDE ANDINA,G,SUR20,10:31,13:45,Reducción de potencia de la unidad CCSUR20 a 90 MW por límite de transferencia en las líneas TAJ-YAG23001 y 02.
2024-10-09,ENDE ANDINA,G,SUR20,13:45,17:48,Reducción de potencia de la unidad CCSUR20 a 80 MW por límite de transferencia en las líneas TAJ-YAG23001 y 02.
2024-10-09,ENDE ANDINA,G,SUR20,17:48,18:05,Reducción de potencia de la unidad CCSUR20 a 100 MW por límite de transferencia en las líneas TAJ-YAG23001 y 02.
2024-10-09,ENDE ANDINA,G,SUR40,18:12,18:29,Reducción de potencia de la unidad CCSUR40 a 100 MW por límite de transferencia en las líneas TAJ-YAG23001 y 02.
2024-10-09,ENDE ANDINA,G,SUR40,18:42,22:24,Reducción de potencia de la unidad CCSUR40 a 110 MW por límite de transferencia en las líneas TAJ-YAG23001 y 02.
2024-10-09,ENDE ANDINA,G,SUR40,22:24,24:00,Reducción de potencia de la unidad CCSUR40 a 90 MW por límite de transferencia en las líneas TAJ-YAG23001 y 02.
2024-10-10,ENDE ANDINA,G,SUR40,00:00,02:45,Reducción de potencia de la unidad CCSUR40 a 90 MW por límite de transferencia en las líneas TAJ-YAG23001 y 02.
2024-10-10,ENDE ANDINA,G,SUR11,00:00,24:00,Reducción de potencia de la unidad CCSUR11 a 41.9 MW por límite de transferencia en las líneas TAJ-YAG23001 y 02.
2024-10-10,ENDE ANDINA,G,SUR40,02:45,18:22,Reducción de potencia de la unidad CCSUR40 a 80 MW por límite de transferencia en las líneas TAJ-YAG23001 y 02.
2024-10-10,ENDE ANDINA,G,SUR20,08:14,10:52,Reducción de potencia de la unidad CCSUR20 a 100 MW por límite de transferencia en las líneas TAJ-YAG23001 y 02.
2024-10-10,ENDE ANDINA,G,SUR20,10:52,18:01,Reducción de potencia de la unidad CCSUR20 a 85 MW por límite de transferencia en las líneas TAJ-YAG23001 y 02.
2024-10-10,ENDE ANDINA,G,SUR40,18:22,22:25,Reducción de potencia de la unidad CCSUR40 a 110 MW por límite de transferencia en las líneas TAJ-YAG23001 y 02.
2024-10-10,ENDE ANDINA,G,SUR40,22:25,24:00,Reducción de potencia de la unidad CCSUR40 a 85 MW por límite de transferencia en las líneas TAJ-YAG23001 y 02.
2024-10-11,ENDE ANDINA,G,SUR40,00:00,07:27,Reducción de potencia de la unidad CCSUR40 a 85 MW por límite de transferencia en las líneas TAJ-YAG23001 y 02.
2024-10-11,ENDE ANDINA,G,SUR11,00:00,24:00,Reducción de potencia de la unidad CCSUR11 a 41.9 MW por límite de transferencia en las líneas TAJ-YAG23001 y 02.
2024-10-11,ENDE ANDINA,G,SUR40,07:27,18:47,Reducción de potencia de la unidad CCSUR40 a 80 MW por límite de transferencia en las líneas TAJ-YAG23001 y 02.
2024-10-11,ENDE ANDINA,G,SUR20,07:45,09:20,Reducción de potencia de la unidad CCSUR20 a 95 MW por límite de transferencia en las líneas TAJ-YAG23001 y 02.
2024-10-11,ENDE ANDINA,G,SUR20,09:20,15:55,Reducción de potencia de la unidad CCSUR20 a 80 MW por límite de transferencia en las líneas TAJ-YAG23001 y 02.
2024-10-11,ENDE ANDINA,G,SUR20,15:55,18:47,Reducción de potencia de la unidad CCSUR20 a 100 MW por límite de transferencia en las líneas TAJ-YAG23001 y 02.
2024-10-11,ENDE ANDINA,G,SUR40,18:47,19:01,Reducción de potencia de la unidad CCSUR40 a 100 MW por límite de transferencia en las líneas TAJ-YAG23001 y 02.
2024-10-12,ENDE ANDINA,G,SUR40,07:39,08:16,"Reducción de potencia de la unidad CCSUR40 a 80.0 MW, mantenimiento de la línea TAJ-YAG23001 y límite de transferencia en la línea TAJ-YAG23002."
2024-10-12,ENDE ANDINA,G,SUR20,08:00,09:03,"Reducción de potencia de la unidad CCSUR20 a 80.0 MW, mantenimiento de la línea TAJ-YAG23001 y límite de transferencia en la línea TAJ-YAG23002."
2024-10-12,ENDE ANDINA,G,SUR40,08:16,15:41,"Reducción de potencia de la unidad CCSUR40 a 78.0 MW, mantenimiento de la línea TAJ-YAG23001 y límite de transferencia en la línea TAJ-YAG23002."
2024-10-12,ENDE ANDINA,G,ERI03,08:54,17:07,Mantenimiento en la línea en 230 kV CAR-ERI23002.
2024-10-12,ENDE ANDINA,G,SUR20,09:03,14:20,"Reducción de potencia de la unidad CCSUR20 a 95.0 MW, mantenimiento de la línea TAJ-YAG23001 y límite de transferencia en la línea TAJ-YAG23002."
2024-10-12,ENDE ANDINA,G,ERI01,09:13,17:07,Mantenimiento en la línea en 230 kV CAR-ERI23002.
2024-10-12,ENDE ANDINA,G,SUR20,14:20,15:41,"Reducción de potencia de la unidad CCSUR20 a 92.0 MW, mantenimiento de la línea TAJ-YAG23001 y límite de transferencia en la línea TAJ-YAG23002."
2024-10-12,ENDE ANDINA,G,SUR40,15:41,15:52,"Reducción de potencia de la unidad CCSUR40 a 100.0 MW, mantenimiento de la línea TAJ-YAG23001 y límite de transferencia en la línea TAJ-YAG23002."
2024-10-13,ENDE ANDINA,G,SUR40,07:40,15:28,"Reducción de potencia de la unidad CCSUR40 a 77.0 MW, mantenimiento de la línea TAJ-YAG23002 y límite de transferencia en la línea TAJ-YAG23001."
2024-10-13,ENDE ANDINA,G,SUR20,07:51,08:56,"Reducción de potencia de la unidad CCSUR20 a 95.0 MW, mantenimiento de la línea TAJ-YAG23002 y límite de transferencia en la línea TAJ-YAG23001."
2024-10-13,ENDE ANDINA,G,SUR20,08:56,15:28,"Reducción de potencia de la unidad CCSUR20 a 76.0 MW, mantenimiento de la línea TAJ-YAG23002 y límite de transferencia en la línea TAJ-YAG23001."
2024-10-13,ENDE ANDINA,G,SUR20,15:28,16:46,Reducción de potencia de la unidad CCSUR20 a 77 MW por límite de transferencia en las líneas TAJ-YAG23001 y 02.
2024-10-13,ENDE ANDINA,G,SUR40,15:28,16:46,Reducción de potencia de la unidad CCSUR40 a 76 MW por límite de transferencia en las líneas TAJ-YAG23001 y 02.
2024-10-13,ENDE ANDINA,G,SUR40,16:46,18:15,Reducción de potencia de la unidad CCSUR40 a 90 MW por límite de transferencia en las líneas TAJ-YAG23001 y 02.
2024-10-13,ENDE ANDINA,G,SUR11,16:46,21:08,Reducción de potencia de la unidad CCSUR11 a 36.8 MW por límite de transferencia en las líneas TAJ-YAG23001 y 02.
2024-10-13,ENDE ANDINA,G,SUR11,21:08,24:00,Reducción de potencia de la unidad CCSUR11 a 39 MW por límite de transferencia en las líneas TAJ-YAG23001 y 02.
2024-10-13,ENDE ANDINA,G,SUR40,22:30,24:00,Reducción de potencia de la unidad CCSUR40 a 100 MW por límite de transferencia en las líneas TAJ-YAG23001 y 02.
2024-10-14,ENDE ANDINA,G,SUR11,00:00,01:01,Reducción de potencia de la unidad CCSUR11 a 39 MW por límite de transferencia en las líneas TAJ-YAG23001 y 02.
2024-10-14,ENDE ANDINA,G,SUR40,00:00,01:01,Reducción de potencia de la unidad CCSUR40 a 100 MW por límite de transferencia en las líneas TAJ-YAG23001 y 02.
2024-10-15,ENDE ANDINA,G,SUR11,14:30,17:20,Reducción de potencia de la unidad CCSUR11 a 36.8 MW por límite de transferencia en las líneas TAJ-YAG23001 y 02.
2024-10-15,ENDE ANDINA,G,SUR40,14:30,17:20,Reducción de potencia de la unidad CCSUR40 a 95 MW por límite de transferencia en las líneas TAJ-YAG23001 y 02.
2024-10-16,ENDE ANDINA,G,SUR40,09:10,16:01,Reducción de potencia de la unidad CCSUR40 a 95 MW por límite de transferencia en las líneas TAJ-YAG23001 y 02.
2024-10-18,ENDE ANDINA,G,SUR40,09:08,10:02,Reducción de potencia de la unidad CCSUR40 a 100 MW por límite de transferencia en las líneas TAJ-YAG23001 y 02.
2024-10-18,ENDE ANDINA,G,SUR10,10:02,11:31,Reducción de potencia de la unidad CCSUR10 a 100 MW por límite de transferencia en las líneas TAJ-YAG23001 y 02.
2024-10-18,ENDE ANDINA,G,SUR10,11:31,15:22,Reducción de potencia de la unidad CCSUR10 a 90 MW por límite de transferencia en las líneas TAJ-YAG23001 y 02.
2024-10-19,ENDE ANDINA,G,SUR10,09:13,11:40,Reducción de potencia de la unidad CCSUR10 a 100 MW por límite de transferencia en las líneas TAJ-YAG23001 y 02.
2024-10-19,ENDE ANDINA,G,SUR10,11:40,14:58,Reducción de potencia de la unidad CCSUR10 a 90 MW por límite de transferencia en las líneas TAJ-YAG23001 y 02.
2024-10-20,ENDE ANDINA,G,SUR10,15:00,15:50,Reducción de potencia de la unidad CCSUR10 a 82 MW por límite de transferencia en las líneas TAJ-YAG23001 y 02.
2024-10-25,ENDE ANDINA,G,SUR40,08:26,09:20,Reducción de potencia de la unidad CCSUR40 a 105 MW por límite de transferencia en las líneas TAJ-YAG23001 y 02.
2024-10-25,ENDE ANDINA,G,SUR40,09:20,13:29,Reducción de potencia de la unidad CCSUR40 a 99 MW por límite de transferencia en las líneas TAJ-YAG23001 y 02.
2024-10-26,ENDE ANDINA,G,SUR40,08:35,10:15,Reducción de potencia de la unidad CCSUR40 a 107 MW por límite de transferencia en las líneas TAJ-YAG23001 y 02.
2024-10-26,ENDE ANDINA,G,SUR40,10:15,10:28,Reducción de potencia de la unidad CCSUR40 a 100 MW por límite de transferencia en las líneas TAJ-YAG23001 y 02.
2024-10-26,ENDE ANDINA,G,SUR40,10:28,14:47,Reducción de potencia de la unidad CCSUR40 a 92 MW por límite de transferencia en las líneas TAJ-YAG23001 y 02.
2024-10-26,ENDE ANDINA,G,SUR40,14:47,15:30,Reducción de potencia de la unidad CCSUR40 a 110 MW por límite de transferencia en las líneas TAJ-YAG23001 y 02.
2024-10-27,ENDE ANDINA,G,SUR40,08:44,11:17,Reducción de potencia de la unidad CCSUR40 a 79.2 MW por límite de transferencia en las líneas TAJ-YAG23001 y 02.
2024-10-27,ENDE ANDINA,G,SUR40,11:17,14:30,Reducción de potencia de la unidad CCSUR40 a 77.4 MW por límite de transferencia en las líneas TAJ-YAG23001 y 02.
2024-10-27,ENDE ANDINA,G,SUR20,11:17,14:30,Reducción de potencia de la unidad CCSUR20 a 97.0 MW por límite de transferencia en las líneas TAJ-YAG23001 y 02.
2024-10-27,ENDE ANDINA,G,SUR40,14:30,16:57,Reducción de potencia de la unidad CCSUR40 a 85 MW por límite de transferencia en las líneas TAJ-YAG23001 y 02.
2024-10-27,ENDE ANDINA,G,SUR40,16:57,17:08,Reducción de potencia de la unidad CCSUR40 a 95 MW por límite de transferencia en las líneas TAJ-YAG23001 y 02.
2024-10-27,ENDE ANDINA,G,SUR40,17:08,17:47,Reducción de potencia de la unidad CCSUR40 a 105 MW por límite de transferencia en las líneas TAJ-YAG23001 y 02.
2024-10-28,ENDE ANDINA,G,SUR40,08:50,14:31,Reducción de potencia de la unidad CCSUR40 a 100 MW por límite de transferencia en las líneas TAJ-YAG23001 y 02.
2024-11-01,ENDE ANDINA,G,SUR40,08:09,09:51,Reducción de potencia de la unidad CCSUR40 a 105 MW por límite de transferencia en las líneas TAJ-YAG23001 y 02.
2024-11-01,ENDE ANDINA,G,SUR40,09:51,15:01,Reducción de potencia de la unidad CCSUR40 a 100 MW por límite de transferencia en las líneas TAJ-YAG23001 y 02.
2024-11-02,ENDE ANDINA,G,SUR40,11:32,13:45,Reducción de potencia de la unidad CCSUR40 a 105 MW por límite de transferencia en las líneas TAJ-YAG23001 y 02.
2024-11-03,ENDE ANDINA,G,SUR40,07:44,08:23,Reducción de potencia de la unidad CCSUR40 a 100 MW por límite de transferencia en las líneas TAJ-YAG23001 y 02.
2024-11-03,ENDE ANDINA,G,SUR40,08:23,08:50,Reducción de potencia de la unidad CCSUR40 a 85 MW por límite de transferencia en las líneas TAJ-YAG23001 y 02.
2024-11-03,ENDE ANDINA,G,SUR40,08:50,16:49,Reducción de potencia de la unidad CCSUR40 a 78 MW por límite de transferencia en las líneas TAJ-YAG23001 y 02.
2024-11-03,ENDE ANDINA,G,SUR20,09:55,10:55,Reducción de potencia de la unidad CCSUR20 a 97 MW por límite de transferencia en las líneas TAJ-YAG23001 y 02.
2024-11-03,ENDE ANDINA,G,SUR20,10:55,12:52,Reducción de potencia de la unidad CCSUR20 a 90 MW por límite de transferencia en las líneas TAJ-YAG23001 y 02.
2024-11-03,ENDE ANDINA,G,SUR20,12:52,14:10,Reducción de potencia de la unidad CCSUR20 a 95 MW por límite de transferencia en las líneas TAJ-YAG23001 y 02.
2024-11-03,ENDE ANDINA,G,SUR40,16:49,17:10,Reducción de potencia de la unidad CCSUR40 a 100 MW por límite de transferencia en las líneas TAJ-YAG23001 y 02.
2024-11-04,ENDE ANDINA,G,SUR10,21:03,21:15,Reducción de potencia de la unidad CCSUR10 a 85 MW por límite de transferencia en las líneas POT-PUN115.
2024-11-04,ENDE ANDINA,G,SUR10,21:15,21:34,Reducción de potencia de la unidad CCSUR10 a 90 MW por límite de transferencia en las líneas POT-PUN115.
2024-11-04,ENDE ANDINA,G,SUR10,21:34,24:00,Reducción de potencia de la unidad CCSUR10 a 95 MW por límite de transferencia en las líneas POT-PUN115.
2024-11-05,ENDE ANDINA,G,SUR10,00:00,07:03,Reducción de potencia de la unidad CCSUR10 a 95 MW por límite de transferencia en las líneas POT-PUN115.
2024-11-05,ENDE ANDINA,G,SUR10,07:03,07:24,Reducción de potencia de la unidad CCSUR10 a 88 MW por límite de transferencia en las líneas POT-PUN115.
2024-11-05,ENDE ANDINA,G,SUR10,07:24,07:28,Reducción de potencia de la unidad CCSUR10 a 80 MW por límite de transferencia en las líneas POT-PUN115.
2024-11-05,ENDE ANDINA,G,SUR10,07:28,18:49,Reducción de potencia de la unidad CCSUR10 a 74.4 MW por límite de transferencia en las líneas POT-PUN115.
2024-11-05,ENDE ANDINA,G,SUR20,08:13,08:29,Reducción de potencia de la unidad CCSUR20 a 105 MW por límite de transferencia en las líneas POT-PUN115.
2024-11-05,ENDE ANDINA,G,SUR20,08:29,09:07,Reducción de potencia de la unidad CCSUR20 a 98 MW por límite de transferencia en las líneas POT-PUN115.
2024-11-05,ENDE ANDINA,G,SUR20,09:07,12:10,Reducción de potencia de la unidad CCSUR20 a 105 MW por límite de transferencia en las líneas POT-PUN115.
2024-11-05,ENDE ANDINA,G,SUR20,12:10,12:37,Reducción de potencia de la unidad CCSUR20 a 100 MW por límite de transferencia en las líneas POT-PUN115.
2024-11-05,ENDE ANDINA,G,SUR20,12:37,18:39,Reducción de potencia de la unidad CCSUR20 a 95 MW por límite de transferencia en las líneas POT-PUN115.
2024-11-05,ENDE ANDINA,G,SUR20,18:39,18:46,Reducción de potencia de la unidad CCSUR20 a 110 MW por límite de transferencia en las líneas POT-PUN115.
2024-11-05,ENDE ANDINA,G,SUR10,18:49,19:06,Reducción de potencia de la unidad CCSUR10 a 85 MW por límite de transferencia en las líneas POT-PUN115.
2024-11-05,ENDE ANDINA,G,SUR10,19:06,24:00,Reducción de potencia de la unidad CCSUR10 a 95 MW por límite de transferencia en las líneas POT-PUN115.
2024-11-06,ENDE ANDINA,G,SUR10,00:00,01:05,Reducción de potencia de la unidad CCSUR10 a 95 MW por límite de transferencia en las líneas POT-PUN115.
2024-11-06,ENDE ANDINA,G,SUR10,06:16,07:50,Reducción de potencia de la unidad CCSUR10 a 95 MW por límite de transferencia en las líneas POT-PUN115.
2024-11-06,ENDE ANDINA,G,SUR10,07:50,08:12,Reducción de potencia de la unidad CCSUR10 a 85 MW por límite de transferencia en las líneas POT-PUN115.
2024-11-06,ENDE ANDINA,G,SUR10,08:12,16:26,Reducción de potencia de la unidad CCSUR10 a 74.1 MW por límite de transferencia en las líneas POT-PUN115.
2024-11-06,ENDE ANDINA,G,SUR20,09:48,16:23,Reducción de potencia de la unidad CCSUR20 a 100 MW por límite de transferencia en las líneas POT-PUN115.
2024-11-07,ENDE ANDINA,G,SUR10,09:34,14:42,Reducción de potencia de la unidad CCSUR10 a 100 MW por límite de transferencia en las líneas TAJ-YAG23001 y 02.
2024-11-08,ENDE ANDINA,G,SUR10,09:08,15:20,Reducción de potencia de la unidad CCSUR10 a 100 MW por límite de transferencia en las líneas TAJ-YAG23001 y 02.
2024-11-12,ENDE ANDINA,G,SUR10,12:30,16:58,Reducción de potencia de la unidad CCSUR10 a 95 MW por límite de transferencia en las líneas TAJ-YAG23001 y 02.
2024-11-13,ENDE ANDINA,G,SUR10,08:18,14:55,Reducción de potencia de la unidad CCSUR10 a 90 MW por límite de transferencia en las líneas TAJ-YAG23001 y 02.
2024-11-14,ENDE ANDINA,G,SUR10,09:54,14:26,Reducción de potencia de la unidad CCSUR10 a 95 MW por límite de transferencia en las líneas TAJ-YAG23001 y 02.
2024-11-17,ENDE ANDINA,G,SUR21,07:54,08:05,"Reducción de potencia de la unidad CCSUR21 a 42.0 MW por límite de transferencia en la línea CAT-POT115, por mantenimiento de la línea en 230 kV Santivañez - Sucre."
2024-11-17,ENDE ANDINA,G,SUR10,07:54,08:46,"Reducción de potencia de la unidad CCSUR10 a 71.0 MW por límite de transferencia en la línea CAT-POT115, por mantenimiento de la línea en 230 kV Santivañez - Sucre."
2024-11-17,ENDE ANDINA,G,SUR10,08:46,09:55,"Reducción de potencia de la unidad CCSUR10 a 80.0 MW por límite de transferencia en la línea CAT-POT115, por mantenimiento de la línea en 230 kV Santivañez - Sucre."
2024-11-17,ENDE ANDINA,G,SUR10,09:55,10:44,"Reducción de potencia de la unidad CCSUR10 a 85.0 MW por límite de transferencia en la línea CAT-POT115, por mantenimiento de la línea en 230 kV Santivañez - Sucre."
2024-11-17,ENDE ANDINA,G,SUR10,10:44,12:20,"Reducción de potencia de la unidad CCSUR10 a 90.0 MW por límite de transferencia en la línea CAT-POT115, por mantenimiento de la línea en 230 kV Santivañez - Sucre."
2024-12-01,ENDE ANDINA,G,SUR10,10:10,13:53,Reducción de potencia de la unidad CCSUR10 a 73 MW por límite de transferencia en las líneas TAJ-YAG23001 y 02.
2024-12-02,ENDE ANDINA,G,SUR10,08:55,16:07,Reducción de potencia de la unidad CCSUR10 a 100 MW por límite de transferencia en las líneas TAJ-YAG23001 y 02.
2024-12-08,ENDE ANDINA,G,SUR20,15:59,18:05,Reducción de potencia de la unidad CCSUR20 a 90 MW por límite de transferencia en las líneas TAJ-YAG23001 y 02.
2024-12-09,ENDE ANDINA,G,SUR10,14:10,16:47,Reducción de potencia de la unidad CCSUR10 a 100 MW por límite de transferencia en las líneas TAJ-YAG23001 y 02.
2024-12-10,ENDE ANDINA,G,SUR10,14:13,16:13,Reducción de potencia de la unidad CCSUR10 a 100 MW por límite de transferencia en las líneas TAJ-YAG23001 y 02.
2024-12-11,ENDE ANDINA,G,SUR10,14:00,15:02,Reducción de potencia de la unidad CCSUR10 a 95 MW por límite de transferencia en las líneas TAJ-YAG23001 y 02.
2024-12-13,ENDE ANDINA,G,SUR10,13:10,16:24,Reducción de potencia de la unidad CCSUR10 a 100 MW por límite de transferencia en las líneas TAJ-YAG23001 y 02.
2025-01-03,ENDE ANDINA,G,SUR10,10:02,10:43,Reducción de potencia de la unidad CCSUR10 a 85 MW por límite de transferencia de las líneas PUN-SUC230+POT-PUN069.
2025-01-03,ENDE ANDINA,G,SUR10,10:43,11:38,Reducción de potencia de la unidad CCSUR10 a 100 MW por límite de transferencia en las líneas TAJ-YAG23001 y 02.
2025-02-19,ENDE ANDINA,G,SUR10,15:17,16:41,Reducción de potencia de la unidad CCSUR10 a 90 MW por límite de transferencia en las líneas TAJ-YAG23001 y 02.
2025-03-02,ENDE ANDINA,G,SUR20,09:53,14:22,Reducción de potencia de la unidad CCSUR20 a 95 MW por límite de transferencia en las líneas TAJ-YAG23001 y 02.
2025-03-02,ENDE ANDINA,G,SUR10,09:53,17:50,Reducción de potencia de la unidad CCSUR20 a 71 MW por límite de transferencia en las líneas TAJ-YAG23001 y 02.
2025-03-14,ENDE ANDINA,G,SUR20,10:28,12:15,Reducción de potencia de la unidad CCSUR20 a 100 MW por límite de transferencia en las líneas POT-PUN115 y PUN-SUC230.
2025-03-15,ENDE ANDINA,G,SUR10,17:41,17:53,Reducción de potencia de la unidad CCSUR10 a 95 MW por límite de transferencia de las líneas PUN-SUC230+POT-PUN069.
2025-03-20,ENDE ANDINA,G,SUR10,13:45,17:50,Reducción de potencia de la unidad CCSUR10 a 95 MW por límite de transferencia en las líneas TAJ-YAG23001 y 02.
2025-03-27,ENDE ANDINA,G,SUR10,09:46,11:09,Reducción de potencia de la unidad CCSUR10 a 105 MW por límite de transferencia en las líneas TAJ-YAG23001 y 02.
2025-04-26,ENDE ANDINA,G,SUR21,11:27,14:50,Reducción de potencia de la unidad CCSUR21 a 42.7 MW por límite de transferencia en las líneas PUN-SUC230.
2025-04-26,ENDE ANDINA,G,SUR10,14:09,14:50,Reducción de potencia de la unidad CCSUR10 a 95 MW por límite de transferencia en las líneas PUN-SUC230.
2025-05-02,ENDE ANDINA,G,SUR10,09:50,11:14,Reducción de potencia de la unidad CCSUR10 a 95 MW por límite de transferencia en las líneas TAJ-YAG23001 y 02.
2025-05-03,ENDE ANDINA,G,SUR20,09:02,09:47,Reducción de potencia de la unidad CCSUR10 a 105 MW por mantenimiento de la línea en 115 kV PUN-POT.
2025-05-03,ENDE ANDINA,G,SUR10,09:02,11:40,Reducción de potencia de la unidad CCSUR10 a 77 MW por mantenimiento de la línea en 115 kV PUN-POT.
2025-05-03,ENDE ANDINA,G,SUR20,09:47,10:33,Reducción de potencia de la unidad CCSUR10 a 95 MW por mantenimiento de la línea en 115 kV PUN-POT.
2025-05-03,ENDE ANDINA,G,SUR20,10:33,11:40,Reducción de potencia de la unidad CCSUR10 a 85 MW por mantenimiento de la línea en 115 kV PUN-POT.
2025-05-05,ENDE ANDINA,G,SUR10,09:20,12:09,Reducción de potencia de la unidad CCSUR10 a 100 MW por límite de transferencia en las líneas TAJ-YAG23001 y 02.
2025-05-05,ENDE ANDINA,G,SUR10,14:19,17:00,Reducción de potencia de la unidad CCSUR10 a 100 MW por límite de transferencia en las líneas TAJ-YAG23001 y 02.
2025-05-06,ENDE ANDINA,G,SUR10,10:21,12:11,Reducción de potencia de la unidad CCSUR10 a 95 MW por límite de transferencia en las líneas TAJ-YAG23001 y 02.
2025-05-06,ENDE ANDINA,G,SUR10,13:14,16:00,Reducción de potencia de la unidad CCSUR10 a 95 MW por límite de transferencia en las líneas TAJ-YAG23001 y 02.
2025-05-07,ENDE ANDINA,G,SUR10,09:10,10:04,Reducción de potencia de la unidad CCSUR10 a 100 MW por límite de transferencia en las líneas TAJ-YAG23001 y 02.
2025-05-07,ENDE ANDINA,G,SUR10,10:04,14:15,Reducción de potencia de la unidad CCSUR10 a 95 MW por límite de transferencia en las líneas TAJ-YAG23001 y 02.
2025-05-07,ENDE ANDINA,G,SUR10,14:34,15:38,Reducción de potencia de la unidad CCSUR10 a 95 MW por límite de transferencia en las líneas TAJ-YAG23001 y 02.
2025-05-08,ENDE ANDINA,G,SUR10,09:30,09:56,Reducción de potencia de la unidad CCSUR10 a 100 MW por límite de transferencia en las líneas TAJ-YAG23001 y 02.
2025-05-08,ENDE ANDINA,G,SUR10,09:56,12:25,Reducción de potencia de la unidad CCSUR10 a 95 MW por límite de transferencia en las líneas TAJ-YAG23001 y 02.
2025-05-08,ENDE ANDINA,G,SUR10,13:18,18:02,Reducción de potencia de la unidad CCSUR10 a 95 MW por límite de transferencia en las líneas TAJ-YAG23001 y 02.
2025-05-09,ENDE ANDINA,G,SUR10,09:32,10:27,Reducción de potencia de la unidad CCSUR10 a 100 MW por límite de transferencia de las líneas PUN-SUC230+POT-PUN069.
2025-05-09,ENDE ANDINA,G,SUR10,10:27,11:53,Reducción de potencia de la unidad CCSUR10 a 90 MW por límite de transferencia de las líneas PUN-SUC230+POT-PUN069.
2025-05-09,ENDE ANDINA,G,SUR10,11:53,14:47,Reducción de potencia de la unidad CCSUR10 a 90 MW por límite de transferencia en las líneas TAJ-YAG23001 y 02.
2025-05-09,ENDE ANDINA,G,SUR10,14:47,15:57,Reducción de potencia de la unidad CCSUR10 a 95 MW por límite de transferencia en las líneas TAJ-YAG23001 y 02.
2025-05-19,ENDE ANDINA,G,SUR10,10:53,17:48,Reducción de potencia de la unidad CCSUR10 a 100 MW por límite de transferencia en las líneas TAJ-YAG23001 y 02.
2025-05-26,ENDE ANDINA,G,SUR10,14:35,17:05,Reducción de potencia de la unidad CCSUR10 a 100 MW por límite de transferencia en las líneas TAJ-YAG23001 y 02.
2025-06-03,ENDE ANDINA,G,SUR10,14:07,15:21,Reducción de potencia de la unidad CCSUR10 a 75.1 MW por límite de transferencia de las líneas PUN-SUC230 y POT-PUN115.
2025-06-03,ENDE ANDINA,G,SUR20,14:07,15:21,Reducción de potencia de la unidad CCSUR20 a 105 MW por límite de transferencia de las líneas PUN-SUC230 y POT-PUN115.
2025-06-04,ENDE ANDINA,G,SUR10,10:43,12:30,Reducción de potencia de la unidad CCSUR10 a 90 MW por límite de transferencia en las líneas TAJ-YAG23001 y 02.
2025-06-05,ENDE ANDINA,G,SUR10,14:10,17:01,Reducción de potencia de la unidad CCSUR10 a 105 MW por límite de transferencia de las líneas PUN-SUC230 y POT-PUN115.
2025-06-06,ENDE ANDINA,G,SUR10,14:24,16:40,Reducción de potencia de la unidad CCSUR10 a 100 MW por límite de transferencia en las líneas TAJ-YAG23001 y 02.
2025-06-09,ENDE ANDINA,G,SUR10,10:25,11:22,Reducción de potencia de la unidad CCSUR10 a 90 MW por límite de transferencia en las líneas TAJ-YAG23001 y 02.
2025-06-09,ENDE ANDINA,G,SUR10,11:22,12:18,Reducción de potencia de la unidad CCSUR10 a 80 MW por límite de transferencia en las líneas TAJ-YAG23001 y 02.
2025-06-09,ENDE ANDINA,G,SUR10,12:18,13:18,Reducción de potencia de la unidad CCSUR10 a 90 MW por límite de transferencia en las líneas TAJ-YAG23001 y 02.
2025-06-12,ENDE ANDINA,G,SUR10,14:46,15:28,Reducción de potencia de la unidad CCSUR10 a 90 MW por límite de transferencia en las líneas TAJ-YAG23001 y 02.
2025-06-13,ENDE ANDINA,G,SUR10,09:40,16:02,Reducción de potencia de la unidad CCSUR10 a 100 MW por límite de transferencia en las líneas TAJ-YAG23001 y 02.
2025-06-17,ENDE ANDINA,G,SUR10,10:32,16:57,Reducción de potencia de la unidad CCSUR10 a 100 MW por límite de transferencia en las líneas TAJ-YAG23001 y 02.
2025-06-18,ENDE ANDINA,G,SUR10,15:20,17:47,Reducción de potencia de la unidad CCSUR10 a 100 MW por límite de transferencia en las líneas TAJ-YAG23001 y 02.
2025-06-19,ENDE ANDINA,G,SUR10,09:32,11:39,Reducción de potencia de la unidad CCSUR10 a 95 MW por límite de transferencia en las líneas TAJ-YAG23001 y 02.
2025-06-23,ENDE ANDINA,G,SUR10,10:21,17:43,Reducción de potencia de la unidad CCSUR10 a 95 MW por límite de transferencia en las líneas TAJ-YAG23001 y 02.
2025-06-24,ENDE ANDINA,G,SUR10,09:36,16:50,Reducción de potencia de la unidad CCSUR10 a 100 MW por límite de transferencia en las líneas TAJ-YAG23001 y 02.
2025-06-25,ENDE ANDINA,G,SUR10,09:19,11:51,Reducción de potencia de la unidad CCSUR10 a 100 MW por límite de transferencia en las líneas TAJ-YAG23001 y 02.
2025-06-25,ENDE ANDINA,G,SUR10,13:45,17:01,Reducción de potencia de la unidad CCSUR10 a 100 MW por límite de transferencia en las líneas TAJ-YAG23001 y 02.
2025-06-28,ENDE ANDINA,G,SUR20,09:27,09:51,Reducción de potencia de la unidad CCSUR20 a 90 MW por límite de transferencia en la línea en 230 kV Sucre - Punutuma.
2025-06-28,ENDE ANDINA,G,SUR20,09:51,10:13,Reducción de potencia de la unidad CCSUR20 a 98 MW por límite de transferencia en la línea en 230 kV Sucre - Punutuma.
2025-06-28,ENDE ANDINA,G,SUR20,10:13,11:18,Reducción de potencia de la unidad CCSUR20 a 108 MW por límite de transferencia en la línea en 230 kV Sucre - Punutuma.
2025-06-28,ENDE ANDINA,G,SUR20,11:18,11:58,Reducción de potencia de la unidad CCSUR20 a 100 MW por límite de transferencia en la línea en 230 kV Sucre - Punutuma.
2025-06-30,ENDE ANDINA,G,SUR20,09:06,10:18,Reducción de potencia de la unidad CCSUR20 a 100 MW por límite de transferencia en las líneas TAJ-YAG23001 y 02.
2025-06-30,ENDE ANDINA,G,SUR20,10:18,15:31,Reducción de potencia de la unidad CCSUR20 a 90 MW por límite de transferencia en las líneas TAJ-YAG23001 y 02.
2025-06-30,ENDE ANDINA,G,SUR20,15:31,16:08,Reducción de potencia de la unidad CCSUR20 a 100 MW por límite de transferencia en las líneas TAJ-YAG23001 y 02.
2025-07-02,ENDE ANDINA,G,SUR20,14:03,15:43,Reducción de potencia de la unidad CCSUR20 a 100 MW por límite de transferencia en la línea TAJ-YAG23002.
2025-07-02,ENDE ANDINA,G,SUR10,14:03,15:43,Reducción de potencia de la unidad CCSUR10 a 78 MW por límite de transferencia en la línea TAJ-YAG23002.
2025-07-03,ENDE ANDINA,G,SUR10,08:35,09:50,Reducción de potencia de la unidad CCSUR10 a 110 MW por límite de transferencia en las líneas TAJ-YAG23001 y 02.
2025-07-03,ENDE ANDINA,G,SUR10,09:50,10:58,Reducción de potencia de la unidad CCSUR10 a 100 MW por límite de transferencia en las líneas TAJ-YAG23001 y 02.
2025-07-03,ENDE ANDINA,G,SUR10,10:58,14:44,Reducción de potencia de la unidad CCSUR10 a 90 MW por límite de transferencia en las líneas TAJ-YAG23001 y 02.
2025-07-07,ENDE ANDINA,G,SUR10,13:02,16:27,Reducción de potencia de la unidad CCSUR10 a 90 MW por límite de transferencia en las líneas TAJ-YAG23001 y 02.
2025-07-08,ENDE ANDINA,G,SUR10,10:15,12:11,Reducción de potencia de la unidad CCSUR10 a 95 MW por límite de transferencia en las líneas TAJ-YAG23001 y 02.
2025-07-08,ENDE ANDINA,G,SUR10,14:52,16:02,Reducción de potencia de la unidad CCSUR10 a 95 MW por límite de transferencia en las líneas TAJ-YAG23001 y 02.
2025-07-09,ENDE ANDINA,G,SUR10,13:45,14:46,Reducción de potencia de la unidad CCSUR10 a 90 MW por límite de transferencia en las líneas TAJ-YAG23001 y 02.
2025-07-09,ENDE ANDINA,G,SUR10,14:46,16:36,Reducción de potencia de la unidad CCSUR10 a 95 MW por límite de transferencia en las líneas TAJ-YAG23001 y 02.
2025-07-10,ENDE ANDINA,G,SUR10,10:14,14:55,Reducción de potencia de la unidad CCSUR10 a 95 MW por límite de transferencia en las líneas TAJ-YAG23001 y 02.
2025-07-15,ENDE ANDINA,G,SUR10,09:10,10:53,Reducción de potencia de la unidad CCSUR10 a 95 MW por límite de transferencia en las líneas TAJ-YAG23001 y 02.
2025-07-15,ENDE ANDINA,G,SUR10,10:53,17:17,Reducción de potencia de la unidad CCSUR10 a 90 MW por límite de transferencia en las líneas TAJ-YAG23001 y 02.
2025-07-16,ENDE ANDINA,G,SUR10,11:48,15:42,Reducción de potencia de la unidad CCSUR10 a 90 MW por límite de transferencia en las líneas TAJ-YAG23001 y 02.
2025-07-16,ENDE ANDINA,G,SUR10,15:42,16:22,Reducción de potencia de la unidad CCSUR10 a 100 MW por límite de transferencia en las líneas TAJ-YAG23001 y 02.
2025-07-22,ENDE ANDINA,G,SUR10,14:30,15:07,Reducción de potencia de la unidad CCSUR10 a 98 MW por límite de transferencia en las líneas TAJ-YAG23001 y 02.
2025-07-23,ENDE ANDINA,G,SUR10,10:55,12:07,Reducción de potencia de la unidad CCSUR10 a 95 MW por límite de transferencia en las líneas TAJ-YAG23001 y 02.
2025-07-23,ENDE ANDINA,G,SUR10,13:58,15:30,Reducción de potencia de la unidad CCSUR10 a 95 MW por límite de transferencia en las líneas TAJ-YAG23001 y 02.
2025-07-24,ENDE ANDINA,G,SUR10,13:52,16:12,Reducción de potencia de la unidad CCSUR10 a 95 MW por límite de transferencia en las líneas TAJ-YAG23001 y 02.
2025-07-25,ENDE ANDINA,G,SUR10,11:18,12:01,Reducción de potencia de la unidad CCSUR10 a 95 MW por límite de transferencia en las líneas TAJ-YAG23001 y 02.
2025-07-25,ENDE ANDINA,G,SUR10,13:34,16:50,Reducción de potencia de la unidad CCSUR10 a 100 MW por límite de transferencia en las líneas TAJ-YAG23001 y 02.
2025-07-28,ENDE ANDINA,G,SUR10,13:32,17:08,Reducción de potencia de la unidad CCSUR10 a 90 MW por límite de transferencia en las líneas TAJ-YAG23001 y 02.
2025-07-29,ENDE ANDINA,G,SUR10,10:33,17:05,Reducción de potencia de la unidad CCSUR10 a 90 MW por límite de transferencia en las líneas TAJ-YAG23001 y 02.
2025-07-30,ENDE ANDINA,G,SUR10,09:37,10:30,Reducción de potencia de la unidad CCSUR10 a 95 MW por límite de transferencia en las líneas TAJ-YAG23001 y 02.
2025-07-30,ENDE ANDINA,G,SUR10,14:09,16:29,Reducción de potencia de la unidad CCSUR10 a 95 MW por límite de transferencia en las líneas TAJ-YAG23001 y 02.
2025-07-31,ENDE ANDINA,G,SUR10,08:49,10:35,Reducción de potencia de la unidad CCSUR10 a 100 MW por límite de transferencia en las líneas TAJ-YAG23001 y 02.
2025-07-31,ENDE ANDINA,G,SUR10,10:35,17:50,Reducción de potencia de la unidad CCSUR10 a 90 MW por límite de transferencia en las líneas TAJ-YAG23001 y 02.
2025-08-01,ENDE ANDINA,G,SUR10,10:07,12:58,Reducción de potencia de la unidad CCSUR10 a 100 MW por límite de transferencia en las líneas TAJ-YAG23001 y 02.
2025-08-02,ENDE ANDINA,G,SUR10,10:09,11:57,Reducción de potencia de la unidad CCSUR10 a 100 MW por límite de transferencia en las líneas TAJ-YAG23001 y 02.
2025-08-08,ENDE ANDINA,G,SUR20,09:57,10:13,Reducción de potencia de la unidad CCSUR20 a 110 MW por límite de transferencia en las líneas PUN-SUC230 y POT-PUN115.
2025-08-08,ENDE ANDINA,G,SUR10,09:57,11:59,Reducción de potencia de la unidad CCSUR10 a 77 MW por límite de transferencia en las líneas PUN-SUC230 y POT-PUN115.
2025-08-08,ENDE ANDINA,G,SUR20,10:13,11:56,Reducción de potencia de la unidad CCSUR20 a 105 MW por límite de transferencia en las líneas PUN-SUC230 y POT-PUN115.
2025-08-08,ENDE ANDINA,G,SUR20,11:56,11:59,Reducción de potencia de la unidad CCSUR20 a 100 MW por límite de transferencia en las líneas PUN-SUC230 y POT-PUN115.
2025-08-09,ENDE ANDINA,G,SUR20,09:23,13:03,Reducción de potencia de la unidad CCSUR20 a 110 MW por límite de transferencia en las líneas PUN-SUC230 y POT-PUN115.
2025-08-09,ENDE ANDINA,G,SUR20,13:03,16:41,Reducción de potencia de la unidad CCSUR20 a 100 MW por límite de transferencia en las líneas PUN-SUC230 y POT-PUN115.
2025-08-10,ENDE ANDINA,G,SUR20,15:30,17:03,Reducción de potencia de la unidad CCSUR20 a 75.4 MW por límite de transferencia en la línea PUN-SUC230.
2025-08-11,ENDE ANDINA,G,SUR20,09:20,09:44,Reducción de potencia de la unidad CCSUR20 a 110 MW por límite de transferencia en las líneas PUN-SUC230 y POT-PUN115.
2025-08-11,ENDE ANDINA,G,SUR10,09:20,14:08,Reducción de potencia de la unidad CCSUR10 a 77 MW por límite de transferencia en las líneas PUN-SUC230 y POT-PUN115.
2025-08-11,ENDE ANDINA,G,SUR20,09:44,10:03,Reducción de potencia de la unidad CCSUR20 a 105 MW por límite de transferencia en las líneas PUN-SUC230 y POT-PUN115.
2025-08-11,ENDE ANDINA,G,SUR20,10:03,11:09,Reducción de potencia de la unidad CCSUR20 a 100 MW por límite de transferencia en las líneas PUN-SUC230 y POT-PUN115.
2025-08-11,ENDE ANDINA,G,SUR20,11:09,12:46,Reducción de potencia de la unidad CCSUR20 a 95 MW por límite de transferencia en las líneas PUN-SUC230 y POT-PUN115.
2025-08-11,ENDE ANDINA,G,SUR20,12:46,14:53,Reducción de potencia de la unidad CCSUR20 a 90 MW por límite de transferencia en las líneas PUN-SUC230 y POT-PUN115.
2025-08-11,ENDE ANDINA,G,SUR20,14:53,15:43,Reducción de potencia de la unidad CCSUR20 a 100 MW por límite de transferencia en las líneas PUN-SUC230 y POT-PUN115.
2025-08-12,ENDE ANDINA,G,SUR10,14:08,15:33,Reducción de potencia de la unidad CCSUR10 a 90 MW por límite de transferencia en las líneas TAJ-YAG23001 y 02.
2025-08-13,ENDE ANDINA,G,SUR10,13:44,16:11,Reducción de potencia de la unidad CCSUR10 a 100 MW por límite de transferencia en las líneas TAJ-YAG23001 y 02.
2025-08-14,ENDE ANDINA,G,SUR10,08:51,10:13,Reducción de potencia de la unidad CCSUR10 a 100 MW por límite de transferencia en las líneas TAJ-YAG23001 y 02.
2025-08-14,ENDE ANDINA,G,SUR10,10:13,12:20,Reducción de potencia de la unidad CCSUR10 a 95 MW por límite de transferencia en las líneas TAJ-YAG23001 y 02.
2025-08-14,ENDE ANDINA,G,SUR10,12:20,15:25,Reducción de potencia de la unidad CCSUR10 a 90 MW por límite de transferencia en las líneas TAJ-YAG23001 y 02.
2025-08-15,ENDE ANDINA,G,SUR10,09:15,10:19,Reducción de potencia de la unidad CCSUR10 a 100 MW por límite de transferencia en las líneas TAJ-YAG23001 y 02.
2025-08-15,ENDE ANDINA,G,SUR10,10:19,10:34,Reducción de potencia de la unidad CCSUR10 a 90 MW por límite de transferencia en las líneas TAJ-YAG23001 y 02.
2025-08-15,ENDE ANDINA,G,SUR10,15:00,16:49,Reducción de potencia de la unidad CCSUR10 a 90 MW por límite de transferencia en las líneas TAJ-YAG23001 y 02.
2025-08-18,ENDE ANDINA,G,SUR10,09:26,09:51,Reducción de potencia de la unidad CCSUR10 a 100 MW por límite de transferencia en las líneas TAJ-YAG23001 y 02.
2025-08-18,ENDE ANDINA,G,SUR10,09:51,12:14,Reducción de potencia de la unidad CCSUR10 a 95 MW por límite de transferencia en las líneas TAJ-YAG23001 y 02.
2025-08-18,ENDE ANDINA,G,SUR10,12:14,17:01,Reducción de potencia de la unidad CCSUR10 a 90 MW por límite de transferencia en las líneas TAJ-YAG23001 y 02.
2025-08-19,ENDE ANDINA,G,SUR10,08:35,13:54,Reducción de potencia de la unidad CCSUR10 a 100 MW por límite de transferencia en las líneas TAJ-YAG23001 y 02.
2025-08-19,ENDE ANDINA,G,SUR10,13:54,15:51,Reducción de potencia de la unidad CCSUR10 a 95 MW por límite de transferencia en las líneas TAJ-YAG23001 y 02.
2025-08-19,ENDE ANDINA,G,SUR10,15:51,16:39,Reducción de potencia de la unidad CCSUR10 a 103 MW por límite de transferencia en las líneas TAJ-YAG23001 y 02.
2025-08-20,ENDE ANDINA,G,SUR10,09:27,10:52,Reducción de potencia de la unidad CCSUR10 a 100 MW por límite de transferencia en las líneas TAJ-YAG23001 y 02.
2025-08-20,ENDE ANDINA,G,SUR10,10:52,12:15,Reducción de potencia de la unidad CCSUR10 a 95 MW por límite de transferencia en las líneas TAJ-YAG23001 y 02.
2025-08-20,ENDE ANDINA,G,SUR10,12:15,15:51,Reducción de potencia de la unidad CCSUR10 a 90 MW por límite de transferencia en las líneas TAJ-YAG23001 y 02.
2025-08-21,ENDE ANDINA,G,SUR10,09:03,10:37,Reducción de potencia de la unidad CCSUR10 a 100 MW por límite de transferencia en las líneas TAJ-YAG23001 y 02.
2025-08-21,ENDE ANDINA,G,SUR10,10:37,12:16,Reducción de potencia de la unidad CCSUR10 a 95 MW por límite de transferencia en las líneas TAJ-YAG23001 y 02.
2025-08-21,ENDE ANDINA,G,SUR10,12:16,15:51,Reducción de potencia de la unidad CCSUR10 a 90 MW por límite de transferencia en las líneas TAJ-YAG23001 y 02.
2025-08-22,ENDE ANDINA,G,SUR10,10:23,13:58,Reducción de potencia de la unidad CCSUR10 a 95 MW por límite de transferencia en las líneas TAJ-YAG23001 y 02.
2025-08-23,ENDE ANDINA,G,SUR10,09:25,10:33,Reducción de potencia de la unidad CCSUR10 a 100 MW por límite de transferencia en las líneas TAJ-YAG23001 y 02.
2025-08-23,ENDE ANDINA,G,SUR10,10:33,16:06,Reducción de potencia de la unidad CCSUR10 a 90.0 MW por límite de transferencia en las líneas TAJ-YAG23001 y 02.
2025-08-27,ENDE ANDINA,G,SUR10,09:34,11:07,Reducción de potencia de la unidad CCSUR10 a 100 MW por límite de transferencia en las líneas TAJ-YAG23001 y 02.
2025-08-27,ENDE ANDINA,G,SUR10,11:07,11:55,Reducción de potencia de la unidad CCSUR10 a 90 MW por límite de transferencia en las líneas TAJ-YAG23001 y 02.
2025-08-28,ENDE ANDINA,G,SUR10,13:38,15:58,Reducción de potencia de la unidad CCSUR10 a 95 MW por límite de transferencia en las líneas TAJ-YAG23001 y 02.
2025-08-29,ENDE ANDINA,G,SUR10,08:42,09:50,Reducción de potencia de la unidad CCSUR10 a 104 MW por límite de transferencia en las líneas TAJ-YAG23001 y 02.
2025-08-29,ENDE ANDINA,G,SUR10,09:50,10:53,Reducción de potencia de la unidad CCSUR10 a 98 MW por límite de transferencia en las líneas TAJ-YAG23001 y 02.
2025-08-29,ENDE ANDINA,G,SUR10,13:04,14:37,Reducción de potencia de la unidad CCSUR10 a 90 MW por límite de transferencia en las líneas TAJ-YAG23001 y 02.
2025-08-29,ENDE ANDINA,G,SUR10,14:37,16:29,Reducción de potencia de la unidad CCSUR10 a 100 MW por límite de transferencia en las líneas TAJ-YAG23001 y 02.
2025-08-30,ENDE ANDINA,G,SUR10,09:42,10:30,Reducción de potencia de la unidad CCSUR10 a 100 MW por límite de transferencia en las líneas TAJ-YAG23001 y 02.
2025-08-30,ENDE ANDINA,G,SUR10,10:30,15:07,Reducción de potencia de la unidad CCSUR10 a 90 MW por límite de transferencia en las líneas TAJ-YAG23001 y 02.
2025-08-30,ENDE ANDINA,G,SUR10,15:07,17:08,Reducción de potencia de la unidad CCSUR10 a 70 MW por límite de transferencia en las líneas TAJ-YAG23001 y 02.
2025-08-30,ENDE ANDINA,G,SUR10,17:08,18:27,Reducción de potencia de la unidad CCSUR10 a 90 MW por límite de transferencia en las líneas TAJ-YAG23001 y 02.
2025-08-31,ENDE ANDINA,G,SUR40,09:35,11:10,Reducción de potencia de la unidad CCSUR40 a 95 MW por límite de transferencia en la línea PUN-SUC230.
2025-08-31,ENDE ANDINA,G,SUR10,09:35,17:12,Reducción de potencia de la unidad CCSUR10 a 73.4 MW por límite de transferencia en la línea PUN-SUC230.
2025-08-31,ENDE ANDINA,G,SUR40,11:10,16:09,Reducción de potencia de la unidad CCSUR40 a 90 MW por límite de transferencia en la línea PUN-SUC230.
2025-09-01,ENDE ANDINA,G,SUR10,10:02,10:57,Reducción de potencia de la unidad CCSUR10 a 90 MW por límite de transferencia en la línea PUN-SUC230.
2025-09-01,ENDE ANDINA,G,SUR10,10:57,15:45,Reducción de potencia de la unidad CCSUR10 a 78 MW por límite de transferencia en la línea PUN-SUC230.
2025-09-01,ENDE ANDINA,G,SUR10,15:45,16:25,Reducción de potencia de la unidad CCSUR10 a 90 MW por límite de transferencia en las líneas TAJ-YAG23001 y 02.
2025-09-01,ENDE ANDINA,G,SUR10,16:25,16:46,Reducción de potencia de la unidad CCSUR10 a 100 MW por límite de transferencia en las líneas TAJ-YAG23001 y 02.
2025-09-02,ENDE ANDINA,G,SUR10,14:18,15:44,Reducción de potencia de la unidad CCSUR10 a 78 MW por límite de transferencia en las líneas TAJ-YAG23001 y 02.
2025-09-02,ENDE ANDINA,G,SUR10,15:44,15:55,Reducción de potencia de la unidad CCSUR10 a 90 MW por límite de transferencia en las líneas TAJ-YAG23001 y 02.
2025-09-02,ENDE ANDINA,G,SUR10,15:55,17:07,Reducción de potencia de la unidad CCSUR10 a 100 MW por límite de transferencia en las líneas TAJ-YAG23001 y 02.
2025-09-03,ENDE ANDINA,G,SUR10,09:16,09:54,Reducción de potencia de la unidad CCSUR10 a 100 MW por límite de transferencia en las líneas TAJ-YAG23001 y 02.
2025-09-03,ENDE ANDINA,G,SUR10,10:44,12:44,Reducción de potencia de la unidad CCSUR10 a 85 MW por límite de transferencia en las líneas TAJ-YAG23001 y 02.
2025-09-03,ENDE ANDINA,G,SUR10,14:07,17:03,Reducción de potencia de la unidad CCSUR10 a 85 MW por límite de transferencia en las líneas TAJ-YAG23001 y 02.
2025-09-04,ENDE ANDINA,G,SUR10,09:24,09:51,Reducción de potencia de la unidad CCSUR10 a 95 MW por límite de transferencia en las líneas TAJ-YAG23001 y 02.
2025-09-04,ENDE ANDINA,G,SUR10,09:51,11:16,Reducción de potencia de la unidad CCSUR10 a 90 MW por límite de transferencia en las líneas TAJ-YAG23001 y 02.
2025-09-04,ENDE ANDINA,G,SUR10,11:16,16:15,Reducción de potencia de la unidad CCSUR10 a 78 MW por límite de transferencia en las líneas TAJ-YAG23001 y 02.
2025-09-04,ENDE ANDINA,G,SUR10,16:15,16:53,Reducción de potencia de la unidad CCSUR10 a 90 MW por límite de transferencia en las líneas TAJ-YAG23001 y 02.
2025-09-05,ENDE ANDINA,G,SUR10,09:30,10:24,Reducción de potencia de la unidad CCSUR10 a 100 MW por límite de transferencia en las líneas TAJ-YAG23001 y 02.
2025-09-05,ENDE ANDINA,G,SUR10,10:24,11:01,Reducción de potencia de la unidad CCSUR10 a 90 MW por límite de transferencia en las líneas TAJ-YAG23001 y 02.
2025-09-05,ENDE ANDINA,G,SUR10,11:01,15:16,Reducción de potencia de la unidad CCSUR10 a 80 MW por límite de transferencia en las líneas TAJ-YAG23001 y 02.
2025-09-07,ENDE ANDINA,G,SUR10,15:51,17:15,"Reducción de potencia de la unidad CCSUR10 a 73.9 MW, debido a mantenimiento de la línea PUN-LCA230."
2025-09-07,ENDE ANDINA,G,SUR40,15:51,17:15,"Reducción de potencia de la unidad CCSUR40 a 78.9 MW, debido a mantenimiento de la línea PUN-LCA230."
2025-09-08,ENDE ANDINA,G,SUR10,13:58,14:46,Reducción de potencia de la unidad CCSUR10 a 95 MW por límite de transferencia en las líneas TAJ-YAG23001 y 02.
2025-09-09,ENDE ANDINA,G,SUR10,10:43,16:43,Reducción de potencia de la unidad CCSUR10 a 85 MW por límite de transferencia en las líneas TAJ-YAG23001 y 02.
2025-09-10,ENDE ANDINA,G,SUR10,09:26,09:50,Reducción de potencia de la unidad CCSUR10 a 100 MW por límite de transferencia en las líneas TAJ-YAG23001 y 02.
2025-09-10,ENDE ANDINA,G,SUR10,09:50,13:55,Reducción de potencia de la unidad CCSUR10 a 95 MW por límite de transferencia en las líneas TAJ-YAG23001 y 02.
2025-09-11,ENDE ANDINA,G,SUR10,09:53,13:50,Reducción de potencia de la unidad CCSUR10 a 95 MW por límite de transferencia en las líneas TAJ-YAG23001 y 02.
2025-09-11,ENDE ANDINA,G,SUR10,13:50,15:50,Reducción de potencia de la unidad CCSUR10 a 85 MW por límite de transferencia en las líneas TAJ-YAG23001 y 02.
2025-09-11,ENDE ANDINA,G,SUR10,15:50,17:10,Reducción de potencia de la unidad CCSUR10 a 95 MW por límite de transferencia en las líneas TAJ-YAG23001 y 02.
2025-09-12,ENDE ANDINA,G,SUR10,08:30,09:10,Reducción de potencia de la unidad CCSUR10 a 95 MW por límite de transferencia en las líneas TAJ-YAG23001 y 02.
2025-09-12,ENDE ANDINA,G,SUR10,09:10,10:14,Reducción de potencia de la unidad CCSUR10 a 80 MW por límite de transferencia en las líneas TAJ-YAG23001 y 02.
2025-09-12,ENDE ANDINA,G,SUR10,10:14,17:52,Reducción de potencia de la unidad CCSUR10 a 72.9 MW por límite de transferencia en las líneas TAJ-YAG23001 y 02.
2025-09-12,ENDE ANDINA,G,SUR40,13:00,13:52,Reducción de potencia de la unidad CCSUR40 a 100 MW por límite de transferencia en las líneas TAJ-YAG23001 y 02.
2025-09-12,ENDE ANDINA,G,SUR40,13:52,15:59,Reducción de potencia de la unidad CCSUR40 a 85 MW por límite de transferencia en las líneas TAJ-YAG23001 y 02.
2025-09-12,ENDE ANDINA,G,SUR21,13:58,17:08,Reducción de potencia de la unidad CCSUR21 a 41.9 MW por límite de transferencia en las líneas TAJ-YAG23001 y 02.
2025-09-12,ENDE ANDINA,G,SUR40,15:59,16:24,Reducción de potencia de la unidad CCSUR40 a 95 MW por límite de transferencia en las líneas TAJ-YAG23001 y 02.
2025-09-13,ENDE ANDINA,G,SUR40,07:45,08:05,Reducción de potencia de la unidad CCSUR40 a 100 MW por límite de transferencia en la línea TAJ-YAG23001.
2025-09-13,ENDE ANDINA,G,SUR10,07:55,15:32,Reducción de potencia de la unidad CCSUR10 a 72.4 MW por límite de transferencia en la línea TAJ-YAG23001.
2025-09-13,ENDE ANDINA,G,SUR40,08:05,15:15,Reducción de potencia de la unidad CCSUR40 a 95 MW por límite de transferencia en la línea TAJ-YAG23001.
2025-09-15,ENDE ANDINA,G,SUR10,08:15,08:53,Reducción de potencia de la unidad CCSUR10 a 95 MW por límite de transferencia en las líneas TAJ-YAG23001 y 02.
2025-09-15,ENDE ANDINA,G,SUR10,08:53,10:26,Reducción de potencia de la unidad CCSUR10 a 85 MW por límite de transferencia en las líneas PUN-SUC230 y PUN-POT115.
2025-09-15,ENDE ANDINA,G,SUR10,10:26,10:59,Reducción de potencia de la unidad CCSUR10 a 95 MW por límite de transferencia en las líneas PUN-SUC230 y PUN-POT115.
2025-09-15,ENDE ANDINA,G,SUR10,10:59,12:50,Reducción de potencia de la unidad CCSUR10 a 85 MW por límite de transferencia en las líneas TAJ-YAG23001 y 02.
2025-09-15,ENDE ANDINA,G,SUR10,12:50,13:47,Reducción de potencia de la unidad CCSUR10 a 95 MW por límite de transferencia en las líneas TAJ-YAG23001 y 02.
2025-09-16,ENDE ANDINA,G,SUR10,08:41,09:30,Reducción de potencia de la unidad CCSUR10 a 105 MW por límite de transferencia en las líneas TAJ-YAG23001 y 02.
2025-09-16,ENDE ANDINA,G,SUR10,09:30,14:45,Reducción de potencia de la unidad CCSUR10 a 95 MW por límite de transferencia en las líneas TAJ-YAG23001 y 02.
2025-09-17,ENDE ANDINA,G,SUR10,11:12,15:37,Reducción de potencia de la unidad CCSUR10 a 95 MW por límite de transferencia en las líneas TAJ-YAG23001 y 02.
2025-09-18,ENDE ANDINA,G,SUR10,11:34,12:15,Reducción de potencia de la unidad CCSUR10 a 95 MW por límite de transferencia en las líneas TAJ-YAG23001 y 02.
2025-09-18,ENDE ANDINA,G,SUR10,13:30,14:56,Reducción de potencia de la unidad CCSUR10 a 95 MW por límite de transferencia en las líneas TAJ-YAG23001 y 02.
2025-09-19,ENDE ANDINA,G,SUR10,08:41,08:51,Reducción de potencia de la unidad CCSUR10 a 95 MW por límite de transferencia en las líneas TAJ-YAG23001 y 02.
2025-09-19,ENDE ANDINA,G,SUR10,08:51,10:11,Reducción de potencia de la unidad CCSUR10 a 85 MW por límite de transferencia en las líneas TAJ-YAG23001 y 02.
2025-09-19,ENDE ANDINA,G,SUR10,10:11,10:41,Reducción de potencia de la unidad CCSUR10 a 80 MW por límite de transferencia en las líneas TAJ-YAG23001 y 02.
2025-09-19,ENDE ANDINA,G,SUR10,10:41,18:19,Reducción de potencia de la unidad CCSUR10 a 69 MW por límite de transferencia en las líneas TAJ-YAG23001 y 02.
2025-09-19,ENDE ANDINA,G,SUR40,10:57,18:13,Reducción de potencia de la unidad CCSUR10 a 100 MW por límite de transferencia en las líneas TAJ-YAG23001 y 02.
2025-09-19,ENDE ANDINA,G,SUR21,11:56,18:13,Reducción de potencia de la unidad CCSUR21 a 38.6 MW por límite de transferencia en las líneas TAJ-YAG23001 y 02.
2025-09-21,ENDE ANDINA,G,SUR10,15:42,18:10,Reducción de potencia de la unidad CCSUR10 a 75 MW por límite de transferencia en las líneas TAJ-YAG23001 y 02.
2025-09-22,ENDE ANDINA,G,SUR10,08:28,09:52,Reducción de potencia de la unidad CCSUR10 a 100 MW por límite de transferencia en las líneas TAJ-YAG23001 y 02.
2025-09-22,ENDE ANDINA,G,SUR10,09:52,10:41,Reducción de potencia de la unidad CCSUR10 a 90 MW por límite de transferencia en las líneas TAJ-YAG23001 y 02.
2025-09-22,ENDE ANDINA,G,SUR10,10:41,12:24,Reducción de potencia de la unidad CCSUR10 a 85 MW por límite de transferencia en las líneas TAJ-YAG23001 y 02.
2025-09-22,ENDE ANDINA,G,SUR10,12:24,16:54,Reducción de potencia de la unidad CCSUR10 a 80 MW por límite de transferencia en las líneas TAJ-YAG23001 y 02.
2025-09-23,ENDE ANDINA,G,SUR10,08:51,09:57,Reducción de potencia de la unidad CCSUR10 a 95 MW por límite de transferencia en las líneas TAJ-YAG23001 y 02.
2025-09-23,ENDE ANDINA,G,SUR10,09:57,10:04,Reducción de potencia de la unidad CCSUR10 a 90 MW por límite de transferencia en las líneas TAJ-YAG23001 y 02.
2025-09-24,ENDE ANDINA,G,SUR10,09:29,11:24,Reducción de potencia de la unidad CCSUR10 a 90 MW por límite de transferencia en las líneas TAJ-YAG23001 y 02.
2025-09-24,ENDE ANDINA,G,SUR10,14:22,16:07,Reducción de potencia de la unidad CCSUR10 a 100 MW por límite de transferencia en las líneas TAJ-YAG23001 y 02.
2025-09-25,ENDE ANDINA,G,SUR10,08:40,09:20,Reducción de potencia de la unidad CCSUR10 a 100 MW por límite de transferencia en las líneas TAJ-YAG23001 y 02.
2025-09-25,ENDE ANDINA,G,SUR10,09:20,10:28,Reducción de potencia de la unidad CCSUR10 a 90 MW por límite de transferencia en las líneas TAJ-YAG23001 y 02.
2025-09-25,ENDE ANDINA,G,SUR10,12:52,14:40,Reducción de potencia de la unidad CCSUR10 a 90 MW por límite de transferencia en las líneas TAJ-YAG23001 y 02.
2025-09-26,ENDE ANDINA,G,SUR10,09:10,10:46,Reducción de potencia de la unidad CCSUR10 a 100 MW por límite de transferencia en las líneas TAJ-YAG23001 y 02.
2025-09-26,ENDE ANDINA,G,SUR10,10:46,13:02,Reducción de potencia de la unidad CCSUR10 a 90 MW por límite de transferencia en las líneas TAJ-YAG23001 y 02.
2025-09-26,ENDE ANDINA,G,SUR10,13:02,14:30,Reducción de potencia de la unidad CCSUR10 a 80 MW por límite de transferencia en las líneas TAJ-YAG23001 y 02.
2025-09-26,ENDE ANDINA,G,SUR10,14:30,15:41,Reducción de potencia de la unidad CCSUR10 a 88 MW por límite de transferencia en las líneas TAJ-YAG23001 y 02.
2025-09-29,ENDE ANDINA,G,SUR10,08:09,10:51,Reducción de potencia de la unidad CCSUR10 a 100 MW por límite de transferencia en las líneas TAJ-YAG23001 y 02.
2025-09-29,ENDE ANDINA,G,SUR10,10:51,13:53,Reducción de potencia de la unidad CCSUR10 a 90 MW por límite de transferencia en las líneas TAJ-YAG23001 y 02.
2025-09-30,ENDE ANDINA,G,SUR10,10:50,17:20,Reducción de potencia de la unidad CCSUR10 a 95 MW por límite de transferencia en las líneas TAJ-YAG23001 y 02.
2025-10-01,ENDE ANDINA,G,SUR10,09:14,18:00,Reducción de potencia de la unidad CCSUR10 a 100 MW por límite de transferencia en las líneas TAJ-YAG23001 y 02.
2025-10-31,ENDE ANDINA,G,SUR10,09:14,13:17,Reducción de potencia de la unidad CCSUR10 a 95 MW por límite de transferencia en las líneas TAJ-YAG23001 y 02.
2025-11-01,ENDE ANDINA,G,SUR10,10:11,15:50,Reducción de potencia de la unidad CCSUR10 a 95 MW por límite de transferencia en las líneas TAJ-YAG23001 y 02.
2025-11-05,ENDE ANDINA,G,SUR10,09:31,13:26,Reducción de potencia de la unidad CCSUR10 a 98 MW por límite de transferencia en las líneas TAJ-YAG23001 y 02.
2025-11-05,ENDE ANDINA,G,SUR10,13:26,16:58,Reducción de potencia de la unidad CCSUR10 a 105 MW por límite de transferencia en las líneas TAJ-YAG23001 y 02.
2025-11-06,ENDE ANDINA,G,SUR10,08:45,09:50,Reducción de potencia de la unidad CCSUR10 a 100 MW por límite de transferencia en las líneas TAJ-YAG23001 y 02.
2025-11-06,ENDE ANDINA,G,SUR10,09:50,11:46,Reducción de potencia de la unidad CCSUR10 a 95 MW por límite de transferencia en las líneas TAJ-YAG23001 y 02.
2025-11-06,ENDE ANDINA,G,SUR10,11:46,12:00,Reducción de potencia de la unidad CCSUR10 a 90 MW por límite de transferencia en las líneas TAJ-YAG23001 y 02.
2025-11-07,ENDE ANDINA,G,SUR10,09:11,15:10,Reducción de potencia de la unidad CCSUR10 a 90 MW por límite de transferencia en las líneas TAJ-YAG23001 y 02.
2025-11-07,ENDE ANDINA,G,SUR10,15:10,16:49,Reducción de potencia de la unidad CCSUR10 a 100 MW por límite de transferencia en las líneas TAJ-YAG23001 y 02.
2025-11-08,ENDE ANDINA,G,SUR10,08:39,11:53,Reducción de potencia de la unidad CCSUR10 a 100 MW por límite de transferencia en las líneas TAJ-YAG23001 y 02.
2025-11-09,ENDE ANDINA,G,SUR10,15:33,17:13,Reducción de potencia de la unidad CCSUR10 a 90 MW por límite de transferencia en las líneas TAJ-YAG23001 y 02.
2025-11-10,ENDE ANDINA,G,SUR10,09:32,15:03,Reducción de potencia de la unidad CCSUR10 a 95 MW por límite de transferencia en las líneas TAJ-YAG23001 y 02.
2025-11-10,ENDE ANDINA,G,SUR10,15:03,17:17,Reducción de potencia de la unidad CCSUR10 a 100 MW por límite de transferencia en las líneas TAJ-YAG23001 y 02.
2025-11-11,ENDE ANDINA,G,SUR10,08:21,08:57,Reducción de potencia de la unidad CCSUR10 a 100 MW por límite de transferencia en las líneas TAJ-YAG23001 y 02.
2025-11-11,ENDE ANDINA,G,SUR10,08:57,11:16,Reducción de potencia de la unidad CCSUR10 a 85 MW por límite de transferencia en las líneas TAJ-YAG23001 y 02.
2025-11-11,ENDE ANDINA,G,SUR10,11:16,17:06,Reducción de potencia de la unidad CCSUR10 a 70 MW por límite de transferencia en las líneas TAJ-YAG23001 y 02.
2025-11-11,ENDE ANDINA,G,SUR21,12:19,18:14,Reducción de potencia de la unidad CCSUR21 a 40 MW por límite de transferencia en las líneas TAJ-YAG23001 y 02.
2025-11-11,ENDE ANDINA,G,SUR40,12:33,15:40,Reducción de potencia de la unidad CCSUR40 a 100 MW por límite de transferencia en las líneas TAJ-YAG23001 y 02.
2025-11-11,ENDE ANDINA,G,SUR10,17:06,18:14,Reducción de potencia de la unidad CCSUR10 a 90 MW por límite de transferencia en las líneas TAJ-YAG23001 y 02.
2025-11-11,ENDE ANDINA,G,SUR21,23:41,23:56,Reducción de potencia de la unidad CCSUR21 a 41.9 MW por límite de transferencia en las líneas TAJ-YAG23001 y 02.
2025-11-11,ENDE ANDINA,G,SUR10,23:46,24:00,Reducción de potencia de la unidad CCSUR10 a 85 MW por límite de transferencia en las líneas TAJ-YAG23001 y 02.
2025-11-12,ENDE ANDINA,G,SUR10,00:00,00:03,Reducción de potencia de la unidad CCSUR10 a 85 MW por límite de transferencia en las líneas TAJ-YAG23001 y 02.
2025-11-12,ENDE ANDINA,G,SUR10,09:03,10:40,Reducción de potencia de la unidad CCSUR10 a 95 MW por límite de transferencia en las líneas TAJ-YAG23001 y 02.
2025-11-12,ENDE ANDINA,G,SUR10,10:40,11:34,Reducción de potencia de la unidad CCSUR10 a 85 MW por límite de transferencia en las líneas TAJ-YAG23001 y 02.
2025-11-12,ENDE ANDINA,G,SUR10,11:34,18:20,Reducción de potencia de la unidad CCSUR10 a 70 MW por límite de transferencia en las líneas TAJ-YAG23001 y 02.
2025-11-12,ENDE ANDINA,G,SUR21,12:18,18:20,Reducción de potencia de la unidad CCSUR21 a 39.3 MW por límite de transferencia en las líneas TAJ-YAG23001 y 02.
2025-11-12,ENDE ANDINA,G,SUR21,22:27,24:00,Reducción de potencia de la unidad CCSUR21 a 42.7 MW por límite de transferencia en las líneas TAJ-YAG23001 y 02.
2025-11-12,ENDE ANDINA,G,SUR10,22:43,24:00,Reducción de potencia de la unidad CCSUR10 a 85 MW por límite de transferencia en las líneas TAJ-YAG23001 y 02.
2025-11-13,ENDE ANDINA,G,SUR10,00:00,00:53,Reducción de potencia de la unidad CCSUR10 a 85 MW por límite de transferencia en las líneas TAJ-YAG23001 y 02.
2025-11-13,ENDE ANDINA,G,SUR21,00:00,00:53,Reducción de potencia de la unidad CCSUR21 a 42.7 MW por límite de transferencia en las líneas TAJ-YAG23001 y 02.
2025-11-13,ENDE ANDINA,G,SUR10,08:38,10:22,Reducción de potencia de la unidad CCSUR10 a 100 MW por límite de transferencia en las líneas TAJ-YAG23001 y 02.
2025-11-13,ENDE ANDINA,G,SUR10,10:22,11:46,Reducción de potencia de la unidad CCSUR10 a 90 MW por límite de transferencia en las líneas TAJ-YAG23001 y 02.
2025-11-13,ENDE ANDINA,G,SUR10,11:46,18:16,Reducción de potencia de la unidad CCSUR10 a 76 MW por límite de transferencia en las líneas TAJ-YAG23001 y 02.
2025-11-13,ENDE ANDINA,G,SUR21,16:15,18:16,Reducción de potencia de la unidad CCSUR21 a 42.7 MW por límite de transferencia en las líneas TAJ-YAG23001 y 02.
2025-11-13,ENDE ANDINA,G,SUR21,20:08,23:06,Reducción de potencia de la unidad CCSUR21 a 45 MW por límite de transferencia en las líneas TAJ-YAG23001 y 02.
2025-11-13,ENDE ANDINA,G,SUR10,20:13,23:06,Reducción de potencia de la unidad CCSUR10 a 105 MW por límite de transferencia en las líneas TAJ-YAG23001 y 02.
2025-11-14,ENDE ANDINA,G,SUR10,08:58,09:21,Reducción de potencia de la unidad CCSUR10 a 95 MW por límite de transferencia en las líneas TAJ-YAG23001 y 02.
2025-11-14,ENDE ANDINA,G,SUR10,09:21,10:29,Reducción de potencia de la unidad CCSUR10 a 85 MW por límite de transferencia en las líneas TAJ-YAG23001 y 02.
2025-11-14,ENDE ANDINA,G,SUR10,10:29,14:00,Reducción de potencia de la unidad CCSUR10 a 80 MW por límite de transferencia en las líneas TAJ-YAG23001 y 02.
2025-11-14,ENDE ANDINA,G,SUR40,14:00,16:41,Reducción de potencia de la unidad CCSUR40 a 100 MW por límite de transferencia en las líneas TAJ-YAG23001 y 02.
2025-11-14,ENDE ANDINA,G,SUR10,14:00,18:06,Reducción de potencia de la unidad CCSUR10 a 73.4 MW por límite de transferencia en las líneas TAJ-YAG23001 y 02.
2025-11-14,ENDE ANDINA,G,SUR21,14:35,22:11,Reducción de potencia de la unidad CCSUR21 a 43.6 MW por límite de transferencia en las líneas TAJ-YAG23001 y 02.
2025-11-15,ENDE ANDINA,G,SUR10,08:55,16:04,Reducción de potencia de la unidad CCSUR10 a 90 MW por límite de transferencia en las líneas TAJ-YAG23001 y 02.
2025-11-16,ENDE ANDINA,G,SUR10,07:43,10:36,Reducción de potencia de la unidad CCSUR10 a 90 MW por límite de transferencia en las líneas TAJ-YAG23001 y 02.
2025-11-16,ENDE ANDINA,G,SUR10,10:36,15:55,Reducción de potencia de la unidad CCSUR10 a 71 MW por límite de transferencia en las líneas TAJ-YAG23001 y 02.
2025-11-16,ENDE ANDINA,G,SUR40,10:58,15:55,Reducción de potencia de la unidad CCSUR40 a 95 MW por límite de transferencia en las líneas TAJ-YAG23001 y 02.
2025-11-16,ENDE ANDINA,G,SUR10,15:55,16:41,Reducción de potencia de la unidad CCSUR10 a 90 MW por límite de transferencia en las líneas TAJ-YAG23001 y 02.
2025-11-17,ENDE ANDINA,G,SUR10,09:25,10:27,Reducción de potencia de la unidad CCSUR10 a 90 MW por límite de transferencia en las líneas TAJ-YAG23001 y 02.
2025-11-17,ENDE ANDINA,G,SUR10,10:27,16:01,Reducción de potencia de la unidad CCSUR10 a 85 MW por límite de transferencia en las líneas TAJ-YAG23001 y 02.
2025-11-17,ENDE ANDINA,G,ERI30,17:47,18:50,Reducción de potencia de la unidad CCERI30 a 85 MW por límite de transferencia en las líneas CAR-SAD500 y CAR-CHI230.
2025-11-17,ENDE ANDINA,G,WAR40,17:47,24:00,Reducción de potencia de la unidad CCWAR40 a 84 MW por límite de transferencia en las líneas CAR-SAD500 y CAR-CHI230.
2025-11-17,ENDE ANDINA,G,ERI40,17:47,24:00,Reducción de potencia de la unidad CCERI40 a 85 MW por límite de transferencia en las líneas CAR-SAD500 y CAR-CHI230.
2025-11-17,ENDE ANDINA,G,ERI30,18:50,18:55,Reducción de potencia de la unidad CCERI30 a 100 MW por límite de transferencia en las líneas CAR-SAD500 y CAR-CHI230.
2025-11-17,ENDE ANDINA,G,ERI30,18:55,20:52,Reducción de potencia de la unidad CCERI30 a 110 MW por límite de transferencia en las líneas CAR-SAD500 y CAR-CHI230.
2025-11-17,ENDE ANDINA,G,ERI30,20:52,21:03,Reducción de potencia de la unidad CCERI30 a 95 MW por límite de transferencia en las líneas CAR-SAD500 y CAR-CHI230.
2025-11-17,ENDE ANDINA,G,ERI30,21:03,24:00,Reducción de potencia de la unidad CCERI30 a 85 MW por límite de transferencia en las líneas CAR-SAD500 y CAR-CHI230.
2025-11-18,ENDE ANDINA,G,SUR10,08:52,09:59,Reducción de potencia de la unidad CCSUR10 a 90 MW por límite de transferencia en las líneas TAJ-YAG23001 y 02.
2025-11-18,ENDE ANDINA,G,WAR40,09:10,10:08,Reducción de potencia de la unidad CCWAR40 a 105 MW por límite de transferencia en las líneas CAR-SAD500 y CAR-CHI230.
2025-11-18,ENDE ANDINA,G,ERI52,09:10,11:31,Reducción de potencia de la unidad CCERI52 a 48.3 MW por límite de transferencia en las líneas CAR-SAD500 y CAR-CHI230 .
2025-11-18,ENDE ANDINA,G,WAR20,09:10,17:31,Reducción de potencia de la unidad CCWAR20 a 77 MW por límite de transferencia en las líneas CAR-SAD500 y CAR-CHI230.
2025-11-18,ENDE ANDINA,G,SUR10,09:59,13:18,Reducción de potencia de la unidad CCSUR10 a 80 MW por límite de transferencia en las líneas TAJ-YAG23001 y 02.
2025-11-18,ENDE ANDINA,G,ERI50,11:31,19:53,Reducción de potencia de la unidad CCERI50 a 83 MW por límite de transferencia en las líneas CAR-SAD500 y CAR-CHI230.
2025-11-18,ENDE ANDINA,G,ERI40,11:45,13:11,Reducción de potencia de la unidad CCERI50 a 118 MW por límite de transferencia en las líneas CAR-SAD500 y CAR-CHI230.
2025-11-18,ENDE ANDINA,G,ERI40,13:11,13:45,Reducción de potencia de la unidad CCERI40 a 80.5 MW por límite de transferencia en las líneas CAR-SAD500 y CAR-CHI230.
2025-11-18,ENDE ANDINA,G,SUR40,13:18,15:54,Reducción de potencia de la unidad CCSUR40 a 100 MW por límite de transferencia en las líneas TAJ-YAG23001 y 02.
2025-11-18,ENDE ANDINA,G,SUR10,13:18,18:27,Reducción de potencia de la unidad CCSUR10 a 70 MW por límite de transferencia en las líneas TAJ-YAG23001 y 02.
2025-11-18,ENDE ANDINA,G,SUR21,13:18,18:37,Reducción de potencia de la unidad CCSUR21 a 40.7 MW por límite de transferencia en las líneas TAJ-YAG23001 y 02.
2025-11-18,ENDE ANDINA,G,ERI40,13:45,14:30,Reducción de potencia de la unidad CCERI40 a 100 MW por límite de transferencia en las líneas CAR-SAD500 y CAR-CHI230.
2025-11-18,ENDE ANDINA,G,ERI40,17:31,19:53,Reducción de potencia de la unidad CCERI0 a 80 MW por límite de transferencia en las líneas CAR-SAD500 y CAR-CHI230.
2025-11-18,ENDE ANDINA,G,ERI30,19:53,24:00,Reducción de potencia de la unidad CCERI30 a 80 MW por límite de transferencia en las líneas CAR-SAD500 y CAR-CHI230.
2025-11-18,ENDE ANDINA,G,SUR21,20:49,23:10,Reducción de potencia de la unidad CCSUR21 a 41.7 MW por límite de transferencia en las líneas TAJ-YAG23001 y 02.
2025-11-18,ENDE ANDINA,G,WAR30,21:15,23:29,Reducción de potencia de la unidad CCERI40 a 80 MW por límite de transferencia en las líneas CAR-SAD500 y CAR-CHI230.
2025-11-19,ENDE ANDINA,G,ERI30,06:38,07:40,Reducción de potencia de la unidad CCERI30 a 100 MW por límite de transferencia en las líneas CAR-SAD500 y CAR-CHI230.
2025-11-19,ENDE ANDINA,G,ERI40,07:19,08:00,Reducción de potencia de la unidad CCERI40 a 82 MW por límite de transferencia en las líneas CAR-SAD500 y CAR-CHI230.
2025-11-19,ENDE ANDINA,G,WAR30,07:40,09:15,Reducción de potencia de la unidad CCWAR30 a 80 MW por límite de transferencia en las líneas CAR-SAD500 y CAR-CHI230.
2025-11-19,ENDE ANDINA,G,WAR40,08:00,10:55,Reducción de potencia de la unidad CCWAR40 a 80 MW por límite de transferencia en las líneas CAR-SAD500 y CAR-CHI230.
2025-11-19,ENDE ANDINA,G,WAR30,09:15,09:32,Reducción de potencia de la unidad CCWAR30 a 100 MW por límite de transferencia en las líneas CAR-SAD500 y CAR-CHI230.
2025-11-19,ENDE ANDINA,G,WAR20,09:32,11:02,Reducción de potencia de la unidad CCWAR20 a 76 MW por límite de transferencia en las líneas CAR-SAD500 y CAR-CHI230.
2025-11-19,ENDE ANDINA,G,WAR40,10:55,11:02,Reducción de potencia de la unidad CCWAR40 a 100 MW por límite de transferencia en las líneas CAR-SAD500 y CAR-CHI230.
2025-11-19,ENDE ANDINA,G,ERI03,17:21,18:20,"Reducción de potencia de la unidad ERI03 a 17,1 MW por límite de transferencia en las líneas CAR-SAD500 y CAR-CHI230."
2025-11-19,ENDE ANDINA,G,SUR21,17:36,18:47,Reducción de potencia de la unidad CCSUR21 a 42.7 MW por límite de transferencia en las líneas TAJ-YAG23001 y 02.
2025-11-19,ENDE GUARACACHI,G,GCH12,18:10,18:20,Reducción de potencia de la unidad CCGCH12 a 165 MW por límite de transferencia en las líneas CAR-SAD500 y CAR-CHI230.
2025-11-19,CE,G,BUL01,18:20,18:39,Reducción de potencia de la unidad BUL01 a 27 MW por límite de transferencia en las líneas CAR-SAD500 y CAR-CHI230.
2025-11-19,ENDE ANDINA,G,WAR10,18:20,19:05,Reducción de potencia de la unidad CCWAR10 a 76 MW por límite de transferencia en las líneas CAR-SAD500 y CAR-CHI230.
2025-11-19,ENDE ANDINA,G,WAR20,18:39,19:05,Reducción de potencia de la unidad CCWAR20 a 76 MW por límite de transferencia en las líneas CAR-SAD500 y CAR-CHI230.
2025-11-19,CE,G,BUL01,20:40,21:01,Reducción de potencia de la unidad BUL01 a 27 MW por límite de transferencia en las líneas CAR-SAD500 y CAR-CHI230.
2025-11-19,ENDE GUARACACHI,G,GCH12,20:40,23:48,Reducción de potencia de la unidad CCGCH12 a 165 MW por límite de transferencia en las líneas CAR-SAD500 y CAR-CHI230.
2025-11-19,ENDE ANDINA,G,WAR10,22:59,23:48,Reducción de potencia de la unidad CCWAR10 a 77 MW por límite de transferencia en las líneas CAR-SAD500 y CAR-CHI230.
2025-11-20,ENDE ANDINA,G,WAR40,07:15,07:29,Reducción de potencia de la unidad CCWAR40 a 81 MW por límite de transferencia en las líneas CAR-SAD500 y CAR-CHI230.
2025-11-20,ENDE ANDINA,G,WAR40,07:29,08:00,Reducción de potencia de la unidad CCWAR40 a 100 MW por límite de transferencia en las líneas CAR-SAD500 y CAR-CHI230.
2025-11-20,ENDE ANDINA,G,WAR20,07:32,08:23,Reducción de potencia de la unidad CCWAR20 a 77 MW por límite de transferencia en las líneas CAR-SAD500 y CAR-CHI230.
2025-11-20,ENDE ANDINA,G,WAR10,08:00,08:30,Reducción de potencia de la unidad CCWAR10 a 77 MW por límite de transferencia en las líneas CAR-SAD500 y CAR-CHI230.
2025-11-20,CE,G,BUL01,16:10,18:21,Reducción de potencia de la unidad BUL01 a 27 MW por límite de transferencia en las líneas CAR-SAD500 y CAR-CHI230.
2025-11-20,ENDE GUARACACHI,G,GCH12,16:10,18:21,Reducción de potencia de la unidad CCGCH12 a 165 MW por límite de transferencia en las líneas CAR-SAD500 y CAR-CHI230.
2025-11-20,ENDE ANDINA,G,SUR21,16:14,16:30,Reducción de potencia de la unidad CCSUR21 a 38.6 MW por límite de transferencia en las líneas TAJ-YAG23001 y 02.
2025-11-20,ENDE ANDINA,G,WAR10,16:30,20:30,Reducción de potencia de la unidad CCWAR10 a 74 MW por límite de transferencia en las líneas CAR-SAD500 y CAR-CHI230.
2025-11-20,ENDE ANDINA,G,WAR20,18:21,18:54,Reducción de potencia de la unidad CCWAR20 a 90 MW por límite de transferencia en las líneas CAR-SAD500 y CAR-CHI230.
2025-11-20,ENDE ANDINA,G,WAR10,20:30,21:21,Reducción de potencia de la unidad CCWAR10 a 90 MW por límite de transferencia en las líneas CAR-SAD500 y CAR-CHI230.
2025-11-20,ENDE ANDINA,G,WAR10,21:21,23:30,Reducción de potencia de la unidad CCWAR10 a 76 MW por límite de transferencia en las líneas CAR-SAD500 y CAR-CHI230.
2025-11-20,ENDE ANDINA,G,WAR20,21:29,21:50,Reducción de potencia de la unidad CCWAR20 a 90 MW por límite de transferencia en las líneas CAR-SAD500 y CAR-CHI230.
2025-11-20,ENDE ANDINA,G,WAR20,21:50,23:30,Reducción de potencia de la unidad CCWAR20 a 76 MW por límite de transferencia en las líneas CAR-SAD500 y CAR-CHI230.
2025-11-21,ENDE ANDINA,G,WAR30,06:26,06:33,Reducción de potencia de la unidad CCWAR30 a 81 MW por límite de transferencia en las líneas CAR-SAD500 y CAR-CHI230.
2025-11-21,ENDE ANDINA,G,WAR30,06:33,08:37,Reducción de potencia de la unidad CCWAR30 a 100 MW por límite de transferencia en las líneas CAR-SAD500 y CAR-CHI230.
2025-11-21,ENDE ANDINA,G,WAR40,06:33,08:42,Reducción de potencia de la unidad CCWAR40 a 81 MW por límite de transferencia en las líneas CAR-SAD500 y CAR-CHI230.
2025-11-21,ENDE ANDINA,G,WAR10,08:37,09:30,Reducción de potencia de la unidad CCWAR10 a 77 MW por límite de transferencia en las líneas CAR-SAD500 y CAR-CHI230.
2025-11-21,ENDE ANDINA,G,SUR10,08:40,10:41,Reducción de potencia de la unidad CCSUR10 a 95 MW por límite de transferencia en las líneas TAJ-YAG23001 y 02.
2025-11-21,ENDE ANDINA,G,WAR40,08:42,09:30,Reducción de potencia de la unidad CCWAR40 a 100 MW por límite de transferencia en las líneas CAR-SAD500 y CAR-CHI230.
2025-11-21,ENDE ANDINA,G,WAR20,08:42,09:30,Reducción de potencia de la unidad CCWAR30 a 100 MW por límite de transferencia en las líneas CAR-SAD500 y CAR-CHI230.
2025-11-21,ENDE ANDINA,G,SUR10,10:41,17:54,Reducción de potencia de la unidad CCSUR10 a 85 MW por límite de transferencia en las líneas TAJ-YAG23001 y 02.
2025-11-21,ENDE ANDINA,G,WAR10,12:11,12:21,Reducción de potencia de la unidad CCWAR10 a 75 MW por límite de transferencia en las líneas CAR-SAD500 y CAR-CHI230.
2025-11-21,ENDE ANDINA,G,WAR10,17:53,20:05,Reducción de potencia de la unidad CCWAR10 a 76 MW por límite de transferencia en las líneas CAR-SAD500 y CAR-CHI230.
2025-11-21,ENDE ANDINA,G,WAR20,17:58,21:38,Reducción de potencia de la unidad CCWAR20 a 76 MW por límite de transferencia en las líneas CAR-SAD500 y CAR-CHI230.
2025-11-21,ENDE ANDINA,G,WAR40,20:05,21:00,Reducción de potencia de la unidad CCWAR40 a 100 MW por límite de transferencia en las líneas CAR-SAD500 y CAR-CHI230.
2025-11-21,ENDE ANDINA,G,WAR40,21:00,22:45,Reducción de potencia de la unidad CCWAR40 a 79.7 MW por límite de transferencia en las líneas CAR-SAD500 y CAR-CHI230.
2025-11-21,ENDE ANDINA,G,SUR21,21:04,22:11,Reducción de potencia de la unidad CCSUR21 a 41.7 MW por límite de transferencia en las líneas TAJ-YAG23001 y 02.
2025-11-21,ENDE ANDINA,G,WAR30,21:38,21:59,Reducción de potencia de la unidad CCWAR30 a 100 MW por límite de transferencia en las líneas CAR-SAD500 y CAR-CHI230.
2025-11-21,ENDE ANDINA,G,WAR30,21:59,24:00,Reducción de potencia de la unidad CCWAR30 a 80 MW por límite de transferencia en las líneas CAR-SAD500 y CAR-CHI230.
2025-11-21,ENDE ANDINA,G,ERI40,22:45,24:00,Reducción de potencia de la unidad CCERI40 a 100 MW por límite de transferencia en las líneas CAR-SAD500 y CAR-CHI230.
2025-11-21,ENDE ANDINA,G,WAR42,23:34,24:00,Reducción de potencia de la unidad CCWAR42 a 46 MW por límite de transferencia en las líneas CAR-SAD500 y CAR-CHI230.
2025-11-22,ENDE ANDINA,G,ERI40,00:00,00:02,Reducción de potencia de la unidad CCERI40 a 100 MW por límite de transferencia en las líneas CAR-SAD500 y CAR-CHI230.
2025-11-22,ENDE ANDINA,G,WAR42,00:00,00:30,Reducción de potencia de la unidad CCWAR42 a 46 MW por límite de transferencia en las líneas CAR-SAD500 y CAR-CHI230.
2025-11-22,ENDE ANDINA,G,WAR30,00:00,01:25,Reducción de potencia de la unidad CCWAR30 a 80 MW por límite de transferencia en las líneas CAR-SAD500 y CAR-CHI230.
2025-11-22,ENDE ANDINA,G,SUR40,06:00,08:11,Reducción de potencia de la unidad CCSUR40 a 80 MW por límite de transferencia en la línea TAJ-YAG23001.
2025-11-22,ENDE ANDINA,G,SUR10,06:00,08:11,Reducción de potencia de la unidad CCSUR10 a 79 MW por límite de transferencia en la línea TAJ-YAG23001.
2025-11-22,ENDE ANDINA,G,SUR40,08:11,17:06,Reducción de potencia de la unidad CCSUR40 a 80 MW por límite de transferencia en la línea TAJ-YAG23002.
2025-11-22,ENDE ANDINA,G,SUR10,08:11,17:06,Reducción de potencia de la unidad CCSUR10 a 79 MW por límite de transferencia en la línea TAJ-YAG23002.
2025-11-22,ENDE ANDINA,G,WAR11,08:25,08:45,Reducción de potencia de la unidad CCWAR11 a 44 MW por límite de transferencia en las líneas CAR-SAD500 y CAR-CHI230.
2025-11-22,ENDE ANDINA,G,WAR22,08:25,08:45,Reducción de potencia de la unidad CCWAR22 a 44 MW por límite de transferencia en las líneas CAR-SAD500 y CAR-CHI230.
2025-11-22,ENDE ANDINA,G,WAR42,08:25,09:45,Reducción de potencia de la unidad CCWAR42 a 47 MW por límite de transferencia en las líneas CAR-SAD500 y CAR-CHI230.
2025-11-22,ENDE ANDINA,G,WAR10,08:45,09:45,Reducción de potencia de la unidad CCWAR10 a 77 MW por límite de transferencia en las líneas CAR-SAD500 y CAR-CHI230.
2025-11-22,ENDE ANDINA,G,WAR20,09:45,11:03,Reducción de potencia de la unidad CCWAR20 a 76 MW por límite de transferencia en las líneas CAR-SAD500 y CAR-CHI230.
2025-11-22,ENDE ANDINA,G,WAR20,11:03,11:11,Reducción de potencia de la unidad CCWAR20 a 90 MW por límite de transferencia en las líneas CAR-SAD500 y CAR-CHI230.
2025-11-22,ENDE ANDINA,G,WAR10,11:03,14:25,Reducción de potencia de la unidad CCWAR10 a 95 MW por límite de transferencia en las líneas CAR-SAD500 y CAR-CHI230.
2025-11-22,ENDE GUARACACHI,G,GCH12,11:11,14:57,Reducción de potencia de la unidad CCGCH12 a 165 MW por límite de transferencia en las líneas CAR-SAD500 y CAR-CHI230.
2025-11-22,ENDE ANDINA,G,WAR10,18:18,18:54,Reducción de potencia de la unidad CCWAR10 a 90 MW por límite de transferencia en las líneas CAR-SAD500 y CAR-CHI230.
2025-11-22,ENDE GUARACACHI,G,GCH12,20:18,22:46,Reducción de potencia de la unidad CCGCH12 a 165 MW por límite de transferencia en las líneas CAR-SAD500 y CAR-CHI230.
2025-11-22,ENDE ANDINA,G,WAR10,20:50,21:51,Reducción de potencia de la unidad CCWAR10 a 90 MW por límite de transferencia en las líneas CAR-SAD500 y CAR-CHI230.
2025-11-22,ENDE ANDINA,G,WAR10,21:51,23:03,Reducción de potencia de la unidad CCWAR10 a 77 MW por límite de transferencia en las líneas CAR-SAD500 y CAR-CHI230.
2025-11-22,ENDE ANDINA,G,WAR20,22:46,24:00,Reducción de potencia de la unidad CCWAR20 a 77 MW por límite de transferencia en las líneas CAR-SAD500 y CAR-CHI230.
2025-11-23,ENDE ANDINA,G,WAR20,00:00,00:02,Reducción de potencia de la unidad CCWAR20 a 77 MW por límite de transferencia en las líneas CAR-SAD500 y CAR-CHI230.
2025-11-23,ENDE ANDINA,G,SUR40,08:00,09:54,Reducción de potencia de la unidad CCSUR40 a 100 MW por límite de transferencia en las líneas TAJ-YAG23001 y 02.
2025-11-23,ENDE ANDINA,G,SUR10,08:00,16:15,Reducción de potencia de la unidad CCSUR10 a 73.7 MW por límite de transferencia en las líneas TAJ-YAG23001 y 02.
2025-11-23,ENDE ANDINA,G,SUR40,09:54,14:22,Reducción de potencia de la unidad CCSUR40 a 90 MW por límite de transferencia en las líneas TAJ-YAG23001 y 02.
2025-11-23,ENDE ANDINA,G,SUR10,16:15,17:02,Reducción de potencia de la unidad CCSUR10 a 90 MW por límite de transferencia en las líneas TAJ-YAG23001 y 02.
2025-11-24,ENDE ANDINA,G,SUR10,06:25,08:25,Reducción de potencia de la unidad CCSUR10 a 95 MW por límite de transferencia en las líneas TAJ-YAG23001 y 02.
2025-11-24,ENDE ANDINA,G,WAR42,07:10,07:50,Reducción de potencia de la unidad CCWAR42 a 46 MW por límite de transferencia en las líneas CAR-SAD500 y CAR-CHI230.
2025-11-24,ENDE ANDINA,G,WAR20,07:10,07:50,Reducción de potencia de la unidad CCWAR20 a 76 MW por límite de transferencia en las líneas CAR-SAD500 y CAR-CHI230.
2025-11-24,ENDE ANDINA,G,SUR10,08:25,09:10,Reducción de potencia de la unidad CCSUR10 a 80 MW por límite de transferencia en las líneas TAJ-YAG23001 y 02.
2025-11-24,ENDE ANDINA,G,SUR10,09:10,16:08,Reducción de potencia de la unidad CCSUR10 a 72 MW por límite de transferencia en las líneas TAJ-YAG23001 y 02.
2025-11-24,ENDE ANDINA,G,SUR40,10:10,12:07,Reducción de potencia de la unidad CCSUR40 a 100 MW por límite de transferencia en las líneas TAJ-YAG23001 y 02.
2025-11-24,ENDE ANDINA,G,SUR21,10:15,14:46,Reducción de potencia de la unidad CCSUR21 a 38 MW por límite de transferencia en las líneas TAJ-YAG23001 y 02.
2025-11-24,ENDE ANDINA,G,SUR40,12:07,14:46,Reducción de potencia de la unidad CCSUR40 a 90 MW por límite de transferencia en las líneas TAJ-YAG23001 y 02.
2025-11-24,ENDE ANDINA,G,SUR21,14:46,17:15,Reducción de potencia de la unidad CCSUR21 a 40 MW por límite de transferencia en las líneas TAJ-YAG23001 y 02.
2025-11-24,ENDE ANDINA,G,SUR10,16:08,17:03,Reducción de potencia de la unidad CCSUR10 a 90 MW por límite de transferencia en las líneas TAJ-YAG23001 y 02.
2025-11-25,ENDE ANDINA,G,SUR10,09:56,14:07,Reducción de potencia de la unidad CCSUR10 a 95 MW por límite de transferencia en las líneas TAJ-YAG23001 y 02.
2025-11-25,ENDE ANDINA,G,SUR21,15:15,17:19,Reducción de potencia de la unidad CCSUR21 a 38 MW por límite de transferencia en las líneas TAJ-YAG23001 y 02.
2025-11-25,ENDE ANDINA,G,SUR10,15:30,16:33,Reducción de potencia de la unidad CCSUR10 a 90 MW por límite de transferencia en las líneas TAJ-YAG23001 y 02.
2025-11-26,ENDE ANDINA,G,SUR10,08:54,14:48,Reducción de potencia de la unidad CCSUR10 a 95 MW por límite de transferencia en las líneas TAJ-YAG23001 y 02.
2025-11-26,ENDE ANDINA,G,SUR21,15:11,17:02,Reducción de potencia de la unidad CCSUR21 a 37.4 MW por límite de transferencia en las líneas TAJ-YAG23001 y 02.
2025-11-27,ENDE ANDINA,G,WAR30,05:40,06:15,Reducción de potencia de la unidad CCWAR30 a 80 MW por límite de transferencia en las líneas CAR-SAD500 y CAR-CHI230.
2025-11-27,ENDE ANDINA,G,WAR20,06:15,07:57,Reducción de potencia de la unidad CCWAR20 a 77 MW por límite de transferencia en las líneas CAR-SAD500 y CAR-CHI230.
2025-11-27,ENDE ANDINA,G,WAR40,06:15,07:57,Reducción de potencia de la unidad CCWAR40 a 100 MW por límite de transferencia en las líneas CAR-SAD500 y CAR-CHI230.
2025-11-28,ENDE ANDINA,G,SUR21,15:05,16:11,Reducción de potencia de la unidad CCSUR21 a 38.6 MW por límite de transferencia en las líneas TAJ-YAG23001 y 02.
2025-12-01,ENDE ANDINA,G,SUR10,11:18,15:30,Reducción de potencia de la unidad CCSUR10 a 100 MW por límite de transferencia en las líneas TAJ-YAG23001 y 02.
2025-12-02,ENDE ANDINA,G,SUR10,09:43,15:24,Reducción de potencia de la unidad CCSUR10 a 100 MW por límite de transferencia en las líneas TAJ-YAG23001 y 02.
2025-12-03,ENDE ANDINA,G,SUR10,11:04,14:21,Reducción de potencia de la unidad CCSUR10 a 100 MW por límite de transferencia en las líneas TAJ-YAG23001 y 02.
2025-12-04,ENDE ANDINA,G,SUR10,09:46,11:40,Reducción de potencia de la unidad CCSUR10 a 100 MW por límite de transferencia en las líneas TAJ-YAG23001 y 02.
2025-12-08,ENDE ANDINA,G,SUR10,13:00,17:04,Reducción de potencia de la unidad CCSUR10 a 90 MW por límite de transferencia en las líneas TAJ-YAG23001 y 02.
2025-12-12,ENDE ANDINA,G,SUR10,09:19,09:30,Reducción de potencia de la unidad CCSUR10 a 90 MW por límite de transferencia en las líneas TAJ-YAG23001 y 02.
2025-12-12,ENDE ANDINA,G,SUR10,09:30,17:56,Reducción de potencia de la unidad CCSUR10 a 76 MW por límite de transferencia en las líneas TAJ-YAG23001 y 02.
2025-12-12,ENDE ANDINA,G,SUR22,17:15,17:56,Reducción de potencia de la unidad CCSUR22 a 42.2 MW por límite de transferencia en las líneas TAJ-YAG23001 y 02.
2025-12-12,ENDE ANDINA,G,SUR22,19:55,21:35,Reducción de potencia de la unidad CCSUR22 a 50 MW por límite de transferencia en las líneas TAJ-YAG23001 y 02.
2025-12-15,ENDE ANDINA,G,SUR10,15:03,15:47,Reducción de potencia de la unidad CCSUR10 a 100 MW por límite de transferencia en las líneas TAJ-YAG23001 y 02.
2025-12-15,ENDE ANDINA,G,SUR10,15:47,16:00,Reducción de potencia de la unidad CCSUR10 a 105 MW por límite de transferencia en las líneas TAJ-YAG23001 y 02.
2025-12-16,ENDE ANDINA,G,SUR10,08:20,11:28,Reducción de potencia de la unidad CCSUR10 a 100 MW por límite de transferencia en las líneas TAJ-YAG23001 y 02.
2025-12-16,ENDE ANDINA,G,SUR10,11:28,15:01,Reducción de potencia de la unidad CCSUR10 a 90 MW por límite de transferencia en las líneas TAJ-YAG23001 y 02.
2025-12-16,ENDE ANDINA,G,SUR10,15:01,15:57,Reducción de potencia de la unidad CCSUR10 a 100 MW por límite de transferencia en las líneas TAJ-YAG23001 y 02.
2025-12-18,ENDE ANDINA,G,SUR10,07:45,09:47,Reducción de potencia de la unidad CCSUR10 a 95 MW por límite de transferencia en las líneas TAJ-YAG23001 y 02.
2025-12-18,ENDE ANDINA,G,SUR10,09:47,14:31,Reducción de potencia de la unidad CCSUR10 a 85 MW por límite de transferencia en las líneas TAJ-YAG23001 y 02.
2025-12-18,ENDE ANDINA,G,SUR10,14:31,16:39,Reducción de potencia de la unidad CCSUR10 a 80 MW por límite de transferencia en las líneas TAJ-YAG23001 y 02.
2025-12-18,ENDE ANDINA,G,SUR22,15:57,17:36,Reducción de potencia de la unidad CCSUR22 a 40 MW por límite de transferencia en las líneas TAJ-YAG23001 y 02.
2025-12-18,ENDE ANDINA,G,SUR10,16:39,17:24,Reducción de potencia de la unidad CCSUR10 a 90 MW por límite de transferencia en las líneas TAJ-YAG23001 y 02.
2025-12-20,ENDE ANDINA,G,SUR10,02:27,06:54,Reducción de potencia de la unidad CCSUR10 a 90 MW por límite de transferencia en las líneas TAJ-YAG23001 y 02.
2025-12-20,ENDE ANDINA,G,SUR10,09:45,11:03,Reducción de potencia de la unidad CCSUR10 a 95 MW por límite de transferencia en las líneas TAJ-YAG23001 y 02.
2025-12-20,ENDE ANDINA,G,SUR10,11:03,11:52,Reducción de potencia de la unidad CCSUR10 a 100 MW por límite de transferencia en las líneas TAJ-YAG23001 y 02.
2025-12-21,ENDE ANDINA,G,SUR10,10:10,16:54,Reducción de potencia de la unidad CCSUR10 a 70.0 MW por límite de transferencia en las líneas TAJ-YAG23001 y 02.
2026-02-07,ENDE ANDINA,G,SUR10,16:32,17:05,Reducción de potencia de la unidad CCSUR10 a 95 MW por límite de transferencia en las líneas TAJ-YAG23001 y 02.
2026-02-09,ENDE ANDINA,G,SUR10,10:43,14:33,Reducción de potencia de la unidad CCSUR10 a 80 MW por límite de transferencia en las líneas TAJ-YAG23001 y 02.
2026-02-09,ENDE ANDINA,G,SUR22,11:45,16:31,Reducción de potencia de la unidad CCSUR22 a 41 MW por límite de transferencia en las líneas TAJ-YAG23001 y 02.
2026-02-09,ENDE ANDINA,G,SUR10,14:33,14:38,Reducción de potencia de la unidad CCSUR10 a 90 MW por límite de transferencia en las líneas TAJ-YAG23001 y 02.
2026-02-09,ENDE ANDINA,G,SUR10,14:38,15:09,Reducción de potencia de la unidad CCSUR10 a 80 MW por límite de transferencia en las líneas TAJ-YAG23001 y 02.
2026-02-09,ENDE ANDINA,G,SUR10,15:09,15:31,Reducción de potencia de la unidad CCSUR10 a 90 MW por límite de transferencia en las líneas TAJ-YAG23001 y 02.
2026-02-10,ENDE ANDINA,G,SUR22,14:23,17:56,Reducción de potencia de la unidad CCSUR22 a 42 MW por límite de transferencia en las líneas TAJ-YAG23001 y 02.
2026-02-12,ENDE ANDINA,G,SUR10,14:42,15:31,Reducción de potencia de la unidad CCSUR10 a 85 MW por límite de transferencia en las líneas TAJ-YAG23001 y 02.
2026-02-12,ENDE ANDINA,G,SUR22,14:42,18:00,Reducción de potencia de la unidad CCSUR22 a 39 MW por límite de transferencia en las líneas TAJ-YAG23001 y 02.
2026-02-18,ENDE ANDINA,G,SUR22,12:47,15:24,Reducción de potencia de la unidad CCSUR22 a 38 MW por límite de transferencia en las líneas TAJ-YAG23001 y 02.
2026-02-18,ENDE ANDINA,G,SUR10,12:47,15:24,Reducción de potencia de la unidad CCSUR10 a 80 MW por límite de transferencia en las líneas TAJ-YAG23001 y 02.
2026-02-19,ENDE ANDINA,G,SUR22,15:31,16:14,Reducción de potencia de la unidad CCSUR22 a 36.2 MW por límite de transferencia en las líneas TAJ-YAG23001 y 02.
2026-02-20,ENDE ANDINA,G,SUR10,10:20,15:09,Reducción de potencia de la unidad CCSUR10 a 95 MW por límite de transferencia en las líneas TAJ-YAG23001 y 02.
2026-02-21,ENDE ANDINA,G,SUR10,10:35,15:01,Reducción de potencia de la unidad CCSUR10 a 90 MW por límite de transferencia en las líneas TAJ-YAG23001 y 02.
2026-02-22,ENDE ANDINA,G,SUR40,15:15,16:46,Reducción de potencia de la unidad CCSUR40 a 100 MW por límite de transferencia en las líneas TAJ-YAG23001 y 02.
2026-02-24,ENDE ANDINA,G,SUR10,09:40,12:15,Reducción de potencia de la unidad CCSUR10 a 90 MW por límite de transferencia en las líneas TAJ-YAG23001 y 02.
2026-02-24,ENDE ANDINA,G,SUR10,13:50,16:00,Reducción de potencia de la unidad CCSUR10 a 90 MW por límite de transferencia en las líneas TAJ-YAG23001 y 02.
2026-02-25,ENDE ANDINA,G,SUR10,14:30,16:12,Reducción de potencia de la unidad CCSUR10 a 80 MW por límite de transferencia en las líneas TAJ-YAG23001 y 02.
2026-02-25,ENDE ANDINA,G,SUR10,16:12,17:06,Reducción de potencia de la unidad CCSUR10 a 95 MW por límite de transferencia en las líneas TAJ-YAG23001 y 02.
2026-02-25,ENDE ANDINA,G,SUR10,17:06,18:00,Reducción de potencia de la unidad CCSUR10 a 85 MW por límite de transferencia en las líneas TAJ-YAG23001 y 02.
2026-02-26,ENDE ANDINA,G,SUR10,10:08,17:23,Reducción de potencia de la unidad CCSUR10 a 90 MW por límite de transferencia en las líneas TAJ-YAG23001 y 02.
2026-02-27,ENDE ANDINA,G,SUR10,09:37,15:01,Reducción de potencia de la unidad CCSUR10 a 95 MW por límite de transferencia en las líneas TAJ-YAG23001 y 02.
2026-02-28,ENDE ANDINA,G,SUR10,09:53,12:27,Reducción de potencia de la unidad CCSUR10 a 95 MW por límite de transferencia en las líneas TAJ-YAG23001 y 02.
2026-03-01,ENDE ANDINA,G,SUR40,14:00,16:35,Reducción de potencia de la unidad CCSUR40 a 85 MW por límite de transferencia en las líneas TAJ-YAG23001 y 02.
2026-03-01,ENDE ANDINA,G,SUR10,14:00,17:05,Reducción de potencia de la unidad CCSUR10 a 68.9 MW por límite de transferencia en las líneas TAJ-YAG23001 y 02.
2026-03-03,ENDE ANDINA,G,SUR22,22:27,24:00,Reducción de potencia de la unidad CCSUR22 a 44.0 MW por límite de transferencia en las líneas TAJ-YAG23001 y 02.
2026-03-03,ENDE ANDINA,G,SUR10,22:27,24:00,Reducción de potencia de la unidad CCSUR10 a 85.0 MW por límite de transferencia en las líneas TAJ-YAG23001 y 02.
2026-03-04,ENDE ANDINA,G,SUR10,00:00,01:22,Reducción de potencia de la unidad CCSUR10 a 85.0 MW por límite de transferencia en las líneas TAJ-YAG23001 y 02.
2026-03-04,ENDE ANDINA,G,SUR22,00:00,01:22,Reducción de potencia de la unidad CCSUR22 a 44.0 MW por límite de transferencia en las líneas TAJ-YAG23001 y 02.
2026-03-04,ENDE ANDINA,G,SUR10,10:38,15:53,Reducción de potencia de la unidad CCSUR10 a 95.0 MW por límite de transferencia en las líneas TAJ-YAG23001 y 02.
2026-03-05,ENDE ANDINA,G,SUR10,09:39,12:52,Reducción de potencia de la unidad CCSUR10 a 95.0 MW por límite de transferencia en las líneas TAJ-YAG23001 y 02.
2026-03-05,ENDE ANDINA,G,SUR10,12:52,16:01,Reducción de potencia de la unidad CCSUR10 a 85.0 MW por límite de transferencia en las líneas TAJ-YAG23001 y 02.
2026-03-05,ENDE ANDINA,G,SUR10,16:01,17:55,Reducción de potencia de la unidad CCSUR10 a 72.0 MW por límite de transferencia en las líneas TAJ-YAG23001 y 02.
2026-03-05,ENDE ANDINA,G,SUR22,16:01,18:01,Reducción de potencia de la unidad CCSUR22 a 42.4 MW por límite de transferencia en las líneas TAJ-YAG23001 y 02.
2026-03-05,ENDE ANDINA,G,SUR22,22:41,23:19,Reducción de potencia de la unidad CCSUR22 a 44.0 MW por límite de transferencia en las líneas TAJ-YAG23001 y 02.
2026-03-05,ENDE ANDINA,G,SUR10,22:41,23:31,Reducción de potencia de la unidad CCSUR10 a 85.0 MW por límite de transferencia en las líneas TAJ-YAG23001 y 02.
2026-03-06,ENDE ANDINA,G,SUR10,08:09,08:20,Reducción de potencia de la unidad CCSUR10 a 85.0 MW por límite de transferencia en las líneas SUC-PUN230 y POT-PUN115.
2026-03-06,ENDE ANDINA,G,SUR40,08:20,08:32,Reducción de potencia de la unidad CCSUR40 a 100.0 MW por límite de transferencia en las líneas SUC-PUN230 y POT-PUN115.
2026-03-06,ENDE ANDINA,G,SUR10,08:20,17:30,Reducción de potencia de la unidad CCSUR10 a 73.0 MW por límite de transferencia en las líneas SUC-PUN230 y POT-PUN115.
2026-03-06,ENDE ANDINA,G,SUR40,08:32,09:17,Reducción de potencia de la unidad CCSUR40 a 90.0 MW por límite de transferencia en las líneas SUC-PUN230 y POT-PUN115.
2026-03-06,ENDE ANDINA,G,SUR40,09:17,17:17,Reducción de potencia de la unidad CCSUR40 a 78.0 MW por límite de transferencia en las líneas SUC-PUN230 y POT-PUN115.
2026-03-06,ENDE ANDINA,G,SUR22,21:22,22:45,Reducción de potencia de la unidad CCSUR22 a 44.0 MW por límite de transferencia en las líneas SUC-PUN230 y POT-PUN115.
2026-03-06,ENDE ANDINA,G,SUR10,21:26,22:31,Reducción de potencia de la unidad CCSUR10 a 95.0 MW por límite de transferencia en las líneas SUC-PUN230 y POT-PUN115.
2026-03-07,ENDE ANDINA,G,SUR22,12:58,17:12,Reducción de potencia de la unidad CCSUR22 a 43.9 MW por límite de transferencia en las líneas SUC-PUN230 y POT-PUN115.
2026-03-07,ENDE ANDINA,G,SUR40,15:04,17:07,Reducción de potencia de la unidad CCSUR40 a 107 MW por límite de transferencia en las líneas SUC-PUN230 y POT-PUN115.
2026-03-08,ENDE ANDINA,G,ERI30,11:07,11:35,Reducción de potencia de la unidad CCERI30 a 84 MW por límite de transferencia en la línea CAR-ARB230 por mantenimiento de BEL-YAP230.
2026-03-08,ENDE ANDINA,G,ERI30,11:35,11:55,Reducción de potencia de la unidad CCERI30 a 91 MW por límite de transferencia en la línea CAR-ARB230 por mantenimiento de BEL-YAP230.
2026-03-08,ENDE ANDINA,G,ERI30,11:55,12:42,Reducción de potencia de la unidad CCERI30 a 97 MW por límite de transferencia en la línea CAR-ARB230 por mantenimiento de BEL-YAP230.
2026-03-08,ENDE ANDINA,G,ERI30,12:42,13:05,Reducción de potencia de la unidad CCERI30 a 108 MW por límite de transferencia en la línea CAR-ARB230 por mantenimiento de BEL-YAP230.
2026-03-08,ENDE ANDINA,G,ERI30,13:05,13:49,Reducción de potencia de la unidad CCERI30 a 98 MW por límite de transferencia en la línea CAR-ARB230 por mantenimiento de BEL-YAP230.
2026-03-08,ENDE ANDINA,G,ERI30,13:49,14:30,Reducción de potencia de la unidad CCERI30 a 110 MW por límite de transferencia en la línea CAR-ARB230 por mantenimiento de BEL-YAP230.
2026-03-09,ENDE ANDINA,G,SUR22,08:10,17:15,Reducción de potencia de la unidad CCSUR22 a 44.0 MW por límite de transferencia en las líneas SUC-PUN230 y POT-PUN115.
2026-03-09,ENDE ANDINA,G,SUR40,09:01,10:58,Reducción de potencia de la unidad CCSUR40 a 105.0 MW por límite de transferencia en las líneas SUC-PUN230 y POT-PUN115.
2026-03-09,ENDE ANDINA,G,SUR40,10:58,15:18,Reducción de potencia de la unidad CCSUR40 a 90.0 MW por límite de transferencia en las líneas SUC-PUN230 y POT-PUN115.
2026-03-12,ENDE ANDINA,G,SUR22,09:07,10:55,Reducción de potencia de la unidad CCSUR22 a 44.2 MW por límite de transferencia en las líneas SUC-PUN230 y POT-PUN115.
2026-03-12,ENDE ANDINA,G,SUR40,10:12,10:32,Reducción de potencia de la unidad CCSUR40 a 105 MW por límite de transferencia en las líneas SUC-PUN230 y POT-PUN115.
2026-03-12,ENDE ANDINA,G,SUR12,10:12,11:01,Reducción de potencia de la unidad CCSUR12 a 41.4 MW por límite de transferencia en las líneas SUC-PUN230 y POT-PUN115.
2026-03-12,ENDE ANDINA,G,SUR22,11:08,11:37,Reducción de potencia de la unidad CCSUR22 a 44.2 MW por límite de transferencia en las líneas SUC-PUN230 y POT-PUN115.
2026-03-12,ENDE ANDINA,G,SUR40,11:37,13:48,Reducción de potencia de la unidad CCSUR40 a 100.0 MW por límite de transferencia en las líneas TAJ-YAG23001 y 02.
2026-03-12,ENDE ANDINA,G,SUR22,11:37,18:04,Reducción de potencia de la unidad CCSUR22 a 44.2 MW por límite de transferencia en las líneas TAJ-YAG23001 y 02.
2026-03-12,ENDE ANDINA,G,SUR40,13:48,17:04,Reducción de potencia de la unidad CCSUR40 a 90.0 MW por límite de transferencia en las líneas TAJ-YAG23001 y 02.
2026-03-12,ENDE ANDINA,G,SUR10,13:48,18:04,Reducción de potencia de la unidad CCSUR10 a 73.7 MW por límite de transferencia en las líneas TAJ-YAG23001 y 02.
2026-03-12,ENDE ANDINA,G,SUR22,19:11,21:39,Reducción de potencia de la unidad CCSUR22 a 44.0 MW por límite de transferencia en las líneas TAJ-YAG23001 y 02.
2026-03-13,ENDE ANDINA,G,SUR10,09:22,15:29,Reducción de potencia de la unidad CCSUR10 a 95 MW por límite de transferencia en las líneas TAJ-YAG23001 y 02.
2026-03-14,ENDE ANDINA,G,SUR10,09:17,15:50,Reducción de potencia de la unidad CCSUR10 a 95 MW por límite de transferencia en las líneas TAJ-YAG23001 y 02.
2026-03-15,ENDE ANDINA,G,SUR40,15:29,16:54,Reducción de potencia de la unidad CCSUR40 a 76.3 MW por límite de transferencia en las líneas TAJ-YAG23001 y 02.
2026-03-15,ENDE ANDINA,G,SUR10,16:35,18:12,Reducción de potencia de la unidad CCSUR10 a 72.4 MW por límite de transferencia en las líneas TAJ-YAG23001 y 02.
2026-03-15,ENDE ANDINA,G,SUR40,16:54,17:51,Reducción de potencia de la unidad CCSUR40 a 90 MW por límite de transferencia en las líneas TAJ-YAG23001 y 02.
2026-03-15,ENDE ANDINA,G,SUR22,17:40,19:00,Reducción de potencia de la unidad CCSUR22 a 42 MW por límite de transferencia en las líneas TAJ-YAG23001 y 02.
2026-03-15,ENDE ANDINA,G,SUR10,18:12,19:00,Reducción de potencia de la unidad CCSUR10 a 90 MW por límite de transferencia en las líneas TAJ-YAG23001 y 02.
2026-03-15,ENDE ANDINA,G,SUR22,19:18,21:00,Reducción de potencia de la unidad CCSUR22 a 48 MW por límite de transferencia en las líneas TAJ-YAG23001 y 02.
2026-03-15,ENDE ANDINA,G,SUR10,21:00,24:00,Reducción de potencia de la unidad CCSUR10 a 85 MW por límite de transferencia en las líneas TAJ-YAG23001 y 02.
2026-03-15,ENDE ANDINA,G,SUR22,21:00,24:00,Reducción de potencia de la unidad CCSUR22 a 44 MW por límite de transferencia en las líneas TAJ-YAG23001 y 02.
2026-03-15,ENDE ANDINA,G,WAR12,22:13,22:45,Reducción de potencia de la unidad WAR12 a 26.4 MW por límite de transferencia en las líneas CAR-SAN500 y CAR-CHI230.
2026-03-15,ENDE ANDINA,G,WAR11,22:13,23:23,Reducción de potencia de la unidad WAR11 a 26.7 MW por límite de transferencia en las líneas CAR-SAN500 y CAR-CHI230.
2026-03-15,ENDE ANDINA,G,WAR05,22:18,23:23,Reducción de potencia de la unidad WAR05 a 26.4 MW por límite de transferencia en las líneas CAR-SAN500 y CAR-CHI230.
2026-03-16,ENDE ANDINA,G,SUR22,00:00,00:03,Reducción de potencia de la unidad CCSUR22 a 44 MW por límite de transferencia en las líneas TAJ-YAG23001 y 02.
2026-03-16,ENDE ANDINA,G,SUR10,00:00,00:03,Reducción de potencia de la unidad CCSUR10 a 85 MW por límite de transferencia en las líneas TAJ-YAG23001 y 02.
2026-03-16,ENDE ANDINA,G,SUR10,09:33,16:45,Reducción de potencia de la unidad CCSUR10 a 95 MW por límite de transferencia en las líneas TAJ-YAG23001 y 02.
2026-03-16,ENDE ANDINA,G,SUR10,22:27,22:35,Reducción de potencia de la unidad CCSUR10 a 95 MW por límite de transferencia en las líneas TAJ-YAG23001 y 02.
2026-03-16,ENDE ANDINA,G,SUR10,22:35,23:31,Reducción de potencia de la unidad CCSUR10 a 80 MW por límite de transferencia en las líneas TAJ-YAG23001 y 02.
2026-03-17,ENDE ANDINA,G,SUR10,10:43,16:28,Reducción de potencia de la unidad CCSUR10 a 98 MW por límite de transferencia en las líneas TAJ-YAG23001 y 02.
2026-03-17,ENDE ANDINA,G,SUR10,22:24,24:00,Reducción de potencia de la unidad CCSUR10 a 85 MW por límite de transferencia en las líneas TAJ-YAG23001 y 02.
2026-03-18,ENDE ANDINA,G,SUR10,11:03,11:40,Reducción de potencia de la unidad CCSUR10 a 90 MW por límite de transferencia en las líneas TAJ-YAG23001 y 02.
2026-03-18,ENDE ANDINA,G,SUR12,11:57,14:44,Reducción de potencia de la unidad CCSUR12 a 45 MW por límite de transferencia en las líneas TAJ-YAG23001 y 02.
2026-03-18,ENDE ANDINA,G,SUR10,22:16,23:16,Reducción de potencia de la unidad CCSUR10 a 80 MW por límite de transferencia en las líneas TAJ-YAG23001 y 02.
2026-03-19,ENDE ANDINA,G,SUR10,10:56,15:08,Reducción de potencia de la unidad CCSUR10 a 95 MW por límite de transferencia en las líneas TAJ-YAG23001 y 02.
2026-03-19,ENDE ANDINA,G,SUR10,15:08,15:46,Reducción de potencia de la unidad CCSUR10 a 100 MW por límite de transferencia en las líneas TAJ-YAG23001 y 02.
2026-03-19,ENDE ANDINA,G,SUR22,17:40,18:00,Reducción de potencia de la unidad CCSUR22 a 41.9 MW por límite de transferencia en las líneas TAJ-YAG23001 y 02.
2026-03-19,ENDE ANDINA,G,SUR10,22:31,22:46,Reducción de potencia de la unidad CCSUR10 a 95 MW por límite de transferencia en las líneas TAJ-YAG23001 y 02.
2026-03-19,ENDE ANDINA,G,SUR10,22:46,23:46,Reducción de potencia de la unidad CCSUR10 a 80 MW por límite de transferencia en las líneas TAJ-YAG23001 y 02.
2026-03-20,ENDE ANDINA,G,SUR10,10:03,13:34,Reducción de potencia de la unidad CCSUR10 a 100 MW por límite de transferencia en las líneas TAJ-YAG23001 y 02.
2026-03-20,ENDE ANDINA,G,SUR10,13:34,16:01,Reducción de potencia de la unidad CCSUR10 a 95 MW por límite de transferencia en las líneas TAJ-YAG23001 y 02.
2026-03-20,ENDE ANDINA,G,SUR10,22:20,23:32,Reducción de potencia de la unidad CCSUR10 a 85 MW por límite de transferencia en las líneas TAJ-YAG23001 y 02.
2026-03-21,ENDE ANDINA,G,SUR10,09:07,11:52,Reducción de potencia de la unidad CCSUR10 a 100 MW por límite de transferencia en las líneas TAJ-YAG23001 y 02.
2026-03-21,ENDE ANDINA,G,SUR10,11:52,15:10,Reducción de potencia de la unidad CCSUR10 a 95 MW por límite de transferencia en las líneas TAJ-YAG23001 y 02.
2026-03-23,ENDE ANDINA,G,SUR10,10:04,16:16,Reducción de potencia de la unidad CCSUR10 a 75 MW por límite de transferencia en las líneas TAJ-YAG23001 y 02.
2026-03-23,ENDE ANDINA,G,SUR40,14:12,15:33,Reducción de potencia de la unidad CCSUR40 a 100 MW por límite de transferencia en las líneas TAJ-YAG23001 y 02.
2026-03-23,ENDE ANDINA,G,SUR40,16:16,16:56,Reducción de potencia de la unidad CCSUR40 a 110 MW por límite de transferencia en las líneas TAJ-YAG23001 y 02.
2026-03-23,ENDE ANDINA,G,SUR22,16:16,17:16,Reducción de potencia de la unidad CCSUR22 a 43.9 MW por límite de transferencia en las líneas TAJ-YAG23001 y 02.
2026-03-23,ENDE ANDINA,G,SUR10,16:16,17:31,Reducción de potencia de la unidad CCSUR10 a 74.1 MW por límite de transferencia en las líneas TAJ-YAG23001 y 02.
2026-03-23,ENDE ANDINA,G,SUR10,17:31,18:15,Reducción de potencia de la unidad CCSUR10 a 85 MW por límite de transferencia en las líneas TAJ-YAG23001 y 02.
2026-03-23,ENDE ANDINA,G,SUR10,20:32,22:21,Reducción de potencia de la unidad CCSUR10 a 100 MW por límite de transferencia en las líneas TAJ-YAG23001 y 02.
2026-03-23,ENDE ANDINA,G,SUR10,22:21,23:43,Reducción de potencia de la unidad CCSUR10 a 75 MW por límite de transferencia en las líneas TAJ-YAG23001 y 02.
2026-03-24,ENDE ANDINA,G,SUR10,09:34,10:34,Reducción de potencia de la unidad CCSUR10 a 100 MW por límite de transferencia en las líneas TAJ-YAG23001 y 02.
2026-03-24,ENDE ANDINA,G,SUR10,10:34,14:16,Reducción de potencia de la unidad CCSUR10 a 90 MW por límite de transferencia en las líneas TAJ-YAG23001 y 02.
2026-03-24,ENDE ANDINA,G,SUR10,15:31,17:31,Reducción de potencia de la unidad CCSUR10 a 80 MW por límite de transferencia en las líneas TAJ-YAG23001 y 02.
2026-03-24,ENDE ANDINA,G,SUR10,18:48,21:51,Reducción de potencia de la unidad CCSUR10 a 100 MW por límite de transferencia en las líneas TAJ-YAG23001 y 02.
2026-03-25,ENDE ANDINA,G,SUR10,14:24,14:46,Reducción de potencia de la unidad CCSUR10 a 100 MW por límite de transferencia en las líneas TAJ-YAG23001 y 02.
2026-03-25,ENDE ANDINA,G,SUR10,14:46,16:09,Reducción de potencia de la unidad CCSUR10 a 90 MW por límite de transferencia en las líneas TAJ-YAG23001 y 02.
2026-03-25,ENDE ANDINA,G,SUR10,16:09,16:20,Reducción de potencia de la unidad CCSUR10 a 102 MW por límite de transferencia en las líneas TAJ-YAG23001 y 02.
2026-03-31,ENDE ANDINA,G,SUR10,15:40,16:02,Reducción de potencia de la unidad CCSUR10 a 90 MW por límite de transferencia en las líneas TAJ-YAG23001 y 02.
2026-03-31,ENDE ANDINA,G,SUR22,15:40,18:10,Reducción de potencia de la unidad CCSUR22 a 40.7 MW por límite de transferencia en las líneas TAJ-YAG23001 y 02.
2026-03-31,ENDE ANDINA,G,SUR10,16:02,18:10,Reducción de potencia de la unidad CCSUR10 a 80 MW por límite de transferencia en las líneas TAJ-YAG23001 y 02.
2026-04-06,ENDE ANDINA,G,SUR10,10:17,10:49,Reducción de potencia de la unidad CCSUR10 a 95 MW por límite de transferencia en las líneas TAJ-YAG23001 y 02.
2026-04-06,ENDE ANDINA,G,SUR10,10:49,10:53,Reducción de potencia de la unidad CCSUR10 a 90 MW por límite de transferencia en las líneas TAJ-YAG23001 y 02.
2026-04-06,ENDE ANDINA,G,SUR10,10:53,12:07,Reducción de potencia de la unidad CCSUR10 a 85 MW por límite de transferencia en las líneas TAJ-YAG23001 y 02.
2026-04-06,ENDE ANDINA,G,SUR10,13:38,14:48,Reducción de potencia de la unidad CCSUR10 a 85 MW por límite de transferencia en las líneas TAJ-YAG23001 y 02.
2026-04-06,ENDE ANDINA,G,SUR10,14:48,17:19,Reducción de potencia de la unidad CCSUR10 a 92 MW por límite de transferencia en las líneas TAJ-YAG23001 y 02.
2026-04-07,ENDE ANDINA,G,SUR10,09:15,10:55,Reducción de potencia de la unidad CCSUR10 a 95 MW por límite de transferencia en las líneas TAJ-YAG23001 y 02.
2026-04-08,ENDE ANDINA,G,SUR10,09:22,12:16,Reducción de potencia de la unidad CCSUR10 a 90 MW por límite de transferencia en las líneas TAJ-YAG23001 y 02.
2026-04-08,ENDE ANDINA,G,SUR10,14:10,16:14,Reducción de potencia de la unidad CCSUR10 a 84 MW por límite de transferencia en las líneas TAJ-YAG23001 y 02.
2026-04-09,ENDE ANDINA,G,SUR10,11:05,11:33,Reducción de potencia de la unidad CCSUR10 a 95 MW por límite de transferencia en las líneas TAJ-YAG23001 y 02.
2026-04-09,ENDE ANDINA,G,SUR10,11:33,12:50,Reducción de potencia de la unidad CCSUR10 a 85 MW por límite de transferencia en las líneas TAJ-YAG23001 y 02.
2026-04-13,ENDE ANDINA,G,SUR10,15:15,15:37,Reducción de potencia de la unidad CCSUR10 a 95 MW por límite de transferencia en las líneas TAJ-YAG23001 y 02.
2026-04-15,ENDE ANDINA,G,SUR22,19:35,21:20,Reducción de potencia de la unidad CCSUR22 a 43.6 MW por límite de transferencia en las líneas TAJ-YAG23001 y 02.
2026-04-16,ENDE ANDINA,G,SUR10,14:26,15:14,Reducción de potencia de la unidad CCSUR10 a 95 MW por límite de transferencia en las líneas TAJ-YAG23001 y 02.
2026-04-16,ENDE ANDINA,G,SUR22,19:27,21:32,Reducción de potencia de la unidad CCSUR22 a 43.3 MW por límite de transferencia en las líneas TAJ-YAG23001 y 02.
2026-04-17,ENDE ANDINA,G,SUR10,11:01,12:15,Reducción de potencia de la unidad CCSUR10 a 95 MW por límite de transferencia en las líneas TAJ-YAG23001 y 02.
2026-04-17,ENDE ANDINA,G,SUR10,13:02,16:34,Reducción de potencia de la unidad CCSUR10 a 95 MW por límite de transferencia en las líneas TAJ-YAG23001 y 02.
2026-04-18,ENDE ANDINA,G,SUR40,15:16,15:32,"Reducción de potencia de la unidad CCSUR40 a 100 MW, debido a mantenimiento de la línea en 115 kV Potosí - Punutuma."
2026-04-18,ENDE ANDINA,G,SUR10,15:16,16:27,"Reducción de potencia de la unidad CCSUR10 a 70 MW, debido a mantenimiento de la línea en 115 kV Potosí - Punutuma."
2026-04-21,ENDE ANDINA,G,SUR10,11:20,12:08,Reducción de potencia de la unidad CCSUR10 a 90 MW por límite de transferencia en las líneas TAJ-YAG23001 y 02.
2026-04-21,ENDE ANDINA,G,SUR10,13:20,15:48,Reducción de potencia de la unidad CCSUR10 a 90 MW por límite de transferencia en las líneas TAJ-YAG23001 y 02.
2026-04-21,ENDE ANDINA,G,SUR10,15:48,16:48,Reducción de potencia de la unidad CCSUR10 a 100 MW por límite de transferencia en las líneas TAJ-YAG23001 y 02.
2026-04-21,ENDE ANDINA,G,SUR10,18:37,19:00,"Reducción de potencia de la unidad CCSUR10 a 74,7 MW debido a punto caliente en el seccionador 31-2 de S/E Yaguacua, correspondiente a la línea de 230 kV Yaguacua  Tarija terna 1."
2026-04-21,ENDE ANDINA,G,SUR40,18:37,19:00,"Reducción de potencia de la unidad CCSUR40 a 100 MW debido a punto caliente en el seccionador 31-2 de S/E Yaguacua, correspondiente a la línea de 230 kV Yaguacua  Tarija terna 1."
2026-05-05,ENDE ANDINA,G,SUR10,12:56,13:42,Reducción de potencia de la unidad CCSUR10 a 85 MW por límite de transferencia en las líneas TAJ-YAG23001 y 02.
2026-05-05,ENDE ANDINA,G,SUR10,13:42,17:35,Reducción de potencia de la unidad CCSUR10 a 95 MW por límite de transferencia en las líneas TAJ-YAG23001 y 02.
2026-05-06,ENDE ANDINA,G,SUR10,14:26,16:08,Reducción de potencia de la unidad CCSUR10 a 95 MW por límite de transferencia en las líneas TAJ-YAG23001 y 02.
2026-05-07,ENDE ANDINA,G,SUR10,13:30,16:38,Reducción de potencia de la unidad CCSUR10 a 73 MW por límite de transferencia en las líneas TAJ-YAG23001 y 02.
2026-05-07,ENDE ANDINA,G,SUR22,15:02,17:02,Reducción de potencia de la unidad CCSUR22 a 42 MW por límite de transferencia en las líneas TAJ-YAG23001 y 02.
2026-05-07,ENDE ANDINA,G,SUR10,16:38,17:02,Reducción de potencia de la unidad CCSUR10 a 85 MW por límite de transferencia en las líneas TAJ-YAG23001 y 02.
2026-05-12,ENDE ANDINA,G,SUR10,11:56,12:38,Reducción de potencia de la unidad CCSUR10 a 100 MW por límite de transferencia en las líneas TAJ-YAG23001 y 02.
2026-05-13,ENDE ANDINA,G,SUR10,13:36,15:45,Reducción de potencia de la unidad CCSUR10 a 95 MW por límite de transferencia en las líneas TAJ-YAG23001 y 02.
2026-05-27,ENDE ANDINA,G,SUR40,14:45,15:31,Reducción de potencia de la unidad CCSUR40 a 100 MW por límite de transferencia en las líneas TAJ-YAG23001 y 02.
2026-05-27,ENDE ANDINA,G,SUR22,14:45,16:48,Reducción de potencia de la unidad CCSUR22 a 44.9 MW por límite de transferencia en las líneas TAJ-YAG23001 y 02.
2026-05-27,ENDE ANDINA,G,SUR10,14:45,17:31,Reducción de potencia de la unidad CCSUR10 a 75.4 MW por límite de transferencia en las líneas TAJ-YAG23001 y 02.
2026-05-27,ENDE ANDINA,G,SUR40,15:31,16:11,Reducción de potencia de la unidad CCSUR40 a 110 MW por límite de transferencia en las líneas TAJ-YAG23001 y 02.
2026-05-27,ENDE ANDINA,G,SUR10,17:31,18:05,Reducción de potencia de la unidad CCSUR10 a 85 MW por límite de transferencia en las líneas TAJ-YAG23001 y 02.
2026-05-28,ENDE ANDINA,G,SUR10,09:32,11:28,Reducción de potencia de la unidad CCSUR10 a 100 MW por límite de transferencia en las líneas TAJ-YAG23001 y 02.
2026-05-28,ENDE ANDINA,G,SUR10,11:28,12:00,Reducción de potencia de la unidad CCSUR10 a 95 MW por límite de transferencia en las líneas TAJ-YAG23001 y 02.
2026-05-28,ENDE ANDINA,G,SUR10,14:25,14:53,Reducción de potencia de la unidad CCSUR10 a 95 MW por límite de transferencia en las líneas TAJ-YAG23001 y 02.
2026-05-28,ENDE ANDINA,G,SUR10,14:53,15:57,Reducción de potencia de la unidad CCSUR10 a 105 MW por límite de transferencia en las líneas TAJ-YAG23001 y 02.
2026-05-29,ENDE ANDINA,G,SUR10,10:09,11:40,Reducción de potencia de la unidad CCSUR10 a 100 MW por límite de transferencia en las líneas TAJ-YAG23001 y 02.
2026-05-29,ENDE ANDINA,G,SUR10,11:40,14:31,Reducción de potencia de la unidad CCSUR10 a 93 MW por límite de transferencia en las líneas TAJ-YAG23001 y 02.
2026-05-29,ENDE ANDINA,G,SUR10,14:31,16:10,Reducción de potencia de la unidad CCSUR10 a 98 MW por límite de transferencia en las líneas TAJ-YAG23001 y 02.
2026-06-01,ENDE ANDINA,G,SUR10,11:27,15:39,Reducción de potencia de la unidad CCSUR10 a 100 MW por límite de transferencia en las líneas TAJ-YAG23001 y 02.
2026-06-02,ENDE ANDINA,G,SUR10,14:02,16:49,Reducción de potencia de la unidad CCSUR10 a 75.0 MW por límite de transferencia en las líneas TAJ-YAG23001 y 02.
2026-06-02,ENDE ANDINA,G,SUR40,14:52,15:57,Reducción de potencia de la unidad CCSUR40 a 110.0 MW por límite de transferencia en las líneas TAJ-YAG23001 y 02.
2026-06-02,ENDE ANDINA,G,SUR22,14:52,16:48,Reducción de potencia de la unidad CCSUR22 a 44.5 MW por límite de transferencia en las líneas TAJ-YAG23001 y 02.
2026-06-02,ENDE ANDINA,G,SUR10,16:49,17:31,Reducción de potencia de la unidad CCSUR10 a 85.0 MW por límite de transferencia en las líneas TAJ-YAG23001 y 02.
2026-06-02,ENDE ANDINA,G,SUR10,17:31,18:01,Reducción de potencia de la unidad CCSUR10 a 100.0 MW por límite de transferencia en las líneas TAJ-YAG23001 y 02.
2026-06-03,ENDE ANDINA,G,SUR10,14:24,15:53,Reducción de potencia de la unidad CCSUR10 a 100.0 MW por límite de transferencia en las líneas TAJ-YAG23001 y 02.
